"local_id","legacy_source_id","name","url","countries","channel_family","checked_at","verification","access_result","actual_scope","window_coverage","date_evidence","evidence_url","review_outcome","collection_proposal","access_cost_note","priority","next_action","limitations","searches_performed","web_refs","research_group","source_id","do_not_drop","connector_status","actual_monthly_cost_rub","observation_ids"
"market-01","MISB-013","HRTime — заказы на обучение и развитие","https://hrtime.ru/ispolnitelu/","[""RU""]","Биржи заказов","2026-10-01","content_read","feed_read","Прочитаны лента, индивидуальные задания, связанные карточки и отдельные поисковые результаты. Полный список возвращал 502.","partial","Даты отдельных карточек проверены; сплошной просмотр за 30 дней не выполнен.","https://hrtime.ru/ispolnitelu/","dated_relevant_found","Ежедневный просмотр доступных карточек и поиск по словарю; проверять публикацию, дедлайн, статус и покупателя. Доступ и условия автоматизации проверить до подключения.","Тексты карточек доступны публично. Контакты и отклик могут требовать аккаунта / оплаты. Прочитанная страница /pro/?status=1 относится к ЗАКАЗЧИКАМ, ее тариф не применять к исполнителю.","1","Настроить пробный сбор на доступной поверхности; сохранить пример, границы охвата и причины недоступности.","Выборочная проверка; отсутствие находок не доказывает отсутствие спроса.","[""site:hrtime.ru/proekt/ \""сентября 2026\"" \""Обучение\"" \""15\"""",""site:hrtime.ru/proekt/ \""сентября 2026\"" \""Тренинг\"" \""10\""""]","[""turn644view0"",""turn707view1""]","marketplaces","FD-S001","true","not_configured","","[""FD-O001"",""FD-O002"",""FD-O003"",""FD-O004"",""FD-O005"",""FD-O006"",""FD-O007"",""FD-O008"",""FD-O009"",""FD-O010"",""FD-O011"",""FD-O012"",""FD-O013"",""FD-O014"",""FD-O017"",""FD-O018"",""FD-O019"",""FD-O127"",""FD-O128"",""FD-O129"",""FD-O130"",""FD-O131""]"
"market-02","MISB-064","FL.ru — проекты и субподряд","https://www.fl.ru/projects/","[""RU""]","Биржи заказов","2026-10-01","content_read","feed_read","Прочитаны лента и две карточки с обучением как частью внедрения; отдельные даты и статус архива подтверждены.","partial","Даты отдельных карточек проверены; сплошной просмотр за 30 дней не выполнен.","https://www.fl.ru/projects/","dated_relevant_found","Ежедневный просмотр доступных карточек и поиск по словарю; проверять публикацию, дедлайн, статус и покупателя. Доступ и условия автоматизации проверить до подключения.","Фактические условия платного доступа и отклика не подтверждены; расходы здесь не выполнялись.","2","Настроить пробный сбор на доступной поверхности; сохранить пример, границы охвата и причины недоступности.","Выборочная проверка; отсутствие находок не доказывает отсутствие спроса.","[""site:fl.ru/projects/ \""обучение\"" \""сотрудников\""""]","[""turn715view1"",""turn709view0"",""turn709view1""]","marketplaces","FD-S002","true","not_configured","","[""FD-O015"",""FD-O016""]"
"market-03","MISB-063","Профи — заказы для специалистов","https://profi.ru/rabota/","[""RU""]","Биржи заказов","2026-10-01","attempt_only","blocked","Получено требование обновить браузер; карточки бизнес-обучения не прочитаны.","not_established","","https://profi.ru/rabota/","not_assessable","Ежедневный просмотр доступных карточек и поиск по словарю; проверять публикацию, дедлайн, статус и покупателя. Доступ и условия автоматизации проверить до подключения.","Фактические условия платного доступа и отклика не подтверждены; расходы здесь не выполнялись.","2","Настроить пробный сбор на доступной поверхности; сохранить пример, границы охвата и причины недоступности.","Выборочная проверка; отсутствие находок не доказывает отсутствие спроса.","[""site:profi.ru/rabota \""Бизнес-тренеры\""""]","[""turn726view1""]","marketplaces","FD-S003","true","not_configured","","[]"
"market-04","MISB-146","YouDo — задания","https://youdo.com/tasks","[""RU""]","Биржи заказов","2026-10-01","attempt_only","unavailable","Страница заданий и главная не извлечены; поисковая выдача преимущественно профили исполнителей.","not_established","","https://youdo.com/tasks","not_assessable","Ежедневный просмотр доступных карточек и поиск по словарю; проверять публикацию, дедлайн, статус и покупателя. Доступ и условия автоматизации проверить до подключения.","Фактические условия платного доступа и отклика не подтверждены; расходы здесь не выполнялись.","2","Настроить пробный сбор на доступной поверхности; сохранить пример, границы охвата и причины недоступности.","Выборочная проверка; отсутствие находок не доказывает отсутствие спроса.","[""site:youdo.com \""задания\"" \""корпоративное обучение\""""]","[""turn709view3"",""turn715view3""]","marketplaces","FD-S004","true","not_configured","","[]"
"market-05","MISB-228","Kwork — биржа проектов","https://kwork.ru/projects","[""RU""]","Биржи заказов","2026-10-01","content_read","profile_only","Извлечена оболочка и вход; тексты проектов не показаны.","not_established","","https://kwork.ru/projects","not_assessable","Ежедневный просмотр доступных карточек и поиск по словарю; проверять публикацию, дедлайн, статус и покупателя. Доступ и условия автоматизации проверить до подключения.","Фактические условия платного доступа и отклика не подтверждены; расходы здесь не выполнялись.","2","Настроить пробный сбор на доступной поверхности; сохранить пример, границы охвата и причины недоступности.","Выборочная проверка; отсутствие находок не доказывает отсутствие спроса.","[]","[""turn726view2""]","marketplaces","FD-S005","true","not_configured","","[]"
"market-06","","Weblancer — лента проектов","https://www.weblancer.net/freelance/","[""RU""]","Биржи заказов","2026-10-01","content_read","feed_read","Прочитана публичная лента с датами. В просмотренном фрагменте профильного учебного задания не найдено.","partial","","https://www.weblancer.net/freelance/","no_relevant_in_viewed_sample","Ежедневный просмотр доступных карточек и поиск по словарю; проверять публикацию, дедлайн, статус и покупателя. Доступ и условия автоматизации проверить до подключения.","Фактические условия платного доступа и отклика не подтверждены; расходы здесь не выполнялись.","3","Настроить пробный сбор на доступной поверхности; сохранить пример, границы охвата и причины недоступности.","Выборочная проверка; отсутствие находок не доказывает отсутствие спроса.","[]","[""turn726view3""]","marketplaces","FD-S006","true","not_configured","","[]"
"edtech-01","MISB-015","СПИКЕРСКАЯ","https://t.me/s/speakers_l","[""RU""]","Telegram / методология, образование и спикеры","2026-10-01","content_read","feed_read","Прочитана индексируемая страница публичной ленты ?after=4992: запросы спикеров, вакансии и самопрезентации; базовый /s недоступен. Сохранены отдельными наблюдениями №3335, 3337, 3338, 3339, 3342, 3343, 3345. Самопрезентации, вакансии CFO/ивент-маркетолога и приглашение биолога на ТВ не считались заказами на обучение.","partial","В тексте встречаются мероприятия сентября 2026; абсолютная дата самих постов не извлечена.","https://t.me/s/speakers_l?after=4992","undated_relevant_found","Читать доступное публичное превью и ссылки отдельных записей; сохранять исходную дату и границы выборки. При закрытом чате — только разрешённый экспорт владельцем; не вступать автоматически.","Публичные страницы прочитаны без оплаты; платный доступ не подключён.","1","Повторить проверку доступной ленты и календарных дат; квалифицировать задачу и опубликованный маршрут связи.","Контакты части оплачиваемых запросов скрыты подпиской 5 000 ₽, период не установлен. Чтение веб-ленты не даёт календарных дат постов.","[""site:t.me/s/speakers_l [recency=30]"",""site:t.me/s/speakers_l \""Ищем спикера\"" \""2026\"" [recency=14]""]","[""turn628search0"",""turn653view3"",""turn773view0"",""turn777view1""]","edtech","FD-S007","true","not_configured","","[""FD-O027"",""FD-O055"",""FD-O056"",""FD-O057"",""FD-O058"",""FD-O059"",""FD-O060""]"
"edtech-02","MISB-016","Тренер тренеру — поиск экспертов","https://t.me/edu_feed","[""RU""]","Telegram / методология, образование и спикеры","2026-10-01","content_read","feed_read","Прочитано фильтрованное архивное превью before=41&q=#тренер с реальными запросами корпоративного обучения.","partial","В корпусе имеется встреча 23 апреля 2023; остальные даты без года или без даты публикации. Свежесть не установлена.","https://t.me/s/edu_feed?before=41&q=%23%D1%82%D1%80%D0%B5%D0%BD%D0%B5%D1%80","undated_relevant_found","Читать доступное публичное превью и ссылки отдельных записей; сохранять исходную дату и границы выборки. При закрытом чате — только разрешённый экспорт владельцем; не вступать автоматически.","Публичные страницы прочитаны без оплаты; платный доступ не подключён.","2","Повторить проверку доступной ленты и календарных дат; квалифицировать задачу и опубликованный маршрут связи.","Полное окно 14/30 дней не доказано; ошибки web-доступа не означают отсутствия публикаций.","[""site:t.me/s/edu_feed [recency=30]"",""site:t.me/s/edu_feed \""тренер\"" [recency=14]""]","[""turn660view0""]","edtech","FD-S008","true","not_configured","","[""FD-O042"",""FD-O043"",""FD-O044"",""FD-O045"",""FD-O046"",""FD-O047"",""FD-O048"",""FD-O049"",""FD-O050"",""FD-O051"",""FD-O052"",""FD-O053"",""FD-O054""]"
"edtech-03","MISB-017","Digital Learning — DL Marketplace","https://t.me/dl_marketplace","[""RU""]","Telegram / методология, образование и спикеры","2026-10-01","attempt_only","unavailable","Попытки открыть профиль и /s завершились ошибкой доступности; поиск не дал доступной подтверждённой ленты.","not_established","","https://t.me/s/dl_marketplace","not_assessable","Читать доступное публичное превью и ссылки отдельных записей; сохранять исходную дату и границы выборки. При закрытом чате — только разрешённый экспорт владельцем; не вступать автоматически.","Публичные страницы прочитаны без оплаты; платный доступ не подключён.","2","Повторить проверку доступной ленты и календарных дат; квалифицировать задачу и опубликованный маршрут связи.","Полное окно 14/30 дней не доказано; ошибки web-доступа не означают отсутствия публикаций.","[""site:t.me/s/dl_marketplace [recency=30]"",""site:t.me/dl_marketplace [recency=30]""]","[""turn619view2"",""turn628view2""]","edtech","FD-S009","true","not_configured","","[]"
"edtech-04","MISB-147","Вакансии в образовании — EduJobs","https://t.me/s/edujobs","[""RU""]","Telegram / методология, образование и спикеры","2026-10-01","content_read","feed_read","Прочитано публичное превью вакансий: школьные и EdTech-роли, HR-tech Product Owner Альфа-Банка, реклама конференции. Подрядный запрос на обучение в выборке не установлен.","partial","В тексте дайджеста 21 и 24 сентября; в вакансии указан выход в октябре 2026. Дни публикации отдельных постов не извлечены.","https://t.me/s/edujobs","only_early_signals","Читать доступное публичное превью и ссылки отдельных записей; сохранять исходную дату и границы выборки. При закрытом чате — только разрешённый экспорт владельцем; не вступать автоматически.","Публичные страницы прочитаны без оплаты; платный доступ не подключён.","2","Повторить проверку доступной ленты и календарных дат; квалифицировать задачу и опубликованный маршрут связи.","Полное окно 14/30 дней не доказано; ошибки web-доступа не означают отсутствия публикаций.","[]","[""turn619view3""]","edtech","FD-S010","true","not_configured","","[]"
"edtech-05","MISB-208","BestSpeakers — Telegram с запросами","https://t.me/Project_Best_Speakers","[""RU""]","Telegram / методология, образование и спикеры","2026-10-01","content_read","feed_read","Прочитаны две доступные выборки Telegram и публичные карточки тех же пронумерованных запросов в связанном ProjectExperts. Последний дал абсолютные даты и краткие брифы. Проверена одна опубликованная ссылка пагинации ProjectExperts page/2: видны запросы 13–18.09.2026; разные страницы могли быть индексированы в разное время, непрерывность окна не утверждается.","partial","ProjectExperts: №2631/2633/2634 — 25.09.2026; №2635/2636 — 26.09; №2637/2638 — 27.09; №2639 — 29.09; №2640 — 30.09; №2641 — 01.10.2026. Это даты публикаций того же издателя на связанном сайте, не автоматически даты Telegram. На странице 2: №2611–2613 — 18.09.2026; №2608/2609 — 16.09; №2607 — 13.09.","https://t.me/s/Project_Best_Speakers","dated_relevant_found","Читать доступное публичное превью и ссылки отдельных записей; сохранять исходную дату и границы выборки. При закрытом чате — только разрешённый экспорт владельцем; не вступать автоматически.","Публичные страницы прочитаны без оплаты; платный доступ не подключён.","1","Повторить проверку доступной ленты и календарных дат; квалифицировать задачу и опубликованный маршрут связи.","Полные контакты некоторых заявок закрыты платным доступом; на ProjectExperts сохранился барьер даже для записей старше двух дней. Прочитаны только открытые анонсы; барьер не обходился.","[]","[""turn632view0"",""turn653view0"",""turn665view0"",""turn669view0"",""turn669view1"",""turn669view2"",""turn669view3"",""turn669view4"",""turn669view5"",""turn675view1"",""turn751view0"",""turn751view1"",""turn751view2"",""turn751view3""]","edtech","FD-S011","true","not_configured","","[""FD-O020"",""FD-O021"",""FD-O022"",""FD-O023"",""FD-O024"",""FD-O025"",""FD-O026"",""FD-O033"",""FD-O034"",""FD-O035"",""FD-O036"",""FD-O037"",""FD-O038"",""FD-O039"",""FD-O040"",""FD-O041""]"
"edtech-06","MISB-209","BestSpeakers — профессиональный Telegram-чат","https://t.me/BestSpeakersRu","[""RU""]","Telegram / методология, образование и спикеры","2026-10-01","attempt_only","unavailable","Профиль чата и /s недоступны через web tool; содержание сообщений не прочитано.","not_established","","https://t.me/BestSpeakersRu","not_assessable","Читать доступное публичное превью и ссылки отдельных записей; сохранять исходную дату и границы выборки. При закрытом чате — только разрешённый экспорт владельцем; не вступать автоматически.","Публичные страницы прочитаны без оплаты; платный доступ не подключён.","2","Повторить проверку доступной ленты и календарных дат; квалифицировать задачу и опубликованный маршрут связи.","Полное окно 14/30 дней не доказано; ошибки web-доступа не означают отсутствия публикаций.","[]","[""turn632view1"",""turn658view3""]","edtech","FD-S012","true","not_configured","","[]"
"edtech-07","MISB-214","Digital Learning — основной новостной Telegram","https://t.me/ielearning","[""RU""]","Telegram / методология, образование и спикеры","2026-10-01","content_read","feed_read","Прочитана публичная лента: дайджест мероприятий 28.09–01.10.2026, премия Digital Learning, уже назначенные спикеры и методические заметки. Запроса на поставщика в просмотренной выборке нет.","partial","Текст «сегодня (29 сентября)», мероприятие 29.09.2026 и дедлайн премии 01.10.2026; это не дата самостоятельного коммерческого запроса.","https://t.me/s/ielearning","no_relevant_in_viewed_sample","Читать доступное публичное превью и ссылки отдельных записей; сохранять исходную дату и границы выборки. При закрытом чате — только разрешённый экспорт владельцем; не вступать автоматически.","Публичные страницы прочитаны без оплаты; платный доступ не подключён.","2","Повторить проверку доступной ленты и календарных дат; квалифицировать задачу и опубликованный маршрут связи.","Полное окно 14/30 дней не доказано; ошибки web-доступа не означают отсутствия публикаций.","[]","[""turn665view1""]","edtech","FD-S013","true","not_configured","","[]"
"edtech-08","MISB-217","Методический кружок Digital Learning","https://t.me/metod_krug","[""RU""]","Telegram / методология, образование и спикеры","2026-10-01","attempt_only","unavailable","Профиль и /s не доступны через web tool; сообщения не оценены.","not_established","","https://t.me/metod_krug","not_assessable","Читать доступное публичное превью и ссылки отдельных записей; сохранять исходную дату и границы выборки. При закрытом чате — только разрешённый экспорт владельцем; не вступать автоматически.","Публичные страницы прочитаны без оплаты; платный доступ не подключён.","2","Повторить проверку доступной ленты и календарных дат; квалифицировать задачу и опубликованный маршрут связи.","Полное окно 14/30 дней не доказано; ошибки web-доступа не означают отсутствия публикаций.","[""site:t.me/metod_krug [recency=30]""]","[""turn632view3"",""turn658view2""]","edtech","FD-S014","true","not_configured","","[]"
"edtech-09","MISB-222","Лаборатория онлайн-обучения","https://t.me/educational_lab","[""RU""]","Telegram / методология, образование и спикеры","2026-10-01","search_index","profile_only","Прочитан профиль; поиск показал архивные страницы before=880, before=379 и after=1006 с методическими материалами, продажей своего семинара и дайджестом. Полноценная текущая лента недоступна.","not_established","","https://t.me/educational_lab","not_assessable","Читать доступное публичное превью и ссылки отдельных записей; сохранять исходную дату и границы выборки. При закрытом чате — только разрешённый экспорт владельцем; не вступать автоматически.","Публичные страницы прочитаны без оплаты; платный доступ не подключён.","2","Повторить проверку доступной ленты и календарных дат; квалифицировать задачу и опубликованный маршрут связи.","Результаты поиска включают архив независимо от recency; дата индексации не доказывает свежесть постов. Рекламу своего семинара не считали спросом.","[""site:t.me/s/educational_lab [recency=30]""]","[""turn658view0"",""turn658search0"",""turn658search1"",""turn658search2""]","edtech","FD-S015","true","not_configured","","[]"
"edtech-10","MISB-223","Лаборатория вакансий в образовании","https://t.me/lab_vacancies","[""RU""]","Telegram / методология, образование и спикеры","2026-10-01","content_read","feed_read","После недоступного текущего /s прочитана архивная страница before=649: вакансии и проектная методическая работа. Встроенные карточки HH содержат даты ноября–декабря 2024 и отметки архива.","partial","Даты исходных вакансий в карточках HH: 21.11.2024, 05.12.2024, 10.12.2024, 15.12.2024; это архивный корпус. Дата проекта Таврида.АРТ не извлечена.","https://t.me/s/lab_vacancies?before=649","only_early_signals","Читать доступное публичное превью и ссылки отдельных записей; сохранять исходную дату и границы выборки. При закрытом чате — только разрешённый экспорт владельцем; не вступать автоматически.","Публичные страницы прочитаны без оплаты; платный доступ не подключён.","2","Повторить проверку доступной ленты и календарных дат; квалифицировать задачу и опубликованный маршрут связи.","Архивная выборка: не считать её свежими вакансиями. Проектная занятость не доказывает доступность договора с институтом.","[""site:t.me/s/lab_vacancies [recency=30]""]","[""turn737view0""]","edtech","FD-S016","true","not_configured","","[""FD-O030""]"
"edtech-11","MISB-224","Фриланс Таверна — проекты методологов","https://t.me/freelancetaverna","[""RU""]","Telegram / методология, образование и спикеры","2026-10-01","content_read","feed_read","Прочитана общая лента фриланса и поисковая выборка по методологам. Найден конкретный проект примерно 40 микро-курсов, но исходная дата не извлечена; много нерелевантных вакансий.","partial","","https://t.me/s/freelancetaverna","undated_relevant_found","Читать доступное публичное превью и ссылки отдельных записей; сохранять исходную дату и границы выборки. При закрытом чате — только разрешённый экспорт владельцем; не вступать автоматически.","Публичные страницы прочитаны без оплаты; платный доступ не подключён.","1","Повторить проверку доступной ленты и календарных дат; квалифицировать задачу и опубликованный маршрут связи.","Поиск возвращает несколько URL с тем же текстом. Это один потенциальный проект с несколькими маршрутами, а не несколько лидов. Дата обхода не дата проекта.","[""site:t.me/s/freelancetaverna \""методолог\"" [recency=30]"",""site:t.me/s/freelancetaverna \""микро-курсов\"" [recency=14]""]","[""turn716view0"",""turn727search1"",""turn727search7"",""turn743search0""]","edtech","FD-S017","true","not_configured","","[""FD-O028"",""FD-O029""]"
"edtech-12","MISB-229","LessonDelivery — EdTech-чат","https://t.me/LessonDeliveryChat","[""RU""]","Telegram / методология, образование и спикеры","2026-10-01","content_read","profile_only","После ошибки URL с прописными буквами прочитан публичный профиль lower-case lessondeliverychat; сообщений группы в веб-превью нет.","not_established","","https://t.me/lessondeliverychat","not_assessable","Читать доступное публичное превью и ссылки отдельных записей; сохранять исходную дату и границы выборки. При закрытом чате — только разрешённый экспорт владельцем; не вступать автоматически.","Публичные страницы прочитаны без оплаты; платный доступ не подключён.","2","Повторить проверку доступной ленты и календарных дат; квалифицировать задачу и опубликованный маршрут связи.","Полное окно 14/30 дней не доказано; ошибки web-доступа не означают отсутствия публикаций.","[""site:t.me/LessonDeliveryChat [recency=30]""]","[""turn742view1""]","edtech","FD-S018","true","not_configured","","[]"
"edtech-13","MISB-230","JobDelivery — вакансии экосистемы LessonDelivery","https://t.me/JobDelivery","[""RU""]","Telegram / методология, образование и спикеры","2026-10-01","content_read","profile_only","Поиск и открытие lower-case jobdelivery подтвердили публичный профиль группы вакансий LessonDelivery; история сообщений не доступна.","not_established","","https://t.me/jobdelivery","not_assessable","Читать доступное публичное превью и ссылки отдельных записей; сохранять исходную дату и границы выборки. При закрытом чате — только разрешённый экспорт владельцем; не вступать автоматически.","Публичные страницы прочитаны без оплаты; платный доступ не подключён.","2","Повторить проверку доступной ленты и календарных дат; квалифицировать задачу и опубликованный маршрут связи.","Полное окно 14/30 дней не доказано; ошибки web-доступа не означают отсутствия публикаций.","[""site:t.me/JobDelivery [recency=30]""]","[""turn728search0"",""turn737view4""]","edtech","FD-S019","true","not_configured","","[]"
"edtech-14","MISB-328","Method Club — сообщество методистов","https://t.me/methodclub","[""RU""]","Telegram / методология, образование и спикеры","2026-10-01","content_read","profile_only","Прочитано описание Method Club как чата методистов EdTech; публичная история отсутствует.","not_established","","https://t.me/methodclub","not_assessable","Читать доступное публичное превью и ссылки отдельных записей; сохранять исходную дату и границы выборки. При закрытом чате — только разрешённый экспорт владельцем; не вступать автоматически.","Публичные страницы прочитаны без оплаты; платный доступ не подключён.","2","Повторить проверку доступной ленты и календарных дат; квалифицировать задачу и опубликованный маршрут связи.","Полное окно 14/30 дней не доказано; ошибки web-доступа не означают отсутствия публикаций.","[""site:t.me/methodclub [recency=30]""]","[""turn742view0""]","edtech","FD-S020","true","not_configured","","[]"
"edtech-15","MISB-329","Сообщество Методистов — отдельный чат","https://t.me/newmethodologist","[""RU""]","Telegram / методология, образование и спикеры","2026-10-01","attempt_only","unavailable","Две попытки открыть профиль закончились ошибкой доступности; содержание и действующая идентичность не проверены.","not_established","","https://t.me/newmethodologist","not_assessable","Читать доступное публичное превью и ссылки отдельных записей; сохранять исходную дату и границы выборки. При закрытом чате — только разрешённый экспорт владельцем; не вступать автоматически.","Публичные страницы прочитаны без оплаты; платный доступ не подключён.","2","Повторить проверку доступной ленты и календарных дат; квалифицировать задачу и опубликованный маршрут связи.","Полное окно 14/30 дней не доказано; ошибки web-доступа не означают отсутствия публикаций.","[""site:t.me/newmethodologist [recency=30]""]","[""turn717view0"",""turn742view2""]","edtech","FD-S021","true","not_configured","","[]"
"edtech-16","MISB-331","Живое обучение — канал Елены Тихомировой","https://t.me/prolearning","[""RU""]","Telegram / методология, образование и спикеры","2026-10-01","content_read","feed_read","Прочитано публичное превью методического канала; есть сбор пожеланий к темам мини-курсов 2026–27 и методические публикации. Это исследование аудитории, не поиск подрядчика.","partial","Упомянут учебный год 2026–27 и «сегодня 1 сентября»; дата конкретного поста исследования спроса не извлечена.","https://t.me/s/prolearning","only_early_signals","Читать доступное публичное превью и ссылки отдельных записей; сохранять исходную дату и границы выборки. При закрытом чате — только разрешённый экспорт владельцем; не вступать автоматически.","Публичные страницы прочитаны без оплаты; платный доступ не подключён.","2","Повторить проверку доступной ленты и календарных дат; квалифицировать задачу и опубликованный маршрут связи.","Полное окно 14/30 дней не доказано; ошибки web-доступа не означают отсутствия публикаций.","[]","[""turn717view1"",""turn746view13""]","edtech","FD-S022","true","not_configured","","[""FD-O031""]"
"edtech-17","MISB-339","Мастерская iSpring — чат разработчиков курсов","https://t.me/ispring_master","[""RU""]","Telegram / методология, образование и спикеры","2026-10-01","content_read","profile_only","Прочитано описание сообщества разработчиков курсов iSpring и публичные контакты модераторов. Сообщения чата не прочитаны.","not_established","","https://t.me/ispring_master","not_assessable","Читать доступное публичное превью и ссылки отдельных записей; сохранять исходную дату и границы выборки. При закрытом чате — только разрешённый экспорт владельцем; не вступать автоматически.","Публичные страницы прочитаны без оплаты; платный доступ не подключён.","2","Повторить проверку доступной ленты и календарных дат; квалифицировать задачу и опубликованный маршрут связи.","Полное окно 14/30 дней не доказано; ошибки web-доступа не означают отсутствия публикаций.","[]","[""turn718view2""]","edtech","FD-S023","true","not_configured","","[]"
"edtech-18","MISB-370","Метод | Method — как преподавать в цифровой среде","https://t.me/methodgsom","[""RU""]","Telegram / методология, образование и спикеры","2026-10-01","content_read","feed_read","После ошибок t.me прочитано первичное превью на опубликованном в seed алиасе telegram.me. Содержит методические тексты, прошедшую летнюю школу и продажу курса; запрос на поставщика не найден.","partial","В тексте: приём на летнюю школу до 11 августа, доклады до 15 августа, старт курса 12 октября; даты публикаций не извлечены.","https://telegram.me/s/methodgsom","no_relevant_in_viewed_sample","Читать доступное публичное превью и ссылки отдельных записей; сохранять исходную дату и границы выборки. При закрытом чате — только разрешённый экспорт владельцем; не вступать автоматически.","Публичные страницы прочитаны без оплаты; платный доступ не подключён.","2","Повторить проверку доступной ленты и календарных дат; квалифицировать задачу и опубликованный маршрут связи.","Один частичный корпус без календарных дат постов. Продажу своего курса и регистрацию участников не считать закупкой.","[""site:t.me/methodgsom [recency=30]""]","[""turn749view0""]","edtech","FD-S024","true","not_configured","","[]"
"edtech-19","MISB-371","Образовательный клуб — отдельный маршрут экосистемы методологов","https://t.me/v_ed_club","[""RU""]","Telegram / методология, образование и спикеры","2026-10-01","attempt_only","unavailable","Профиль и /s недоступны; поиск не дал доступного содержания.","not_established","","https://t.me/v_ed_club","not_assessable","Читать доступное публичное превью и ссылки отдельных записей; сохранять исходную дату и границы выборки. При закрытом чате — только разрешённый экспорт владельцем; не вступать автоматически.","Публичные страницы прочитаны без оплаты; платный доступ не подключён.","2","Повторить проверку доступной ленты и календарных дат; квалифицировать задачу и опубликованный маршрут связи.","Полное окно 14/30 дней не доказано; ошибки web-доступа не означают отсутствия публикаций.","[""site:t.me/v_ed_club [recency=30]""]","[""turn718view0"",""turn737view3""]","edtech","FD-S025","true","not_configured","","[]"
"edtech-20","MISB-372","Learning Elements — канал конференций по обучению","https://t.me/learningelements","[""RU""]","Telegram / методология, образование и спикеры","2026-10-01","content_read","feed_read","Прочитана лента и официальная страница подачи докладов «Эксперты.Elements». Есть реальный отбор спикеров, но указанный дедлайн 30 сентября уже прошёл.","partial","Мероприятие 20.10.2026; заявки до 30.09.2026. Дата публикации приглашения не установлена.","https://t.me/s/learningelements","undated_relevant_found","Читать доступное публичное превью и ссылки отдельных записей; сохранять исходную дату и границы выборки. При закрытом чате — только разрешённый экспорт владельцем; не вступать автоматически.","Публичные страницы прочитаны без оплаты; платный доступ не подключён.","2","Повторить проверку доступной ленты и календарных дат; квалифицировать задачу и опубликованный маршрут связи.","Страница одновременно показывает «Приём заявок открыт» и срок до 30 сентября. На 01.10.2026 считать срок прошедшим, возможность позднего рассмотрения уточнить. Оплата не заявлена.","[]","[""turn718view1"",""turn742view3""]","edtech","FD-S026","true","not_configured","","[""FD-O032""]"
"hr-01","MISB-068","Злой HR","https://t.me/s/zloihr","[""RU""]","HR/L&D — Telegram","2026-10-01","content_read","feed_read","Текущая публичная лента: кадровые вопросы, рекомендации сервисов, реклама; дополнительно прочитаны страницы поста 3419 и before=6588 с запросами обучения. Попытки открыть before=6780 и embed-представление не дали дополнительного корпуса.","partial","В текущей ленте дата мероприятия 29.10.2026; первичные даты трёх запросов обучения не раскрыты.","https://t.me/s/zloihr/3419","undated_relevant_found","Проверять доступную публичную ленту; фиксировать permalink, первичную дату и статус каждого запроса.","Платный доступ не приобретался; стоимость доступа к полной истории не установлена.","1","Установить даты и открытость конкретных запросов до передачи в продажи.","Проверка ограничена прочитанными публичными страницами и поисковой выдачей; полное окно 14/30 дней и закрытые комментарии не проверены.","[""site:t.me/s/zloihr \""тренинг\"" (recency 30)"",""site:t.me/s/zloihr \""тренер\"" \""сельхоз\"" (recency 30)""]","[""turn612view0"",""turn609view1"",""turn601view0"",""turn686view0"",""turn686view1""]","hr","FD-S027","true","not_configured","","[""FD-O061"",""FD-O062"",""FD-O063""]"
"hr-02","MISB-069","Digital Learning — основной профессиональный чат","https://t.me/npsonline","[""RU""]","HR/L&D — Telegram","2026-10-01","search_index","unavailable","Основной чат и /s не открылись. Поиск обнаружил официальный канал ielearning, в описании которого указан чат npsonline.","not_established","","https://t.me/s/ielearning","not_assessable","Сохранить источник; повторить публичную проверку или принять добровольно предоставленный экспорт/пересылки участника; не считать чат доступным сборщику.","Платный доступ не приобретался; стоимость доступа к полной истории не установлена.","1","Проверить доступность сообщений через разрешённый пользовательский доступ.","Проверка ограничена прочитанными публичными страницами и поисковой выдачей; полное окно 14/30 дней и закрытые комментарии не проверены.","[""site:t.me/npsonline \""Digital Learning\"" (recency 30)""]","[""turn615view0"",""turn630view3"",""turn618search0""]","hr","FD-S028","true","not_configured","","[]"
"hr-03","MISB-149","Кто взял кликер — корпоративное обучение","https://t.me/s/corp_edu","[""RU""]","HR/L&D — Telegram","2026-10-01","content_read","feed_read","Прочитана публичная лента: авторская аналитика L&D, кейсы внедрения ИИ и адаптации, реклама образовательного курса. Есть общая ветка вопросов; запросы покупателей в комментариях не прочитаны.","partial","В тексте анонс мероприятия 16–17 сентября; годовщина кейса и указание актуальности на 2026 год, без первичных дат постов.","https://t.me/s/corp_edu","no_relevant_in_viewed_sample","Проверять доступную публичную ленту; фиксировать permalink, первичную дату и статус каждого запроса.","Платный доступ не приобретался; стоимость доступа к полной истории не установлена.","3","Проверить текущую датированную ленту и относящиеся к запросам комментарии при разрешённом доступе.","Проверка ограничена прочитанными публичными страницами и поисковой выдачей; полное окно 14/30 дней и закрытые комментарии не проверены.","[]","[""turn612view2"",""turn613view6""]","hr","FD-S029","true","not_configured","","[]"
"hr-04","MISB-231","HRtrain — чат об обучении HR","https://t.me/HRtrain","[""RU""]","HR/L&D — Telegram","2026-10-01","content_read","profile_only","Прочитана карточка группы «HR обучение, курсы и мероприятия для эйчаров»; цель описана как продвижение обучающих курсов. Лента /s не открылась.","not_established","","https://t.me/HRtrain","not_assessable","Сохранить источник; повторить публичную проверку или принять добровольно предоставленный экспорт/пересылки участника; не считать чат доступным сборщику.","Платный доступ не приобретался; стоимость доступа к полной истории не установлена.","2","Проверить доступность сообщений через разрешённый пользовательский доступ.","Проверка ограничена прочитанными публичными страницами и поисковой выдачей; полное окно 14/30 дней и закрытые комментарии не проверены.","[]","[""turn615view1"",""turn630view1""]","hr","FD-S030","true","not_configured","","[]"
"hr-05","MISB-235","Курсы, рок и T&D — Talent Rocks","https://t.me/talent_rocks","[""RU""]","HR/L&D — Telegram","2026-10-01","content_read","profile_only","Карточка канала про корпоративное обучение и адаптацию; ссылки на блог и кейсы и общий контакт партнёрства. Публичная лента /s не открылась.","not_established","","https://t.me/talent_rocks","not_assessable","Сохранить источник; повторить публичную проверку или принять добровольно предоставленный экспорт/пересылки участника; не считать чат доступным сборщику.","Платный доступ не приобретался; стоимость доступа к полной истории не установлена.","3","Проверить доступность сообщений через разрешённый пользовательский доступ.","Проверка ограничена прочитанными публичными страницами и поисковой выдачей; полное окно 14/30 дней и закрытые комментарии не проверены.","[""site:t.me/s/talent_rocks \""ищем\"" OR \""нужен\"" OR \""приглашаем\"" (recency 30)"",""\""talent_rocks\"" \""ищем\""""]","[""turn615view2"",""turn612view4""]","hr","FD-S031","true","not_configured","","[]"
"hr-06","MISB-236","Как делать — сообщество по управлению персоналом","https://t.me/HR_kak_delat","[""RU""]","HR/L&D — Telegram","2026-10-01","content_read","feed_read","Карточка и архивная публичная страница before=1212: анонсы форума, обзоры корпоративных кейсов и учебных мероприятий. Главная /s недоступна; современная лента не проверена.","partial","В корпусе явно указан Персонал Экспо 2024 и даты 9–10 апреля; это архив, не сентябрь 2026.","https://t.me/s/HR_kak_delat?before=1212","no_relevant_in_viewed_sample","Проверять доступную публичную ленту; фиксировать permalink, первичную дату и статус каждого запроса.","Платный доступ не приобретался; стоимость доступа к полной истории не установлена.","3","Проверить текущую датированную ленту и относящиеся к запросам комментарии при разрешённом доступе.","Проверка ограничена прочитанными публичными страницами и поисковой выдачей; полное окно 14/30 дней и закрытые комментарии не проверены.","[""\""HR_kak_delat\"" \""приглашаем\""""]","[""turn615view3"",""turn630view0""]","hr","FD-S032","true","not_configured","","[]"
"hr-07","MISB-237","Про людей | HRme","https://t.me/hr_me_community","[""RU""]","HR/L&D — Telegram","2026-10-01","search_index","unavailable","Оба первичных URL не открылись. Поиск подтвердил канал HRme и показал вторичную карточку/фрагменты про бюджет и выбор обучения; первичные посты не прочитаны.","not_established","Во вторичном фрагменте «Sep 21» без доказанного года публикации; не засчитано как дата запроса.","https://tg.me/hr_me_community","not_assessable","Сохранить источник; повторить публичную проверку или принять добровольно предоставленный экспорт/пересылки участника; не считать чат доступным сборщику.","Платный доступ не приобретался; стоимость доступа к полной истории не установлена.","2","Проверить доступность сообщений через разрешённый пользовательский доступ.","Проверка ограничена прочитанными публичными страницами и поисковой выдачей; полное окно 14/30 дней и закрытые комментарии не проверены.","[""site:t.me/hr_me_community (recency 30)"",""\""hr_me_community\""""]","[""turn615view4"",""turn622search0""]","hr","FD-S033","true","not_configured","","[]"
"hr-08","MISB-239","Kampus LXP — сообщество L&D","https://t.me/kampus_team","[""RU""]","HR/L&D — Telegram","2026-10-01","content_read","feed_read","Прочитана часть публичной ленты: планы развития, самообучение, обмен опытом, демонстрация продукта. Поиск в просмотренной странице не нашёл маркеров поиска исполнителей; полный корпус не прочитан.","partial","Текст говорит о мае и летних месяцах, исходные календарные даты постов не раскрыты.","https://t.me/s/kampus_team","no_relevant_in_viewed_sample","Проверять доступную публичную ленту; фиксировать permalink, первичную дату и статус каждого запроса.","Платный доступ не приобретался; стоимость доступа к полной истории не установлена.","3","Проверить текущую датированную ленту и относящиеся к запросам комментарии при разрешённом доступе.","Проверка ограничена прочитанными публичными страницами и поисковой выдачей; полное окно 14/30 дней и закрытые комментарии не проверены.","[]","[""turn613view2"",""turn630view4"",""turn630view5"",""turn630view6""]","hr","FD-S034","true","not_configured","","[]"
"hr-09","MISB-341","Отдел обучения — профессиональный канал","https://t.me/td_department","[""RU""]","HR/L&D — Telegram","2026-10-01","search_index","unavailable","Первичная карточка и /s недоступны; поиск нашёл вторичные каталоги и авторские статьи vc.ru со ссылкой на канал. Запросы канала не прочитаны.","not_established","","https://t.me/td_department","not_assessable","Сохранить источник; повторить публичную проверку или принять добровольно предоставленный экспорт/пересылки участника; не считать чат доступным сборщику.","Платный доступ не приобретался; стоимость доступа к полной истории не установлена.","3","Проверить доступность сообщений через разрешённый пользовательский доступ.","Проверка ограничена прочитанными публичными страницами и поисковой выдачей; полное окно 14/30 дней и закрытые комментарии не проверены.","[""site:t.me/td_department (recency 30)"",""\""td_department\""""]","[""turn615view5"",""turn622search15"",""turn622search22""]","hr","FD-S035","true","not_configured","","[]"
"hr-10","MISB-343","Recruitment for Friends — профессиональный чат","https://t.me/rff_chat","[""RU""]","HR/L&D — Telegram","2026-10-01","content_read","profile_only","Прочитана карточка группы: профессиональные обсуждения HR, вакансии и резюме; ссылка на rff_channel. Лента /s недоступна, сообщения чата не прочитаны.","not_established","","https://t.me/rff_chat","not_assessable","Сохранить источник; повторить публичную проверку или принять добровольно предоставленный экспорт/пересылки участника; не считать чат доступным сборщику.","Платный доступ не приобретался; стоимость доступа к полной истории не установлена.","2","Проверить доступность сообщений через разрешённый пользовательский доступ.","Проверка ограничена прочитанными публичными страницами и поисковой выдачей; полное окно 14/30 дней и закрытые комментарии не проверены.","[]","[""turn615view6"",""turn630view2""]","hr","FD-S036","true","not_configured","","[]"
"hr-11","MISB-344","HR сообщество — communityHR","https://t.me/communityHR","[""RU""]","HR/L&D — Telegram","2026-10-01","content_read","identity_conflict","По исходному адресу открывается «Рекрутер Бывший hr», 66 подписчиков, без описания HR-сообщества. /s не открылся; соответствие исходному каталогу не подтверждено.","not_established","","https://t.me/communityHR","not_assessable","Сохранить источник с текущим исходом; получить разрешённую пересылку/экспорт участника либо повторить публичную проверку. Доступ к истории не подразумевается.","Платные доступы не приобретались; полная история и условия доступа к ней не установлены.","3","Уточнить исходный адрес сообщества; сохранить конфликт идентичности до разрешения.","Проверена только доступная публичная поверхность/выборка. Полнота окна 14/30 дней и закрытых чатов не установлена.","[]","[""turn663view0"",""turn681view2""]","hr","FD-S037","true","not_configured","","[]"
"hr-12","MISB-345","Сообщество HR России","https://t.me/recRussia24","[""RU""]","HR/L&D — Telegram","2026-10-01","content_read","profile_only","Карточка группы прямо называет обмен опытом и поиск заказчиков/исполнителей. Сообщения чата и /s недоступны в публичной проверке.","not_established","","https://t.me/recRussia24","not_assessable","Сохранить источник с текущим исходом; получить разрешённую пересылку/экспорт участника либо повторить публичную проверку. Доступ к истории не подразумевается.","Платные доступы не приобретались; полная история и условия доступа к ней не установлены.","1","Проверить сообщения через разрешённый доступ без вступления или обхода авторизации в рамках этой проверки.","Проверена только доступная публичная поверхность/выборка. Полнота окна 14/30 дней и закрытых чатов не установлена.","[]","[""turn663view1"",""turn681view3""]","hr","FD-S038","true","not_configured","","[]"
"hr-13","MISB-351","C&B Russia&CIS — функциональное сообщество","https://t.me/CnBChatRUnCIS","[""RU""]","HR/L&D — Telegram","2026-10-01","search_index","unavailable","Попытки открыть t.me, /s и telegram.me неудачны. Поиск нашёл описание сообщества C&B России и СНГ, включая индексированную первичную карточку Telegram, но сообщения чата не прочитаны.","not_established","","https://t.me/CnBChatRUnCIS","not_assessable","Сохранить источник с текущим исходом; получить разрешённую пересылку/экспорт участника либо повторить публичную проверку. Доступ к истории не подразумевается.","Платные доступы не приобретались; полная история и условия доступа к ней не установлены.","2","Проверить сообщения через разрешённый доступ без вступления или обхода авторизации в рамках этой проверки.","Проверена только доступная публичная поверхность/выборка. Полнота окна 14/30 дней и закрытых чатов не установлена.","[""\""CnBChatRUnCIS\"" (recency 30)""]","[""turn663view2"",""turn681view4"",""turn686view2"",""turn680search17""]","hr","FD-S039","true","not_configured","","[]"
"hr-14","MISB-354","HR-аналитика — профильный канал","https://t.me/hranalitycs","[""RU""]","HR/L&D — Telegram","2026-10-01","content_read","feed_read","Просмотрена публичная лента с аналитикой, обсуждениями HR и рекламой конференций, вебинаров, сервисов. Дополнительный свежий поиск вернул преимущественно архивные материалы, а не запросы на подряд.","partial","В тексте даты мероприятий 01.10 и 06.10; отдельные тексты явно про 2026. Поиск с recency 14 вернул также семинары апреля 2024 и материалы 2020–2022; первичные даты постов не установлены.","https://t.me/s/hranalitycs","no_relevant_in_viewed_sample","Проверять публичную ленту; сохранять первичные даты и ссылки. Вакансии и реклама не заменяют запросы на обучение.","Платные доступы не приобретались; полная история и условия доступа к ней не установлены.","3","Проверять новые датированные публикации; не считать просмотр выборки полным мониторингом.","Проверена только доступная публичная поверхность/выборка. Полнота окна 14/30 дней и закрытых чатов не установлена.","[""site:t.me/s/hranalitycs \""ищем\"" \""обучение\"" (recency 14)""]","[""turn663view3"",""turn698search0"",""turn698search1""]","hr","FD-S040","true","not_configured","","[]"
"hr-15","MISB-352","HR-вебинары и технологии","https://t.me/webinarforhr","[""RU""]","HR/L&D — Telegram","2026-10-01","content_read","profile_only","Прочитана карточка канала «Развивающая HR-среда» с рекламным контактом. Лента /s не открылась; свежий поисковый запрос не дал проверяемого запроса заказчика.","not_established","","https://t.me/webinarforhr","not_assessable","Сохранить источник с текущим исходом; получить разрешённую пересылку/экспорт участника либо повторить публичную проверку. Доступ к истории не подразумевается.","Платные доступы не приобретались; полная история и условия доступа к ней не установлены.","3","Проверить сообщения через разрешённый доступ без вступления или обхода авторизации в рамках этой проверки.","Проверена только доступная публичная поверхность/выборка. Полнота окна 14/30 дней и закрытых чатов не установлена.","[""site:t.me/s/webinarforhr \""ищем\"" OR \""спикер\"" OR \""эксперт\"" (recency 14)""]","[""turn663view4"",""turn681view1""]","hr","FD-S041","true","not_configured","","[]"
"hr-16","MISB-353","HRафиша — мероприятия и продукты HR","https://t.me/hrafisha","[""RU""]","HR/L&D — Telegram","2026-10-01","content_read","feed_read","Прочитана публичная лента: объявления мероприятий, реклама курсов/площадок/подарков и готовые программы конференций. Запроса на поставщика обучения или открытого набора спикеров в просмотренной части не найдено.","partial","Указаны даты мероприятий 24 сентября, 5 октября 2026, 7 и 16 октября; это не даты публикаций. В рекламе встречается ошибочная дата 31.09.2026 — она не нормализована в публикационную дату.","https://t.me/s/hrafisha","no_relevant_in_viewed_sample","Проверять публичную ленту; сохранять первичные даты и ссылки. Вакансии и реклама не заменяют запросы на обучение.","Платные доступы не приобретались; полная история и условия доступа к ней не установлены.","3","Проверять новые датированные публикации; не считать просмотр выборки полным мониторингом.","Проверена только доступная публичная поверхность/выборка. Полнота окна 14/30 дней и закрытых чатов не установлена.","[]","[""turn667view0""]","hr","FD-S042","true","not_configured","","[]"
"hr-17","MISB-148","Вакансии и резюме HR-специалистов","https://t.me/jobs_vacancy_cv","[""RU"",""BY""]","HR/L&D — Telegram","2026-10-01","content_read","feed_read","Карточка и архив before=253 прочитаны. В архиве вакансии/резюме, упоминания обучения в условиях труда; прямого заказа на корпоративное обучение не установлено. Основная /s и заданная страница с фильтром бизнес-тренера недоступны.","partial","Архив содержит ссылку на материал о найме в 2019 году и карточку вакансии с датой 19.12.2018. Календарное окно сентября 2026 не проверено.","https://t.me/s/jobs_vacancy_cv?before=253","no_relevant_in_viewed_sample","Проверять публичную ленту; сохранять первичные даты и ссылки. Вакансии и реклама не заменяют запросы на обучение.","Платные доступы не приобретались; полная история и условия доступа к ней не установлены.","3","Проверять новые датированные публикации; не считать просмотр выборки полным мониторингом.","Проверена только доступная публичная поверхность/выборка. Полнота окна 14/30 дней и закрытых чатов не установлена.","[""site:t.me/s/jobs_vacancy_cv \""тренер\"" OR \""обучение\"" (recency 14)""]","[""turn667view1"",""turn681view0"",""turn686view3"",""turn687view0""]","hr","FD-S043","true","not_configured","","[]"
"hr-18","MISB-071","HR[хаб] вакансии","https://t.me/s/hrhubvacancy","[""RU""]","HR/L&D — Telegram","2026-10-01","content_read","feed_read","Прочитана публичная лента: найм директора обучения для создания корпоративного университета, HRD с задачами развития и менеджера опыта сотрудников с управлением поставщиками языкового обучения. Это ранние сигналы из вакансий; внешние заказы не подтверждены.","partial","Время суток у постов видно, первичные календарные даты не раскрыты. Дата обхода/recency не использована как дата публикации.","https://t.me/s/hrhubvacancy","only_early_signals","Проверять публичную ленту; сохранять первичные даты и ссылки. Вакансии и реклама не заменяют запросы на обучение.","Платные доступы не приобретались; полная история и условия доступа к ней не установлены.","2","Уточнить дату вакансии и наличие внешнего проекта до квалификации как лида.","Проверена только доступная публичная поверхность/выборка. Полнота окна 14/30 дней и закрытых чатов не установлена.","[""site:t.me/s/hrhubvacancy \""тренер\"" OR \""обучение\"" (recency 14)""]","[""turn667view2"",""turn684view0"",""turn696view2"",""turn696view3"",""turn696view4"",""turn696view5""]","hr","FD-S044","true","not_configured","","[""FD-O064"",""FD-O065"",""FD-O066"",""FD-O067""]"
"hr-19","","HRbazaar — группа HR-заказчиков и провайдеров","https://t.me/HRbazaar","[""RU""]","HR/L&D — Telegram","2026-10-01","content_read","profile_only","Прочитана карточка группы с текущим названием «HR-аналитика и автоматизация эйчар процессов». Описание сохраняет спрос HR-заказчиков и предложения провайдеров; сообщения группы не раскрыты.","not_established","","https://t.me/HRbazaar","not_assessable","Сохранить источник с текущим исходом; получить разрешённую пересылку/экспорт участника либо повторить публичную проверку. Доступ к истории не подразумевается.","Платные доступы не приобретались; полная история и условия доступа к ней не установлены.","1","Проверить сообщения через разрешённый доступ без вступления или обхода авторизации в рамках этой проверки.","Проверена только доступная публичная поверхность/выборка. Полнота окна 14/30 дней и закрытых чатов не установлена.","[]","[""turn667view3"",""turn687view1""]","hr","FD-S045","true","not_configured","","[]"
"hr-20","","Сетка — T&D и HR запросы на обучение","https://setka.ru/communities/0191a790-9e20-448d-8324-dfe80910c077","[""RU""]","HR/L&D — Сетка","2026-10-01","content_read","login_required","Карточка группы прочитана: поиск тренингов, коучинга, фасилитации, стратегических сессий и управленческого консалтинга. Последняя карточка показывает 53 подписчика; лента пуста в публичном представлении, ранее показана форма входа для продолжения.","not_established","","https://setka.ru/communities/0191a790-9e20-448d-8324-dfe80910c077","not_assessable","Сохранить источник с текущим исходом; получить разрешённую пересылку/экспорт участника либо повторить публичную проверку. Доступ к истории не подразумевается.","Платные доступы не приобретались; полная история и условия доступа к ней не установлены.","1","Проверить сообщения через разрешённый доступ без вступления или обхода авторизации в рамках этой проверки.","Проверена только доступная публичная поверхность/выборка. Полнота окна 14/30 дней и закрытых чатов не установлена.","[]","[""turn687view2"",""turn591view1""]","hr","FD-S046","true","not_configured","","[]"
"providers-01","MISB-373","Mirapolis — вход в партнёрскую сеть для разработчиков курсов","https://www.mirapolis.ru/for-partners/","[""RU""]","Партнерская сеть LMS","2026-10-01","content_read","page_read","Партнерская страница Mirapolis: перечень приглашенных компаний, поддержка и адрес получения статуса партнера. Дополнительно просмотрена выдача по домену за 30 дней.","not_established","В прочитанных приглашениях и карточках нет даты публикации; свежесть 14/30 дней не установлена.","https://www.mirapolis.ru/for-partners/","standing_invitation_found","Проверять изменения приглашения; отдельный поток клиентских контентных запросов пока не установлен.","Публичный просмотр без оплаты. Формы не отправлялись; коммерческие условия доступа к клиентским запросам не проверены.","1","Сохранить маршрут к партнерскому отделу; в следующем согласованном этапе выяснить передачу заказов на контент.","Передача заказов и оплата разработчикам не обещаны конкретно; нет даты публикации.","[""site:mirapolis.ru (партнеры OR разработчиков OR экспертов)""]","[""turn616view0""]","providers","FD-S047","true","not_configured","","[""FD-O068""]"
"providers-02","MISB-374","iSpring — партнёрская программа и сеть реселлеров","https://www.ispring.ru/company/reseller-program","[""RU""]","Партнерская сеть LMS","2026-10-01","content_read","page_read","Партнерская страница iSpring: продажа инструментов и комиссия за привлеченных клиентов, формы входа и регистрации. Выдача по домену за 30 дней.","not_established","В прочитанных приглашениях и карточках нет даты публикации; свежесть 14/30 дней не установлена.","https://www.ispring.ru/company/reseller-program","standing_invitation_found","Проверять изменения условий; не считать продажи лицензий спросом на обучение.","Публичный просмотр без оплаты. Формы не отправлялись; коммерческие условия доступа к клиентским запросам не проверены.","3","Сохранить как реферальный маршрут, отдельно проверять партнеров-интеграторов.","Вознаграждение относится к продаже ПО, не к производству курсов; на странице встречаются разные пределы комиссии.","[""site:ispring.ru (\""ищем\"" OR \""сотрудничество\"") (курсов OR эксперт)""]","[""turn616view1"",""turn646search5""]","providers","FD-S048","true","not_configured","","[""FD-O069""]"
"providers-03","MISB-376","Unicraft — партнёры, HR-консультанты и авторы корпоративных курсов","https://www.unicraft.org/page/partners/","[""RU""]","Партнерская сеть LMS и экспертный контент","2026-10-01","content_read","page_read","Партнерская страница Unicraft и дочерняя страница приглашения авторов блога: условия рефералов и оплачиваемых статей. Выдача по домену за 30 дней.","not_established","В прочитанных приглашениях и карточках нет даты публикации; свежесть 14/30 дней не установлена.","https://www.unicraft.org/page/partners/","standing_invitation_found","Разделять партнерские продажи ПО и заявки редактора на экспертные материалы; проверять изменение условий.","Публичный просмотр без оплаты. Формы не отправлялись; коммерческие условия доступа к клиентским запросам не проверены.","2","Сохранить оба маршрута; авторские материалы квалифицировать как смежный продукт.","Потребность в конкретной статье и заказ на учебный курс не опубликованы; даты обоих приглашений не указаны.","[""site:unicraft.org (\""ищем\"" OR \""сотрудничество\"") (автор OR курсов)""]","[""turn616view2"",""turn655view3"",""turn656view2"",""turn659view3""]","providers","FD-S049","true","not_configured","","[""FD-O070"",""FD-O071""]"
"providers-04","MISB-379","Ecourse Studio — проекты курсов и рамочные работы","https://ecourse.studio/","[""RU""]","Студия электронных курсов","2026-10-01","content_read","page_read","Главная Ecourse, перечень услуг, рамочный договор и подписка на внешнюю команду; поиск по домену за 30 дней.","not_established","Датированного релевантного запроса в прочитанном корпусе нет; даты обхода поисковика не учитывались.","https://ecourse.studio/","no_relevant_in_viewed_sample","Отслеживать появление объявлений об авторах/исполнителях; текущий лендинг исключить из потока покупательских заявок.","Публичный просмотр без оплаты. Формы не отправлялись; коммерческие условия доступа к клиентским запросам не проверены.","3","Сохранить источник в резерве; искать публичный раздел партнеров или вакансий при следующем обновлении.","Рамочный договор и цены — предложение услуг клиенту со стороны Ecourse, а не закупка субподряда.","[""site:ecourse.studio (вакансии OR сотрудничество OR подрядчики)""]","[""turn616view3"",""turn646search3"",""turn656view3""]","providers","FD-S050","true","not_configured","","[]"
"providers-05","MISB-380","Nova Studio — разработка обучения и упаковка экспертизы","https://dl-nova.com/","[""RU""]","Студия электронных курсов","2026-10-01","content_read","page_read","Главная Nova: описание разработки, типовые клиентские задачи, кейсы и контакты; поиск по домену за 30 дней.","not_established","Датированного релевантного запроса в прочитанном корпусе нет; даты обхода поисковика не учитывались.","https://dl-nova.com/","no_relevant_in_viewed_sample","Проверять новые приглашения исполнителей, не импортировать описание продаваемых услуг как спрос.","Публичный просмотр без оплаты. Формы не отправлялись; коммерческие условия доступа к клиентским запросам не проверены.","3","Сохранить в резерве; найти отдельную публичную ленту набора экспертов.","Прочитанная страница продает услуги; описание запросов клиентов не содержит датированных действующих заказов.","[""site:dl-nova.com (вакансии OR ищем OR сотрудничество)""]","[""turn616view4"",""turn640view5"",""turn645search0""]","providers","FD-S051","true","not_configured","","[]"
"providers-06","MISB-381","LEVEL — курсы и бизнес-симуляции для корпоративных клиентов","https://levellab.ru/","[""RU""]","Студия электронных курсов","2026-10-01","content_read","page_read","Главная LEVEL, карьера и карточка педагогического дизайнера; поиск по домену за 30 дней.","not_established","В прочитанных приглашениях и карточках нет даты публикации; свежесть 14/30 дней не установлена.","https://levellab.ru/","only_early_signals","Проверять новые карточки ролей и явно проектные приглашения, отмечать вид договора.","Публичный просмотр без оплаты. Формы не отправлялись; коммерческие условия доступа к клиентским запросам не проверены.","2","Сохранить вакансию как ранний сигнал о загрузке производства, не отправлять как подрядный заказ.","Вакансия по ТК на 40 часов в неделю; даты нет; потребность в услугах внешней организации не установлена.","[""site:levellab.ru (вакансии OR ищем OR сотрудничество)""]","[""turn620view0"",""turn640view2"",""turn656view0"",""turn659view2""]","providers","FD-S052","true","not_configured","","[""FD-O072""]"
"providers-07","MISB-383","ЦР ИПСИ — разработчик образовательных программ и спецпроектов","https://cripsi.ru/","[""RU""]","Образовательный оператор и студия","2026-10-01","content_read","page_read","Главная ЦР ИПСИ: услуги создания и проведения программ, кейсы, подбор экспертов как услуга клиентам; поиск по домену за 30 дней.","not_established","Датированного релевантного запроса в прочитанном корпусе нет; даты обхода поисковика не учитывались.","https://cripsi.ru/","no_relevant_in_viewed_sample","Отслеживать новые партнерские приглашения отдельно от каталога услуг и реализованных проектов.","Публичный просмотр без оплаты. Формы не отправлялись; коммерческие условия доступа к клиентским запросам не проверены.","3","Сохранить источник; при следующем обследовании проверить новости и публичный канал комплектования команд.","Не найдено приглашение исполнителю в прочитанном корпусе; обещание подобрать экспертов клиенту само по себе не набор в пул.","[""site:cripsi.ru (экспертов OR сотрудничеству OR преподавателей)""]","[""turn620view1""]","providers","FD-S053","true","not_configured","","[]"
"providers-08","MISB-384","Академия Softline — отдельное направление разработки электронных курсов","https://edtech.academyit.ru/","[""RU""]","Образовательный провайдер и разработчик курсов","2026-10-01","content_read","page_read","Лендинг EdTech Академии Softline прочитан. В индексе основного домена найден пункт приглашения преподавателей; страницы teachers и career/job не открылись.","not_established","Датированного релевантного запроса в прочитанном корпусе нет; даты обхода поисковика не учитывались.","https://edtech.academyit.ru/","only_early_signals","Лендинг использовать как навигацию; приглашение преподавателей проверить на доступном первоисточнике при следующем обновлении.","Публичный просмотр без оплаты. Формы не отправлялись; коммерческие условия доступа к клиентским запросам не проверены.","2","Повторить проверку подраздела карьеры/преподавателей без авторизации; не считать условия приглашения установленными.","Прочитан только каталог предлагаемых решений. Приглашение преподавателей видно в поисковом меню, полный текст и условия не прочитаны.","[""site:academyit.ru (\""приглашаем\"" OR \""сотрудничество\"") (экспертов OR преподавателей OR авторов)"",""site:academyit.ru \""Приглашаем преподавателей стать частью нашего коллектива\""""]","[""turn620view2"",""turn640view1"",""turn656search0"",""turn656search3"",""turn659view0"",""turn659view1""]","providers","FD-S054","true","not_configured","","[""FD-O073""]"
"providers-09","MISB-385","Русская Школа Управления — сотрудничество с образовательными компаниями","https://uprav.ru/about/cooperation/","[""RU""]","Бизнес-школа и экспертный пул","2026-10-01","content_read","page_read","Страница сотрудничества РШУ: агентские продажи и организация мероприятий; отдельная страница преподавателей: вход в экспертный пул. Выдача по домену за 30 дней.","not_established","В прочитанных приглашениях и карточках нет даты публикации; свежесть 14/30 дней не установлена.","https://uprav.ru/about/cooperation/","standing_invitation_found","Отдельно отслеживать страницу преподавателей и партнерскую программу; дедлайны только из датированных объявлений.","Публичный просмотр без оплаты. Формы не отправлялись; коммерческие условия доступа к клиентским запросам не проверены.","1","Сохранить экспертный вход для авторских модулей и корпоративных программ; агентскую схему оставить отдельной.","Дат публикации нет; счетчик «5 дней» не позволяет установить календарный дедлайн; агентская продажа не заказ институту.","[""site:uprav.ru (\""ищем\"" OR \""сотрудничество\"") (преподавателей OR авторов)""]","[""turn620view3"",""turn655view1"",""turn656view4"",""turn599view3""]","providers","FD-S055","true","not_configured","","[""FD-O074"",""FD-O075""]"
"providers-10","MISB-387","Бизнес Школа Эксперт — приглашение авторов семинаров и тренеров","https://moscow-expert.ru/content/vakansii/index.html","[""RU""]","Бизнес-школа и экспертный пул","2026-10-01","content_read","page_read","Страница сотрудничества БШ Эксперт: приглашение авторов семинаров со своими программами, требования и контакты; поиск по домену за 30 дней.","not_established","В прочитанных приглашениях и карточках нет даты публикации; свежесть 14/30 дней не установлена.","https://moscow-expert.ru/content/vakansii/index.html","standing_invitation_found","Отслеживать изменения тем и требований, отдельно проверять новые объявления по конкретным программам.","Публичный просмотр без оплаты. Формы не отправлялись; коммерческие условия доступа к клиентским запросам не проверены.","1","Сохранить вход для авторских семинаров по управлению, праву, финансам, HR, закупкам и ДОУ.","Нет даты, конкретной темы закупки, бюджета или срока; работа с институтом как юрлицом не описана.","[""site:moscow-expert.ru (\""приглашаем\"" OR \""ищем\"")""]","[""turn620view4"",""turn640view0""]","providers","FD-S056","true","not_configured","","[""FD-O076""]"
"providers-11","MISB-388","УЦ Совета рынка — преподаватели и организаторы корпоративных мероприятий","https://www.ec-mc.ru/collaboration","[""RU""]","Учебные провайдеры и авторские сети","2026-10-01","content_read","page_read","Прочитаны приглашения преподавателей и партнёров; преподавание отделено от агентского привлечения слушателей.","not_established","","https://www.ec-mc.ru/collaboration","standing_invitation_found","Проверять изменения страницы; сохранять дату публикации отдельно от даты обнаружения.","Публичное чтение бесплатно; коммерческие условия отдельно не проверялись.","2","Отслеживать конкретные новые предложения с темой и датой.","Чтение страницы и поиск не доказывают полноту окна 14/30 дней.","[""site:ec-mc.ru (преподавателей OR сотрудничество OR экспертов) [system1 recency=30]""]","[""turn623view0"",""turn648search0""]","providers","FD-S057","true","not_configured","","[""FD-O077"",""FD-O078""]"
"providers-12","MISB-389","B2B Events — сообщество тренеров, фасилитаторов и спикеров","https://b2bevents.pro/ru/trainings/","[""RU""]","Учебные провайдеры и авторские сети","2026-10-01","content_read","page_read","Прочитано приглашение тренеров, фасилитаторов и авторов B2B-программ; форма заказа тренинга относится к покупателям.","not_established","","https://b2bevents.pro/ru/trainings/","standing_invitation_found","Проверять изменения страницы; сохранять дату публикации отдельно от даты обнаружения.","Публичное чтение бесплатно; коммерческие условия отдельно не проверялись.","2","Отслеживать конкретные новые предложения с темой и датой.","Страна конкретного проекта и гонорар не установлены; окно не подтверждено.","[""site:b2bevents.pro (приглашаем OR сотрудничество OR тренеров) [system1 recency=30]""]","[""turn623view1"",""turn648search1""]","providers","FD-S058","true","not_configured","","[""FD-O079""]"
"providers-13","MISB-390","Кодекс / Техэксперт — оплачиваемая экспертиза и спикерство","https://kodeks.ru/cooperation","[""RU""]","Отраслевые платформы знаний и авторские сети","2026-10-01","content_read","page_read","Прочитано предложение отраслевым экспертам: сдельные консультации и возможные выступления.","not_established","","https://kodeks.ru/cooperation","standing_invitation_found","Проверять изменения страницы; сохранять дату публикации отдельно от даты обнаружения.","Публичное чтение бесплатно; коммерческие условия отдельно не проверялись.","2","Отслеживать конкретные новые предложения с темой и датой.","Чтение страницы и поиск не доказывают полноту окна 14/30 дней.","[""site:kodeks.ru (экспертов OR докладчиков) сотрудничество [system1 recency=30]""]","[""turn623view2"",""turn648search2""]","providers","FD-S059","true","not_configured","","[""FD-O080""]"
"providers-14","MISB-392","Нетология — набор экспертов в программы обучения","https://netology.ru/experts","[""RU""]","Учебные провайдеры и авторские сети","2026-10-01","content_read","page_read","Прочитаны экспертный пул, список вакансий и карточка автора модуля по диджитал-монтажу.","partial","","https://netology.ru/experts","undated_relevant_found","Проверять изменения страницы; сохранять дату публикации отдельно от даты обнаружения.","Публичное чтение бесплатно; коммерческие условия отдельно не проверялись.","2","Отслеживать конкретные новые предложения с темой и датой.","В карточках нет дат; частичная занятость не доказывает субподряд юридическому лицу.","[""site:netology.ru/job (эксперт OR лектор OR автор) [system1 recency=30]""]","[""turn623view3"",""turn642view2"",""turn664view0""]","providers","FD-S060","true","not_configured","","[""FD-O081"",""FD-O082""]"
"providers-15","MISB-393","Яндекс Практикум — роли экспертов и проектная нагрузка","https://practicum.yandex.ru/job/","[""RU""]","Учебные провайдеры и авторские сети","2026-10-01","content_read","page_read","Прочитан список предложений и две подробные карточки: CTO-наставник и эксперт курса автоматизации.","partial","","https://practicum.yandex.ru/job/","undated_relevant_found","Проверять изменения страницы; сохранять дату публикации отдельно от даты обнаружения.","Публичное чтение бесплатно; коммерческие условия отдельно не проверялись.","2","Отслеживать конкретные новые предложения с темой и датой.","Даты отсутствуют; сайт называет предложения потребностью в услугах, но договор с институтом не подтверждён.","[""site:practicum.yandex.ru/job/ (автор OR эксперт OR наставник) [system1 recency=30]""]","[""turn623view4"",""turn654search0"",""turn657view1"",""turn661view0""]","providers","FD-S061","true","not_configured","","[""FD-O083"",""FD-O084""]"
"providers-16","MISB-394","Skillbox — портал подключения экспертов","https://expert.skillbox.ru/","[""RU""]","Учебные провайдеры и авторские сети","2026-10-01","attempt_only","unavailable","Прямой URL портала не открылся. Доменный поиск не дал содержимого портала; найден официальный общий раздел вакансий.","not_established","","https://expert.skillbox.ru/","not_assessable","Сохранить исходный URL и причину ограничения; отдельно проверять альтернативный официальный маршрут.","Публичное чтение бесплатно; коммерческие условия отдельно не проверялись.","3","Проверить существование/переезд экспертного портала; не считать отсутствие доступа отсутствием спроса.","Ошибка web-инструмента не доказывает закрытие сайта. Экспертные заявки не прочитаны.","[""site:expert.skillbox.ru [system1 recency=30]"",""Skillbox \""expert.skillbox.ru\"" эксперты [system1 recency=30]""]","[""turn631view0"",""turn657search11""]","providers","FD-S062","true","not_configured","","[]"
"providers-17","MISB-399","Lifel — тематическая лента вакансий электронного обучения","https://lifel.ru/elearn/vacancy","[""RU""]","Агрегатор вакансий электронного обучения","2026-10-01","content_read","page_read","Прочитана оболочка агрегатора HH и названия фильтров; сами карточки вакансий не представлены.","not_established","","https://lifel.ru/elearn/vacancy","not_assessable","Использовать как указатель на HH; проверять доступность карточек и первоисточник.","Публичное чтение бесплатно; коммерческие условия отдельно не проверялись.","3","Проверить доступный публичный маршрут карточек без обхода ограничений.","В текстовом представлении отсутствуют работодатели, даты и объявления; закупочный спрос не установлен.","[""site:lifel.ru/elearn/vacancy [system1 recency=30]""]","[""turn631view1"",""turn654search1""]","providers","FD-S063","true","not_configured","","[]"
"providers-18","MISB-400","Ракурс — вакансии производства электронных курсов","https://ra-kurs.spb.ru/company/about/vacancy/","[""RU""]","Учебные провайдеры и авторские сети","2026-10-01","content_read","page_read","Прочитаны проектная роль разработчика курсов и отдельное приглашение e-learning-экспертов.","not_established","У приглашений даты нет. Даты 10.11–10.12.2026 относятся к рекламе курса; в поиске вебинар 17.09.2026 — предложение обучения.","https://ra-kurs.spb.ru/company/about/vacancy/","standing_invitation_found","Проверять изменения страницы; сохранять дату публикации отдельно от даты обнаружения.","Публичное чтение бесплатно; коммерческие условия отдельно не проверялись.","2","Отслеживать конкретные новые предложения с темой и датой.","Текущий объём проектов и давность вакансии неизвестны; реклама вебинаров не является спросом.","[""site:ra-kurs.spb.ru (вакансии OR приглашаем OR экспертов) [system1 recency=30]""]","[""turn631view2"",""turn654search2""]","providers","FD-S064","true","not_configured","","[""FD-O085"",""FD-O086""]"
"providers-19","MISB-402","Бизнес Инсайт — приглашение спикеров и образовательных организаций","https://bi-school.ru/dlya-provedeniya-vebinarov-priglashaem-spikerov/","[""RU""]","Учебные провайдеры и авторские сети","2026-10-01","content_read","page_read","Прочитаны условия двух форматов вебинаров и предложение закрытого клуба спикеров.","not_established","Основная публикация 11.08.2018; обновление 23.07.2025. Закрытый клуб: 13.03.2026. Датированные приглашения вне окна.","https://bi-school.ru/dlya-provedeniya-vebinarov-priglashaem-spikerov/","standing_invitation_found","Отдельный справочник маркетинговых и бесплатных форматов; не включать в оплачиваемые лиды.","Публичное чтение бесплатно. Формат «Предприниматель» оплачивает спикер; «Эксперт» без гонорара. Цена закрытого доступа не опубликована.","3","Исключить из приоритетной очереди оплачиваемых заказов, сохранив источник.","Закрытые запросы не прочитаны; потенциальный будущий гонорар не является заказом.","[""site:bi-school.ru \""приглашаем\"" \""спикеров\"" [system1 recency=30]""]","[""turn631view3"",""turn657search3"",""turn661view1""]","providers","FD-S065","true","not_configured","","[""FD-O087"",""FD-O088""]"
"providers-20","MISB-403","Юнитория — приглашение преподавателей и бизнес-тренеров","https://unitoria.ru/o-nas/vakansii","[""RU""]","Учебные провайдеры и авторские сети","2026-10-01","content_read","page_read","Прочитаны набор преподавателей и методистов, страница контактов с приглашением учебных центров и преподавателей 44-ФЗ.","not_established","","https://unitoria.ru/o-nas/vakansii","standing_invitation_found","Проверять изменения страницы; сохранять дату публикации отдельно от даты обнаружения.","Публичное чтение бесплатно; коммерческие условия отдельно не проверялись.","2","Отслеживать конкретные новые предложения с темой и датой.","Публикационных дат, ставок и объёма занятий нет; конкретный контракт не объявлен.","[""site:unitoria.ru (преподавателей OR вакансии OR сотрудничество) [system1 recency=30]""]","[""turn642view0"",""turn657search1"",""turn664view1""]","providers","FD-S066","true","not_configured","","[""FD-O089"",""FD-O090""]"
"functional-01","MISB-072","Бухонлайн — форум","https://www.buhonline.ru/forum/","[""RU""]","forum","2026-10-01","search_index","blocked","Форум не прочитан: HTTP 403. Поиск дал отдельные темы, без достоверной свежей даты запроса обучения.","not_established","","https://www.buhonline.ru/forum/","not_assessable","Мониторинг публичных тем/анонсов и ссылок с сохранением исходной даты, отдельно от даты ответа и индексации. API/RSS и автоматический сбор не проверены.","Публичное чтение без покупки доступа; платные услуги/членство/реклама не приобретались и в бюджет не включены.","2","Проверить новые темы и тематические разделы, подтвердить организацию, конкретную потребность и публичный маршрут контакта; не считать обычный вопрос заказом.","Проверена доступная выборка; полное покрытие периода не установлено. Закрытые данные и личные кабинеты не открывались. Поисковый фильтр 14/30 дней возвращал также архивные страницы; свежесть подтверждалась только исходной датой записи. Посторонние поисковые результаты не считались свидетельством об источнике.","[""site:buhonline.ru/forum обучение ищем преподавателя сентябрь 2026 [system1, recency=30]"",""обучение сотрудников нужен курс [system1, domain=buhonline.ru, recency=14]""]","[""turn624view0"",""turn638search1"",""turn689search4""]","functional","FD-S067","true","not_configured","","[]"
"functional-02","MISB-073","Интеграл — форум экологов","https://forum.integral.ru/","[""RU""]","forum","2026-10-01","attempt_only","unavailable","Главная форума вернула HTTP 502. Поиск с ограничением 30 дней вернул преимущественно посторонние результаты.","not_established","","https://forum.integral.ru/","not_assessable","Мониторинг публичных тем/анонсов и ссылок с сохранением исходной даты, отдельно от даты ответа и индексации. API/RSS и автоматический сбор не проверены.","Публичное чтение без покупки доступа; платные услуги/членство/реклама не приобретались и в бюджет не включены.","2","Проверить новые темы и тематические разделы, подтвердить организацию, конкретную потребность и публичный маршрут контакта; не считать обычный вопрос заказом.","Проверена доступная выборка; полное покрытие периода не установлено. Закрытые данные и личные кабинеты не открывались. Поисковый фильтр 14/30 дней возвращал также архивные страницы; свежесть подтверждалась только исходной датой записи. Посторонние поисковые результаты не считались свидетельством об источнике.","[""site:forum.integral.ru обучение ищем специалиста сентябрь 2026 [system1, recency=30]"",""обучение экологов ищу [system1, domain=forum.integral.ru, recency=30]"",""site:forum.integral.ru обучение [system2, без временного фильтра; пустая выдача]""]","[""turn626view0"",""turn639search0"",""turn694search0""]","functional","FD-S068","true","not_configured","","[]"
"functional-03","MISB-074","Кадровик-практик — профессиональный форум","https://www.kadrovik-praktik.ru/communication/forum/","[""RU""]","forum","2026-10-01","content_read","feed_read","Прочитаны список разделов, даты последних сообщений и страница сотрудничества; последняя предлагает собственный контент и подписку, а не заказывает обучение.","partial","Сообщение раздела 03.09.2026; новости 02–10.09.2026; сотрудничество без даты.","https://www.kadrovik-praktik.ru/communication/forum/","no_relevant_in_viewed_sample","Мониторинг публичных тем/анонсов и ссылок с сохранением исходной даты, отдельно от даты ответа и индексации. API/RSS и автоматический сбор не проверены.","Публичное чтение без покупки доступа; платные услуги/членство/реклама не приобретались и в бюджет не включены.","2","Проверить новые темы и тематические разделы, подтвердить организацию, конкретную потребность и публичный маршрут контакта; не считать обычный вопрос заказом.","Проверена доступная выборка; полное покрытие периода не установлено. Закрытые данные и личные кабинеты не открывались. Поисковый фильтр 14/30 дней возвращал также архивные страницы; свежесть подтверждалась только исходной датой записи. Посторонние поисковые результаты не считались свидетельством об источнике.","[""site:www.kadrovik-praktik.ru обучение сотрудничество [system1, recency=30]""]","[""turn627view0"",""turn651view0"",""turn722search0""]","functional","FD-S069","true","not_configured","","[]"
"functional-04","MISB-075","Клерк.Сообщество","https://club.klerk.ru/latest","[""RU""]","forum","2026-10-01","content_read","feed_read","Прочитаны первая страница latest и три темы: исполнение госконтракта, проблемы ЭТрН, компенсация сотруднику покупки ИИ-сервиса. Поиск дополнительно обнаружил два неоткрывшихся запроса обучения с неизвестной датой.","partial","Последние ответы ленты 22–29.09.2026; исходные посты 21.09.2026, 11.09.2026 и 05.08.2024.","https://club.klerk.ru/latest","only_early_signals","Мониторинг публичных тем/анонсов и ссылок с сохранением исходной даты, отдельно от даты ответа и индексации. API/RSS и автоматический сбор не проверены.","Публичное чтение без покупки доступа; платные услуги/членство/реклама не приобретались и в бюджет не включены.","2","Проверить новые темы и тематические разделы, подтвердить организацию, конкретную потребность и публичный маршрут контакта; не считать обычный вопрос заказом.","Проверена доступная выборка; полное покрытие периода не установлено. Закрытые данные и личные кабинеты не открывались. Поисковый фильтр 14/30 дней возвращал также архивные страницы; свежесть подтверждалась только исходной датой записи. Посторонние поисковые результаты не считались свидетельством об источнике.","[""site:club.klerk.ru ищем обучение [system1, recency=30]""]","[""turn625view0"",""turn652view0"",""turn652view1"",""turn723search0"",""turn723search3"",""turn723search4"",""turn713view0"",""turn739view0"",""turn741view0""]","functional","FD-S070","true","not_configured","","[""FD-O091"",""FD-O093"",""FD-O099""]"
"functional-05","MISB-076","Audit-it — форум","https://www.audit-it.ru/forum/","[""RU""]","forum","2026-10-01","search_index","blocked","Главная форума вернула HTTP 429; содержание не прочитано. Поиск нашёл темы выбора курсов ДипИФР, однако даты исходных постов и свежесть не установлены.","not_established","","https://www.audit-it.ru/forum/","not_assessable","Мониторинг публичных тем/анонсов и ссылок с сохранением исходной даты, отдельно от даты ответа и индексации. API/RSS и автоматический сбор не проверены.","Публичное чтение без покупки доступа; платные услуги/членство/реклама не приобретались и в бюджет не включены.","2","Проверить новые темы и тематические разделы, подтвердить организацию, конкретную потребность и публичный маршрут контакта; не считать обычный вопрос заказом.","Проверена доступная выборка; полное покрытие периода не установлено. Закрытые данные и личные кабинеты не открывались. Поисковый фильтр 14/30 дней возвращал также архивные страницы; свежесть подтверждалась только исходной датой записи. Посторонние поисковые результаты не считались свидетельством об источнике.","[""обучение ищем преподавателя форум [system1, domain=audit-it.ru, recency=30]""]","[""turn637view0"",""turn692search0"",""turn692search2""]","functional","FD-S071","true","not_configured","","[]"
"functional-06","MISB-077","Executive.ru — сообщество менеджеров","https://www.e-xecutive.ru/community","[""RU""]","forum","2026-10-01","content_read","page_read","Прочитаны страница сообщества, карточки материалов и последние комментарии. В просмотренном тексте нет прямого запроса на учебного подрядчика. Дополнительно прочитаны правила приёма авторских материалов; это редакционный маршрут, не заказ корпоративного обучения.","partial","Комментарии 18–30.09.2026, дискуссии 26.09–01.10.2026; даты исходных материалов не установлены.","https://www.e-xecutive.ru/community","standing_invitation_found","Мониторинг публичных тем/анонсов и ссылок с сохранением исходной даты, отдельно от даты ответа и индексации. API/RSS и автоматический сбор не проверены.","Публичное чтение без покупки доступа; платные услуги/членство/реклама не приобретались и в бюджет не включены.","2","Проверить новые темы и тематические разделы, подтвердить организацию, конкретную потребность и публичный маршрут контакта; не считать обычный вопрос заказом.","Проверена доступная выборка; полное покрытие периода не установлено. Закрытые данные и личные кабинеты не открывались. Поисковый фильтр 14/30 дней возвращал также архивные страницы; свежесть подтверждалась только исходной датой записи. Посторонние поисковые результаты не считались свидетельством об источнике.","[""ищем экспертов приглашает авторов обучение [system1, domain=e-xecutive.ru, recency=30]""]","[""turn636view0"",""turn693search0"",""turn705view0""]","functional","FD-S072","true","not_configured","","[""FD-O096""]"
"functional-07","MISB-150","ЗАКОНИЯ — юридический форум","https://forum.zakonia.ru/","[""RU""]","forum","2026-10-01","content_read","feed_read","Прочитан индекс юридического форума с разделами и датами последних сообщений. В свежей видимой части преобладают правовые консультации и новости.","partial","В разделах видны последние ответы 09–29.09.2026, а также Сегодня/Вчера; это не даты создания тем.","https://forum.zakonia.ru/","no_relevant_in_viewed_sample","Мониторинг публичных тем/анонсов и ссылок с сохранением исходной даты, отдельно от даты ответа и индексации. API/RSS и автоматический сбор не проверены.","Публичное чтение без покупки доступа; платные услуги/членство/реклама не приобретались и в бюджет не включены.","2","Проверить новые темы и тематические разделы, подтвердить организацию, конкретную потребность и публичный маршрут контакта; не считать обычный вопрос заказом.","Проверена доступная выборка; полное покрытие периода не установлено. Закрытые данные и личные кабинеты не открывались. Поисковый фильтр 14/30 дней возвращал также архивные страницы; свежесть подтверждалась только исходной датой записи. Посторонние поисковые результаты не считались свидетельством об источнике.","[""site:forum.zakonia.ru обучение сотрудничество [system1, recency=30]""]","[""turn634view0"",""turn720search0""]","functional","FD-S073","true","not_configured","","[]"
"functional-08","MISB-151","Кадровик-инфо","https://kadrovik-info.ru/","[""RU""]","forum","2026-10-01","content_read","identity_conflict","Адрес kadrovik-info.ru перенаправил на журнал Кадровые решения Profiz.ru. Прочитана редакционная страница, а не прежний форум. По ссылке Авторам прочитано постоянное приглашение экспертов журнала с условным авторским вознаграждением.","not_established","Номер журнала 9/2026, анонс октября 2026; точной даты публикации страницы нет.","https://www.profiz.ru/kr/?referer=kadrovik","standing_invitation_found","Мониторинг публичных тем/анонсов и ссылок с сохранением исходной даты, отдельно от даты ответа и индексации. API/RSS и автоматический сбор не проверены.","Публичное чтение без покупки доступа; платные услуги/членство/реклама не приобретались и в бюджет не включены.","2","Проверить новые темы и тематические разделы, подтвердить организацию, конкретную потребность и публичный маршрут контакта; не считать обычный вопрос заказом.","Проверена доступная выборка; полное покрытие периода не установлено. Закрытые данные и личные кабинеты не открывались. Поисковый фильтр 14/30 дней возвращал также архивные страницы; свежесть подтверждалась только исходной датой записи. Посторонние поисковые результаты не считались свидетельством об источнике. Форумный адрес и редакционный канал не следует считать одной и той же поверхностью без явного указания редиректа.","[""site:kadrovik-info.ru обучение сотрудничество [system1, recency=30]""]","[""turn635view0"",""turn724search0"",""turn714view0""]","functional","FD-S074","true","not_configured","","[""FD-O097""]"
"functional-09","MISB-152","Тендеры.ру — форум специалистов по закупкам","https://www.tendery.ru/forum/","[""RU"",""BY""]","forum","2026-10-01","content_read","feed_read","Прочитана главная Тендеры.ру: разделы, последние темы и ответы; обнаружен раздел обучения закупкам. Прочитаны свежий вопрос о национальном режиме, раздел обучения и исторический запрос на обучение персонала в Беларуси.","partial","Снимок показывает текущее время 28.09.2026; последние темы 25–28.09.2026. Вопрос 25.09.2026; запрос обучения в РБ 19.07.2021.","https://www.tendery.ru/forum/","only_early_signals","Мониторинг публичных тем/анонсов и ссылок с сохранением исходной даты, отдельно от даты ответа и индексации. API/RSS и автоматический сбор не проверены.","Публичное чтение без покупки доступа; платные услуги/членство/реклама не приобретались и в бюджет не включены.","2","Проверить новые темы и тематические разделы, подтвердить организацию, конкретную потребность и публичный маршрут контакта; не считать обычный вопрос заказом.","Проверена доступная выборка; полное покрытие периода не установлено. Закрытые данные и личные кабинеты не открывались. Поисковый фильтр 14/30 дней возвращал также архивные страницы; свежесть подтверждалась только исходной датой записи. Посторонние поисковые результаты не считались свидетельством об источнике.","[""site:tendery.ru/forum обучение ищем [system1, recency=30]""]","[""turn650view0"",""turn721search2"",""turn699view0"",""turn702view0"",""turn740view0""]","functional","FD-S075","true","not_configured","","[""FD-O092"",""FD-O098""]"
"functional-10","MISB-153","ФорумЮристов.ру","https://forumyuristov.ru/","[""RU""]","forum","2026-10-01","content_read","feed_read","Прочитаны индекс и последние сообщения юридического форума. В части образования виден каталог чужих курсов и предложение наставничества, не спрос.","partial","Даты последних сообщений 03–21.09.2026 и Сегодня; курсы 06.07.2026, предложение наставничества 14.07.2026.","https://forumyuristov.ru/","no_relevant_in_viewed_sample","Мониторинг публичных тем/анонсов и ссылок с сохранением исходной даты, отдельно от даты ответа и индексации. API/RSS и автоматический сбор не проверены.","Публичное чтение без покупки доступа; платные услуги/членство/реклама не приобретались и в бюджет не включены.","2","Проверить новые темы и тематические разделы, подтвердить организацию, конкретную потребность и публичный маршрут контакта; не считать обычный вопрос заказом.","Проверена доступная выборка; полное покрытие периода не установлено. Закрытые данные и личные кабинеты не открывались. Поисковый фильтр 14/30 дней возвращал также архивные страницы; свежесть подтверждалась только исходной датой записи. Посторонние поисковые результаты не считались свидетельством об источнике.","[""site:forumyuristov.ru обучение сотрудничество [system1, recency=30]""]","[""turn649view0"",""turn719search0""]","functional","FD-S076","true","not_configured","","[]"
"functional-11","MISB-154","DWG.RU — форум проектировщиков","https://forum.dwg.ru/","[""RU""]","forum","2026-10-01","content_read","feed_read","Главная DWG и первая страница темы об оценке работы ПТО. Индекс показывает свежие ответы, но сама прочитанная тема создана в 2012 году.","partial","Последний ответ в индексе 18.09.2026; исходная тема ПТО 03.05.2012.","https://forum.dwg.ru/","only_early_signals","Проверка новых публичных тем, анонсов и ссылок с раздельным хранением даты публикации, ответа и события. API/RSS и запуск сборщика здесь не проверялись.","Просмотр публичных страниц без покупки доступа. Членство, участие, реклама и спонсорство могут быть платными; бюджет не расходован.","2","Проверить новую публикацию/программу, роль заказчика и условия внешнего участия. Сохранить дополнительные маршруты; квалифицировать потребность до передачи как заказа.","Частичная выборка и поисковая проверка; полнота всего периода не установлена. Наличие курса, комитета или формы не доказывает оплачиваемый заказ. Поисковый фильтр 14/30 дней возвращал также архивные страницы; свежесть подтверждалась только исходной датой записи. Посторонние поисковые результаты не считались свидетельством об источнике.","[""site:forum.dwg.ru обучение ищем [system1, recency=30]""]","[""turn672view0"",""turn704view0"",""turn725search0""]","functional","FD-S077","true","not_configured","","[""FD-O100""]"
"functional-12","MISB-155","HR-Portal — форум","https://hr-portal.ru/forum","[""RU""]","forum","2026-10-01","content_read","feed_read","Индекс HR-Portal, раздел Управление персоналом и тема с просьбой посоветовать командообразующее мероприятие.","partial","Датированная тема 14.03.2023; раздел показывает относительные давности от 3 месяцев до нескольких лет.","https://hr-portal.ru/forum","only_early_signals","Проверка новых публичных тем, анонсов и ссылок с раздельным хранением даты публикации, ответа и события. API/RSS и запуск сборщика здесь не проверялись.","Просмотр публичных страниц без покупки доступа. Членство, участие, реклама и спонсорство могут быть платными; бюджет не расходован.","2","Проверить новую публикацию/программу, роль заказчика и условия внешнего участия. Сохранить дополнительные маршруты; квалифицировать потребность до передачи как заказа.","Частичная выборка и поисковая проверка; полнота всего периода не установлена. Наличие курса, комитета или формы не доказывает оплачиваемый заказ. Поисковый фильтр 14/30 дней возвращал также архивные страницы; свежесть подтверждалась только исходной датой записи. Посторонние поисковые результаты не считались свидетельством об источнике.","[""site:hr-portal.ru обучение сотрудничество [system1, recency=30]""]","[""turn673view0"",""turn706view0"",""turn710view0"",""turn735search0""]","functional","FD-S078","true","not_configured","","[""FD-O101""]"
"functional-13","MISB-018","Ассоциация директоров по закупкам — CPO Club","https://cpoclub.ru/","[""RU""]","functional_association","2026-10-01","content_read","page_read","Публичная страница CPO Club: профиль директоров по закупкам, лекции приглашённых экспертов и постоянный вход для партнёров.","partial","Даты публикации и дедлайна партнёрского приглашения нет.","https://cpoclub.ru/","standing_invitation_found","Проверка новых публичных тем, анонсов и ссылок с раздельным хранением даты публикации, ответа и события. API/RSS и запуск сборщика здесь не проверялись.","Просмотр публичных страниц без покупки доступа. Членство, участие, реклама и спонсорство могут быть платными; бюджет не расходован.","2","Проверить новую публикацию/программу, роль заказчика и условия внешнего участия. Сохранить дополнительные маршруты; квалифицировать потребность до передачи как заказа.","Частичная выборка и поисковая проверка; полнота всего периода не установлена. Наличие курса, комитета или формы не доказывает оплачиваемый заказ. Поисковый фильтр 14/30 дней возвращал также архивные страницы; свежесть подтверждалась только исходной датой записи. Посторонние поисковые результаты не считались свидетельством об источнике.","[""site:cpoclub.ru эксперты партнерство [system1, recency=30]""]","[""turn670view0"",""turn734search0"",""turn734search0""]","functional","FD-S079","true","not_configured","","[""FD-O094""]"
"functional-14","MISB-019","Ассоциация корпоративных казначеев","https://corptreasury.ru/all/news/","[""RU""]","functional_association","2026-10-01","content_read","feed_read","Прочитаны список новостей АКК и состав комитетов; найдена функция координации обучения, но не запрос к внешнему провайдеру.","partial","Новость помечена 07 сентября, событие 30.09.2026; рядом публикации августа 2026. Даты мероприятий не приняты за даты публикации.","https://corptreasury.ru/all/news/","no_relevant_in_viewed_sample","Проверка новых публичных тем, анонсов и ссылок с раздельным хранением даты публикации, ответа и события. API/RSS и запуск сборщика здесь не проверялись.","Просмотр публичных страниц без покупки доступа. Членство, участие, реклама и спонсорство могут быть платными; бюджет не расходован.","2","Проверить новую публикацию/программу, роль заказчика и условия внешнего участия. Сохранить дополнительные маршруты; квалифицировать потребность до передачи как заказа.","Частичная выборка и поисковая проверка; полнота всего периода не установлена. Наличие курса, комитета или формы не доказывает оплачиваемый заказ. Поисковый фильтр 14/30 дней возвращал также архивные страницы; свежесть подтверждалась только исходной датой записи. Посторонние поисковые результаты не считались свидетельством об источнике.","[""site:corptreasury.ru обучение эксперты [system1, recency=30]""]","[""turn671view0"",""turn738view0"",""turn732search2""]","functional","FD-S080","true","not_configured","","[]"
"functional-15","MISB-020","Ассоциация профессионалов по управлению закупками — APPM","https://appminfo.ru/","[""RU""]","functional_association","2026-10-01","content_read","page_read","Главная APPM с календарём 2026, курсами, вебинарами и собственным консалтингом. Каталог предложений не признан спросом.","partial","Показаны даты событий 10.09.2026, 29.09.2026 и 15.10.2026, а не даты публикации запросов.","https://appminfo.ru/","no_relevant_in_viewed_sample","Проверка новых публичных тем, анонсов и ссылок с раздельным хранением даты публикации, ответа и события. API/RSS и запуск сборщика здесь не проверялись.","Просмотр публичных страниц без покупки доступа. Членство, участие, реклама и спонсорство могут быть платными; бюджет не расходован.","2","Проверить новую публикацию/программу, роль заказчика и условия внешнего участия. Сохранить дополнительные маршруты; квалифицировать потребность до передачи как заказа.","Частичная выборка и поисковая проверка; полнота всего периода не установлена. Наличие курса, комитета или формы не доказывает оплачиваемый заказ. Поисковый фильтр 14/30 дней возвращал также архивные страницы; свежесть подтверждалась только исходной датой записи. Посторонние поисковые результаты не считались свидетельством об источнике.","[""site:appminfo.ru обучение сотрудничество [system1, recency=30]""]","[""turn678view0"",""turn733search1""]","functional","FD-S081","true","not_configured","","[]"
"functional-16","MISB-021","Ассоциация специалистов в сфере управления документами — АСУД","https://assud.ru/","[""RU""]","functional_association","2026-10-01","content_read","page_read","Прочитаны АСУД, форум АРХИВЫ-2027 и формы предложения темы/партнёрства. Реальный вход для докладчика есть, дата публикации неизвестна.","partial","В заголовке форума 18.05.2027; дата публикации отсутствует. На форме партнёрства остался текст о 23.09.2025.","https://assud.ru/","undated_relevant_found","Проверка новых публичных тем, анонсов и ссылок с раздельным хранением даты публикации, ответа и события. API/RSS и запуск сборщика здесь не проверялись.","Просмотр публичных страниц без покупки доступа. Членство, участие, реклама и спонсорство могут быть платными; бюджет не расходован.","2","Проверить новую публикацию/программу, роль заказчика и условия внешнего участия. Сохранить дополнительные маршруты; квалифицировать потребность до передачи как заказа.","Частичная выборка и поисковая проверка; полнота всего периода не установлена. Наличие курса, комитета или формы не доказывает оплачиваемый заказ. Поисковый фильтр 14/30 дней возвращал также архивные страницы; свежесть подтверждалась только исходной датой записи. Посторонние поисковые результаты не считались свидетельством об источнике.","[""site:assud.ru спикеры доклад [system1, recency=30]""]","[""turn677view0"",""turn700view0"",""turn712view0"",""turn712view1"",""turn731search0""]","functional","FD-S082","true","not_configured","","[""FD-O095""]"
"functional-17","MISB-022","Объединение корпоративных юристов — ОКЮР","https://www.rcca.com.ru/news/action.shtml","[""RU""]","functional_association","2026-10-01","content_read","feed_read","Прочитан список мероприятий ОКЮР за 2026 и предыдущие годы. В текущей видимой части конференции с готовыми программами; прямой потребности в учебном подрядчике не видно.","partial","В перечне 2026 последняя дата мероприятия 11 сентября; более ранние 25–26 июня и апрель.","https://www.rcca.com.ru/news/action.shtml","no_relevant_in_viewed_sample","Проверка новых публичных тем, анонсов и ссылок с раздельным хранением даты публикации, ответа и события. API/RSS и запуск сборщика здесь не проверялись.","Просмотр публичных страниц без покупки доступа. Членство, участие, реклама и спонсорство могут быть платными; бюджет не расходован.","2","Проверить новую публикацию/программу, роль заказчика и условия внешнего участия. Сохранить дополнительные маршруты; квалифицировать потребность до передачи как заказа.","Частичная выборка и поисковая проверка; полнота всего периода не установлена. Наличие курса, комитета или формы не доказывает оплачиваемый заказ. Поисковый фильтр 14/30 дней возвращал также архивные страницы; свежесть подтверждалась только исходной датой записи. Посторонние поисковые результаты не считались свидетельством об источнике.","[""site:rcca.com.ru обучение сотрудничество [system1, recency=30]""]","[""turn683view0"",""turn729search1""]","functional","FD-S083","true","not_configured","","[]"
"functional-18","MISB-081","Институт внутренних аудиторов","https://www.iia-ru.ru/announce/","[""RU""]","functional_association","2026-10-01","content_read","feed_read","Прочитан список анонсов ИВА: вебинары, встречи клубов и студенческий конкурс; дополнительная страница развития вернула тайм-аут.","partial","Даты мероприятий 15.09–22.10.2026; дата подачи студенческих заявок 15.09, не запрос на поставщика обучения.","https://www.iia-ru.ru/announce/","no_relevant_in_viewed_sample","Проверка новых публичных тем, анонсов и ссылок с раздельным хранением даты публикации, ответа и события. API/RSS и запуск сборщика здесь не проверялись.","Просмотр публичных страниц без покупки доступа. Членство, участие, реклама и спонсорство могут быть платными; бюджет не расходован.","2","Проверить новую публикацию/программу, роль заказчика и условия внешнего участия. Сохранить дополнительные маршруты; квалифицировать потребность до передачи как заказа.","Частичная выборка и поисковая проверка; полнота всего периода не установлена. Наличие курса, комитета или формы не доказывает оплачиваемый заказ. Поисковый фильтр 14/30 дней возвращал также архивные страницы; свежесть подтверждалась только исходной датой записи. Посторонние поисковые результаты не считались свидетельством об источнике.","[""приглашаем экспертов спикеров преподавателей [system1, domain=iia-ru.ru, recency=30]""]","[""turn676view0"",""turn703view0"",""turn690search0""]","functional","FD-S084","true","not_configured","","[]"
"functional-19","MISB-084","Национальное объединение корпоративных секретарей — НОКС","https://nokc.org.ru/sobytiya/","[""RU""]","functional_association","2026-10-01","content_read","feed_read","Прочитана страница событий НОКС с курсами по корпоративному управлению и прикладному ИИ. Приглашение купить курс не превращено в запрос на его разработку.","partial","Даты мероприятий 15–26.09.2026; будущая программа 30.01.2027; отдельной даты публикации нет.","https://nokc.org.ru/sobytiya/","no_relevant_in_viewed_sample","Проверка новых публичных тем, анонсов и ссылок с раздельным хранением даты публикации, ответа и события. API/RSS и запуск сборщика здесь не проверялись.","Просмотр публичных страниц без покупки доступа. Членство, участие, реклама и спонсорство могут быть платными; бюджет не расходован.","2","Проверить новую публикацию/программу, роль заказчика и условия внешнего участия. Сохранить дополнительные маршруты; квалифицировать потребность до передачи как заказа.","Частичная выборка и поисковая проверка; полнота всего периода не установлена. Наличие курса, комитета или формы не доказывает оплачиваемый заказ. Поисковый фильтр 14/30 дней возвращал также архивные страницы; свежесть подтверждалась только исходной датой записи. Посторонние поисковые результаты не считались свидетельством об источнике.","[""site:nokc.org.ru эксперты обучение [system1, recency=30]""]","[""turn682view0"",""turn730search0""]","functional","FD-S085","true","not_configured","","[]"
"functional-20","MISB-503","Ассоциация ПСМПО — программы C&B и HR-аналитики","https://compandben.org/","[""RU""]","functional_association","2026-10-01","content_read","page_read","Прочитаны каталог ПСМПО и страница Карьера. Последняя в доступной выдаче содержит навигацию и контакты без конкретного описания набора преподавателя.","partial","Календарь озаглавлен Октябрь 2026; дата публикации приглашения внешним экспертам не обнаружена.","https://compandben.org/","no_relevant_in_viewed_sample","Проверка новых публичных тем, анонсов и ссылок с раздельным хранением даты публикации, ответа и события. API/RSS и запуск сборщика здесь не проверялись.","Просмотр публичных страниц без покупки доступа. Членство, участие, реклама и спонсорство могут быть платными; бюджет не расходован.","2","Проверить новую публикацию/программу, роль заказчика и условия внешнего участия. Сохранить дополнительные маршруты; квалифицировать потребность до передачи как заказа.","Частичная выборка и поисковая проверка; полнота всего периода не установлена. Наличие курса, комитета или формы не доказывает оплачиваемый заказ. Поисковый фильтр 14/30 дней возвращал также архивные страницы; свежесть подтверждалась только исходной датой записи. Посторонние поисковые результаты не считались свидетельством об источнике.","[""сотрудничество преподаватели эксперты [system1, domain=compandben.org, recency=30]""]","[""turn679view0"",""turn701view0"",""turn691search0""]","functional","FD-S086","true","not_configured","","[]"
"bykz-01","MISB-342","Training@Development Hub — T&D Казахстан","https://t.me/tdh_channel","[""KZ""]","Telegram и социальные сообщества","2026-10-01","content_read","profile_only","Прочитана карточка Telegram Training@Development Hub и описание T&DFEST. Попытка /s-превью завершилась ошибкой; история постов не прочитана.","not_established","","https://t.me/tdh_channel","not_assessable","Сохранить канал; повторить разрешенное публичное чтение и проверить доступную историю. Пока не делать выводов об отсутствии спроса.","Публичный просмотр без покупки; платные функции, членство и участие не подключались.","2","Восстановить публично доступное чтение или получить разрешенный экспорт; до этого сохранять статус непроверенной истории.","Наличие источника подтверждено; свежесть и наличие запросов в истории оценить нельзя.","[""site:t.me/tdh_channel \""ищем\"" OR \""эксперт\"" OR \""тренер\"" [recency=30]""]","[""turn617view0"",""turn614view0""]","bykz","FD-S087","true","not_configured","","[]"
"bykz-02","MISB-356","HR Казахстан — чат HR-специалистов","https://t.me/hrkaz","[""KZ""]","Telegram и социальные сообщества","2026-10-01","content_read","profile_only","Прочитана карточка чата HR Казахстан; есть описание профессионального HR-сообщества, сообщения не доступны через карточку.","not_established","","https://t.me/hrkaz","not_assessable","Сохранить канал; повторить разрешенное публичное чтение и проверить доступную историю. Пока не делать выводов об отсутствии спроса.","Публичный просмотр без покупки; платные функции, членство и участие не подключались.","2","Восстановить публично доступное чтение или получить разрешенный экспорт; до этого сохранять статус непроверенной истории.","История чата не прочитана. Пустой поисковый результат не подтверждает отсутствие спроса.","[""site:t.me/hrkaz \""обучение\"" OR \""тренер\"" [recency=30]""]","[""turn614view1""]","bykz","FD-S088","true","not_configured","","[]"
"bykz-03","MISB-357","HR Breakfast Live — канал сообщества","https://t.me/HRBreakfast_Live","[""BY""]","Telegram и социальные сообщества","2026-10-01","attempt_only","unavailable","Попытки прочитать карточку и /s-превью HRBreakfast_Live завершились ошибкой; поисковая выдача за 30 дней пуста.","not_established","","https://t.me/HRBreakfast_Live","not_assessable","Сохранить канал; повторить разрешенное публичное чтение и проверить доступную историю. Пока не делать выводов об отсутствии спроса.","Публичный просмотр без покупки; платные функции, членство и участие не подключались.","2","Восстановить публично доступное чтение или получить разрешенный экспорт; до этого сохранять статус непроверенной истории.","Не удалось оценить публикации; это не доказательство отсутствия сообщества или запросов.","[""site:t.me/HRBreakfast_Live \""обучение\"" OR \""ищем\"" OR \""тренер\"" [recency=30]""]","[""turn614view2"",""turn617view1""]","bykz","FD-S089","true","not_configured","","[]"
"bykz-04","MISB-358","HR AREA Central Asia","https://t.me/hr_central_asia","[""KZ""]","Telegram и социальные сообщества","2026-10-01","content_read","feed_read","Прочитана публичная лента HR AREA Central Asia, около 20 постов: вакансии, анонсы, интервью о моделях компетенций и HR. В просмотренной выборке преобладает Узбекистан. Конкретного запроса на внешний учебный подряд для BY/KZ не найдено.","partial","В текстах есть 20 августа 2026, 11 сентября и вебинар 24 сентября; это даты событий. Полные календарные даты самих сообщений в текстовом представлении не показаны.","https://t.me/s/hr_central_asia","only_early_signals","Еженедельное чтение публичных обновлений; сохранять дату публикации, дату события и статус отдельно, связывать каждую потребность с первичной карточкой.","Публичный просмотр без покупки; платные функции, членство и участие не подключались.","2","Искать последующее объявление с конкретной задачей, внешним исполнителем и актуальным сроком.","Даты постов и покрытие 14/30 дней не установлены. Интервью о действующих HR-практиках и обычные вакансии не являются заказами.","[]","[""turn614view3""]","bykz","FD-S090","true","not_configured","","[]"
"bykz-05","MISB-360","HR Breakfast Belarus — основной чат","https://t.me/HRBreakfast","[""BY""]","Telegram и социальные сообщества","2026-10-01","attempt_only","unavailable","Прямая карточка HRBreakfast не прочитана из-за ошибки; есть ссылка на основной HR-чат в прочитанной карточке CV & JOB.","not_established","","https://t.me/HRBreakfast","not_assessable","Сохранить канал; повторить разрешенное публичное чтение и проверить доступную историю. Пока не делать выводов об отсутствии спроса.","Публичный просмотр без покупки; платные функции, членство и участие не подключались.","2","Восстановить публично доступное чтение или получить разрешенный экспорт; до этого сохранять статус непроверенной истории.","История обсуждений недоступна в выполненной проверке.","[""site:t.me/HRBreakfast \""нужен\"" OR \""тренер\"" OR \""обучение\"" [recency=30]""]","[""turn617view2"",""turn617view3""]","bykz","FD-S091","true","not_configured","","[]"
"bykz-06","MISB-368","CV & JOB by HR Breakfast — отдельный чат вакансий","https://t.me/hr_breakfast_emergency","[""BY""]","Telegram и социальные сообщества","2026-10-01","content_read","profile_only","Прочитана карточка CV & JOB by HR Breakfast: чат вакансий/резюме и правила публикации; сообщения не прочитаны.","not_established","","https://t.me/hr_breakfast_emergency","not_assessable","Сохранить канал; повторить разрешенное публичное чтение и проверить доступную историю. Пока не делать выводов об отсутствии спроса.","Публичный просмотр без покупки; платные функции, членство и участие не подключались.","2","Восстановить публично доступное чтение или получить разрешенный экспорт; до этого сохранять статус непроверенной истории.","Обычные вакансии следует отделять от подрядных запросов. Доступ к истории не установлен.","[""site:t.me/hr_breakfast_emergency \""тренер\"" OR \""методист\"" OR \""обучение\"" [recency=30]""]","[""turn617view3""]","bykz","FD-S092","true","not_configured","","[]"
"bykz-07","MISB-404","МЦФЭР Казахстан — приглашение лекторов семинаров","https://seminar.mcfr.kz/sotrudnichesrvo","[""KZ""]","Учебные провайдеры и авторские сети","2026-10-01","search_index","blocked","Прямое чтение приглашения МЦФЭР–Казахстан заблокировано техническим перенаправлением cookiesync. Поисковый индекс подтверждает приглашение лекторов к сотрудничеству; полный текст условий не прочитан.","not_established","Дата публикации и срок набора в найденном фрагменте отсутствуют.","https://seminar.mcfr.kz/sotrudnichesrvo","standing_invitation_found","Еженедельное чтение публичных обновлений; сохранять дату публикации, дату события и статус отдельно, связывать каждую потребность с первичной карточкой.","Публичный просмотр без покупки; платные функции, членство и участие не подключались.","1","Проверить актуальность приглашения, условия привлечения внешних лекторов и оплату до квалификации лида.","Датированный актуальный заказ и оплата не доказаны; постоянное приглашение подтверждено лишь индексом.","[""site:seminar.mcfr.kz/sotrudnichesrvo лекторов сотрудничество"",""site:seminar.mcfr.kz/sotrudnichesrvo \""лекторов\"" \""@\""""]","[""turn629view0"",""turn633search0"",""turn641search0""]","bykz","FD-S093","true","not_configured","","[""FD-O102""]"
"bykz-08","MISB-406","Академия технического регулирования Казахстана — приглашение лекторов и экспертов","https://atssm.kz/en/press-center/default/priglashaem-lektorov-i-ekspertov-k-sotrudnichestvu","[""KZ""]","Учебные провайдеры и авторские сети","2026-10-01","content_read","page_read","Полностью прочитано приглашение Академии технического регулирования к сотрудничеству для лекторов и экспертов по стандартам, менеджменту качества, экологии, промышленной безопасности, метрологии и аудиту. Через ленту новостей установлена исходная дата объявления.","not_established","Дата приглашения — 11.03.2026 в официальной ленте новостей; в самой статье даты и дедлайна нет. Это старое приглашение, не запись 14/30 дней.","https://atssm.kz/en/press-center/default/priglashaem-lektorov-i-ekspertov-k-sotrudnichestvu","standing_invitation_found","Еженедельное чтение публичных обновлений; сохранять дату публикации, дату события и статус отдельно, связывать каждую потребность с первичной карточкой.","Публичный просмотр без покупки; платные функции, членство и участие не подключались.","1","Проверить актуальность приглашения, условия привлечения внешних лекторов и оплату до квалификации лида.","Приглашение в преподавательский пул, не конкретный заказ; размер/наличие оплаты не указаны.","[""site:atssm.kz (\""лекторов\"" OR \""экспертов\"") [recency=30]""]","[""turn629view1"",""turn633search3"",""turn641view0"",""turn695view3""]","bykz","FD-S094","true","not_configured","","[""FD-O103""]"
"bykz-09","MISB-414","Медиум-Центр — белорусский интегратор и разработчик курсов из сети Websoft","https://medium-centr.by/","[""BY""]","Внедрения ERP, ЭДО и LMS","2026-10-01","search_index","unavailable","Основной адрес перенаправил на www; конечная главная страница не прочитана. В индексе найдены продуктовые страницы WebSoft и библиотеки электронных курсов.","not_established","","https://www.medium-centr.by/","not_assessable","Сохранить канал; повторить разрешенное публичное чтение и проверить доступную историю. Пока не делать выводов об отсутствии спроса.","Публичный просмотр без покупки; платные функции, членство и участие не подключались.","2","Восстановить публично доступное чтение или получить разрешенный экспорт; до этого сохранять статус непроверенной истории.","Продуктовый каталог не доказывает спрос на подрядчиков. Содержание новостей/партнерских запросов не установлено.","[""site:medium-centr.by (\""ищем\"" OR \""партнер\"" OR \""разработка курсов\"") [recency=30]""]","[""turn629view2"",""turn633view0"",""turn633search1""]","bykz","FD-S095","true","not_configured","","[]"
"bykz-10","MISB-417","Glabis — встречи сообщества бизнес-тренеров и руководителей обучения","https://glabis.by/posidelki/","[""BY""]","Учебные провайдеры и авторские сети","2026-10-01","content_read","page_read","Прочитана страница «Дружеские посиделки» Glabis: встреча внешних/внутренних тренеров и L&D, программа, организаторы и платная регистрация участников.","not_established","Дата мероприятия 03.08.2026; дата публикации не указана. Также поиском найден эфир 09.07.2026 — это дата события, не свежей публикации.","https://glabis.by/posidelki/","no_relevant_in_viewed_sample","Еженедельное чтение публичных обновлений; сохранять дату публикации, дату события и статус отдельно, связывать каждую потребность с первичной карточкой.","Публичный просмотр без покупки; платные функции, членство и участие не подключались.","2","Продолжать мониторинг источника; не выдавать каталог или прошедшее событие за заказ.","Прошедшая встреча и каталог программ не являются свежим запросом на услуги. Полный сайт не проверен.","[""site:glabis.by (\""приглашаем тренеров\"" OR \""ищем\"" OR \""спикер\"") [recency=30]""]","[""turn629view3"",""turn633search11""]","bykz","FD-S096","true","not_configured","","[""FD-O104""]"
"bykz-11","MISB-420","БелАБ — обучение и аттестация бухгалтеров","https://www.belab.by/education","[""BY""]","Учебные провайдеры и авторские сети","2026-10-01","content_read","page_read","Прочитана страница обучения БелАБ: бухгалтерские программы, аттестация, региональная сеть и дистанционный формат; свежих запросов к преподавателям нет.","not_established","Дат свежих публикаций нет; в историческом описании упомянут 2011 год.","https://www.belab.by/education","no_relevant_in_viewed_sample","Еженедельное чтение публичных обновлений; сохранять дату публикации, дату события и статус отдельно, связывать каждую потребность с первичной карточкой.","Публичный просмотр без покупки; платные функции, членство и участие не подключались.","2","Продолжать мониторинг источника; не выдавать каталог или прошедшее событие за заказ.","Статическая информация об оказываемых услугах не является спросом на внешнего исполнителя; лента новостей отдельно не проверена.","[""site:belab.by (\""ищем\"" OR \""лектор\"" OR \""приглашаем экспертов\"") [recency=30]""]","[""turn662view0""]","bykz","FD-S097","true","not_configured","","[]"
"bykz-12","MISB-421","СОЮЗ-эксперт — предложение тем и корпоративные программы","https://s-expert.by/","[""BY""]","Отраслевые союзы и СРО","2026-10-01","content_read","page_read","Прочитан календарь СОЮЗ-эксперт на октябрь и раздел предложения собственной темы. Форма обращена к клиентам, заказывающим обучение; открытого отбора лекторов не обнаружено.","not_established","Указаны даты вебинаров 07, 08, 13 и 14.10.2026; даты публикации объявлений не указаны.","https://s-expert.by/","no_relevant_in_viewed_sample","Еженедельное чтение публичных обновлений; сохранять дату публикации, дату события и статус отдельно, связывать каждую потребность с первичной карточкой.","Публичный просмотр без покупки; платные функции, членство и участие не подключались.","2","Продолжать мониторинг источника; не выдавать каталог или прошедшее событие за заказ.","«Предложить тему» не приравнивается к приглашению поставщиков. Представлены продажи собственных программ.","[""site:s-expert.by (\""сотрудничество\"" OR \""лектор\"" OR \""предложить тему\"") [recency=30]""]","[""turn662view1"",""turn674view2""]","bykz","FD-S098","true","not_configured","","[""FD-O105""]"
"bykz-13","MISB-423","Могилевское отделение БелТПП — деловые визиты и семинары","https://mogilevcci.by/organization-of-visits-and-receptions/","[""BY""]","Палаты, МСП, экспорт, производительность","2026-10-01","content_read","identity_conflict","Старый URL перенаправил на mogilev.cci.by; прочитаны новости отделения и карточка конференции БелТПП о компетенциях экспортера. Шапка главной страницы ошибочно называет Брестское отделение; источник конференции указан как БелТПП.","partial","В ленте даты 02–22.09.2026; конференция — 07.10.2026, курс — 21.10–17.12.2026. Дата публикации карточки конференции не указана.","https://mogilev.cci.by/","only_early_signals","Еженедельное чтение публичных обновлений; сохранять дату публикации, дату события и статус отдельно, связывать каждую потребность с первичной карточкой.","Публичный просмотр без покупки; платные функции, членство и участие не подключались.","2","Искать последующее объявление с конкретной задачей, внешним исполнителем и актуальным сроком.","Нужно подтвердить идентичность перенаправленного регионального раздела. Конференция и курс имеют подготовленную программу; поиска исполнителя нет.","[""site:mogilev.cci.by (\""обучение\"" OR \""экспертов\"" OR \""семинар\"") [recency=30]""]","[""turn662view2"",""turn674view1""]","bykz","FD-S099","true","not_configured","","[""FD-O106""]"
"bykz-14","MISB-424","Бизнес-клуб Банка РРБ — лента бизнес-семинаров","https://club.rrb.by/news","[""BY""]","Учебные провайдеры и авторские сети","2026-10-01","content_read","feed_read","Прочитана лента новостей РРБ-клуба и две полные карточки семинаров: публикации 25.09 и 07.09.2026. Организаторы и спикеры уже названы; запроса на тренера нет.","partial","Первичные карточки: опубликовано 25.09.2026, мероприятие 30.09.2026; опубликовано 07.09.2026, мероприятие 18.09.2026.","https://club.rrb.by/news","only_early_signals","Еженедельное чтение публичных обновлений; сохранять дату публикации, дату события и статус отдельно, связывать каждую потребность с первичной карточкой.","Публичный просмотр без покупки; платные функции, членство и участие не подключались.","2","Искать последующее объявление с конкретной задачей, внешним исполнителем и актуальным сроком.","Семинары — свидетельство учебной активности банка, не открытые заказы. Страница /news обновилась между чтениями; полнота всей ленты не доказана. Часть материалов доступна только клиентам банка.","[""site:club.rrb.by (\""тренер\"" OR \""эксперт\"" OR \""семинар\"") [recency=30]""]","[""turn662view3"",""turn685view0"",""turn688view0"",""turn688view1""]","bykz","FD-S100","true","not_configured","","[""FD-O107"",""FD-O108""]"
"bykz-15","MISB-432","Kazakhstan HR-Forum — HR Club","https://hrf.kgforum.kz/hr-club","[""KZ""]","Учебные провайдеры и авторские сети","2026-10-01","attempt_only","unavailable","URL HR Club отвечает, но извлечено только название страницы и изображение счетчика; содержимое HR-клуба и публикации не прочитаны. Поиск за 30 дней не дал результатов.","not_established","","https://hrf.kgforum.kz/hr-club","not_assessable","Сохранить канал; повторить разрешенное публичное чтение и проверить доступную историю. Пока не делать выводов об отсутствии спроса.","Публичный просмотр без покупки; платные функции, членство и участие не подключались.","2","Восстановить публично доступное чтение или получить разрешенный экспорт; до этого сохранять статус непроверенной истории.","Пустое текстовое представление может быть следствием технической реализации страницы; не считать отсутствием клуба/спроса.","[""site:hrf.kgforum.kz/hr-club \""спикер\"" OR \""2026\"" OR \""приглашаем\"" [recency=30]""]","[""turn666view0""]","bykz","FD-S101","true","not_configured","","[]"
"bykz-16","MISB-433","ASSET HR — HR-Forum Central Asia","https://forum.assethr.kz/","[""KZ""]","Конференции, премии и клубы","2026-10-01","content_read","page_read","Прочитана страница HR-Forum Central Asia: программа и готовый состав спикеров. На странице прямо указан 2025 год, несмотря на доступность формы регистрации.","not_established","HR-Forum Central Asia 2025, 09–10 октября 2025. Дата публикации страницы отсутствует.","https://forum.assethr.kz/","no_relevant_in_viewed_sample","Еженедельное чтение публичных обновлений; сохранять дату публикации, дату события и статус отдельно, связывать каждую потребность с первичной карточкой.","Публичный просмотр без покупки; платные функции, членство и участие не подключались.","2","Продолжать мониторинг источника; не выдавать каталог или прошедшее событие за заказ.","Архивное мероприятие; не переносить дату на 2026 год и не считать регистрацию действующим приглашением экспертов.","[""site:forum.assethr.kz (\""спикер\"" OR \""эксперт\"" OR \""2026\"") [recency=30]""]","[""turn666view1"",""turn688search0""]","bykz","FD-S102","true","not_configured","","[""FD-O109""]"
"bykz-17","MISB-434","Ассоциация HR-менеджеров Казахстана","https://hrbp.kz/","[""KZ""]","Функциональные ассоциации","2026-10-01","content_read","page_read","Прочитан сайт Ассоциации HR-менеджеров: планы на 2026 год, история, образовательная деятельность и членство. Открытых запросов на внешнего преподавателя в просмотренном тексте нет.","not_established","Планы обозначены 2026 годом; история содержит прошлые годы. Датированной ленты сентября 2026 не обнаружено.","https://hrbp.kz/","only_early_signals","Еженедельное чтение публичных обновлений; сохранять дату публикации, дату события и статус отдельно, связывать каждую потребность с первичной карточкой.","Публичный просмотр без покупки; платные функции, членство и участие не подключались.","2","Искать последующее объявление с конкретной задачей, внешним исполнителем и актуальным сроком.","Общие планы ассоциации не доказывают конкретную потребность или бюджет. Чат показан изображениями, сообщения и история чата не прочитаны.","[""site:hrbp.kz (\""приглашаем\"" OR \""тренер\"" OR \""обучение\"") [recency=30]""]","[""turn666view2"",""turn668view2"",""turn674view3""]","bykz","FD-S103","true","not_configured","","[]"
"bykz-18","MISB-435","HR4People — Казахстан","https://hr4people.kz/","[""KZ""]","Конференции, премии и клубы","2026-10-01","content_read","page_read","Прочитана программа HR4People Forum & Award 29.09.2026: среди кейсов обучение сотрудников Freedom Academy и развитие AI-навыков Tele2; есть общий контакт для партнерства.","not_established","Дата форума 29.09.2026; даты публикации программы нет. Поиск также показывает архивы 2024 года, они не относятся к свежим публикациям.","https://hr4people.kz/","only_early_signals","Еженедельное чтение публичных обновлений; сохранять дату публикации, дату события и статус отдельно, связывать каждую потребность с первичной карточкой.","Публичный просмотр без покупки; платные функции, членство и участие не подключались.","2","Искать последующее объявление с конкретной задачей, внешним исполнителем и актуальным сроком.","Форум уже прошел; кейсы описывают существующую работу и не являются поиском исполнителя. Партнерство может означать спонсорский формат, финансовые условия не раскрыты.","[""site:hr4people.kz (\""спикер\"" OR \""партнер\"" OR \""эксперт\"") [recency=30]""]","[""turn666view3"",""turn668view3"",""turn688search2""]","bykz","FD-S104","true","not_configured","","[""FD-O110""]"
"bykz-19","MISB-443","Astana Hub Education — программы и авторы курсов","https://edu.astanahub.com/","[""KZ""]","Учебные провайдеры и авторские сети","2026-10-01","attempt_only","unavailable","Открыта оболочка edu.astanahub.com с заголовком Powered by HackAlem; извлеченный текст пуст. Поиск по домену за 30 дней не дал результатов.","not_established","","https://edu.astanahub.com/","not_assessable","Сохранить канал; повторить разрешенное публичное чтение и проверить доступную историю. Пока не делать выводов об отсутствии спроса.","Публичный просмотр без покупки; платные функции, членство и участие не подключались.","2","Восстановить публично доступное чтение или получить разрешенный экспорт; до этого сохранять статус непроверенной истории.","Содержание платформы и запросы авторам недоступны в этой проверке; нельзя заключать, что их нет.","[""site:edu.astanahub.com \""партнер\"" OR \""автор\"" OR \""курсы\"" [recency=30]""]","[""turn668view0""]","bykz","FD-S105","true","not_configured","","[]"
"bykz-20","MISB-092","KAZENERGY — развитие человеческого капитала","https://www.kazenergy.com/operation/human-capital/","[""KZ""]","Отраслевые союзы и СРО","2026-10-01","content_read","feed_read","Прочитана страница развития человеческого капитала, первая страница новостей 29.09–01.10.2026 и две полные новости 29.09.2026. Обнаружено обсуждение совместных экологических обучающих мероприятий с Bureau Veritas.","partial","В полных карточках дата 29.09.2026; первая страница ленты охватывает 29.09–01.10.2026. Статическая страница ссылается на кадровый анализ 2022–2024 годов.","https://www.kazenergy.com/press-center/news/3987/","only_early_signals","Еженедельное чтение публичных обновлений; сохранять дату публикации, дату события и статус отдельно, связывать каждую потребность с первичной карточкой.","Публичный просмотр без покупки; платные функции, членство и участие не подключались.","1","Искать последующее объявление с конкретной задачей, внешним исполнителем и актуальным сроком.","Подтверждена проработка обучения, но отсутствуют объем, срок, бюджет и приглашение к отбору провайдера. Просмотрена первая страница новостей, не все 30 дней.","[""site:kazenergy.com (\""обучение\"" OR \""приглашаем экспертов\"" OR \""лектор\"") [recency=30]""]","[""turn674view0"",""turn695view0"",""turn697view0"",""turn697view1""]","bykz","FD-S106","true","not_configured","","[""FD-O111"",""FD-O112""]"
"events-01","MISB-463","InterForum — порядок включения экспертов в программы","https://interforums.ru/faq","[""RU""]","events_and_development_institutions","2026-10-01","content_read","page_read","FAQ: порядок подачи темы продюсеру конкретного форума; спонсорство описано отдельно. Поиск также вернул завершённые сентябрьские события.","partial","Сентябрьские даты в поиске — даты мероприятий, не публикаций приглашений.","https://interforums.ru/faq","standing_invitation_found","Еженедельно сравнивать публичную страницу, новые программы и ссылки на набор экспертов; хранить дату публикации отдельно от даты события. API/RSS и автоматический сбор не проверены.","Публичное чтение выполнено без оплаты. Билеты, спонсорство, членство и рекламные пакеты не приобретаются; гонорар не следует из формы заявки.","2","Проверить новый выпуск программы, срок приёма и условия внешнего экспертного участия; сохранить источник при отсутствии свежих запросов.","Просмотрена ограниченная выборка; полнота окна не установлена. Публичный маршрут к продюсеру не равен оплачиваемому заказу.","[""site:interforums.ru спикер заявка сентябрь 2026""]","[""turn745view0"",""turn757search0"",""turn757search3""]","events","FD-S107","true","not_configured","","[""FD-O113""]"
"events-02","MISB-465","AHConferences — продюсерская компания","https://ahconferences.com/about","[""RU""]","events_and_development_institutions","2026-10-01","search_index","unavailable","Исходная страница дважды не загрузилась (в конце HTTP 502); новостная лента также недоступна. В индексе официального сайта есть старые программы и контакты по выступлению.","not_established","","https://ahconferences.com/list_news","not_assessable","Еженедельно сравнивать публичную страницу, новые программы и ссылки на набор экспертов; хранить дату публикации отдельно от даты события. API/RSS и автоматический сбор не проверены.","Публичное чтение выполнено без оплаты. Билеты, спонсорство, членство и рекламные пакеты не приобретаются; гонорар не следует из формы заявки.","3","Повторить чтение сайта и ленты позже; проверить рабочий домен и актуальный календарь. Не объявлять источник пустым.","Свежая лента не прочитана; найденный поисковый след не подтверждает нынешний набор или активность контактов.","[""site:ahconferences.com спикер доклад 2026"",""AHConferences спикером конференции сентябрь 2026 [domains:ahconferences.com;recency:30]"",""\""AHConferences\"" \""спикер\"" [system2 без recency]""]","[""turn745view1"",""turn771view2"",""turn785view1"",""turn782search10"",""turn782search23""]","events","FD-S108","true","not_configured","","[]"
"events-03","MISB-466","Auditorium — E-Learning Force и контакт по выступлениям","https://auditorium-cg.ru/elf23","[""RU""]","events_and_development_institutions","2026-10-01","content_read","page_read","Архив E-Learning Force 2023 с контактом по выступлению. Поиск обнаружил календарь 2026–2027 и завершившееся цифровое обучение 29–30 сентября 2026.","partial","2023 в исходном выпуске; 29–30.09.2026 — дата нового форума, не публикации.","https://auditorium-cg.ru/elf23","only_early_signals","Еженедельно сравнивать публичную страницу, новые программы и ссылки на набор экспертов; хранить дату публикации отдельно от даты события. API/RSS и автоматический сбор не проверены.","Публичное чтение выполнено без оплаты. Билеты, спонсорство, членство и рекламные пакеты не приобретаются; гонорар не следует из формы заявки.","2","Проверить новый выпуск программы, срок приёма и условия внешнего экспертного участия; сохранить источник при отсутствии свежих запросов.","Контакт исходного выпуска архивный. Новые страницы сохранены в discovery; свежий запрос или гонорар не подтверждены.","[""site:auditorium-cg.ru выступление доклад сентябрь 2026""]","[""turn745view2"",""turn778view3"",""turn757search1"",""turn757search4""]","events","FD-S109","true","not_configured","","[""FD-O114""]"
"events-04","MISB-467","Ведомости.Конференции — форма предложения эксперта","https://events.vedomosti.ru/about","[""RU""]","events_and_development_institutions","2026-10-01","content_read","page_read","Прочитаны «О нас» с программной командой и профиль спикера с общей формой предложения эксперта; реклама вынесена в отдельный партнёрский блок.","partial","24.08.2026 — обновление профиля, не дата общего приглашения.","https://events.vedomosti.ru/speakers/kolesnikov-andrei-38683","standing_invitation_found","Еженедельно сравнивать публичную страницу, новые программы и ссылки на набор экспертов; хранить дату публикации отдельно от даты события. API/RSS и автоматический сбор не проверены.","Публичное чтение выполнено без оплаты. Билеты, спонсорство, членство и рекламные пакеты не приобретаются; гонорар не следует из формы заявки.","2","Проверить новый выпуск программы, срок приёма и условия внешнего экспертного участия; сохранить источник при отсутствии свежих запросов.","Просмотрена ограниченная выборка; полнота окна не установлена. Публичный маршрут к продюсеру не равен оплачиваемому заказу.","[""site:events.vedomosti.ru эксперт спикер заявка 2026""]","[""turn745view3"",""turn778view2"",""turn786view1""]","events","FD-S110","true","not_configured","","[""FD-O115""]"
"events-05","MISB-468","Коммерсантъ — федеральная и региональные конференционные редакции","https://events.kommersant.ru/","[""RU""]","events_and_development_institutions","2026-10-01","content_read","feed_read","Главная лента показывает сентябрьские завершённые и октябрьские будущие конференции. В просмотренном образце нет явного брифа на преподавателя.","partial","22,24–25,29,30.09.2026 и 06–08.10.2026 — даты мероприятий.","https://events.kommersant.ru/","only_early_signals","Еженедельно сравнивать публичную страницу, новые программы и ссылки на набор экспертов; хранить дату публикации отдельно от даты события. API/RSS и автоматический сбор не проверены.","Публичное чтение выполнено без оплаты. Билеты, спонсорство, членство и рекламные пакеты не приобретаются; гонорар не следует из формы заявки.","2","Просматривать профильные карточки права, HR и управления и выделять только явно объявленные наборы; региональные редакции сохранять отдельными дочерними каналами.","Прочитана видимая лента, не все карточки/региональные страницы и не полный месячный архив.","[""site:events.kommersant.ru \""спикер\"" \""заявк\"" 2026""]","[""turn748view0""]","events","FD-S111","true","not_configured","","[]"
"events-06","MISB-469","Центр событий РБК — контент, спикеры и аккредитованные подрядчики","https://events.rbc.ru/","[""RU""]","events_and_development_institutions","2026-10-01","content_read","page_read","Прочитана коммерческая витрина Центра событий РБК: аренда и организация событий, партнёрство, упоминание аккредитованных подрядчиков. Календарь не раскрыт: страница просит отключить VPN.","not_established","","https://events.rbc.ru/","no_relevant_in_viewed_sample","Еженедельно сравнивать публичную страницу, новые программы и ссылки на набор экспертов; хранить дату публикации отдельно от даты события. API/RSS и автоматический сбор не проверены.","Публичное чтение выполнено без оплаты. Билеты, спонсорство, членство и рекламные пакеты не приобретаются; гонорар не следует из формы заявки.","2","Отдельно проверить публичные редакционные события РБК и процедуру аккредитации подрядчиков, когда появятся открытые условия.","Список/набор подрядчиков не открыт. Продажа площадки и услуг — предложение организатора, а не заявка на обучение; отсутствие ленты не означает отсутствия спроса.","[""site:events.rbc.ru \""эксперт\"" \""подрядчик\"" 2026""]","[""turn748view1"",""turn765search0"",""turn765search2""]","events","FD-S112","true","not_configured","","[]"
"events-07","MISB-470","Право.ru — конференции и контакты продюсеров","https://event.pravo.ru/","[""RU""]","events_and_development_institutions","2026-10-01","search_index","timeout","Два открытия календаря завершились HTTP 400 Timeout. Индекс вернул официальные карточки юридических конференций, преимущественно старые.","not_established","","https://event.pravo.ru/","not_assessable","Еженедельно сравнивать публичную страницу, новые программы и ссылки на набор экспертов; хранить дату публикации отдельно от даты события. API/RSS и автоматический сбор не проверены.","Публичное чтение выполнено без оплаты. Билеты, спонсорство, членство и рекламные пакеты не приобретаются; гонорар не следует из формы заявки.","2","Повторить публичное чтение календаря и актуальных карточек, затем проверить опубликованный контакт программного продюсера.","Текущая лента и приём докладов не прочитаны; поисковая выдача не даёт отрицательного вывода по окну.","[""site:event.pravo.ru \""спикером\"" 2026"",""Право ру конференции предложить спикера [domains:event.pravo.ru;recency:30]""]","[""turn748view2"",""turn771view1"",""turn775search0"",""turn775search2"",""turn775search6""]","events","FD-S113","true","not_configured","","[]"
"events-08","MISB-472","GAME & LEARN — отбор спикеров HR-конференции","https://game-learn.ru/","[""RU""]","events_and_development_institutions","2026-10-01","content_read","page_read","Видимы конференция корпоративного обучения 20.10.2026 и кнопка «Стать спикером»; она ведёт туда же, куда партнёрская кнопка. Повторное открытие и переход дали ошибку.","partial","20.10.2026 — дата конференции.","https://game-learn.ru/","undated_relevant_found","Еженедельно сравнивать публичную страницу, новые программы и ссылки на набор экспертов; хранить дату публикации отдельно от даты события. API/RSS и автоматический сбор не проверены.","Публичное чтение выполнено без оплаты. Билеты, спонсорство, членство и рекламные пакеты не приобретаются; гонорар не следует из формы заявки.","2","Проверить новый выпуск программы, срок приёма и условия внешнего экспертного участия; сохранить источник при отсутствии свежих запросов.","Форма и условия отбора не прочитаны; коммерческая интеграция и экспертный отбор могут смешиваться. Гонорар и свободные слоты неизвестны.","[""site:game-learn.ru \""спикером\"" 2026""]","[""turn748view3"",""turn765search1"",""turn781view4"",""turn785view2""]","events","FD-S114","true","not_configured","","[""FD-O116""]"
"events-09","MISB-473","eLearning Elements — заявки спикеров","https://elearningelements.ru/for-speakers","[""RU""]","events_and_development_institutions","2026-10-01","content_read","page_read","Подробная страница набора в программу 2026: практические кейсы и запрос мастер-класса по бизнес-сторителлингу. Главная в индексе уже относится к июню 2027.","partial","У организатора указан выпуск 8–9.06.2026; дата публикации брифа отсутствует.","https://elearningelements.ru/for-speakers","undated_relevant_found","Еженедельно сравнивать публичную страницу, новые программы и ссылки на набор экспертов; хранить дату публикации отдельно от даты события. API/RSS и автоматический сбор не проверены.","Публичное чтение выполнено без оплаты. Билеты, спонсорство, членство и рекламные пакеты не приобретаются; гонорар не следует из формы заявки.","2","Отслеживать редакцию страницы для 2027 и новый датированный call; старый бриф не отправлять в очередь свежих лидов.","Бриф сохранён как архив 2026; перенос на 2027 не доказан. Форма доступна лишь как JS-оболочка.","[""site:elearningelements.ru спикер заявки 2026"",""\""Learning Elements 2026\"" июнь [system2 без recency]"",""site:elearningelements.ru \""спикеров\"" \""2027\"" [recency:14]""]","[""turn750view0"",""turn781view0"",""turn767search4"",""turn786view0""]","events","FD-S115","true","not_configured","","[""FD-O117"",""FD-O118""]"
"events-10","MISB-474","WhiteConf — заявка в программу конференции","https://whiteconf.ru/become_speaker/","[""RU""]","events_and_development_institutions","2026-10-01","content_read","page_read","Страница отбора спикеров WhiteConf 2026 содержит график приёма; главная продаёт записи прошедшей конференции.","partial","Приём до 01.05.2026; событие 7–8.07.2026.","https://whiteconf.ru/become_speaker/","no_relevant_in_viewed_sample","Еженедельно сравнивать публичную страницу, новые программы и ссылки на набор экспертов; хранить дату публикации отдельно от даты события. API/RSS и автоматический сбор не проверены.","Публичное чтение выполнено без оплаты. Билеты, спонсорство, членство и рекламные пакеты не приобретаются; гонорар не следует из формы заявки.","3","Наблюдать новый сезон; не предлагать ответ на закрытый набор 2026.","Найден закрытый архивный набор, сохранён отдельным наблюдением. Новый набор 2027 не подтверждён; это не исключает появления позже.","[""site:whiteconf.ru спикеров заявки 2026 2027""]","[""turn750view1"",""turn767search1""]","events","FD-S116","true","not_configured","","[""FD-O119""]"
"events-11","MISB-475","МК-Конференции — стратегия обучения персонала","https://www.mk-conference.ru/obychenie1111","[""RU""]","events_and_development_institutions","2026-10-01","content_read","page_read","Страница стратегии обучения приглашает докладчиков; параллельно прочитан актуальный будущий форум по трудовому праву с заявкой спикера.","partial","Исходная страница: 17–18.02.2027 в заголовке, но материалы и цены 2026; другой выпуск — 25–26.03.2027. Трудовое право — 26–27.11.2026.","https://www.mk-conference.ru/obychenie1111","undated_relevant_found","Еженедельно сравнивать публичную страницу, новые программы и ссылки на набор экспертов; хранить дату публикации отдельно от даты события. API/RSS и автоматический сбор не проверены.","Публичное чтение выполнено без оплаты. Билеты, спонсорство, членство и рекламные пакеты не приобретаются; гонорар не следует из формы заявки.","1","Проверить новый выпуск программы, срок приёма и условия внешнего экспертного участия; сохранить источник при отсутствии свежих запросов.","Страницы стратегии обучения содержат несовместимые даты, требуют сверки сезона. Цены билетов/провайдерского участия не являются бюджетом заказа.","[""site:mk-conference.ru спикером доклад обучение 2026 2027""]","[""turn750view2"",""turn781view2"",""turn767search2"",""turn782view0"",""turn767search18""]","events","FD-S117","true","not_configured","","[""FD-O120"",""FD-O121""]"
"events-12","MISB-476","FiNPLACE — предложить доклад","https://finplace.ru/","[""RU""]","events_and_development_institutions","2026-10-01","content_read","page_read","Прочитаны главная и контакты: отдельный маршрут «Предложить доклад», указан ответственный. Дата нового выпуска не установлена.","not_established","","https://finplace.ru/","standing_invitation_found","Еженедельно сравнивать публичную страницу, новые программы и ссылки на набор экспертов; хранить дату публикации отдельно от даты события. API/RSS и автоматический сбор не проверены.","Публичное чтение выполнено без оплаты. Билеты, спонсорство, членство и рекламные пакеты не приобретаются; гонорар не следует из формы заявки.","3","Проверить новый выпуск программы, срок приёма и условия внешнего экспертного участия; сохранить источник при отсутствии свежих запросов.","Контакты существуют на странице, но их текущая работоспособность и открытость программы не проверены.","[""site:finplace.ru \""Предложить\"" \""доклад\""""]","[""turn750view3"",""turn768view1""]","events","FD-S118","true","not_configured","","[""FD-O122""]"
"events-13","MISB-488","Российская ассоциация фасилитаторов — конференция и кейсы заказчиков","https://facilitators.ru/","[""RU""]","events_and_development_institutions","2026-10-01","content_read","page_read","Фактическая страница — 17-я конференция фасилитаторов и архив материалов, а не доказанный поток запросов ассоциации.","partial","10–11.04.2026 — прошедшая конференция.","https://facilitators.ru/","no_relevant_in_viewed_sample","Еженедельно сравнивать публичную страницу, новые программы и ссылки на набор экспертов; хранить дату публикации отдельно от даты события. API/RSS и автоматический сбор не проверены.","Публичное чтение выполнено без оплаты. Билеты, спонсорство, членство и рекламные пакеты не приобретаются; гонорар не следует из формы заявки.","3","Сохранить конференционный канал и отдельно проверить официальный сайт ассоциации/следующий сезон.","Название seed шире фактической страницы. Набора на следующий сезон в просмотренном образце нет; весь архив и внешняя ассоциация не проверены.","[""site:facilitators.ru \""спикеров\"" \""2026\""""]","[""turn752view0"",""turn768search0"",""turn768search3""]","events","FD-S119","true","not_configured","","[]"
"events-14","MISB-504","РАБО — сбор предложений в план мероприятий","https://rabe.ru/","[""RU"",""BY""]","events_and_development_institutions","2026-10-01","content_read","page_read","Главная не загрузилась; прочитана конкретная новость о сборе предложений в план РАБО на 2027 год.","partial","19.08.2026 — исходная дата новости, за пределами 30 дней; утверждение плана Советом №5/2026 без установленной даты.","https://rabe.ru/news/sbor-predlozheniy-v-plan-meropriyatiy-rabo-na-2027-god.htm","dated_relevant_found","Еженедельно сравнивать публичную страницу, новые программы и ссылки на набор экспертов; хранить дату публикации отдельно от даты события. API/RSS и автоматический сбор не проверены.","Публичное чтение выполнено без оплаты. Билеты, спонсорство, членство и рекламные пакеты не приобретаются; гонорар не следует из формы заявки.","1","Проверить новый выпуск программы, срок приёма и условия внешнего экспертного участия; сохранить источник при отсутствии свежих запросов.","Датированная релевантная запись старая. Открытость основана на тексте приглашения, а не подтверждении от РАБО. Ссылка на форму дала ошибку.","[""site:rabe.ru предложения \""план\"" \""2026\"""",""site:rabe.ru \""сбор предложений\"" \""2027\"" [recency:14]""]","[""turn752view1"",""turn768search10"",""turn771view0"",""turn782view1""]","events","FD-S120","true","not_configured","","[""FD-O123""]"
"events-15","MISB-248","Школа экспорта РЭЦ — отбор региональных тренеров","https://exportedu.ru/tutors","[""RU""]","events_and_development_institutions","2026-10-01","search_index","profile_only","Открытие показало только необходимость JavaScript. Официальный поисковый фрагмент подтверждает отбор, обучение и аттестацию тренеров/наставников.","not_established","","https://exportedu.ru/tutors","standing_invitation_found","Еженедельно сравнивать публичную страницу, новые программы и ссылки на набор экспертов; хранить дату публикации отдельно от даты события. API/RSS и автоматический сбор не проверены.","Публичное чтение выполнено без оплаты. Билеты, спонсорство, членство и рекламные пакеты не приобретаются; гонорар не следует из формы заявки.","2","Прочитать условия тренеров и актуальные графики через публичный поддерживаемый доступ; отдельно выяснить допускается ли организация или только физлицо.","Прочитан поисковый фрагмент, не полные условия и не график набора. Наличие очередного отбора на 01.10.2026 неизвестно.","[""site:exportedu.ru \""тренеров\"" \""отбор\"" 2026"",""site:exportedu.ru тренеры набор сентябрь [recency:14]""]","[""turn752view2"",""turn786view2"",""turn768search2"",""turn768search5""]","events","FD-S121","true","not_configured","","[""FD-O124""]"
"events-16","MISB-023","Федеральный центр компетенций — Производительность.РФ","https://pptrf.ru/","[""RU""]","events_and_development_institutions","2026-10-01","search_index","unavailable","Основной и www-адреса не загрузились. Индекс подтверждает портал и обучение Академии производительности, но не актуальный отбор внешних тренеров.","not_established","","https://pptrf.ru/","not_assessable","Еженедельно сравнивать публичную страницу, новые программы и ссылки на набор экспертов; хранить дату публикации отдельно от даты события. API/RSS и автоматический сбор не проверены.","Публичное чтение выполнено без оплаты. Билеты, спонсорство, членство и рекламные пакеты не приобретаются; гонорар не следует из формы заявки.","2","Повторить доступ и проверить публичные новости, партнёрский отбор и закупочные извещения ФЦК; не считать найденные программы заказами.","Учебная витрина не равна закупке. Свежая лента, закупки и отбор не прочитаны.","[""site:pptrf.ru \""приглашаем\"" \""тренер\"" 2026"",""Производительность РФ отбор тренеров партнеров [domains:pptrf.ru;recency:30]""]","[""turn752view3"",""turn778view0"",""turn775search1"",""turn775search3""]","events","FD-S122","true","not_configured","","[]"
"events-17","MISB-243","Малый бизнес Москвы — образовательная поддержка","https://mbm.mos.ru/","[""RU""]","events_and_development_institutions","2026-10-01","attempt_only","blocked","Исходная страница ответила HTTP 403. Точечный поиск не дал пригодной официальной публикации о текущем наборе экспертов.","not_established","","https://mbm.mos.ru/","not_assessable","Еженедельно сравнивать публичную страницу, новые программы и ссылки на набор экспертов; хранить дату публикации отдельно от даты события. API/RSS и автоматический сбор не проверены.","Публичное чтение выполнено без оплаты. Билеты, спонсорство, членство и рекламные пакеты не приобретаются; гонорар не следует из формы заявки.","2","Повторить публичное чтение позднее; найти официальные страницы программ и опубликованные процедуры привлечения экспертов без обхода доступа.","Лента не прочитана. Поиск с recency вернул нерелевантные страницы; они не используются как доказательство отсутствия спроса.","[""site:mbm.mos.ru \""эксперт\"" \""заявки\"" 2026"",""Малый бизнес Москвы стать экспертом обучение [domains:mbm.mos.ru;recency:30]"",""site:mbm.mos.ru \""стать\"" \""экспертом\"" [system2 без recency]""]","[""turn755view0""]","events","FD-S123","true","not_configured","","[]"
"events-18","MISB-244","Мой бизнес Югра — календарь и обучающие программы","https://mb-ugra.ru/keep-up/events","[""RU""]","events_and_development_institutions","2026-10-01","content_read","feed_read","Прочитан видимый календарь образовательных мероприятий сентября–ноября, включая предпринимательский акселератор. Прямой запрос на исполнителя в образце не обнаружен.","partial","11,13,15,24,28.09; 01.10–24.11.2026 — даты мероприятий, не публикаций.","https://mb-ugra.ru/keep-up/events","only_early_signals","Еженедельно сравнивать публичную страницу, новые программы и ссылки на набор экспертов; хранить дату публикации отдельно от даты события. API/RSS и автоматический сбор не проверены.","Публичное чтение выполнено без оплаты. Билеты, спонсорство, членство и рекламные пакеты не приобретаются; гонорар не следует из формы заявки.","2","Проверять новые программы вместе с официальными отборами исполнителей и извещениями заказчика; не смешивать регистрацию слушателей с закупкой.","Видимый календарь не равен полному архиву новостей/закупок. Обучающие программы свидетельствуют о тематике работы, а не о свободном заказе.","[""site:mb-ugra.ru \""отбор\"" \""эксперт\"" 2026"",""site:mb-ugra.ru \""отбор\"" \""исполнителей\"" [system2 без recency]"",""site:mb-ugra.ru обучение отбор поставщики [recency:14]""]","[""turn755view1""]","events","FD-S124","true","not_configured","","[""FD-O125""]"
"events-19","MISB-250","Школа экспорта РЭЦ — региональные управленческие команды","https://exportedu.ru/teams","[""RU""]","events_and_development_institutions","2026-10-01","search_index","profile_only","Открытие и повтор дали только JavaScript-заглушку; поисковый фрагмент — навигацию страницы управленческих команд.","not_established","","https://exportedu.ru/teams","not_assessable","Еженедельно сравнивать публичную страницу, новые программы и ссылки на набор экспертов; хранить дату публикации отдельно от даты события. API/RSS и автоматический сбор не проверены.","Публичное чтение выполнено без оплаты. Билеты, спонсорство, членство и рекламные пакеты не приобретаются; гонорар не следует из формы заявки.","2","Получить публичное содержание программы и условия привлечения внешних преподавателей; сохранить связь с общим каналом тренеров Школы экспорта.","Описание программы и актуальный набор поставщиков не прочитаны; вывод о наличии или отсутствии заказов невозможен.","[""site:exportedu.ru/teams \""2026\"" \""набор\""""]","[""turn755view2"",""turn786view3"",""turn771search1""]","events","FD-S125","true","not_configured","","[]"
"events-20","MISB-500","Международный HR-Форум Азия — партнёры и формирование программы","https://www.hrforumasia.com/partners","[""KZ""]","events_and_development_institutions","2026-10-01","content_read","page_read","Прочитана страница партнёров/спикеров и FAQ о формировании программы; указан будущий выпуск в Алматы, но часть блоков относится к другим городам.","partial","Алматы 25–26.11.2026; на той же странице есть прошедшие Бишкек, Ташкент и Баку.","https://www.hrforumasia.com/partners","standing_invitation_found","Еженедельно сравнивать публичную страницу, новые программы и ссылки на набор экспертов; хранить дату публикации отдельно от даты события. API/RSS и автоматический сбор не проверены.","Публичное чтение выполнено без оплаты. Билеты, спонсорство, членство и рекламные пакеты не приобретаются; гонорар не следует из формы заявки.","2","Проверить новый выпуск программы, срок приёма и условия внешнего экспертного участия; сохранить источник при отсутствии свежих запросов.","Партнёрская реклама смешана с приглашением спикеров; дата публикации и гонорар не указаны. Применимость каждого блока к Алматы требует проверки.","[""site:hrforumasia.com \""спикер\"" \""2026\""""]","[""turn755view3"",""turn781view5""]","events","FD-S126","true","not_configured","","[""FD-O126""]"