"institution_id","selection","name","parent_company","corporate_group","country","institution_type","industry","audience","fit_for_misb","primary_url","institution_evidence_url","evidence_note","verified","checked_at","commercial_route","buyer_role","need_signals","next_action","risks","selection_reason"
"CU-0001","main_200","Газпром университет (бывший Газпром корпоративный институт)","ПАО «Газпром»","Газпром","RU","corporate_university","Нефтегаз","Руководители, специалисты, кадровый резерв и внутренние преподаватели.","Высокое: управленческое обучение, развитие кадрового резерва, HR, право, финансы, закупки, цифровые курсы и фасилитация.","https://institute.gazprom.ru/","https://institute.gazprom.ru/","Официальный сайт сообщает о переименовании в Газпром университет; каталог содержит управленческие, кадровые, финансовые, правовые и закупочные направления.","search_index","2026-10-01","Руководитель образовательной структуры / L&D → ответственное за программу подразделение → закупки юридического лица; также партнёрское или субподрядное участие в учебных проектах.","Директор КУ/УЦ, руководитель обучения и развития, методический отдел, HR, закупки услуг.","Гипотезы для мониторинга: новые программы; обновление каталога; набор экспертов; обучение наставников; вакансии методистов; электронные курсы; публикации о подрядчиках и закупках. Текущий заказ не установлен.","Уточнить актуального владельца программы, публичные контакты и закупочное юрлицо; найти рубрики новостей/программ, официальные соцсети и правила привлечения внешних провайдеров. Сохранить все найденные каналы.","Существование структуры не доказывает открытый заказ; собственная экспертиза может снижать потребность во внешнем провайдере. Не удалять при низком приоритете, дублях или ошибке доступа.","Именованная структура с подтверждением; отбор по стране, очереди и типу. Это не оценка вероятности заказа."
"CU-0002","main_200","Учебный центр ПАО «Газпром»","ПАО «Газпром»","Газпром","RU","company_training_center","Нефтегаз","Руководители, специалисты и производственный персонал; долю управленческих программ уточнить.","Среднее: воинский учёт, гражданская защита, методика обучения и цифровые курсы для специалистов; прикладную подготовку спасателей не смешивать с профилем МИСБ.","https://tc.gazprom.ru/about/","https://tc.gazprom.ru/about/","Официальная страница подтверждает самостоятельное образовательное учреждение Газпрома и направления ДПО.","search_index","2026-10-01","Руководитель образовательной структуры / L&D → ответственное за программу подразделение → закупки юридического лица; также партнёрское или субподрядное участие в учебных проектах.","Директор КУ/УЦ, руководитель обучения и развития, методический отдел, HR, закупки услуг.","Гипотезы для мониторинга: новые программы; обновление каталога; набор экспертов; обучение наставников; вакансии методистов; электронные курсы; публикации о подрядчиках и закупках. Текущий заказ не установлен.","Уточнить актуального владельца программы, публичные контакты и закупочное юрлицо; найти рубрики новостей/программ, официальные соцсети и правила привлечения внешних провайдеров. Сохранить все найденные каналы.","Существование структуры не доказывает открытый заказ; собственная экспертиза может снижать потребность во внешнем провайдере. Не удалять при низком приоритете, дублях или ошибке доступа.","Именованная структура с подтверждением; отбор по стране, очереди и типу. Это не оценка вероятности заказа."
"CU-0003","main_200","Газпром ОНУТЦ — Отраслевой научно-исследовательский учебно-тренажёрный центр","ПАО «Газпром»","Газпром","RU","industry_training_center","Нефтегаз","Руководители, специалисты, кадровый резерв и внутренние преподаватели.","Высокое для электронного контента и методического субподряда; технические тренажёры требуют отдельной компетенции.","https://onutc.gazprom.ru/development/","https://onutc.gazprom.ru/development/","Официальный домен описывает создание учебно-методических материалов и автоматизированных обучающих систем; образовательная лицензия отражена в карточке СНФПО.","search_index","2026-10-01","Руководитель образовательной структуры / L&D → ответственное за программу подразделение → закупки юридического лица; также партнёрское или субподрядное участие в учебных проектах.","Директор КУ/УЦ, руководитель обучения и развития, методический отдел, HR, закупки услуг.","Гипотезы для мониторинга: новые программы; обновление каталога; набор экспертов; обучение наставников; вакансии методистов; электронные курсы; публикации о подрядчиках и закупках. Текущий заказ не установлен.","Уточнить актуального владельца программы, публичные контакты и закупочное юрлицо; найти рубрики новостей/программ, официальные соцсети и правила привлечения внешних провайдеров. Сохранить все найденные каналы.","Существование структуры не доказывает открытый заказ; собственная экспертиза может снижать потребность во внешнем провайдере. Не удалять при низком приоритете, дублях или ошибке доступа.","Именованная структура с подтверждением; отбор по стране, очереди и типу. Это не оценка вероятности заказа."
"CU-0004","main_200","Корпоративный институт ООО «Газпром трансгаз Томск»","ООО «Газпром трансгаз Томск»","Газпром","RU","company_training_center","Нефтегаз","Руководители, специалисты и производственный персонал; долю управленческих программ уточнить.","Высокое для руководителей, специалистов, развития резерва и дистанционных программ; институт не является обычным вузом.","https://tomsk-tr.gazprom.ru/career/policy/","https://tomsk-tr.gazprom.ru/career/policy/","Официальная страница: учебный центр с 2013 года имеет статус Корпоративного института; повышение квалификации специалистов.","search_index","2026-10-01","Руководитель образовательной структуры / L&D → ответственное за программу подразделение → закупки юридического лица; также партнёрское или субподрядное участие в учебных проектах.","Директор КУ/УЦ, руководитель обучения и развития, методический отдел, HR, закупки услуг.","Гипотезы для мониторинга: новые программы; обновление каталога; набор экспертов; обучение наставников; вакансии методистов; электронные курсы; публикации о подрядчиках и закупках. Текущий заказ не установлен.","Уточнить актуального владельца программы, публичные контакты и закупочное юрлицо; найти рубрики новостей/программ, официальные соцсети и правила привлечения внешних провайдеров. Сохранить все найденные каналы.","Существование структуры не доказывает открытый заказ; собственная экспертиза может снижать потребность во внешнем провайдере. Не удалять при низком приоритете, дублях или ошибке доступа.","Именованная структура с подтверждением; отбор по стране, очереди и типу. Это не оценка вероятности заказа."
"CU-0005","main_200","Учебно-производственный центр ООО «Газпром трансгаз Екатеринбург»","ООО «Газпром трансгаз Екатеринбург»","Газпром","RU","company_training_center","Нефтегаз","Руководители, специалисты и производственный персонал; долю управленческих программ уточнить.","Условное: программы руководителей и специалистов, наставничество, подготовка преподавателей и электронные учебные материалы; рабочие квалификации вне основного профиля МИСБ.","https://ekaterinburg-tr.gazprom.ru/about/organization/upts/","https://ekaterinburg-tr.gazprom.ru/about/organization/upts/","Официальная страница называет центр филиалом и отдельно подтверждает ДПО руководителей и специалистов.","search_index","2026-10-01","Руководитель образовательной структуры / L&D → ответственное за программу подразделение → закупки юридического лица; также партнёрское или субподрядное участие в учебных проектах.","Директор КУ/УЦ, руководитель обучения и развития, методический отдел, HR, закупки услуг.","Гипотезы для мониторинга: новые программы; обновление каталога; набор экспертов; обучение наставников; вакансии методистов; электронные курсы; публикации о подрядчиках и закупках. Текущий заказ не установлен.","Уточнить актуального владельца программы, публичные контакты и закупочное юрлицо; найти рубрики новостей/программ, официальные соцсети и правила привлечения внешних провайдеров. Сохранить все найденные каналы.","Существование структуры не доказывает открытый заказ; собственная экспертиза может снижать потребность во внешнем провайдере. Не удалять при низком приоритете, дублях или ошибке доступа.","Именованная структура с подтверждением; отбор по стране, очереди и типу. Это не оценка вероятности заказа."
"CU-0006","main_200","Учебно-производственный центр ООО «Газпром трансгаз Ухта»","ООО «Газпром трансгаз Ухта»","Газпром","RU","company_training_center","Нефтегаз","Руководители, специалисты и производственный персонал; долю управленческих программ уточнить.","Условное: программы руководителей и специалистов, наставничество, подготовка преподавателей и электронные учебные материалы; рабочие квалификации вне основного профиля МИСБ.","https://ukhta-tr.gazprom.ru/sveden/document/","https://ukhta-tr.gazprom.ru/sveden/document/","Официальные документы подтверждают образовательное подразделение и его положение.","search_index","2026-10-01","Руководитель образовательной структуры / L&D → ответственное за программу подразделение → закупки юридического лица; также партнёрское или субподрядное участие в учебных проектах.","Директор КУ/УЦ, руководитель обучения и развития, методический отдел, HR, закупки услуг.","Гипотезы для мониторинга: новые программы; обновление каталога; набор экспертов; обучение наставников; вакансии методистов; электронные курсы; публикации о подрядчиках и закупках. Текущий заказ не установлен.","Уточнить актуального владельца программы, публичные контакты и закупочное юрлицо; найти рубрики новостей/программ, официальные соцсети и правила привлечения внешних провайдеров. Сохранить все найденные каналы.","Существование структуры не доказывает открытый заказ; собственная экспертиза может снижать потребность во внешнем провайдере. Не удалять при низком приоритете, дублях или ошибке доступа.","Именованная структура с подтверждением; отбор по стране, очереди и типу. Это не оценка вероятности заказа."
"CU-0007","main_200","Учебно-производственный центр ООО «Газпром трансгаз Москва»","ООО «Газпром трансгаз Москва»","Газпром","RU","company_training_center","Нефтегаз","Руководители, специалисты и производственный персонал; долю управленческих программ уточнить.","Условное: программы руководителей и специалистов, наставничество, подготовка преподавателей и электронные учебные материалы; рабочие квалификации вне основного профиля МИСБ.","https://moskva-tr.gazprom.ru/career/","https://moskva-tr.gazprom.ru/career/","Официальная кадровая страница подтверждает УПЦ, модульное и дистанционное обучение, деловые игры.","search_index","2026-10-01","Руководитель образовательной структуры / L&D → ответственное за программу подразделение → закупки юридического лица; также партнёрское или субподрядное участие в учебных проектах.","Директор КУ/УЦ, руководитель обучения и развития, методический отдел, HR, закупки услуг.","Гипотезы для мониторинга: новые программы; обновление каталога; набор экспертов; обучение наставников; вакансии методистов; электронные курсы; публикации о подрядчиках и закупках. Текущий заказ не установлен.","Уточнить актуального владельца программы, публичные контакты и закупочное юрлицо; найти рубрики новостей/программ, официальные соцсети и правила привлечения внешних провайдеров. Сохранить все найденные каналы.","УПЦ и площадки «Зименки»/строящийся полигон не считать отдельными КУ без доказательства организационной самостоятельности. Не удалять при низком приоритете, дублях или ошибке доступа.","Именованная структура с подтверждением; отбор по стране, очереди и типу. Это не оценка вероятности заказа."
"CU-0008","main_200","Учебно-производственный центр ООО «Газпром трансгаз Югорск»","ООО «Газпром трансгаз Югорск»","Газпром","RU","company_training_center","Нефтегаз","Руководители, специалисты и производственный персонал; долю управленческих программ уточнить.","Условное: программы руководителей и специалистов, наставничество, подготовка преподавателей и электронные учебные материалы; рабочие квалификации вне основного профиля МИСБ.","https://yugorsk-tr.gazprom.ru/career/uchebno-proizvodstvennyj-tsentr/obrazovanie/","https://yugorsk-tr.gazprom.ru/career/uchebno-proizvodstvennyj-tsentr/obrazovanie/","Официальная страница содержит учебные планы и графики ДПО УПЦ.","search_index","2026-10-01","Руководитель образовательной структуры / L&D → ответственное за программу подразделение → закупки юридического лица; также партнёрское или субподрядное участие в учебных проектах.","Директор КУ/УЦ, руководитель обучения и развития, методический отдел, HR, закупки услуг.","Гипотезы для мониторинга: новые программы; обновление каталога; набор экспертов; обучение наставников; вакансии методистов; электронные курсы; публикации о подрядчиках и закупках. Текущий заказ не установлен.","Уточнить актуального владельца программы, публичные контакты и закупочное юрлицо; найти рубрики новостей/программ, официальные соцсети и правила привлечения внешних провайдеров. Сохранить все найденные каналы.","Часть опубликованных планов относится к 2024 году; актуальность графиков нужно проверить, старые страницы сохранять как след. Не удалять при низком приоритете, дублях или ошибке доступа.","Именованная структура с подтверждением; отбор по стране, очереди и типу. Это не оценка вероятности заказа."
"CU-0009","main_200","Учебно-производственный центр ООО «Газпром трансгаз Сургут»","ООО «Газпром трансгаз Сургут»","Газпром","RU","company_training_center","Нефтегаз","Руководители, специалисты и производственный персонал; долю управленческих программ уточнить.","Условное: программы руководителей и специалистов, наставничество, подготовка преподавателей и электронные учебные материалы; рабочие квалификации вне основного профиля МИСБ.","https://surgut-tr.gazprom.ru/sveden/common","https://surgut-tr.gazprom.ru/sveden/common","Официальные основные сведения: УПЦ — филиал общества; приведена лицензия и дата создания.","search_index","2026-10-01","Руководитель образовательной структуры / L&D → ответственное за программу подразделение → закупки юридического лица; также партнёрское или субподрядное участие в учебных проектах.","Директор КУ/УЦ, руководитель обучения и развития, методический отдел, HR, закупки услуг.","Гипотезы для мониторинга: новые программы; обновление каталога; набор экспертов; обучение наставников; вакансии методистов; электронные курсы; публикации о подрядчиках и закупках. Текущий заказ не установлен.","Уточнить актуального владельца программы, публичные контакты и закупочное юрлицо; найти рубрики новостей/программ, официальные соцсети и правила привлечения внешних провайдеров. Сохранить все найденные каналы.","Существование структуры не доказывает открытый заказ; собственная экспертиза может снижать потребность во внешнем провайдере. Не удалять при низком приоритете, дублях или ошибке доступа.","Именованная структура с подтверждением; отбор по стране, очереди и типу. Это не оценка вероятности заказа."
"CU-0010","main_200","Учебно-производственный центр ООО «Газпром трансгаз Ставрополь»","ООО «Газпром трансгаз Ставрополь»","Газпром","RU","company_training_center","Нефтегаз","Руководители, специалисты и производственный персонал; долю управленческих программ уточнить.","Условное: программы руководителей и специалистов, наставничество, подготовка преподавателей и электронные учебные материалы; рабочие квалификации вне основного профиля МИСБ.","https://stavropol-tr.gazprom.ru/career/uchebno-proizvodstvennyj-tsentr/struktura-i-organy-upravleniya/","https://stavropol-tr.gazprom.ru/career/uchebno-proizvodstvennyj-tsentr/struktura-i-organy-upravleniya/","Официальная структура центра содержит руководство, контакты и положение об УПЦ.","search_index","2026-10-01","Руководитель образовательной структуры / L&D → ответственное за программу подразделение → закупки юридического лица; также партнёрское или субподрядное участие в учебных проектах.","Директор КУ/УЦ, руководитель обучения и развития, методический отдел, HR, закупки услуг.","Гипотезы для мониторинга: новые программы; обновление каталога; набор экспертов; обучение наставников; вакансии методистов; электронные курсы; публикации о подрядчиках и закупках. Текущий заказ не установлен.","Уточнить актуального владельца программы, публичные контакты и закупочное юрлицо; найти рубрики новостей/программ, официальные соцсети и правила привлечения внешних провайдеров. Сохранить все найденные каналы.","Существование структуры не доказывает открытый заказ; собственная экспертиза может снижать потребность во внешнем провайдере. Не удалять при низком приоритете, дублях или ошибке доступа.","Именованная структура с подтверждением; отбор по стране, очереди и типу. Это не оценка вероятности заказа."
"CU-0011","main_200","Учебно-производственный центр ООО «Газпром трансгаз Саратов»","ООО «Газпром трансгаз Саратов»","Газпром","RU","company_training_center","Нефтегаз","Руководители, специалисты и производственный персонал; долю управленческих программ уточнить.","Условное: программы руководителей и специалистов, наставничество, подготовка преподавателей и электронные учебные материалы; рабочие квалификации вне основного профиля МИСБ.","https://saratov-tr.gazprom.ru/career/uchebnyj-tsentr/osnovnyj-svedeniya/","https://saratov-tr.gazprom.ru/career/uchebnyj-tsentr/osnovnyj-svedeniya/","Официальная страница указывает полное наименование УПЦ, адрес и образовательную лицензию.","search_index","2026-10-01","Руководитель образовательной структуры / L&D → ответственное за программу подразделение → закупки юридического лица; также партнёрское или субподрядное участие в учебных проектах.","Директор КУ/УЦ, руководитель обучения и развития, методический отдел, HR, закупки услуг.","Гипотезы для мониторинга: новые программы; обновление каталога; набор экспертов; обучение наставников; вакансии методистов; электронные курсы; публикации о подрядчиках и закупках. Текущий заказ не установлен.","Уточнить актуального владельца программы, публичные контакты и закупочное юрлицо; найти рубрики новостей/программ, официальные соцсети и правила привлечения внешних провайдеров. Сохранить все найденные каналы.","Существование структуры не доказывает открытый заказ; собственная экспертиза может снижать потребность во внешнем провайдере. Не удалять при низком приоритете, дублях или ошибке доступа.","Именованная структура с подтверждением; отбор по стране, очереди и типу. Это не оценка вероятности заказа."
"CU-0012","main_200","Учебно-производственный центр ООО «Газпром трансгаз Санкт-Петербург»","ООО «Газпром трансгаз Санкт-Петербург»","Газпром","RU","company_training_center","Нефтегаз","Руководители, специалисты и производственный персонал; долю управленческих программ уточнить.","Условное: программы руководителей и специалистов, наставничество, подготовка преподавателей и электронные учебные материалы; рабочие квалификации вне основного профиля МИСБ.","https://spb-tr.gazprom.ru/career/upc/","https://spb-tr.gazprom.ru/career/upc/","Официальная страница подтверждает образовательную структуру, руководство и контакты.","search_index","2026-10-01","Руководитель образовательной структуры / L&D → ответственное за программу подразделение → закупки юридического лица; также партнёрское или субподрядное участие в учебных проектах.","Директор КУ/УЦ, руководитель обучения и развития, методический отдел, HR, закупки услуг.","Гипотезы для мониторинга: новые программы; обновление каталога; набор экспертов; обучение наставников; вакансии методистов; электронные курсы; публикации о подрядчиках и закупках. Текущий заказ не установлен.","Уточнить актуального владельца программы, публичные контакты и закупочное юрлицо; найти рубрики новостей/программ, официальные соцсети и правила привлечения внешних провайдеров. Сохранить все найденные каналы.","Существование структуры не доказывает открытый заказ; собственная экспертиза может снижать потребность во внешнем провайдере. Не удалять при низком приоритете, дублях или ошибке доступа.","Именованная структура с подтверждением; отбор по стране, очереди и типу. Это не оценка вероятности заказа."
"CU-0013","main_200","Корпоративный университет ПАО «Татнефть»","ПАО «Татнефть»","Татнефть","RU","corporate_university","Нефтегаз","Руководители, специалисты, кадровый резерв и внутренние преподаватели.","Высокое: управленческое обучение, развитие кадрового резерва, HR, право, финансы, закупки, цифровые курсы и фасилитация.","https://cu.tatneft.ru/ob-universitete/obshchaya-informatsiya?lang=ru","https://cu.tatneft.ru/ob-universitete/obshchaya-informatsiya?lang=ru","Прочитана официальная страница: КУ является подразделением Татнефти, создан в 2016 году.","content_read","2026-10-01","Контакты Корпоративного университета → курсы, организуемые КУ → уточнение владельца внешнего обучения и закупочного юрлица Татнефти.","Директор КУ/УЦ, руководитель обучения и развития, методический отдел, HR, закупки услуг.","Гипотезы для мониторинга: новые программы; обновление каталога; набор экспертов; обучение наставников; вакансии методистов; электронные курсы; публикации о подрядчиках и закупках. Текущий заказ не установлен.","Уточнить актуального владельца программы, публичные контакты и закупочное юрлицо; найти рубрики новостей/программ, официальные соцсети и правила привлечения внешних провайдеров. Сохранить все найденные каналы.","Существование структуры не доказывает открытый заказ; собственная экспертиза может снижать потребность во внешнем провайдере. Не удалять при низком приоритете, дублях или ошибке доступа.","Именованная структура с подтверждением; отбор по стране, очереди и типу. Это не оценка вероятности заказа."
"CU-0014","main_200","Корпоративный учебный центр ЛУКОЙЛ","ООО «ЛУКОЙЛ-Нижневолжскнефть»","ЛУКОЙЛ","RU","company_training_center","Нефтегаз","Руководители, специалисты и производственный персонал; долю управленческих программ уточнить.","Условное: программы руководителей и специалистов, наставничество, подготовка преподавателей и электронные учебные материалы; рабочие квалификации вне основного профиля МИСБ.","https://ctc.lukoil.ru/ru/About/GeneralInformation?wid=widpxFOse5-vkj2WOeBjmHY9Q","https://ctc.lukoil.ru/ru/About/GeneralInformation?wid=widpxFOse5-vkj2WOeBjmHY9Q","Официальная страница подтверждает создание корпоративного УЦ и учредителя; подготовка нефтегазовых специалистов, включая внешних слушателей.","search_index","2026-10-01","Руководитель образовательной структуры / L&D → ответственное за программу подразделение → закупки юридического лица; также партнёрское или субподрядное участие в учебных проектах.","Директор КУ/УЦ, руководитель обучения и развития, методический отдел, HR, закупки услуг.","Гипотезы для мониторинга: новые программы; обновление каталога; набор экспертов; обучение наставников; вакансии методистов; электронные курсы; публикации о подрядчиках и закупках. Текущий заказ не установлен.","Уточнить актуального владельца программы, публичные контакты и закупочное юрлицо; найти рубрики новостей/программ, официальные соцсети и правила привлечения внешних провайдеров. Сохранить все найденные каналы.","Существование структуры не доказывает открытый заказ; собственная экспертиза может снижать потребность во внешнем провайдере. Не удалять при низком приоритете, дублях или ошибке доступа.","Именованная структура с подтверждением; отбор по стране, очереди и типу. Это не оценка вероятности заказа."
"CU-0015","main_200","Корпоративный университет «Газпром нефти»","ПАО «Газпром нефть»","Газпром нефть","RU","corporate_university","Нефтегаз","Руководители, специалисты, кадровый резерв и внутренние преподаватели.","Высокое: управленческое обучение, развитие кадрового резерва, HR, право, финансы, закупки, цифровые курсы и фасилитация.","https://www.sgu.ru/struktura/gazpromneft","https://www.sgu.ru/struktura/gazpromneft","Прочитан официальный сайт СГУ: подтверждено соглашение с Корпоративным университетом ПАО ГПН. Ссылка ведёт к вузу-партнёру, а не на собственный сайт КУ.","content_read","2026-10-01","Руководитель образовательной структуры / L&D → ответственное за программу подразделение → закупки юридического лица; также партнёрское или субподрядное участие в учебных проектах.","Директор КУ/УЦ, руководитель обучения и развития, методический отдел, HR, закупки услуг.","Гипотезы для мониторинга: новые программы; обновление каталога; набор экспертов; обучение наставников; вакансии методистов; электронные курсы; публикации о подрядчиках и закупках. Текущий заказ не установлен.","Уточнить актуального владельца программы, публичные контакты и закупочное юрлицо; найти рубрики новостей/программ, официальные соцсети и правила привлечения внешних провайдеров. Сохранить все найденные каналы.","Собственный публичный сайт КУ и его закупочное юрлицо не установлены. Не путать этот КУ с Газпром университетом и центром Газпромнефть-СГУ. Не удалять при низком приоритете, дублях или ошибке доступа.","Именованная структура с подтверждением; отбор по стране, очереди и типу. Это не оценка вероятности заказа."
"CU-0016","main_200","Центр политехнического обучения ПАО «Сургутнефтегаз»","ПАО «Сургутнефтегаз»","Сургутнефтегаз","RU","company_training_center","Нефтегаз","Руководители, специалисты и производственный персонал; долю управленческих программ уточнить.","Условное: программы руководителей и специалистов, наставничество, подготовка преподавателей и электронные учебные материалы; рабочие квалификации вне основного профиля МИСБ.","https://www.surgutneftegas.ru/responsibility/personnel_policy/uchebnaya-baza/","https://www.surgutneftegas.ru/responsibility/personnel_policy/uchebnaya-baza/","Официальная страница подтверждает ЦПТО как структурное подразделение; базовый центр и отделения учитываются одной записью.","search_index","2026-10-01","Руководитель образовательной структуры / L&D → ответственное за программу подразделение → закупки юридического лица; также партнёрское или субподрядное участие в учебных проектах.","Директор КУ/УЦ, руководитель обучения и развития, методический отдел, HR, закупки услуг.","Гипотезы для мониторинга: новые программы; обновление каталога; набор экспертов; обучение наставников; вакансии методистов; электронные курсы; публикации о подрядчиках и закупках. Текущий заказ не установлен.","Уточнить актуального владельца программы, публичные контакты и закупочное юрлицо; найти рубрики новостей/программ, официальные соцсети и правила привлечения внешних провайдеров. Сохранить все найденные каналы.","Существование структуры не доказывает открытый заказ; собственная экспертиза может снижать потребность во внешнем провайдере. Не удалять при низком приоритете, дублях или ошибке доступа.","Именованная структура с подтверждением; отбор по стране, очереди и типу. Это не оценка вероятности заказа."
"CU-0017","main_200","Учебный центр ООО «РН-Юганскнефтегаз»","ООО «РН-Юганскнефтегаз»","Роснефть","RU","company_training_center","Нефтегаз","Руководители, специалисты и производственный персонал; долю управленческих программ уточнить.","Условное: программы руководителей и специалистов, наставничество, подготовка преподавателей и электронные учебные материалы; рабочие квалификации вне основного профиля МИСБ.","https://rosneft.ru/press/subsidiaries/item/223656/","https://rosneft.ru/press/subsidiaries/item/223656/","Официальная новость о результатах 2025 года подтверждает работающий УЦ и широкий набор учебных модулей.","search_index","2026-10-01","Руководитель образовательной структуры / L&D → ответственное за программу подразделение → закупки юридического лица; также партнёрское или субподрядное участие в учебных проектах.","Директор КУ/УЦ, руководитель обучения и развития, методический отдел, HR, закупки услуг.","Гипотезы для мониторинга: новые программы; обновление каталога; набор экспертов; обучение наставников; вакансии методистов; электронные курсы; публикации о подрядчиках и закупках. Текущий заказ не установлен.","Уточнить актуального владельца программы, публичные контакты и закупочное юрлицо; найти рубрики новостей/программ, официальные соцсети и правила привлечения внешних провайдеров. Сохранить все найденные каналы.","Существование структуры не доказывает открытый заказ; собственная экспертиза может снижать потребность во внешнем провайдере. Не удалять при низком приоритете, дублях или ошибке доступа.","Именованная структура с подтверждением; отбор по стране, очереди и типу. Это не оценка вероятности заказа."
"CU-0018","reserve","Учебный центр АО «РН-Няганьнефтегаз»","АО «РН-Няганьнефтегаз»","Роснефть","RU","company_training_center","Нефтегаз","Руководители, специалисты и производственный персонал; долю управленческих программ уточнить.","Условное: программы руководителей и специалистов, наставничество, подготовка преподавателей и электронные учебные материалы; рабочие квалификации вне основного профиля МИСБ.","https://uc-nng.ru/","https://uc-nng.ru/","Официальный сайт центра описывает обучение персонала общества; организационная структура относит УЦ к блоку персонала.","search_index","2026-10-01","Руководитель образовательной структуры / L&D → ответственное за программу подразделение → закупки юридического лица; также партнёрское или субподрядное участие в учебных проектах.","Директор КУ/УЦ, руководитель обучения и развития, методический отдел, HR, закупки услуг.","Гипотезы для мониторинга: новые программы; обновление каталога; набор экспертов; обучение наставников; вакансии методистов; электронные курсы; публикации о подрядчиках и закупках. Текущий заказ не установлен.","Уточнить актуального владельца программы, публичные контакты и закупочное юрлицо; найти рубрики новостей/программ, официальные соцсети и правила привлечения внешних провайдеров. Сохранить все найденные каналы.","Значительная часть программ рабочая; для МИСБ интересны методика, развитие преподавателей, управленческие и цифровые компоненты, которые нужно уточнить. Не удалять при низком приоритете, дублях или ошибке доступа.","Дополнительная подтвержденная структура сверх основной выборки; продолжать мониторинг."
"CU-0019","main_200","Корпоративная Академия Росатома","ГК «Росатом»","Росатом","RU","corporate_academy","Атомная промышленность","Руководители, специалисты, кадровый резерв и внутренние преподаватели.","Высокое: управленческое обучение, развитие кадрового резерва, HR, право, финансы, закупки, цифровые курсы и фасилитация.","https://rosatom-academy.ru/ob-akademii/","https://rosatom-academy.ru/ob-akademii/","Прочитан официальный сайт Академии: развитие руководителей, корпоративных функций, компетенций и образовательных продуктов.","content_read","2026-10-01","Закупки самой Академии → предметный руководитель программы → участие МИСБ как внешний преподаватель/разработчик программы или контента; самостоятельно проверить условия допуска по конкретной процедуре.","Директор КУ/УЦ, руководитель обучения и развития, методический отдел, HR, закупки услуг.","Гипотезы для мониторинга: новые программы; обновление каталога; набор экспертов; обучение наставников; вакансии методистов; электронные курсы; публикации о подрядчиках и закупках. Текущий заказ не установлен.","Уточнить актуального владельца программы, публичные контакты и закупочное юрлицо; найти рубрики новостей/программ, официальные соцсети и правила привлечения внешних провайдеров. Сохранить все найденные каналы.","Существование структуры не доказывает открытый заказ; собственная экспертиза может снижать потребность во внешнем провайдере. Не удалять при низком приоритете, дублях или ошибке доступа.","Именованная структура с подтверждением; отбор по стране, очереди и типу. Это не оценка вероятности заказа."
"CU-0020","main_200","Техническая академия Росатома","ГК «Росатом»","Росатом","RU","corporate_academy","Атомная промышленность","Руководители, специалисты, кадровый резерв и внутренние преподаватели.","Высокое: управленческое обучение, развитие кадрового резерва, HR, право, финансы, закупки, цифровые курсы и фасилитация.","https://rosatomtech.ru/about-us/","https://rosatomtech.ru/about-us/","Прочитана официальная страница: ДПО руководителей и специалистов; научно-методическая поддержка, семинары и стратегические сессии.","content_read","2026-10-01","Закупки самой Академии → предметный руководитель программы → участие МИСБ как внешний преподаватель/разработчик программы или контента; самостоятельно проверить условия допуска по конкретной процедуре.","Директор КУ/УЦ, руководитель обучения и развития, методический отдел, HR, закупки услуг.","Гипотезы для мониторинга: новые программы; обновление каталога; набор экспертов; обучение наставников; вакансии методистов; электронные курсы; публикации о подрядчиках и закупках. Текущий заказ не установлен.","Уточнить актуального владельца программы, публичные контакты и закупочное юрлицо; найти рубрики новостей/программ, официальные соцсети и правила привлечения внешних провайдеров. Сохранить все найденные каналы.","Существование структуры не доказывает открытый заказ; собственная экспертиза может снижать потребность во внешнем провайдере. Не удалять при низком приоритете, дублях или ошибке доступа.","Именованная структура с подтверждением; отбор по стране, очереди и типу. Это не оценка вероятности заказа."
"CU-0021","main_200","Интер РАО — Корпоративный университет","ПАО «Интер РАО»","Интер РАО","RU","corporate_university","Электроэнергетика","Руководители, специалисты, кадровый резерв и внутренние преподаватели.","Высокое: управленческое обучение, развитие кадрового резерва, HR, право, финансы, закупки, цифровые курсы и фасилитация.","https://interrao-university.ru/","https://interrao-university.ru/","Официальный сайт подтверждает КУ группы и цели развития управленческих компетенций и кадрового резерва.","search_index","2026-10-01","Руководитель образовательной структуры / L&D → ответственное за программу подразделение → закупки юридического лица; также партнёрское или субподрядное участие в учебных проектах.","Директор КУ/УЦ, руководитель обучения и развития, методический отдел, HR, закупки услуг.","Гипотезы для мониторинга: новые программы; обновление каталога; набор экспертов; обучение наставников; вакансии методистов; электронные курсы; публикации о подрядчиках и закупках. Текущий заказ не установлен.","Уточнить актуального владельца программы, публичные контакты и закупочное юрлицо; найти рубрики новостей/программ, официальные соцсети и правила привлечения внешних провайдеров. Сохранить все найденные каналы.","Существование структуры не доказывает открытый заказ; собственная экспертиза может снижать потребность во внешнем провайдере. Не удалять при низком приоритете, дублях или ошибке доступа.","Именованная структура с подтверждением; отбор по стране, очереди и типу. Это не оценка вероятности заказа."
"CU-0022","main_200","Корпоративный университет гидроэнергетики РусГидро (КорУнГ)","ПАО «РусГидро»","РусГидро","RU","corporate_university","Электроэнергетика","Руководители, специалисты, кадровый резерв и внутренние преподаватели.","Высокое: управленческое обучение, развитие кадрового резерва, HR, право, финансы, закупки, цифровые курсы и фасилитация.","https://korung.rushydro.ru/","https://t.me/s/rushydro_official/6778","Официальный Telegram-канал РусГидро прямо ссылается на портал КУ korung.rushydro.ru; годовой отчёт 2024 подтверждает КорУнГ как филиал. Прямой разбор портала вернул пустое содержимое.","content_read","2026-10-01","Руководитель образовательной структуры / L&D → ответственное за программу подразделение → закупки юридического лица; также партнёрское или субподрядное участие в учебных проектах.","Директор КУ/УЦ, руководитель обучения и развития, методический отдел, HR, закупки услуг.","Гипотезы для мониторинга: новые программы; обновление каталога; набор экспертов; обучение наставников; вакансии методистов; электронные курсы; публикации о подрядчиках и закупках. Текущий заказ не установлен.","Уточнить актуального владельца программы, публичные контакты и закупочное юрлицо; найти рубрики новостей/программ, официальные соцсети и правила привлечения внешних провайдеров. Сохранить все найденные каналы.","Публичный адрес КУ подтверждён официальным каналом, но доступный контент портала не извлечён. Сборщик не проверен. Отчёт — периодический источник, не текущая заявка; не удалять при ошибках/нулевых результатах.","Именованная структура с подтверждением; отбор по стране, очереди и типу. Это не оценка вероятности заказа."
"CU-0023","main_200","Корпоративный университет Сибирской генерирующей компании","ООО «Сибирская генерирующая компания»","СГК","RU","corporate_university","Электроэнергетика","Руководители, специалисты, кадровый резерв и внутренние преподаватели.","Высокое: управленческое обучение, развитие кадрового резерва, HR, право, финансы, закупки, цифровые курсы и фасилитация.","https://sibgenco.online/news/element/tekhnicheskie-resheniya-i-kreativnyy-podkhod-v-krasnoyarske-proshel-trening-ot-korporativnogo-univer/","https://sibgenco.online/news/element/tekhnicheskie-resheniya-i-kreativnyy-podkhod-v-krasnoyarske-proshel-trening-ot-korporativnogo-univer/","Корпоративное медиа СГК прямо подтверждает КУ как часть программы развития и управленческие тренинги.","search_index","2026-10-01","Руководитель образовательной структуры / L&D → ответственное за программу подразделение → закупки юридического лица; также партнёрское или субподрядное участие в учебных проектах.","Директор КУ/УЦ, руководитель обучения и развития, методический отдел, HR, закупки услуг.","Гипотезы для мониторинга: новые программы; обновление каталога; набор экспертов; обучение наставников; вакансии методистов; электронные курсы; публикации о подрядчиках и закупках. Текущий заказ не установлен.","Уточнить актуального владельца программы, публичные контакты и закупочное юрлицо; найти рубрики новостей/программ, официальные соцсети и правила привлечения внешних провайдеров. Сохранить все найденные каналы.","Существование структуры не доказывает открытый заказ; собственная экспертиза может снижать потребность во внешнем провайдере. Не удалять при низком приоритете, дублях или ошибке доступа.","Именованная структура с подтверждением; отбор по стране, очереди и типу. Это не оценка вероятности заказа."
"CU-0024","main_200","Тверской учебно-производственный центр","Россети Центр","Россети","RU","company_training_center","Электроэнергетика","Руководители, специалисты и производственный персонал; долю управленческих программ уточнить.","Условное: программы руководителей и специалистов, наставничество, подготовка преподавателей и электронные учебные материалы; рабочие квалификации вне основного профиля МИСБ.","http://tvupc.ru","https://www.mrsk-1.ru/about/personnel/youth/uchebnye-tsentry/","Самостоятельный учебный центр указан в официальном корпоративном каталоге; ссылка официального каталога установлена, но прямое чтение центра завершилось ошибкой.","content_read","2026-10-01","Руководитель образовательной структуры / L&D → ответственное за программу подразделение → закупки юридического лица; также партнёрское или субподрядное участие в учебных проектах.","Директор КУ/УЦ, руководитель обучения и развития, методический отдел, HR, закупки услуг.","Гипотезы для мониторинга: новые программы; обновление каталога; набор экспертов; обучение наставников; вакансии методистов; электронные курсы; публикации о подрядчиках и закупках. Текущий заказ не установлен.","Уточнить актуального владельца программы, публичные контакты и закупочное юрлицо; найти рубрики новостей/программ, официальные соцсети и правила привлечения внешних провайдеров. Сохранить все найденные каналы.","Технический профиль: управленческие и методические заказы проверять отдельно. Доступ к собственному сайту в проверке не получен; сохранять как отдельный канал. Не удалять при низком приоритете, дублях или ошибке доступа.","Именованная структура с подтверждением; отбор по стране, очереди и типу. Это не оценка вероятности заказа."
"CU-0025","main_200","Орловский учебный комбинат","Россети Центр","Россети","RU","company_training_center","Электроэнергетика","Руководители, специалисты и производственный персонал; долю управленческих программ уточнить.","Условное: программы руководителей и специалистов, наставничество, подготовка преподавателей и электронные учебные материалы; рабочие квалификации вне основного профиля МИСБ.","https://uk57.ru","https://uk57.ru","Самостоятельный учебный центр указан в официальном корпоративном каталоге; сайт центра прочитан.","content_read","2026-10-01","Руководитель образовательной структуры / L&D → ответственное за программу подразделение → закупки юридического лица; также партнёрское или субподрядное участие в учебных проектах.","Директор КУ/УЦ, руководитель обучения и развития, методический отдел, HR, закупки услуг.","Гипотезы для мониторинга: новые программы; обновление каталога; набор экспертов; обучение наставников; вакансии методистов; электронные курсы; публикации о подрядчиках и закупках. Текущий заказ не установлен.","Уточнить актуального владельца программы, публичные контакты и закупочное юрлицо; найти рубрики новостей/программ, официальные соцсети и правила привлечения внешних провайдеров. Сохранить все найденные каналы.","Технический профиль: управленческие и методические заказы проверять отдельно.  Не удалять при низком приоритете, дублях или ошибке доступа.","Именованная структура с подтверждением; отбор по стране, очереди и типу. Это не оценка вероятности заказа."
"CU-0026","main_200","Воронежский учебный центр «Энергетик»","Россети Центр","Россети","RU","company_training_center","Электроэнергетика","Руководители, специалисты и производственный персонал; долю управленческих программ уточнить.","Условное: программы руководителей и специалистов, наставничество, подготовка преподавателей и электронные учебные материалы; рабочие квалификации вне основного профиля МИСБ.","https://vuc-energetik.ru","https://vuc-energetik.ru","Самостоятельный учебный центр указан в официальном корпоративном каталоге; сайт центра прочитан.","content_read","2026-10-01","Руководитель образовательной структуры / L&D → ответственное за программу подразделение → закупки юридического лица; также партнёрское или субподрядное участие в учебных проектах.","Директор КУ/УЦ, руководитель обучения и развития, методический отдел, HR, закупки услуг.","Гипотезы для мониторинга: новые программы; обновление каталога; набор экспертов; обучение наставников; вакансии методистов; электронные курсы; публикации о подрядчиках и закупках. Текущий заказ не установлен.","Уточнить актуального владельца программы, публичные контакты и закупочное юрлицо; найти рубрики новостей/программ, официальные соцсети и правила привлечения внешних провайдеров. Сохранить все найденные каналы.","Технический профиль: управленческие и методические заказы проверять отдельно.  Не удалять при низком приоритете, дублях или ошибке доступа.","Именованная структура с подтверждением; отбор по стране, очереди и типу. Это не оценка вероятности заказа."
"CU-0027","main_200","Владимирский учебный центр «Энергетик»","Россети Центр и Приволжье","Россети","RU","company_training_center","Электроэнергетика","Руководители, специалисты и производственный персонал; долю управленческих программ уточнить.","Условное: программы руководителей и специалистов, наставничество, подготовка преподавателей и электронные учебные материалы; рабочие квалификации вне основного профиля МИСБ.","http://energetik33.ru","https://www.mrsk-1.ru/about/personnel/youth/uchebnye-tsentry/","Самостоятельный учебный центр указан в официальном корпоративном каталоге; ссылка официального каталога установлена, но прямое чтение центра завершилось ошибкой.","content_read","2026-10-01","Руководитель образовательной структуры / L&D → ответственное за программу подразделение → закупки юридического лица; также партнёрское или субподрядное участие в учебных проектах.","Директор КУ/УЦ, руководитель обучения и развития, методический отдел, HR, закупки услуг.","Гипотезы для мониторинга: новые программы; обновление каталога; набор экспертов; обучение наставников; вакансии методистов; электронные курсы; публикации о подрядчиках и закупках. Текущий заказ не установлен.","Уточнить актуального владельца программы, публичные контакты и закупочное юрлицо; найти рубрики новостей/программ, официальные соцсети и правила привлечения внешних провайдеров. Сохранить все найденные каналы.","Технический профиль: управленческие и методические заказы проверять отдельно. Доступ к собственному сайту в проверке не получен; сохранять как отдельный канал. Не удалять при низком приоритете, дублях или ошибке доступа.","Именованная структура с подтверждением; отбор по стране, очереди и типу. Это не оценка вероятности заказа."
"CU-0028","main_200","Ивановский учебный центр «Энергетик»","Россети Центр и Приволжье","Россети","RU","company_training_center","Электроэнергетика","Руководители, специалисты и производственный персонал; долю управленческих программ уточнить.","Условное: программы руководителей и специалистов, наставничество, подготовка преподавателей и электронные учебные материалы; рабочие квалификации вне основного профиля МИСБ.","https://ivenergetik37.ru","https://ivenergetik37.ru","Самостоятельный учебный центр указан в официальном корпоративном каталоге; сайт центра прочитан.","content_read","2026-10-01","Руководитель образовательной структуры / L&D → ответственное за программу подразделение → закупки юридического лица; также партнёрское или субподрядное участие в учебных проектах.","Директор КУ/УЦ, руководитель обучения и развития, методический отдел, HR, закупки услуг.","Гипотезы для мониторинга: новые программы; обновление каталога; набор экспертов; обучение наставников; вакансии методистов; электронные курсы; публикации о подрядчиках и закупках. Текущий заказ не установлен.","Уточнить актуального владельца программы, публичные контакты и закупочное юрлицо; найти рубрики новостей/программ, официальные соцсети и правила привлечения внешних провайдеров. Сохранить все найденные каналы.","Технический профиль: управленческие и методические заказы проверять отдельно.  Не удалять при низком приоритете, дублях или ошибке доступа.","Именованная структура с подтверждением; отбор по стране, очереди и типу. Это не оценка вероятности заказа."
"CU-0029","main_200","Ижевский учебный центр «Энергетик»","Россети Центр и Приволжье","Россети","RU","company_training_center","Электроэнергетика","Руководители, специалисты и производственный персонал; долю управленческих программ уточнить.","Условное: программы руководителей и специалистов, наставничество, подготовка преподавателей и электронные учебные материалы; рабочие квалификации вне основного профиля МИСБ.","https://www.ukenergetic.ru/","https://www.ukenergetic.ru/","Самостоятельный учебный центр указан в официальном корпоративном каталоге; сайт центра прочитан.","content_read","2026-10-01","Руководитель образовательной структуры / L&D → ответственное за программу подразделение → закупки юридического лица; также партнёрское или субподрядное участие в учебных проектах.","Директор КУ/УЦ, руководитель обучения и развития, методический отдел, HR, закупки услуг.","Гипотезы для мониторинга: новые программы; обновление каталога; набор экспертов; обучение наставников; вакансии методистов; электронные курсы; публикации о подрядчиках и закупках. Текущий заказ не установлен.","Уточнить актуального владельца программы, публичные контакты и закупочное юрлицо; найти рубрики новостей/программ, официальные соцсети и правила привлечения внешних провайдеров. Сохранить все найденные каналы.","Технический профиль: управленческие и методические заказы проверять отдельно.  Не удалять при низком приоритете, дублях или ошибке доступа.","Именованная структура с подтверждением; отбор по стране, очереди и типу. Это не оценка вероятности заказа."
"CU-0030","main_200","Калужский учебный центр «Энергетик»","Россети Центр и Приволжье","Россети","RU","company_training_center","Электроэнергетика","Руководители, специалисты и производственный персонал; долю управленческих программ уточнить.","Условное: программы руководителей и специалистов, наставничество, подготовка преподавателей и электронные учебные материалы; рабочие квалификации вне основного профиля МИСБ.","https://energetik40.ru","https://energetik40.ru","Самостоятельный учебный центр указан в официальном корпоративном каталоге; сайт центра прочитан.","content_read","2026-10-01","Руководитель образовательной структуры / L&D → ответственное за программу подразделение → закупки юридического лица; также партнёрское или субподрядное участие в учебных проектах.","Директор КУ/УЦ, руководитель обучения и развития, методический отдел, HR, закупки услуг.","Гипотезы для мониторинга: новые программы; обновление каталога; набор экспертов; обучение наставников; вакансии методистов; электронные курсы; публикации о подрядчиках и закупках. Текущий заказ не установлен.","Уточнить актуального владельца программы, публичные контакты и закупочное юрлицо; найти рубрики новостей/программ, официальные соцсети и правила привлечения внешних провайдеров. Сохранить все найденные каналы.","Технический профиль: управленческие и методические заказы проверять отдельно.  Не удалять при низком приоритете, дублях или ошибке доступа.","Именованная структура с подтверждением; отбор по стране, очереди и типу. Это не оценка вероятности заказа."
"CU-0031","main_200","Кировский учебный центр «Энергетик»","Россети Центр и Приволжье","Россети","RU","company_training_center","Электроэнергетика","Руководители, специалисты и производственный персонал; долю управленческих программ уточнить.","Условное: программы руководителей и специалистов, наставничество, подготовка преподавателей и электронные учебные материалы; рабочие квалификации вне основного профиля МИСБ.","http://www.ucenergetik.ru","https://www.mrsk-1.ru/about/personnel/youth/uchebnye-tsentry/","Самостоятельный учебный центр указан в официальном корпоративном каталоге; ссылка официального каталога установлена, но прямое чтение центра завершилось ошибкой.","content_read","2026-10-01","Руководитель образовательной структуры / L&D → ответственное за программу подразделение → закупки юридического лица; также партнёрское или субподрядное участие в учебных проектах.","Директор КУ/УЦ, руководитель обучения и развития, методический отдел, HR, закупки услуг.","Гипотезы для мониторинга: новые программы; обновление каталога; набор экспертов; обучение наставников; вакансии методистов; электронные курсы; публикации о подрядчиках и закупках. Текущий заказ не установлен.","Уточнить актуального владельца программы, публичные контакты и закупочное юрлицо; найти рубрики новостей/программ, официальные соцсети и правила привлечения внешних провайдеров. Сохранить все найденные каналы.","Технический профиль: управленческие и методические заказы проверять отдельно. Доступ к собственному сайту в проверке не получен; сохранять как отдельный канал. Не удалять при низком приоритете, дублях или ошибке доступа.","Именованная структура с подтверждением; отбор по стране, очереди и типу. Это не оценка вероятности заказа."
"CU-0032","main_200","Тульский учебный центр «Энергетик»","Россети Центр и Приволжье","Россети","RU","company_training_center","Электроэнергетика","Руководители, специалисты и производственный персонал; долю управленческих программ уточнить.","Условное: программы руководителей и специалистов, наставничество, подготовка преподавателей и электронные учебные материалы; рабочие квалификации вне основного профиля МИСБ.","http://www.ukktulenergo.ru","https://www.mrsk-1.ru/about/personnel/youth/uchebnye-tsentry/","Самостоятельный учебный центр указан в официальном корпоративном каталоге; ссылка официального каталога установлена, но прямое чтение центра завершилось ошибкой.","content_read","2026-10-01","Руководитель образовательной структуры / L&D → ответственное за программу подразделение → закупки юридического лица; также партнёрское или субподрядное участие в учебных проектах.","Директор КУ/УЦ, руководитель обучения и развития, методический отдел, HR, закупки услуг.","Гипотезы для мониторинга: новые программы; обновление каталога; набор экспертов; обучение наставников; вакансии методистов; электронные курсы; публикации о подрядчиках и закупках. Текущий заказ не установлен.","Уточнить актуального владельца программы, публичные контакты и закупочное юрлицо; найти рубрики новостей/программ, официальные соцсети и правила привлечения внешних провайдеров. Сохранить все найденные каналы.","Технический профиль: управленческие и методические заказы проверять отдельно. Доступ к собственному сайту в проверке не получен; сохранять как отдельный канал. Не удалять при низком приоритете, дублях или ошибке доступа.","Именованная структура с подтверждением; отбор по стране, очереди и типу. Это не оценка вероятности заказа."
"CU-0033","main_200","Нижегородский учебный центр «Энергетик»","Россети Центр и Приволжье","Россети","RU","company_training_center","Электроэнергетика","Руководители, специалисты и производственный персонал; долю управленческих программ уточнить.","Условное: программы руководителей и специалистов, наставничество, подготовка преподавателей и электронные учебные материалы; рабочие квалификации вне основного профиля МИСБ.","https://energetik-nn.ru/","https://energetik-nn.ru/","Самостоятельный учебный центр указан в официальном корпоративном каталоге; сайт центра прочитан.","content_read","2026-10-01","Руководитель образовательной структуры / L&D → ответственное за программу подразделение → закупки юридического лица; также партнёрское или субподрядное участие в учебных проектах.","Директор КУ/УЦ, руководитель обучения и развития, методический отдел, HR, закупки услуг.","Гипотезы для мониторинга: новые программы; обновление каталога; набор экспертов; обучение наставников; вакансии методистов; электронные курсы; публикации о подрядчиках и закупках. Текущий заказ не установлен.","Уточнить актуального владельца программы, публичные контакты и закупочное юрлицо; найти рубрики новостей/программ, официальные соцсети и правила привлечения внешних провайдеров. Сохранить все найденные каналы.","Технический профиль: управленческие и методические заказы проверять отдельно.  Не удалять при низком приоритете, дублях или ошибке доступа.","Именованная структура с подтверждением; отбор по стране, очереди и типу. Это не оценка вероятности заказа."
"CU-0034","main_200","Учебный центр «Россети Урал»","ПАО «Россети Урал»","Россети","RU","company_training_center","Электроэнергетика","Руководители, специалисты и производственный персонал; долю управленческих программ уточнить.","Условное: программы руководителей и специалистов, наставничество, подготовка преподавателей и электронные учебные материалы; рабочие квалификации вне основного профиля МИСБ.","https://uc-rosseti-ural.ru/about/","https://uc-rosseti-ural.ru/about/","Официальный сайт центра подтверждает обучение руководителей, специалистов и работников энергетических предприятий.","search_index","2026-10-01","Руководитель образовательной структуры / L&D → ответственное за программу подразделение → закупки юридического лица; также партнёрское или субподрядное участие в учебных проектах.","Директор КУ/УЦ, руководитель обучения и развития, методический отдел, HR, закупки услуг.","Гипотезы для мониторинга: новые программы; обновление каталога; набор экспертов; обучение наставников; вакансии методистов; электронные курсы; публикации о подрядчиках и закупках. Текущий заказ не установлен.","Уточнить актуального владельца программы, публичные контакты и закупочное юрлицо; найти рубрики новостей/программ, официальные соцсети и правила привлечения внешних провайдеров. Сохранить все найденные каналы.","Существование структуры не доказывает открытый заказ; собственная экспертиза может снижать потребность во внешнем провайдере. Не удалять при низком приоритете, дублях или ошибке доступа.","Именованная структура с подтверждением; отбор по стране, очереди и типу. Это не оценка вероятности заказа."
"CU-0035","main_200","Учебный центр ПАО «Россети Московский регион»","ПАО «Россети Московский регион»","Россети","RU","company_training_center","Электроэнергетика","Руководители, специалисты и производственный персонал; долю управленческих программ уточнить.","Высокое: внешнее обучение, управленческие компетенции, развитие персонала, подготовка электронных материалов.","https://rossetimr.ru/client/services/training-center/","https://rossetimr.ru/client/services/training-center/","Официальная страница подтверждает лицензированный УЦ; контакты выделяют управление внешнего обучения.","search_index","2026-10-01","Управление внешнего обучения УЦ → руководитель темы и бюджетодержатель → закупочная процедура общества.","Директор КУ/УЦ, руководитель обучения и развития, методический отдел, HR, закупки услуг.","Гипотезы для мониторинга: новые программы; обновление каталога; набор экспертов; обучение наставников; вакансии методистов; электронные курсы; публикации о подрядчиках и закупках. Текущий заказ не установлен.","Уточнить актуального владельца программы, публичные контакты и закупочное юрлицо; найти рубрики новостей/программ, официальные соцсети и правила привлечения внешних провайдеров. Сохранить все найденные каналы.","Существование структуры не доказывает открытый заказ; собственная экспертиза может снижать потребность во внешнем провайдере. Не удалять при низком приоритете, дублях или ошибке доступа.","Именованная структура с подтверждением; отбор по стране, очереди и типу. Это не оценка вероятности заказа."
"CU-0036","main_200","Учебный комплекс «Россети Ленэнерго»","ПАО «Россети Ленэнерго»","Россети","RU","company_training_center","Электроэнергетика","Руководители, специалисты и производственный персонал; долю управленческих программ уточнить.","Условное: программы руководителей и специалистов, наставничество, подготовка преподавателей и электронные учебные материалы; рабочие квалификации вне основного профиля МИСБ.","https://rosseti-lenenergo.ru/educational/svedenia/mattehpoddrzka/","https://rosseti-lenenergo.ru/educational/svedenia/mattehpoddrzka/","Официальная страница подтверждает Учебный комплекс; новость 2026 года сообщает о проведённом обучении.","search_index","2026-10-01","Руководитель образовательной структуры / L&D → ответственное за программу подразделение → закупки юридического лица; также партнёрское или субподрядное участие в учебных проектах.","Директор КУ/УЦ, руководитель обучения и развития, методический отдел, HR, закупки услуг.","Гипотезы для мониторинга: новые программы; обновление каталога; набор экспертов; обучение наставников; вакансии методистов; электронные курсы; публикации о подрядчиках и закупках. Текущий заказ не установлен.","Уточнить актуального владельца программы, публичные контакты и закупочное юрлицо; найти рубрики новостей/программ, официальные соцсети и правила привлечения внешних провайдеров. Сохранить все найденные каналы.","Существование структуры не доказывает открытый заказ; собственная экспертиза может снижать потребность во внешнем провайдере. Не удалять при низком приоритете, дублях или ошибке доступа.","Именованная структура с подтверждением; отбор по стране, очереди и типу. Это не оценка вероятности заказа."
"CU-0037","main_200","Новокуйбышевский учебный центр","АО «Транснефть — Приволга»","Транснефть","RU","company_training_center","Трубопроводный транспорт","Руководители, специалисты и производственный персонал; долю управленческих программ уточнить.","Условное: программы руководителей и специалистов, наставничество, подготовка преподавателей и электронные учебные материалы; рабочие квалификации вне основного профиля МИСБ.","https://chpounuc.ru/","https://chpounuc.ru/","Собственный сайт и официальный каталог системы Транснефти подтверждают отдельный образовательный центр.","search_index","2026-10-01","Руководитель образовательной структуры / L&D → ответственное за программу подразделение → закупки юридического лица; также партнёрское или субподрядное участие в учебных проектах.","Директор КУ/УЦ, руководитель обучения и развития, методический отдел, HR, закупки услуг.","Гипотезы для мониторинга: новые программы; обновление каталога; набор экспертов; обучение наставников; вакансии методистов; электронные курсы; публикации о подрядчиках и закупках. Текущий заказ не установлен.","Уточнить актуального владельца программы, публичные контакты и закупочное юрлицо; найти рубрики новостей/программ, официальные соцсети и правила привлечения внешних провайдеров. Сохранить все найденные каналы.","Существование структуры не доказывает открытый заказ; собственная экспертиза может снижать потребность во внешнем провайдере. Не удалять при низком приоритете, дублях или ошибке доступа.","Именованная структура с подтверждением; отбор по стране, очереди и типу. Это не оценка вероятности заказа."
"CU-0038","main_200","Региональный учебный центр АО «Транснефть — Север»","АО «Транснефть — Север»","Транснефть","RU","company_training_center","Трубопроводный транспорт","Руководители, специалисты и производственный персонал; долю управленческих программ уточнить.","Условное: программы руководителей и специалистов, наставничество, подготовка преподавателей и электронные учебные материалы; рабочие квалификации вне основного профиля МИСБ.","https://north.transneft.ru/personnel-management/training-system/regionalnyy-uchebnyy-tsentr/","https://ptport.ru/personnel-management/training-system/corp-educational-organizations/","Прочитан официальный каталог Транснефти: отдельный РУЦ в Ухте; целевая страница сообщает об обновлении сайта.","content_read","2026-10-01","Руководитель образовательной структуры / L&D → ответственное за программу подразделение → закупки юридического лица; также партнёрское или субподрядное участие в учебных проектах.","Директор КУ/УЦ, руководитель обучения и развития, методический отдел, HR, закупки услуг.","Гипотезы для мониторинга: новые программы; обновление каталога; набор экспертов; обучение наставников; вакансии методистов; электронные курсы; публикации о подрядчиках и закупках. Текущий заказ не установлен.","Уточнить актуального владельца программы, публичные контакты и закупочное юрлицо; найти рубрики новостей/программ, официальные соцсети и правила привлечения внешних провайдеров. Сохранить все найденные каналы.","В ходе чтения целевой сайт показал сообщение об обновлении; доступный контент и действующий URL нужно перепроверить. Не удалять при низком приоритете, дублях или ошибке доступа.","Именованная структура с подтверждением; отбор по стране, очереди и типу. Это не оценка вероятности заказа."
"CU-0039","reserve","Учебный центр ЛАРН АО «Транснефть — Подводсервис»","АО «Транснефть — Подводсервис»","Транснефть","RU","company_training_center","Трубопроводный транспорт","Руководители, специалисты и производственный персонал; долю управленческих программ уточнить.","Условное: подготовка преподавателей, методическое сопровождение и цифровой контент; подготовка спасателей/ЛАРН не является основным предложением МИСБ.","https://tps.transneft.ru/customers/center/","https://ptport.ru/personnel-management/training-system/corp-educational-organizations/","Прочитан официальный корпоративный каталог: центр ЛАРН назван отдельной образовательной структурой в Нижнем Новгороде.","content_read","2026-10-01","Руководитель образовательной структуры / L&D → ответственное за программу подразделение → закупки юридического лица; также партнёрское или субподрядное участие в учебных проектах.","Директор КУ/УЦ, руководитель обучения и развития, методический отдел, HR, закупки услуг.","Гипотезы для мониторинга: новые программы; обновление каталога; набор экспертов; обучение наставников; вакансии методистов; электронные курсы; публикации о подрядчиках и закупках. Текущий заказ не установлен.","Уточнить актуального владельца программы, публичные контакты и закупочное юрлицо; найти рубрики новостей/программ, официальные соцсети и правила привлечения внешних провайдеров. Сохранить все найденные каналы.","Прямой запрос целевой страницы вернул 502; сохранить официальный адрес и задачу повторной проверки. Не удалять при низком приоритете, дублях или ошибке доступа.","Дополнительная подтвержденная структура сверх основной выборки; продолжать мониторинг."
"CU-0040","main_200","Учебный центр ПАО «Мосэнерго»","ПАО «Мосэнерго»","Газпром","RU","company_training_center","Электроэнергетика","Руководители, специалисты и производственный персонал; долю управленческих программ уточнить.","Условное: программы руководителей и специалистов, наставничество, подготовка преподавателей и электронные учебные материалы; рабочие квалификации вне основного профиля МИСБ.","https://www.mosenergo.ru/career/training-center/info/","https://www.mosenergo.ru/career/training-center/info/","Официальные сведения подтверждают собственный УЦ Мосэнерго и роль отраслевого центра Газпром энергохолдинга.","search_index","2026-10-01","Руководитель образовательной структуры / L&D → ответственное за программу подразделение → закупки юридического лица; также партнёрское или субподрядное участие в учебных проектах.","Директор КУ/УЦ, руководитель обучения и развития, методический отдел, HR, закупки услуг.","Гипотезы для мониторинга: новые программы; обновление каталога; набор экспертов; обучение наставников; вакансии методистов; электронные курсы; публикации о подрядчиках и закупках. Текущий заказ не установлен.","Уточнить актуального владельца программы, публичные контакты и закупочное юрлицо; найти рубрики новостей/программ, официальные соцсети и правила привлечения внешних провайдеров. Сохранить все найденные каналы.","Существование структуры не доказывает открытый заказ; собственная экспертиза может снижать потребность во внешнем провайдере. Не удалять при низком приоритете, дублях или ошибке доступа.","Именованная структура с подтверждением; отбор по стране, очереди и типу. Это не оценка вероятности заказа."
"CU-0041","main_200","Корпоративный университет «Норникель»","ПАО «ГМК «Норильский никель»","Норникель","RU","corporate_university","Металлургия и добыча","Руководители, специалисты и сотрудники группы; конкретные аудитории уточнить по программам","управление; кадровый резерв; HR; наставничество; цифровые навыки; электронные курсы","https://university.nornik.ru/","https://university.nornik.ru/","В поисковом индексе официального сайта КУ назван звеном непрерывного образования компании.","search_index","2026-10-01","Через руководителя КУ/учебного центра или L&D компании уточнить потребность; сопоставить программы с предложением МИСБ; проверить отбор внешних провайдеров и закупки группы. Возможны субподряд и совместные программы, а не только прямая продажа.","Руководитель КУ/учебного центра; HRD; руководитель обучения и развития; методолог; закупщик образовательных услуг","Гипотезы для мониторинга: новый поток или изменение программы; приглашение внешнего эксперта; разработка электронного курса; закупка обучения; объявление партнёрства; вакансия методолога/руководителя обучения. Наличие КУ само по себе не является заказом.","Проверить свежие новости и портфель программ; найти контакты ответственного за внешних провайдеров, закупочный канал и формы партнёрства. Сохранить найденные дочерние маршруты отдельными каналами; выяснить действующий статус структуры.","Главная страница при открытии дала тайм-аут; это ограничение доступа, а не отсутствие КУ. Подтверждено существование образовательной структуры, но не открытый заказ и не допуск МИСБ к закупке. Подключение автоматического сборщика не проверялось.","Именованная структура с подтверждением; отбор по стране, очереди и типу. Это не оценка вероятности заказа."
"CU-0042","main_200","Корпоративный университет РУСАЛа","ОК РУСАЛ","РУСАЛ","RU","corporate_university","Алюминиевая промышленность","Руководители, специалисты и сотрудники группы; конкретные аудитории уточнить по программам","управленческие навыки; кадровый резерв; наставничество; межфункциональное обучение; цифровой контент","https://rusal.ru/career/working/","https://rusal.ru/career/working/","Официальная страница описывает КУ и развитие управленческих и квалификационных компетенций сотрудников.","content_read","2026-10-01","Через руководителя КУ/учебного центра или L&D компании уточнить потребность; сопоставить программы с предложением МИСБ; проверить отбор внешних провайдеров и закупки группы. Возможны субподряд и совместные программы, а не только прямая продажа.","Руководитель КУ/учебного центра; HRD; руководитель обучения и развития; методолог; закупщик образовательных услуг","Гипотезы для мониторинга: новый поток или изменение программы; приглашение внешнего эксперта; разработка электронного курса; закупка обучения; объявление партнёрства; вакансия методолога/руководителя обучения. Наличие КУ само по себе не является заказом.","Проверить свежие новости и портфель программ; найти контакты ответственного за внешних провайдеров, закупочный канал и формы партнёрства. Сохранить найденные дочерние маршруты отдельными каналами; выяснить действующий статус структуры.","Подтверждено существование образовательной структуры, но не открытый заказ и не допуск МИСБ к закупке. Подключение автоматического сборщика не проверялось.","Именованная структура с подтверждением; отбор по стране, очереди и типу. Это не оценка вероятности заказа."
"CU-0043","main_200","Университет НЛМК","ПАО «НЛМК»","Группа НЛМК","RU","corporate_university","Металлургия","Руководители, специалисты и сотрудники группы; конкретные аудитории уточнить по программам","лидерство; системное мышление; анализ данных; управление изменениями; подготовка внутренних тренеров","https://university.nlmk.com/university/","https://university.nlmk.com/university/","Официальный сайт подтверждает единую систему управленческого и профессионального обучения группы.","content_read","2026-10-01","Через руководителя КУ/учебного центра или L&D компании уточнить потребность; сопоставить программы с предложением МИСБ; проверить отбор внешних провайдеров и закупки группы. Возможны субподряд и совместные программы, а не только прямая продажа.","Руководитель КУ/учебного центра; HRD; руководитель обучения и развития; методолог; закупщик образовательных услуг","Гипотезы для мониторинга: новый поток или изменение программы; приглашение внешнего эксперта; разработка электронного курса; закупка обучения; объявление партнёрства; вакансия методолога/руководителя обучения. Наличие КУ само по себе не является заказом.","Проверить свежие новости и портфель программ; найти контакты ответственного за внешних провайдеров, закупочный канал и формы партнёрства. Сохранить найденные дочерние маршруты отдельными каналами; выяснить действующий статус структуры.","Подтверждено существование образовательной структуры, но не открытый заказ и не допуск МИСБ к закупке. Подключение автоматического сборщика не проверялось.","Именованная структура с подтверждением; отбор по стране, очереди и типу. Это не оценка вероятности заказа."
"CU-0044","main_200","Корпоративный университет ОМК","АО «Объединённая металлургическая компания»","ОМК","RU","corporate_university","Металлургия","Руководители, специалисты и сотрудники группы; конкретные аудитории уточнить по программам","управление; кадровый резерв; корпоративные компетенции; наставничество; электронные курсы","https://omk.ru/press/news/92090/","https://omk.ru/press/news/92090/","Официальная новость связывает программы развития сотрудников с корпоративным университетом ОМК.","search_index","2026-10-01","Через руководителя КУ/учебного центра или L&D компании уточнить потребность; сопоставить программы с предложением МИСБ; проверить отбор внешних провайдеров и закупки группы. Возможны субподряд и совместные программы, а не только прямая продажа.","Руководитель КУ/учебного центра; HRD; руководитель обучения и развития; методолог; закупщик образовательных услуг","Гипотезы для мониторинга: новый поток или изменение программы; приглашение внешнего эксперта; разработка электронного курса; закупка обучения; объявление партнёрства; вакансия методолога/руководителя обучения. Наличие КУ само по себе не является заказом.","Проверить свежие новости и портфель программ; найти контакты ответственного за внешних провайдеров, закупочный канал и формы партнёрства. Сохранить найденные дочерние маршруты отдельными каналами; выяснить действующий статус структуры.","Открытие страницы в этой проверке завершилось тайм-аутом; подтверждение по официальному поисковому индексу. Подтверждено существование образовательной структуры, но не открытый заказ и не допуск МИСБ к закупке. Подключение автоматического сборщика не проверялось.","Именованная структура с подтверждением; отбор по стране, очереди и типу. Это не оценка вероятности заказа."
"CU-0045","main_200","Корпоративный университет Металлоинвеста","ООО УК «Металлоинвест»","Металлоинвест","RU","corporate_university","Металлургия и добыча","Руководители, специалисты и сотрудники группы; конкретные аудитории уточнить по программам","управленческие программы; внутренние тренеры; методология; кадровый резерв; коммуникации; электронное обучение","https://vmeste.metalloinvest.com/novosti/yuliya-mazanova-vystupila-na-ezhegodnoi-konferenfii-foruma-donorov/","https://vmeste.metalloinvest.com/novosti/yuliya-mazanova-vystupila-na-ezhegodnoi-konferenfii-foruma-donorov/","Корпоративный сайт называет КУ в числе программ развития сотрудников; образовательная структура также отражена в отчётности компании.","search_index","2026-10-01","Через руководителя КУ/учебного центра или L&D компании уточнить потребность; сопоставить программы с предложением МИСБ; проверить отбор внешних провайдеров и закупки группы. Возможны субподряд и совместные программы, а не только прямая продажа.","Руководитель КУ/учебного центра; HRD; руководитель обучения и развития; методолог; закупщик образовательных услуг","Гипотезы для мониторинга: новый поток или изменение программы; приглашение внешнего эксперта; разработка электронного курса; закупка обучения; объявление партнёрства; вакансия методолога/руководителя обучения. Наличие КУ само по себе не является заказом.","Проверить свежие новости и портфель программ; найти контакты ответственного за внешних провайдеров, закупочный канал и формы партнёрства. Сохранить найденные дочерние маршруты отдельными каналами; выяснить действующий статус структуры.","Подтверждено существование образовательной структуры, но не открытый заказ и не допуск МИСБ к закупке. Подключение автоматического сборщика не проверялось.","Именованная структура с подтверждением; отбор по стране, очереди и типу. Это не оценка вероятности заказа."
"CU-0046","main_200","Технический университет УГМК","НЧОУ ВО «ТУ УГМК»","УГМК","RU","corporate_university","Металлургия и добыча","Руководители, специалисты и сотрудники группы; конкретные аудитории уточнить по программам","финансы; HR; бухгалтерский учёт; менеджмент; цифровые навыки; подготовка тренеров","https://tu-ugmk.com/about/","https://tu-ugmk.com/about/","Собственный сайт описывает корпоративный технический университет, обучение руководителей и инженеров; это не обычный независимый госвуз.","content_read","2026-10-01","Через руководителя КУ/учебного центра или L&D компании уточнить потребность; сопоставить программы с предложением МИСБ; проверить отбор внешних провайдеров и закупки группы. Возможны субподряд и совместные программы, а не только прямая продажа.","Руководитель КУ/учебного центра; HRD; руководитель обучения и развития; методолог; закупщик образовательных услуг","Гипотезы для мониторинга: новый поток или изменение программы; приглашение внешнего эксперта; разработка электронного курса; закупка обучения; объявление партнёрства; вакансия методолога/руководителя обучения. Наличие КУ само по себе не является заказом.","Проверить свежие новости и портфель программ; найти контакты ответственного за внешних провайдеров, закупочный канал и формы партнёрства. Сохранить найденные дочерние маршруты отдельными каналами; выяснить действующий статус структуры.","Подтверждено существование образовательной структуры, но не открытый заказ и не допуск МИСБ к закупке. Подключение автоматического сборщика не проверялось.","Именованная структура с подтверждением; отбор по стране, очереди и типу. Это не оценка вероятности заказа."
"CU-0047","main_200","Корпоративный университет ТМК2U","ПАО «ТМК»","ТМК","RU","corporate_university","Трубная металлургия","Руководители, специалисты и сотрудники группы; конкретные аудитории уточнить по программам","HR; системы оплаты труда; лидерство; кадровый резерв; деловые форумы; внутренние тренеры","https://tmk2u.com/Event-calendar/","https://tmk2u.com/Event-calendar/","Прочитан календарь деловых мероприятий 2026 года: HR, управление командами и оплата труда.","content_read","2026-10-01","Через руководителя КУ/учебного центра или L&D компании уточнить потребность; сопоставить программы с предложением МИСБ; проверить отбор внешних провайдеров и закупки группы. Возможны субподряд и совместные программы, а не только прямая продажа.","Руководитель КУ/учебного центра; HRD; руководитель обучения и развития; методолог; закупщик образовательных услуг","Гипотезы для мониторинга: новый поток или изменение программы; приглашение внешнего эксперта; разработка электронного курса; закупка обучения; объявление партнёрства; вакансия методолога/руководителя обучения. Наличие КУ само по себе не является заказом.","Проверить свежие новости и портфель программ; найти контакты ответственного за внешних провайдеров, закупочный канал и формы партнёрства. Сохранить найденные дочерние маршруты отдельными каналами; выяснить действующий статус структуры.","Календарь собственных мероприятий показывает тематику и партнерскую возможность, но не заявку на закупку. Подтверждено существование образовательной структуры, но не открытый заказ и не допуск МИСБ к закупке. Подключение автоматического сборщика не проверялось.","Именованная структура с подтверждением; отбор по стране, очереди и типу. Это не оценка вероятности заказа."
"CU-0048","main_200","Корпоративный центр подготовки кадров «Персонал»","АНО ДПО «КЦПК «Персонал»","ММК","RU","company_training_center","Металлургия","Руководители, специалисты и сотрудники группы; конкретные аудитории уточнить по программам","менеджмент; HR; наставничество; методология обучения; электронные курсы; развитие руководителей","https://kcpk.ru/about/","https://kcpk.ru/about/","Сайт подтверждает происхождение центра из системы ММК и обучение от рабочих до топ-менеджеров.","content_read","2026-10-01","Через руководителя КУ/учебного центра или L&D компании уточнить потребность; сопоставить программы с предложением МИСБ; проверить отбор внешних провайдеров и закупки группы. Возможны субподряд и совместные программы, а не только прямая продажа.","Руководитель КУ/учебного центра; HRD; руководитель обучения и развития; методолог; закупщик образовательных услуг","Гипотезы для мониторинга: новый поток или изменение программы; приглашение внешнего эксперта; разработка электронного курса; закупка обучения; объявление партнёрства; вакансия методолога/руководителя обучения. Наличие КУ само по себе не является заказом.","Проверить свежие новости и портфель программ; найти контакты ответственного за внешних провайдеров, закупочный канал и формы партнёрства. Сохранить найденные дочерние маршруты отдельными каналами; выяснить действующий статус структуры.","Смешанный портфель, включая рабочие профессии; их наличие не основание исключать организацию. Подтверждено существование образовательной структуры, но не открытый заказ и не допуск МИСБ к закупке. Подключение автоматического сборщика не проверялось.","Именованная структура с подтверждением; отбор по стране, очереди и типу. Это не оценка вероятности заказа."
"CU-0049","main_200","Корпоративный университет Полюса","ПАО «Полюс»","Полюс","RU","corporate_university","Золотодобыча","Руководители, специалисты и сотрудники группы; конкретные аудитории уточнить по программам","управление; кадровый резерв; индивидуальные программы развития; цифровые навыки; дистанционное обучение","https://career.polyus.com/about/","https://career.polyus.com/about/","На карьерном портале описаны КУ, групповые и индивидуальные программы, дистанционное обучение.","content_read","2026-10-01","Через руководителя КУ/учебного центра или L&D компании уточнить потребность; сопоставить программы с предложением МИСБ; проверить отбор внешних провайдеров и закупки группы. Возможны субподряд и совместные программы, а не только прямая продажа.","Руководитель КУ/учебного центра; HRD; руководитель обучения и развития; методолог; закупщик образовательных услуг","Гипотезы для мониторинга: новый поток или изменение программы; приглашение внешнего эксперта; разработка электронного курса; закупка обучения; объявление партнёрства; вакансия методолога/руководителя обучения. Наличие КУ само по себе не является заказом.","Проверить свежие новости и портфель программ; найти контакты ответственного за внешних провайдеров, закупочный канал и формы партнёрства. Сохранить найденные дочерние маршруты отдельными каналами; выяснить действующий статус структуры.","Подтверждено существование образовательной структуры, но не открытый заказ и не допуск МИСБ к закупке. Подключение автоматического сборщика не проверялось.","Именованная структура с подтверждением; отбор по стране, очереди и типу. Это не оценка вероятности заказа."
"CU-0050","main_200","Корпоративный университет АЛРОСА","АК «АЛРОСА» (ПАО)","АЛРОСА","RU","corporate_university","Алмазодобыча","Руководители, специалисты и сотрудники группы; конкретные аудитории уточнить по программам","кадровый резерв; лидерство; развитие руководителей; наставничество; дистанционные программы","https://cpk-alrosa.ru/news?cid=6454ed4068e20b0b4c72ce1f","https://cpk-alrosa.ru/news?cid=6454ed4068e20b0b4c72ce1f","В индексе собственного сайта указан корпоративный университет АЛРОСА и адрес в Мирном; официальный сайт группы также подтверждает КУ.","search_index","2026-10-01","Через руководителя КУ/учебного центра или L&D компании уточнить потребность; сопоставить программы с предложением МИСБ; проверить отбор внешних провайдеров и закупки группы. Возможны субподряд и совместные программы, а не только прямая продажа.","Руководитель КУ/учебного центра; HRD; руководитель обучения и развития; методолог; закупщик образовательных услуг","Гипотезы для мониторинга: новый поток или изменение программы; приглашение внешнего эксперта; разработка электронного курса; закупка обучения; объявление партнёрства; вакансия методолога/руководителя обучения. Наличие КУ само по себе не является заказом.","Проверить свежие новости и портфель программ; найти контакты ответственного за внешних провайдеров, закупочный канал и формы партнёрства. Сохранить найденные дочерние маршруты отдельными каналами; выяснить действующий статус структуры.","Главная страница дала 502; адрес с параметром — исходная точка, при подключении найти весь архив. Подтверждено существование образовательной структуры, но не открытый заказ и не допуск МИСБ к закупке. Подключение автоматического сборщика не проверялось.","Именованная структура с подтверждением; отбор по стране, очереди и типу. Это не оценка вероятности заказа."
"CU-0051","reserve","Учебный центр Челябинского металлургического комбината","ПАО «ЧМК»","Мечел","RU","company_training_center","Металлургия","Руководители, специалисты и сотрудники группы; конкретные аудитории уточнить по программам","электронные курсы; подготовка преподавателей; развитие руководителей; экологическая ответственность","https://mechel.ru/sector/steel/chelyabinskiy-metallurgicheskiy-kombinat/professionalnaya_podgotovka/","https://mechel.ru/sector/steel/chelyabinskiy-metallurgicheskiy-kombinat/professionalnaya_podgotovka/","Официальная страница ЧМК указывает учебный центр, программы и телефон для обращения.","search_index","2026-10-01","Через руководителя КУ/учебного центра или L&D компании уточнить потребность; сопоставить программы с предложением МИСБ; проверить отбор внешних провайдеров и закупки группы. Возможны субподряд и совместные программы, а не только прямая продажа.","Руководитель КУ/учебного центра; HRD; руководитель обучения и развития; методолог; закупщик образовательных услуг","Гипотезы для мониторинга: новый поток или изменение программы; приглашение внешнего эксперта; разработка электронного курса; закупка обучения; объявление партнёрства; вакансия методолога/руководителя обучения. Наличие КУ само по себе не является заказом.","Проверить свежие новости и портфель программ; найти контакты ответственного за внешних провайдеров, закупочный канал и формы партнёрства. Сохранить найденные дочерние маршруты отдельными каналами; выяснить действующий статус структуры.","Преобладают рабочие профессии и обязательное обучение; релевантность МИСБ условна, искать управленческий и методический заказ. Подтверждено существование образовательной структуры, но не открытый заказ и не допуск МИСБ к закупке. Подключение автоматического сборщика не проверялось.","Дополнительная подтвержденная структура сверх основной выборки; продолжать мониторинг."
"CU-0052","reserve","Учебный центр Ижстали","ПАО «Ижсталь»","Мечел","RU","company_training_center","Металлургия","Руководители, специалисты и сотрудники группы; конкретные аудитории уточнить по программам","методология; цифровой учебный контент; наставники; управленческие компетенции","https://mechel.ru/sector/steel/izhstal/professionalnaya_podgotovka/","https://mechel.ru/sector/steel/izhstal/professionalnaya_podgotovka/","Официальная страница называет учебный центр предприятия и публикует сведения об образовательной деятельности.","search_index","2026-10-01","Через руководителя КУ/учебного центра или L&D компании уточнить потребность; сопоставить программы с предложением МИСБ; проверить отбор внешних провайдеров и закупки группы. Возможны субподряд и совместные программы, а не только прямая продажа.","Руководитель КУ/учебного центра; HRD; руководитель обучения и развития; методолог; закупщик образовательных услуг","Гипотезы для мониторинга: новый поток или изменение программы; приглашение внешнего эксперта; разработка электронного курса; закупка обучения; объявление партнёрства; вакансия методолога/руководителя обучения. Наличие КУ само по себе не является заказом.","Проверить свежие новости и портфель программ; найти контакты ответственного за внешних провайдеров, закупочный канал и формы партнёрства. Сохранить найденные дочерние маршруты отдельными каналами; выяснить действующий статус структуры.","Основное подтвержденное направление — профессиональное обучение; бизнес-обучение требует проверки. Подтверждено существование образовательной структуры, но не открытый заказ и не допуск МИСБ к закупке. Подключение автоматического сборщика не проверялось.","Дополнительная подтвержденная структура сверх основной выборки; продолжать мониторинг."
"CU-0053","main_200","Учебный центр Корпорации ВСМПО-АВИСМА","ПАО «Корпорация ВСМПО-АВИСМА»","ВСМПО-АВИСМА","RU","company_training_center","Титановая промышленность","Руководители, специалисты и сотрудники группы; конкретные аудитории уточнить по программам","управление производственными командами; наставничество; электронное обучение; HR; качество","https://vsmpo.ru/career/professionalnoe-i-karernoe-razvitie/uchebnyy-tsentr/","https://vsmpo.ru/career/professionalnoe-i-karernoe-razvitie/uchebnyy-tsentr/","Официальный раздел компании посвящён учебному центру корпорации.","search_index","2026-10-01","Через руководителя КУ/учебного центра или L&D компании уточнить потребность; сопоставить программы с предложением МИСБ; проверить отбор внешних провайдеров и закупки группы. Возможны субподряд и совместные программы, а не только прямая продажа.","Руководитель КУ/учебного центра; HRD; руководитель обучения и развития; методолог; закупщик образовательных услуг","Гипотезы для мониторинга: новый поток или изменение программы; приглашение внешнего эксперта; разработка электронного курса; закупка обучения; объявление партнёрства; вакансия методолога/руководителя обучения. Наличие КУ само по себе не является заказом.","Проверить свежие новости и портфель программ; найти контакты ответственного за внешних провайдеров, закупочный канал и формы партнёрства. Сохранить найденные дочерние маршруты отдельными каналами; выяснить действующий статус структуры.","Техническую подготовку рабочих отделять при ранжировании лидов, сохраняя весь источник. Подтверждено существование образовательной структуры, но не открытый заказ и не допуск МИСБ к закупке. Подключение автоматического сборщика не проверялось.","Именованная структура с подтверждением; отбор по стране, очереди и типу. Это не оценка вероятности заказа."
"CU-0054","main_200","Корпоративный университет СИБУРа","ПАО «СИБУР Холдинг»","СИБУР","RU","corporate_university","Нефтехимия","Руководители, специалисты и сотрудники группы; конкретные аудитории уточнить по программам","управление изменениями; лидерство; развитие специалистов; цифровые навыки; клиентское обучение; электронные курсы","https://www.sibur.ru/ru/corporate-university/","https://www.sibur.ru/ru/corporate-university/","Прочитана страница КУ: развитие руководителей и специалистов, открытые курсы и программы для клиентов и партнёров.","content_read","2026-10-01","Через руководителя КУ/учебного центра или L&D компании уточнить потребность; сопоставить программы с предложением МИСБ; проверить отбор внешних провайдеров и закупки группы. Возможны субподряд и совместные программы, а не только прямая продажа.","Руководитель КУ/учебного центра; HRD; руководитель обучения и развития; методолог; закупщик образовательных услуг","Гипотезы для мониторинга: новый поток или изменение программы; приглашение внешнего эксперта; разработка электронного курса; закупка обучения; объявление партнёрства; вакансия методолога/руководителя обучения. Наличие КУ само по себе не является заказом.","Проверить свежие новости и портфель программ; найти контакты ответственного за внешних провайдеров, закупочный канал и формы партнёрства. Сохранить найденные дочерние маршруты отдельными каналами; выяснить действующий статус структуры.","Подтверждено существование образовательной структуры, но не открытый заказ и не допуск МИСБ к закупке. Подключение автоматического сборщика не проверялось.","Именованная структура с подтверждением; отбор по стране, очереди и типу. Это не оценка вероятности заказа."
"CU-0055","main_200","Корпоративный университет Уралкалия","ПАО «Уралкалий»","Группа Уралхим / Уралкалий","RU","corporate_university","Минеральные удобрения","Руководители, специалисты и сотрудники группы; конкретные аудитории уточнить по программам","управление; кадровый резерв; HR; наставничество; цифровые навыки; дистанционное обучение","https://www.uralkali.com/ru/career/staff/","https://www.uralkali.com/ru/career/staff/","Официальная карьерная страница в индексе подтверждает развитие собственного КУ и обновление учебных программ.","search_index","2026-10-01","Через руководителя КУ/учебного центра или L&D компании уточнить потребность; сопоставить программы с предложением МИСБ; проверить отбор внешних провайдеров и закупки группы. Возможны субподряд и совместные программы, а не только прямая продажа.","Руководитель КУ/учебного центра; HRD; руководитель обучения и развития; методолог; закупщик образовательных услуг","Гипотезы для мониторинга: новый поток или изменение программы; приглашение внешнего эксперта; разработка электронного курса; закупка обучения; объявление партнёрства; вакансия методолога/руководителя обучения. Наличие КУ само по себе не является заказом.","Проверить свежие новости и портфель программ; найти контакты ответственного за внешних провайдеров, закупочный канал и формы партнёрства. Сохранить найденные дочерние маршруты отдельными каналами; выяснить действующий статус структуры.","При открытии получена CAPTCHA; нужен разрешенный ручной или альтернативный публичный маршрут. Не сливать с КУ Уралхима без проверки. Подтверждено существование образовательной структуры, но не открытый заказ и не допуск МИСБ к закупке. Подключение автоматического сборщика не проверялось.","Именованная структура с подтверждением; отбор по стране, очереди и типу. Это не оценка вероятности заказа."
"CU-0056","main_200","Корпоративный университет Уралхима","АО «ОХК «Уралхим»","Группа Уралхим / Уралкалий","RU","corporate_university","Химическая промышленность","Руководители, специалисты и сотрудники группы; конкретные аудитории уточнить по программам","развитие ОЦО; финансы; HR; управленческие навыки; дистанционное обучение; цифровые компетенции","https://csc.uralchem.ru/","https://csc.uralchem.ru/","На официальном сайте ОЦО указана возможность обучения в корпоративном университете и у внешних провайдеров.","search_index","2026-10-01","Через руководителя КУ/учебного центра или L&D компании уточнить потребность; сопоставить программы с предложением МИСБ; проверить отбор внешних провайдеров и закупки группы. Возможны субподряд и совместные программы, а не только прямая продажа.","Руководитель КУ/учебного центра; HRD; руководитель обучения и развития; методолог; закупщик образовательных услуг","Гипотезы для мониторинга: новый поток или изменение программы; приглашение внешнего эксперта; разработка электронного курса; закупка обучения; объявление партнёрства; вакансия методолога/руководителя обучения. Наличие КУ само по себе не является заказом.","Проверить свежие новости и портфель программ; найти контакты ответственного за внешних провайдеров, закупочный канал и формы партнёрства. Сохранить найденные дочерние маршруты отдельными каналами; выяснить действующий статус структуры.","Источник — кадровая страница ОЦО, а не отдельный сайт КУ; уточнить единицу закупки и связь с обучением всей группы. Подтверждено существование образовательной структуры, но не открытый заказ и не допуск МИСБ к закупке. Подключение автоматического сборщика не проверялось.","Именованная структура с подтверждением; отбор по стране, очереди и типу. Это не оценка вероятности заказа."
"CU-0057","main_200","Учебный центр ФосАгро","ЧОУ ДПО «Учебный центр ФосАгро»","ФосАгро","RU","company_training_center","Минеральные удобрения","Руководители, специалисты и сотрудники группы; конкретные аудитории уточнить по программам","электронные курсы; обучение руководителей и специалистов; наставничество; методология; цифровизация","https://www.phosagro.ru/sustainability/quality-education/","https://www.phosagro.ru/sustainability/quality-education/","Официальная страница подтверждает учреждение собственного учебного центра и подход к управлению обучением.","search_index","2026-10-01","Через руководителя КУ/учебного центра или L&D компании уточнить потребность; сопоставить программы с предложением МИСБ; проверить отбор внешних провайдеров и закупки группы. Возможны субподряд и совместные программы, а не только прямая продажа.","Руководитель КУ/учебного центра; HRD; руководитель обучения и развития; методолог; закупщик образовательных услуг","Гипотезы для мониторинга: новый поток или изменение программы; приглашение внешнего эксперта; разработка электронного курса; закупка обучения; объявление партнёрства; вакансия методолога/руководителя обучения. Наличие КУ само по себе не является заказом.","Проверить свежие новости и портфель программ; найти контакты ответственного за внешних провайдеров, закупочный канал и формы партнёрства. Сохранить найденные дочерние маршруты отдельными каналами; выяснить действующий статус структуры.","Существенная часть портфеля техническая и обязательная; выделять задачи разработки контента и развития специалистов. Подтверждено существование образовательной структуры, но не открытый заказ и не допуск МИСБ к закупке. Подключение автоматического сборщика не проверялось.","Именованная структура с подтверждением; отбор по стране, очереди и типу. Это не оценка вероятности заказа."
"CU-0058","main_200","Учебный центр ПАО «Акрон»","ПАО «Акрон»","Группа «Акрон»","RU","company_training_center","Минеральные удобрения","Руководители, специалисты и сотрудники группы; конкретные аудитории уточнить по программам","обучение специалистов; наставничество; методология; управленческие навыки; электронные курсы","https://www.acron.ru/sustainability/learning_centers/","https://www.acron.ru/sustainability/learning_centers/","На официальной общей странице отдельно раскрыт Учебный центр ПАО «Акрон».","content_read","2026-10-01","Через руководителя КУ/учебного центра или L&D компании уточнить потребность; сопоставить программы с предложением МИСБ; проверить отбор внешних провайдеров и закупки группы. Возможны субподряд и совместные программы, а не только прямая продажа.","Руководитель КУ/учебного центра; HRD; руководитель обучения и развития; методолог; закупщик образовательных услуг","Гипотезы для мониторинга: новый поток или изменение программы; приглашение внешнего эксперта; разработка электронного курса; закупка обучения; объявление партнёрства; вакансия методолога/руководителя обучения. Наличие КУ само по себе не является заказом.","Проверить свежие новости и портфель программ; найти контакты ответственного за внешних провайдеров, закупочный канал и формы партнёрства. Сохранить найденные дочерние маршруты отдельными каналами; выяснить действующий статус структуры.","Одна страница содержит также другой центр — «Дорогобуж»; привязка должна учитывать название подразделения, не только URL. Подтверждено существование образовательной структуры, но не открытый заказ и не допуск МИСБ к закупке. Подключение автоматического сборщика не проверялось.","Именованная структура с подтверждением; отбор по стране, очереди и типу. Это не оценка вероятности заказа."
"CU-0059","reserve","Учебный центр СЗФК","АО «Северо-Западная Фосфорная Компания»","Группа «Акрон»","RU","company_training_center","Добыча сырья для удобрений","Руководители, специалисты и сотрудники группы; конкретные аудитории уточнить по программам","цифровой учебный контент; наставники; развитие специалистов; управление проектами","https://www.szfk.ru/career/learning-centers/","https://www.szfk.ru/career/learning-centers/","На собственном сайте компании есть раздел учебного центра со сведениями об образовании и руководстве.","search_index","2026-10-01","Через руководителя КУ/учебного центра или L&D компании уточнить потребность; сопоставить программы с предложением МИСБ; проверить отбор внешних провайдеров и закупки группы. Возможны субподряд и совместные программы, а не только прямая продажа.","Руководитель КУ/учебного центра; HRD; руководитель обучения и развития; методолог; закупщик образовательных услуг","Гипотезы для мониторинга: новый поток или изменение программы; приглашение внешнего эксперта; разработка электронного курса; закупка обучения; объявление партнёрства; вакансия методолога/руководителя обучения. Наличие КУ само по себе не является заказом.","Проверить свежие новости и портфель программ; найти контакты ответственного за внешних провайдеров, закупочный канал и формы партнёрства. Сохранить найденные дочерние маршруты отдельными каналами; выяснить действующий статус структуры.","Дочерний учебный центр, преимущественно производственный профиль; самостоятельность закупок уточнить. Подтверждено существование образовательной структуры, но не открытый заказ и не допуск МИСБ к закупке. Подключение автоматического сборщика не проверялось.","Дополнительная подтвержденная структура сверх основной выборки; продолжать мониторинг."
"CU-0060","main_200","Корпоративный университет Акрон Холдинг","ГК «Акрон Холдинг»","Акрон Холдинг","RU","corporate_university","Промышленность и переработка металлов","Руководители, специалисты и сотрудники группы; конкретные аудитории уточнить по программам","стратегические сессии; взаимодействие подразделений; менеджмент; обучение специалистов; цифровые курсы","https://podolskkabel.ru/news/korporativnyy-universitet-provel-v-podolske-strategicheskuyu-sessiyu-po-vzaimode/","https://podolskkabel.ru/news/korporativnyy-universitet-provel-v-podolske-strategicheskuyu-sessiyu-po-vzaimode/","Новость предприятия группы «Подольсккабель» подтверждает стратегическую сессию корпоративного университета.","search_index","2026-10-01","Через руководителя КУ/учебного центра или L&D компании уточнить потребность; сопоставить программы с предложением МИСБ; проверить отбор внешних провайдеров и закупки группы. Возможны субподряд и совместные программы, а не только прямая продажа.","Руководитель КУ/учебного центра; HRD; руководитель обучения и развития; методолог; закупщик образовательных услуг","Гипотезы для мониторинга: новый поток или изменение программы; приглашение внешнего эксперта; разработка электронного курса; закупка обучения; объявление партнёрства; вакансия методолога/руководителя обучения. Наличие КУ само по себе не является заказом.","Проверить свежие новости и портфель программ; найти контакты ответственного за внешних провайдеров, закупочный канал и формы партнёрства. Сохранить найденные дочерние маршруты отдельными каналами; выяснить действующий статус структуры.","Акрон Холдинг и Группа «Акрон» — разные группы; их нельзя автоматически объединять по слову «Акрон». Открытие страницы инструментом не удалось, подтверждение по поисковому индексу. Подтверждено существование образовательной структуры, но не открытый заказ и не допуск МИСБ к закупке. Подключение автоматического сборщика не проверялось.","Именованная структура с подтверждением; отбор по стране, очереди и типу. Это не оценка вероятности заказа."
"CU-0061","main_200","Академия Ростеха","АНО «Корпоративная сетевая академия»","Ростех","RU","corporate_academy","Промышленный холдинг","Руководители, специалисты и сотрудники группы; конкретные аудитории уточнить по программам","управление; экономика предприятия; HR; цифровизация; обучение тренеров; закупки; право","https://rostec.academy/","https://rostec.academy/","Официальный сайт описывает Академию как центр обучения и развития сотрудников организаций корпорации.","content_read","2026-10-01","Через руководителя КУ/учебного центра или L&D компании уточнить потребность; сопоставить программы с предложением МИСБ; проверить отбор внешних провайдеров и закупки группы. Возможны субподряд и совместные программы, а не только прямая продажа.","Руководитель КУ/учебного центра; HRD; руководитель обучения и развития; методолог; закупщик образовательных услуг","Гипотезы для мониторинга: новый поток или изменение программы; приглашение внешнего эксперта; разработка электронного курса; закупка обучения; объявление партнёрства; вакансия методолога/руководителя обучения. Наличие КУ само по себе не является заказом.","Проверить свежие новости и портфель программ; найти контакты ответственного за внешних провайдеров, закупочный канал и формы партнёрства. Сохранить найденные дочерние маршруты отдельными каналами; выяснить действующий статус структуры.","Подтверждено существование образовательной структуры, но не открытый заказ и не допуск МИСБ к закупке. Подключение автоматического сборщика не проверялось.","Именованная структура с подтверждением; отбор по стране, очереди и типу. Это не оценка вероятности заказа."
"CU-0062","main_200","Корпоративный университет КАМАЗа","ПАО «КАМАЗ»","КАМАЗ / Ростех","RU","corporate_university","Автомобилестроение","Руководители, специалисты и сотрудники группы; конкретные аудитории уточнить по программам","Excel; цифровые навыки; наставничество; производственный менеджмент; бухгалтерский учёт; налоговое право","https://vestikamaza.ru/posts/na_kamaze_razrabotan_proekt_dlya_povysheniya_czifrovoj_gramotnosti_sotrudnikov/","https://vestikamaza.ru/posts/na_kamaze_razrabotan_proekt_dlya_povysheniya_czifrovoj_gramotnosti_sotrudnikov/","Корпоративное издание описывает университет как организатора обучения цифровым навыкам и направление сотрудников к внешним учебным партнёрам.","content_read","2026-10-01","Через руководителя КУ/учебного центра или L&D компании уточнить потребность; сопоставить программы с предложением МИСБ; проверить отбор внешних провайдеров и закупки группы. Возможны субподряд и совместные программы, а не только прямая продажа.","Руководитель КУ/учебного центра; HRD; руководитель обучения и развития; методолог; закупщик образовательных услуг","Гипотезы для мониторинга: новый поток или изменение программы; приглашение внешнего эксперта; разработка электронного курса; закупка обучения; объявление партнёрства; вакансия методолога/руководителя обучения. Наличие КУ само по себе не является заказом.","Проверить свежие новости и портфель программ; найти контакты ответственного за внешних провайдеров, закупочный канал и формы партнёрства. Сохранить найденные дочерние маршруты отдельными каналами; выяснить действующий статус структуры.","Материал датирован 2023 годом: установить актуальную функцию и оператора КУ. Подтверждено существование образовательной структуры, но не открытый заказ и не допуск МИСБ к закупке. Подключение автоматического сборщика не проверялось.","Именованная структура с подтверждением; отбор по стране, очереди и типу. Это не оценка вероятности заказа."
"CU-0063","main_200","Корпоративный университет Горьковского автозавода","Горьковский автомобильный завод","ГАЗ","RU","corporate_university","Автомобилестроение","Руководители, специалисты и сотрудники группы; конкретные аудитории уточнить по программам","производственный менеджмент; цифровые технологии; внутренние тренеры; наставничество; электронные курсы","https://autozavod.media/rubrics/news/korporativnyy-universitet-gorkovskogo-avtozavoda-pereosnashchaetsya-v-ramkakh-nsv/","https://autozavod.media/rubrics/news/korporativnyy-universitet-gorkovskogo-avtozavoda-pereosnashchaetsya-v-ramkakh-nsv/","Корпоративное издание подтверждает университет, его реконструкцию и образовательную роль для предприятия.","search_index","2026-10-01","Через руководителя КУ/учебного центра или L&D компании уточнить потребность; сопоставить программы с предложением МИСБ; проверить отбор внешних провайдеров и закупки группы. Возможны субподряд и совместные программы, а не только прямая продажа.","Руководитель КУ/учебного центра; HRD; руководитель обучения и развития; методолог; закупщик образовательных услуг","Гипотезы для мониторинга: новый поток или изменение программы; приглашение внешнего эксперта; разработка электронного курса; закупка обучения; объявление партнёрства; вакансия методолога/руководителя обучения. Наличие КУ само по себе не является заказом.","Проверить свежие новости и портфель программ; найти контакты ответственного за внешних провайдеров, закупочный канал и формы партнёрства. Сохранить найденные дочерние маршруты отдельными каналами; выяснить действующий статус структуры.","Названия «КУ Группы ГАЗ», «КУ Горьковского автозавода» и академия могут относиться к одной структуре; здесь одна запись. Подтверждено существование образовательной структуры, но не открытый заказ и не допуск МИСБ к закупке. Подключение автоматического сборщика не проверялось.","Именованная структура с подтверждением; отбор по стране, очереди и типу. Это не оценка вероятности заказа."
"CU-0064","reserve","LADA Академия","АО «АВТОВАЗ»","АВТОВАЗ","RU","corporate_academy","Автомобилестроение","Руководители, специалисты и сотрудники группы; конкретные аудитории уточнить по программам","обучение дилеров; продажи; клиентский сервис; управление; электронные курсы","https://www.lada.ru/education/","https://www.lada.ru/education/","Официальный сайт дистанционного обучения содержит название LADA Академия и адреса в Тольятти и Москве.","search_index","2026-10-01","Через руководителя КУ/учебного центра или L&D компании уточнить потребность; сопоставить программы с предложением МИСБ; проверить отбор внешних провайдеров и закупки группы. Возможны субподряд и совместные программы, а не только прямая продажа.","Руководитель КУ/учебного центра; HRD; руководитель обучения и развития; методолог; закупщик образовательных услуг","Гипотезы для мониторинга: новый поток или изменение программы; приглашение внешнего эксперта; разработка электронного курса; закупка обучения; объявление партнёрства; вакансия методолога/руководителя обучения. Наличие КУ само по себе не является заказом.","Проверить свежие новости и портфель программ; найти контакты ответственного за внешних провайдеров, закупочный канал и формы партнёрства. Сохранить найденные дочерние маршруты отдельными каналами; выяснить действующий статус структуры.","При открытии 403; доступ к учебным материалам может требовать авторизации. Московский и тольяттинский адреса не посчитаны отдельными КУ. Подтверждено существование образовательной структуры, но не открытый заказ и не допуск МИСБ к закупке. Подключение автоматического сборщика не проверялось.","LADA Академия и КУ Группы АВТОВАЗ требуют проверки организационной границы. До уточнения дополнительную структуру не считать; оба набора каналов сохранить."
"CU-0065","main_200","Корпоративная академия Роскосмоса","АНО «Корпоративная Академия Роскосмоса»","Роскосмос","RU","corporate_academy","Ракетно-космическая промышленность","Руководители, специалисты и сотрудники группы; конкретные аудитории уточнить по программам","анализ данных; Excel; наставничество; логистика; управленческие навыки; электронные курсы","https://rcacademy.ru/","https://rcacademy.ru/","Прочитан действующий сайт академии: программы, новости и партнёрства; среди тем — Excel и наставничество.","content_read","2026-10-01","Через руководителя КУ/учебного центра или L&D компании уточнить потребность; сопоставить программы с предложением МИСБ; проверить отбор внешних провайдеров и закупки группы. Возможны субподряд и совместные программы, а не только прямая продажа.","Руководитель КУ/учебного центра; HRD; руководитель обучения и развития; методолог; закупщик образовательных услуг","Гипотезы для мониторинга: новый поток или изменение программы; приглашение внешнего эксперта; разработка электронного курса; закупка обучения; объявление партнёрства; вакансия методолога/руководителя обучения. Наличие КУ само по себе не является заказом.","Проверить свежие новости и портфель программ; найти контакты ответственного за внешних провайдеров, закупочный канал и формы партнёрства. Сохранить найденные дочерние маршруты отдельными каналами; выяснить действующий статус структуры.","Подтверждено существование образовательной структуры, но не открытый заказ и не допуск МИСБ к закупке. Подключение автоматического сборщика не проверялось.","Именованная структура с подтверждением; отбор по стране, очереди и типу. Это не оценка вероятности заказа."
"CU-0066","main_200","Корпоративный университет ОСК","АО «Объединённая судостроительная корпорация»","ОСК","RU","corporate_university","Судостроение","Руководители, специалисты и сотрудники группы; конкретные аудитории уточнить по программам","производственный менеджмент; кадровый резерв; управление проектами; лидерство; электронные курсы","https://www.aoosk.ru/press-center/exhibition/eksperty-rasskazali-o-proektakh-osk-na-mezhdunarodnom-forume/","https://www.aoosk.ru/press-center/exhibition/eksperty-rasskazali-o-proektakh-osk-na-mezhdunarodnom-forume/","Официальная новость называет КУ элементом системы внутреннего обучения ОСК.","search_index","2026-10-01","Через руководителя КУ/учебного центра или L&D компании уточнить потребность; сопоставить программы с предложением МИСБ; проверить отбор внешних провайдеров и закупки группы. Возможны субподряд и совместные программы, а не только прямая продажа.","Руководитель КУ/учебного центра; HRD; руководитель обучения и развития; методолог; закупщик образовательных услуг","Гипотезы для мониторинга: новый поток или изменение программы; приглашение внешнего эксперта; разработка электронного курса; закупка обучения; объявление партнёрства; вакансия методолога/руководителя обучения. Наличие КУ само по себе не является заказом.","Проверить свежие новости и портфель программ; найти контакты ответственного за внешних провайдеров, закупочный канал и формы партнёрства. Сохранить найденные дочерние маршруты отдельными каналами; выяснить действующий статус структуры.","Модель университета могла меняться; перед предложением установить актуального оператора и руководителя. Подтверждено существование образовательной структуры, но не открытый заказ и не допуск МИСБ к закупке. Подключение автоматического сборщика не проверялось.","Именованная структура с подтверждением; отбор по стране, очереди и типу. Это не оценка вероятности заказа."
"CU-0067","main_200","Университет ТМХ","Трансмашхолдинг","ТМХ","RU","corporate_university","Транспортное машиностроение","Руководители, специалисты и сотрудники группы; конкретные аудитории уточнить по программам","менеджмент; управление проектами; наставничество; развитие специалистов; цифровое обучение","https://tmh-university.ru/","https://tmh-university.ru/","Собственный сайт университета индексируется, в партнёрах указан Трансмашхолдинг и предприятия группы.","search_index","2026-10-01","Через руководителя КУ/учебного центра или L&D компании уточнить потребность; сопоставить программы с предложением МИСБ; проверить отбор внешних провайдеров и закупки группы. Возможны субподряд и совместные программы, а не только прямая продажа.","Руководитель КУ/учебного центра; HRD; руководитель обучения и развития; методолог; закупщик образовательных услуг","Гипотезы для мониторинга: новый поток или изменение программы; приглашение внешнего эксперта; разработка электронного курса; закупка обучения; объявление партнёрства; вакансия методолога/руководителя обучения. Наличие КУ само по себе не является заказом.","Проверить свежие новости и портфель программ; найти контакты ответственного за внешних провайдеров, закупочный канал и формы партнёрства. Сохранить найденные дочерние маршруты отдельными каналами; выяснить действующий статус структуры.","Открытие сайта завершилось тайм-аутом; точные организационные реквизиты и актуальный закупочный маршрут уточнить. Подтверждено существование образовательной структуры, но не открытый заказ и не допуск МИСБ к закупке. Подключение автоматического сборщика не проверялось.","Именованная структура с подтверждением; отбор по стране, очереди и типу. Это не оценка вероятности заказа."
"CU-0068","main_200","Корпоративный университет ОАК","ПАО «Объединённая авиастроительная корпорация»","ОАК / Ростех","RU","corporate_university","Авиастроение","Руководители, специалисты и сотрудники группы; конкретные аудитории уточнить по программам","менеджмент; управление изменениями; проекты; бережливое производство; цифровые курсы; наставничество","https://uacrussia.ru/ru/corporation/personnel-policy/sustained-education/","https://uacrussia.ru/ru/corporation/personnel-policy/sustained-education/","Официальная страница системы непрерывного обучения перечисляет принципы корпоративного университета ОАК.","search_index","2026-10-01","Через руководителя КУ/учебного центра или L&D компании уточнить потребность; сопоставить программы с предложением МИСБ; проверить отбор внешних провайдеров и закупки группы. Возможны субподряд и совместные программы, а не только прямая продажа.","Руководитель КУ/учебного центра; HRD; руководитель обучения и развития; методолог; закупщик образовательных услуг","Гипотезы для мониторинга: новый поток или изменение программы; приглашение внешнего эксперта; разработка электронного курса; закупка обучения; объявление партнёрства; вакансия методолога/руководителя обучения. Наличие КУ само по себе не является заказом.","Проверить свежие новости и портфель программ; найти контакты ответственного за внешних провайдеров, закупочный канал и формы партнёрства. Сохранить найденные дочерние маршруты отдельными каналами; выяснить действующий статус структуры.","Страница не извлечена при открытии, подтверждение в поисковом индексе. Подтверждено существование образовательной структуры, но не открытый заказ и не допуск МИСБ к закупке. Подключение автоматического сборщика не проверялось.","Именованная структура с подтверждением; отбор по стране, очереди и типу. Это не оценка вероятности заказа."
"CU-0069","main_200","Учебный центр «Силовых машин»","АО «Силовые машины»","Силовые машины","RU","company_training_center","Энергетическое машиностроение","Руководители, специалисты и сотрудники группы; конкретные аудитории уточнить по программам","методология; внутренние преподаватели; цифровые курсы; развитие руководителей и специалистов","https://power-m.ru/company/training-center/","https://power-m.ru/company/training-center/","Официальный сайт учебного центра раскрывает программы, руководство и образовательную деятельность.","content_read","2026-10-01","Через руководителя КУ/учебного центра или L&D компании уточнить потребность; сопоставить программы с предложением МИСБ; проверить отбор внешних провайдеров и закупки группы. Возможны субподряд и совместные программы, а не только прямая продажа.","Руководитель КУ/учебного центра; HRD; руководитель обучения и развития; методолог; закупщик образовательных услуг","Гипотезы для мониторинга: новый поток или изменение программы; приглашение внешнего эксперта; разработка электронного курса; закупка обучения; объявление партнёрства; вакансия методолога/руководителя обучения. Наличие КУ само по себе не является заказом.","Проверить свежие новости и портфель программ; найти контакты ответственного за внешних провайдеров, закупочный канал и формы партнёрства. Сохранить найденные дочерние маршруты отдельными каналами; выяснить действующий статус структуры.","Основная страница не доказывает самостоятельный бюджет на бизнес-обучение; уточнить роль центра. Подтверждено существование образовательной структуры, но не открытый заказ и не допуск МИСБ к закупке. Подключение автоматического сборщика не проверялось.","Именованная структура с подтверждением; отбор по стране, очереди и типу. Это не оценка вероятности заказа."
"CU-0070","reserve","Учебный центр Ростсельмаш","ООО «Комбайновый завод «Ростсельмаш»","Ростсельмаш","RU","company_training_center","Сельхозмашиностроение","Руководители, специалисты и сотрудники группы; конкретные аудитории уточнить по программам","обучение дилеров; наставничество; электронные курсы; методология; развитие специалистов","https://careers.rostselmash.com/programs/","https://careers.rostselmash.com/programs/","Карьерный сайт подтверждает учебный центр компании, работающий на её учебной и материальной базе.","search_index","2026-10-01","Через руководителя КУ/учебного центра или L&D компании уточнить потребность; сопоставить программы с предложением МИСБ; проверить отбор внешних провайдеров и закупки группы. Возможны субподряд и совместные программы, а не только прямая продажа.","Руководитель КУ/учебного центра; HRD; руководитель обучения и развития; методолог; закупщик образовательных услуг","Гипотезы для мониторинга: новый поток или изменение программы; приглашение внешнего эксперта; разработка электронного курса; закупка обучения; объявление партнёрства; вакансия методолога/руководителя обучения. Наличие КУ само по себе не является заказом.","Проверить свежие новости и портфель программ; найти контакты ответственного за внешних провайдеров, закупочный канал и формы партнёрства. Сохранить найденные дочерние маршруты отдельными каналами; выяснить действующий статус структуры.","Основное подтверждённое обучение связано с производственными профессиями; управленческий заказ — гипотеза, не готовый лид. Подтверждено существование образовательной структуры, но не открытый заказ и не допуск МИСБ к закупке. Подключение автоматического сборщика не проверялось.","Дополнительная подтвержденная структура сверх основной выборки; продолжать мониторинг."
"CU-0071","main_200","Корпоративный университет Группы «Илим»","АО «Группа «Илим»","Илим","RU","corporate_university","Целлюлозно-бумажная промышленность","Руководители, специалисты и сотрудники группы; конкретные аудитории уточнить по программам","управленческие компетенции; кадровый резерв; цифровые проекты; наставничество; электронные курсы","https://www.ilimgroup.ru/career/corporate-university/","https://www.ilimgroup.ru/career/corporate-university/","Официальный раздел КУ определяет его как центр развития компетенций и карьерного роста.","search_index","2026-10-01","Через руководителя КУ/учебного центра или L&D компании уточнить потребность; сопоставить программы с предложением МИСБ; проверить отбор внешних провайдеров и закупки группы. Возможны субподряд и совместные программы, а не только прямая продажа.","Руководитель КУ/учебного центра; HRD; руководитель обучения и развития; методолог; закупщик образовательных услуг","Гипотезы для мониторинга: новый поток или изменение программы; приглашение внешнего эксперта; разработка электронного курса; закупка обучения; объявление партнёрства; вакансия методолога/руководителя обучения. Наличие КУ само по себе не является заказом.","Проверить свежие новости и портфель программ; найти контакты ответственного за внешних провайдеров, закупочный канал и формы партнёрства. Сохранить найденные дочерние маршруты отдельными каналами; выяснить действующий статус структуры.","Страница при открытии не дала содержательного текста, подтверждение по официальному поисковому индексу. Подтверждено существование образовательной структуры, но не открытый заказ и не допуск МИСБ к закупке. Подключение автоматического сборщика не проверялось.","Именованная структура с подтверждением; отбор по стране, очереди и типу. Это не оценка вероятности заказа."
"CU-0072","main_200","Корпоративный университет Асконы","Askona Life Group","Askona Life Group","RU","corporate_university","Производство мебели и товаров для сна","Руководители, специалисты и сотрудники группы; конкретные аудитории уточнить по программам","ИИ для бизнеса; управление; клиентский сервис; продажи; кадровый резерв; электронные курсы","https://almetevsk.askona.ru/news/company/askona-predstavila-svoyu-ekspertizu-na-pmef-2026/","https://almetevsk.askona.ru/news/company/askona-predstavila-svoyu-ekspertizu-na-pmef-2026/","Официальная новость Асконы указывает, что обучение работе с нейросетями проходит через корпоративный университет компании.","search_index","2026-10-01","Через руководителя КУ/учебного центра или L&D компании уточнить потребность; сопоставить программы с предложением МИСБ; проверить отбор внешних провайдеров и закупки группы. Возможны субподряд и совместные программы, а не только прямая продажа.","Руководитель КУ/учебного центра; HRD; руководитель обучения и развития; методолог; закупщик образовательных услуг","Гипотезы для мониторинга: новый поток или изменение программы; приглашение внешнего эксперта; разработка электронного курса; закупка обучения; объявление партнёрства; вакансия методолога/руководителя обучения. Наличие КУ само по себе не является заказом.","Проверить свежие новости и портфель программ; найти контакты ответственного за внешних провайдеров, закупочный канал и формы партнёрства. Сохранить найденные дочерние маршруты отдельными каналами; выяснить действующий статус структуры.","Региональный поддомен официального сайта — зеркало общей новости; не считать отдельным университетом. Подтверждено существование образовательной структуры, но не открытый заказ и не допуск МИСБ к закупке. Подключение автоматического сборщика не проверялось.","Именованная структура с подтверждением; отбор по стране, очереди и типу. Это не оценка вероятности заказа."
"CU-0073","main_200","Технологический университет ЕвроХима","АО «МХК «ЕвроХим»","ЕвроХим","RU","corporate_university","Минеральные удобрения","Руководители, специалисты и сотрудники группы; конкретные аудитории уточнить по программам","развитие специалистов; управление; непрерывное обучение; электронные курсы; методология","https://t.me/s/eurochemofficial/1469","https://t.me/s/eurochemofficial/1469","Прочитана публичная лента официального канала: подтверждены Технологический университет, начавшееся обучение и онлайн-модули; точный пост https://t.me/eurochemofficial/1474 .","content_read","2026-10-01","Через руководителя КУ/учебного центра или L&D компании уточнить потребность; сопоставить программы с предложением МИСБ; проверить отбор внешних провайдеров и закупки группы. Возможны субподряд и совместные программы, а не только прямая продажа.","Руководитель КУ/учебного центра; HRD; руководитель обучения и развития; методолог; закупщик образовательных услуг","Гипотезы для мониторинга: новый поток или изменение программы; приглашение внешнего эксперта; разработка электронного курса; закупка обучения; объявление партнёрства; вакансия методолога/руководителя обучения. Наличие КУ само по себе не является заказом.","Проверить свежие новости и портфель программ; найти контакты ответственного за внешних провайдеров, закупочный канал и формы партнёрства. Сохранить найденные дочерние маршруты отдельными каналами; выяснить действующий статус структуры.","Подтверждён преимущественно производственный профиль; развивать маршрут к методологии и цифровому контенту, не приписывать общий бизнес-портфель. Доказательство из корпоративного Telegram; найти текущую страницу оператора и формальный порядок работы с внешними поставщиками. Подтверждено существование образовательной структуры, но не открытый заказ и не допуск МИСБ к закупке. Подключение автоматического сборщика не проверялось.","Именованная структура с подтверждением; отбор по стране, очереди и типу. Это не оценка вероятности заказа."
"CU-0074","reserve","Образовательный центр Сегежского ЦБК","АО «Сегежский ЦБК»","Segezha Group","RU","company_training_center","Целлюлозно-бумажная промышленность","Руководители, специалисты и сотрудники группы; конкретные аудитории уточнить по программам","наставники; методология; электронные учебные материалы; развитие специалистов","https://segezha-group.com/about/factory/scbk-educational-center/","https://segezha-group.com/about/factory/scbk-educational-center/","Официальная страница центра раскрывает обучение при подразделении подбора и развития персонала комбината.","search_index","2026-10-01","Через руководителя КУ/учебного центра или L&D компании уточнить потребность; сопоставить программы с предложением МИСБ; проверить отбор внешних провайдеров и закупки группы. Возможны субподряд и совместные программы, а не только прямая продажа.","Руководитель КУ/учебного центра; HRD; руководитель обучения и развития; методолог; закупщик образовательных услуг","Гипотезы для мониторинга: новый поток или изменение программы; приглашение внешнего эксперта; разработка электронного курса; закупка обучения; объявление партнёрства; вакансия методолога/руководителя обучения. Наличие КУ само по себе не является заказом.","Проверить свежие новости и портфель программ; найти контакты ответственного за внешних провайдеров, закупочный канал и формы партнёрства. Сохранить найденные дочерние маршруты отдельными каналами; выяснить действующий статус структуры.","Подтвержден преимущественно рабочий профиль. Не выдавать этот центр за корпоративный университет всей Segezha Group. Подтверждено существование образовательной структуры, но не открытый заказ и не допуск МИСБ к закупке. Подключение автоматического сборщика не проверялось.","Дополнительная подтвержденная структура сверх основной выборки; продолжать мониторинг."
"CU-0075","main_200","НОЦ ВКО «Алмаз-Антей» им. академика В.П. Ефремова","АНО ДПО «НОЦ ВКО «Алмаз-Антей»","Алмаз-Антей","RU","industry_training_center","Промышленный холдинг","Руководители, специалисты и сотрудники группы; конкретные аудитории уточнить по программам","управление проектами; экономика; закупки; качество; цифровые компетенции; электронное обучение","https://nocvko.ru/","https://nocvko.ru/","Прочитан собственный сайт центра с программами ДПО, графиком обучения, партнёрами и контактами.","content_read","2026-10-01","Через руководителя КУ/учебного центра или L&D компании уточнить потребность; сопоставить программы с предложением МИСБ; проверить отбор внешних провайдеров и закупки группы. Возможны субподряд и совместные программы, а не только прямая продажа.","Руководитель КУ/учебного центра; HRD; руководитель обучения и развития; методолог; закупщик образовательных услуг","Гипотезы для мониторинга: новый поток или изменение программы; приглашение внешнего эксперта; разработка электронного курса; закупка обучения; объявление партнёрства; вакансия методолога/руководителя обучения. Наличие КУ само по себе не является заказом.","Проверить свежие новости и портфель программ; найти контакты ответственного за внешних провайдеров, закупочный канал и формы партнёрства. Сохранить найденные дочерние маршруты отдельными каналами; выяснить действующий статус структуры.","Отраслевой центр, формально не называется корпоративным университетом. Подтверждено существование образовательной структуры, но не открытый заказ и не допуск МИСБ к закупке. Подключение автоматического сборщика не проверялось.","Именованная структура с подтверждением; отбор по стране, очереди и типу. Это не оценка вероятности заказа."
"CU-0076","main_200","Научно-образовательный центр Обуховского завода","АО «НПО «Обуховский завод»","Алмаз-Антей","RU","company_training_center","Промышленное машиностроение","Руководители, специалисты и сотрудники группы; конкретные аудитории уточнить по программам","обучение специалистов; управление качеством; наставники; электронный контент; развитие руководителей","https://noc.goz.ru/","https://noc.goz.ru/","Индекс собственного сайта подтверждает НОЦ АО «НПО «Обуховский завод», отдельного предприятия группы.","search_index","2026-10-01","Через руководителя КУ/учебного центра или L&D компании уточнить потребность; сопоставить программы с предложением МИСБ; проверить отбор внешних провайдеров и закупки группы. Возможны субподряд и совместные программы, а не только прямая продажа.","Руководитель КУ/учебного центра; HRD; руководитель обучения и развития; методолог; закупщик образовательных услуг","Гипотезы для мониторинга: новый поток или изменение программы; приглашение внешнего эксперта; разработка электронного курса; закупка обучения; объявление партнёрства; вакансия методолога/руководителя обучения. Наличие КУ само по себе не является заказом.","Проверить свежие новости и портфель программ; найти контакты ответственного за внешних провайдеров, закупочный канал и формы партнёрства. Сохранить найденные дочерние маршруты отдельными каналами; выяснить действующий статус структуры.","Открытие вернуло 403. Не сливать с московским НОЦ ВКО: это отдельная структура при предприятии, самостоятельность закупок уточнить. Подтверждено существование образовательной структуры, но не открытый заказ и не допуск МИСБ к закупке. Подключение автоматического сборщика не проверялось.","Именованная структура с подтверждением; отбор по стране, очереди и типу. Это не оценка вероятности заказа."
"CU-0077","main_200","Региональный центр подготовки персонала «Евраз-Сибирь»","ЧОУ ДПО «РЦПП «Евраз-Сибирь»","ЕВРАЗ","RU","company_training_center","Металлургия","Руководители, специалисты и сотрудники группы; конкретные аудитории уточнить по программам","развитие руководителей и специалистов; наставничество; методология взрослых; электронные курсы","https://www.rcpp.ru/sveden/istoriya-tsentra","https://www.rcpp.ru/sveden/istoriya-tsentra","Официальная история подтверждает создание центра объединением учебных подразделений металлургических предприятий ЕВРАЗа.","content_read","2026-10-01","Через руководителя КУ/учебного центра или L&D компании уточнить потребность; сопоставить программы с предложением МИСБ; проверить отбор внешних провайдеров и закупки группы. Возможны субподряд и совместные программы, а не только прямая продажа.","Руководитель КУ/учебного центра; HRD; руководитель обучения и развития; методолог; закупщик образовательных услуг","Гипотезы для мониторинга: новый поток или изменение программы; приглашение внешнего эксперта; разработка электронного курса; закупка обучения; объявление партнёрства; вакансия методолога/руководителя обучения. Наличие КУ само по себе не является заказом.","Проверить свежие новости и портфель программ; найти контакты ответственного за внешних провайдеров, закупочный канал и формы партнёрства. Сохранить найденные дочерние маршруты отдельными каналами; выяснить действующий статус структуры.","Преобладают производственные темы, но отдельно опубликованы графики для руководителей и специалистов. Подтверждено существование образовательной структуры, но не открытый заказ и не допуск МИСБ к закупке. Подключение автоматического сборщика не проверялось.","Именованная структура с подтверждением; отбор по стране, очереди и типу. Это не оценка вероятности заказа."
"CU-0078","main_200","Центр подготовки персонала «Евраз-Урал»","ЧОУ ДПО «ЦПП Евраз-Урал»","ЕВРАЗ","RU","company_training_center","Металлургия","Руководители, специалисты и сотрудники группы; конкретные аудитории уточнить по программам","обучение руководителей; наставничество; методология; электронные курсы; менеджмент","https://cpp-evraz-ural.ru/sveden/common/","https://cpp-evraz-ural.ru/sveden/common/","Собственный сайт в поисковом индексе подтверждает полное наименование образовательной организации.","search_index","2026-10-01","Через руководителя КУ/учебного центра или L&D компании уточнить потребность; сопоставить программы с предложением МИСБ; проверить отбор внешних провайдеров и закупки группы. Возможны субподряд и совместные программы, а не только прямая продажа.","Руководитель КУ/учебного центра; HRD; руководитель обучения и развития; методолог; закупщик образовательных услуг","Гипотезы для мониторинга: новый поток или изменение программы; приглашение внешнего эксперта; разработка электронного курса; закупка обучения; объявление партнёрства; вакансия методолога/руководителя обучения. Наличие КУ само по себе не является заказом.","Проверить свежие новости и портфель программ; найти контакты ответственного за внешних провайдеров, закупочный канал и формы партнёрства. Сохранить найденные дочерние маршруты отдельными каналами; выяснить действующий статус структуры.","Прямое открытие не удалось; проверить разрешённый доступ. Центр отличается от «Евраз-Сибирь». Подтверждено существование образовательной структуры, но не открытый заказ и не допуск МИСБ к закупке. Подключение автоматического сборщика не проверялось.","Именованная структура с подтверждением; отбор по стране, очереди и типу. Это не оценка вероятности заказа."
"CU-0079","main_200","Учебный центр ЧерМК / отдел по обучению и развитию Северстали","ПАО «Северсталь»","Северсталь","RU","company_training_center","Металлургия","Руководители, специалисты и сотрудники группы; конкретные аудитории уточнить по программам","развитие специалистов; методология; наставничество; управленческие навыки; электронные курсы","https://severstal.com/rus/about/structure/businesses/cherepovetskiy-metallurgicheskiy-kombinat/uchebnyy-tsentr-chermk/","https://severstal.com/rus/about/structure/businesses/cherepovetskiy-metallurgicheskiy-kombinat/uchebnyy-tsentr-chermk/","Актуальный официальный раздел раскрывает учебный центр ЧерМК и отдел по обучению и развитию.","search_index","2026-10-01","Через руководителя КУ/учебного центра или L&D компании уточнить потребность; сопоставить программы с предложением МИСБ; проверить отбор внешних провайдеров и закупки группы. Возможны субподряд и совместные программы, а не только прямая продажа.","Руководитель КУ/учебного центра; HRD; руководитель обучения и развития; методолог; закупщик образовательных услуг","Гипотезы для мониторинга: новый поток или изменение программы; приглашение внешнего эксперта; разработка электронного курса; закупка обучения; объявление партнёрства; вакансия методолога/руководителя обучения. Наличие КУ само по себе не является заказом.","Проверить свежие новости и портфель программ; найти контакты ответственного за внешних провайдеров, закупочный канал и формы партнёрства. Сохранить найденные дочерние маршруты отдельными каналами; выяснить действующий статус структуры.","Использован действующий учебный раздел; исторический НОУ «КУ Северсталь» не считается отдельным активным КУ. Открытие страницы инструментом не удалось. Подтверждено существование образовательной структуры, но не открытый заказ и не допуск МИСБ к закупке. Подключение автоматического сборщика не проверялось.","Именованная структура с подтверждением; отбор по стране, очереди и типу. Это не оценка вероятности заказа."
"CU-0080","reserve","Учебный центр ПАО «Дорогобуж»","ПАО «Дорогобуж»","Группа «Акрон»","RU","company_training_center","Минеральные удобрения","Руководители, специалисты и сотрудники группы; конкретные аудитории уточнить по программам","наставники; развитие специалистов; цифровой учебный контент; методология; менеджмент","https://www.acron.ru/sustainability/learning_centers/","https://www.acron.ru/sustainability/learning_centers/","На общей официальной странице отдельно раскрыт Учебный центр ПАО «Дорогобуж» и контактные сведения.","content_read","2026-10-01","Через руководителя КУ/учебного центра или L&D компании уточнить потребность; сопоставить программы с предложением МИСБ; проверить отбор внешних провайдеров и закупки группы. Возможны субподряд и совместные программы, а не только прямая продажа.","Руководитель КУ/учебного центра; HRD; руководитель обучения и развития; методолог; закупщик образовательных услуг","Гипотезы для мониторинга: новый поток или изменение программы; приглашение внешнего эксперта; разработка электронного курса; закупка обучения; объявление партнёрства; вакансия методолога/руководителя обучения. Наличие КУ само по себе не является заказом.","Проверить свежие новости и портфель программ; найти контакты ответственного за внешних провайдеров, закупочный канал и формы партнёрства. Сохранить найденные дочерние маршруты отдельными каналами; выяснить действующий статус структуры.","Общий URL с УЦ «Акрон» не означает одну организацию; различать по названию предприятия. Управленческий профиль уточнить. Подтверждено существование образовательной структуры, но не открытый заказ и не допуск МИСБ к закупке. Подключение автоматического сборщика не проверялось.","Дополнительная подтвержденная структура сверх основной выборки; продолжать мониторинг."
"CU-0081","main_200","СберУниверситет","Сбер","Сбер","RU","corporate_university","Банки","Руководители Сбера, внешних компаний и государственных организаций","Финансы, менеджмент, стратегия, ИИ, цифровые навыки, проектирование электронных курсов.","https://sberuniversity.ru/","https://sberuniversity.ru/","Официальный сайт АНО ДПО «Корпоративный университет Сбербанка» с каталогом, новостями и внешними программами.","content_read","2026-10-01","КУ / функция обучения → владелец программы или HR → подтверждение потребности и закупочного маршрута; для внешних академий также партнёрство и субподряд.","Руководитель КУ/академии, руководитель T&D, владелец программы; закупщик образовательных услуг","Искать новые программы, приглашения внешних тренеров и методистов, закупки ДПО, разработку электронных курсов, вакансии T&D, расширение аудитории. Наличие КУ само по себе не доказывает текущий платный заказ.","Открыть первичное подтверждение, установить текущую структуру и официальный раздел закупок; отдельно обнаружить новости, программы, экспертные заявки, контакты и LMS. Записать ограничения доступа и дату следующей проверки.","Сам выступает крупным провайдером; искать конкретную закупку, партнёрство или запрос эксперта.","Именованная структура с подтверждением; отбор по стране, очереди и типу. Это не оценка вероятности заказа."
"CU-0082","reserve","ВТБ Образование","Банк ВТБ","Банк ВТБ","RU","candidate","Банки","Внешние аудитории: специалисты, предприниматели, студенты, клиенты; внутреннее обучение отдельно не установлено","Финансы, управление, цифровая экономика, разработка курсов для клиентов и сотрудников.","https://learn.vtb.ru/","https://learn.vtb.ru/","Банк называет ВТБ Образование стратегическим направлением образовательных инициатив; программы с университетами и экспертами.","search_index","2026-10-01","КУ / функция обучения → владелец программы или HR → подтверждение потребности и закупочного маршрута; для внешних академий также партнёрство и субподряд.","Руководитель КУ/академии, руководитель T&D, владелец программы; закупщик образовательных услуг","Искать новые программы, приглашения внешних тренеров и методистов, закупки ДПО, разработку электронных курсов, вакансии T&D, расширение аудитории. Наличие КУ само по себе не доказывает текущий платный заказ.","Открыть первичное подтверждение, установить текущую структуру и официальный раздел закупок; отдельно обнаружить новости, программы, экспертные заявки, контакты и LMS. Записать ограничения доступа и дату следующей проверки.","Это образовательное направление/платформа банка; отдельное юридическое лицо или классический внутренний КУ не установлены.","Подтверждено образовательное направление / платформа банка; самостоятельная учебная единица пока не установлена. Полезный источник сохранён в резерве."
"CU-0083","main_200","Альфа-Академия","Альфа-Банк","Альфа-Банк","RU","corporate_university","Банки","Руководители, специалисты и кадровый резерв компании","Управленческие навыки, HR, обучение продажам, финансовые программы, электронный контент.","https://alfabank.ru/about/sustainability/","https://alfabank.ru/about/sustainability/","Официальная страница Альфа-Банка прямо определяет «Альфа-Академию» как «Корпоративный университет с современными методиками обучения»; классификация corporate_university следует самоописанию.","search_index","2026-10-01","КУ / функция обучения → владелец программы или HR → подтверждение потребности и закупочного маршрута; для внешних академий также партнёрство и субподряд.","Руководитель КУ/академии, руководитель T&D, владелец программы; закупщик образовательных услуг","Искать новые программы, приглашения внешних тренеров и методистов, закупки ДПО, разработку электронных курсов, вакансии T&D, расширение аудитории. Наличие КУ само по себе не доказывает текущий платный заказ.","Открыть первичное подтверждение, установить текущую структуру и официальный раздел закупок; отдельно обнаружить новости, программы, экспертные заявки, контакты и LMS. Записать ограничения доступа и дату следующей проверки.","Каталог внутреннего обучения может быть закрыт; открытая страница не означает наличие заказа.","Именованная структура с подтверждением; отбор по стране, очереди и типу. Это не оценка вероятности заказа."
"CU-0084","main_200","РСХБ-Университет","Россельхозбанк","Россельхозбанк","RU","corporate_university","Банки","Руководители, специалисты и кадровый резерв компании","Комплаенс, антикоррупционные программы, закупки, управление, цифровые навыки.","https://www.rshb.ru/news/19042024-000003","https://www.rshb.ru/news/19042024-000003","Банк сообщает о мобильном РСХБ-Университете и круглосуточном учебном портале для работников.","search_index","2026-10-01","КУ / функция обучения → владелец программы или HR → подтверждение потребности и закупочного маршрута; для внешних академий также партнёрство и субподряд.","Руководитель КУ/академии, руководитель T&D, владелец программы; закупщик образовательных услуг","Искать новые программы, приглашения внешних тренеров и методистов, закупки ДПО, разработку электронных курсов, вакансии T&D, расширение аудитории. Наличие КУ само по себе не доказывает текущий платный заказ.","Открыть первичное подтверждение, установить текущую структуру и официальный раздел закупок; отдельно обнаружить новости, программы, экспертные заявки, контакты и LMS. Записать ограничения доступа и дату следующей проверки.","Сведения подтверждают учебную систему, а не самостоятельное образовательное юрлицо; доступ к внутреннему порталу не проверен.","Именованная структура с подтверждением; отбор по стране, очереди и типу. Это не оценка вероятности заказа."
"CU-0085","main_200","Академия ПСБ","ПСБ","ПСБ","RU","corporate_academy","Банки","Предприниматели, руководители и специалисты корпоративных клиентов; финансовые службы предприятий","ГОЗ, финансы, закупки, управленческие навыки, ИИ, электронные программы.","https://www.psbank.ru/bank/academy","https://www.psbank.ru/bank/academy","Официальная Академия ПСБ: программы, бизнес-игры, управление проектами, цифровые и личностные навыки.","search_index","2026-10-01","КУ / функция обучения → владелец программы или HR → подтверждение потребности и закупочного маршрута; для внешних академий также партнёрство и субподряд.","Руководитель КУ/академии, руководитель T&D, владелец программы; закупщик образовательных услуг","Искать новые программы, приглашения внешних тренеров и методистов, закупки ДПО, разработку электронных курсов, вакансии T&D, расширение аудитории. Наличие КУ само по себе не доказывает текущий платный заказ.","Открыть первичное подтверждение, установить текущую структуру и официальный раздел закупок; отдельно обнаружить новости, программы, экспертные заявки, контакты и LMS. Записать ограничения доступа и дату следующей проверки.","Внешнее обучение клиентов; возможный маршрут через экспертное партнёрство и субподряд.","Именованная структура с подтверждением; отбор по стране, очереди и типу. Это не оценка вероятности заказа."
"CU-0086","main_200","Корпоративный университет УРАЛСИБ","Банк УРАЛСИБ","Банк УРАЛСИБ","RU","corporate_university","Банки","Руководители, специалисты и кадровый резерв компании","Менеджмент, финансовая грамотность, HR, комплаенс, электронное обучение.","https://uralsib.ru/api/directory-engine/files/regulatory-objectives/riski_2015-05-29_lxnyyapa.pdf","https://uralsib.ru/api/directory-engine/files/regulatory-objectives/riski_2015-05-29_lxnyyapa.pdf","Официальный банковский отчёт указывает КУ и региональные учебные центры как элементы обучения персонала.","search_index","2026-10-01","КУ / функция обучения → владелец программы или HR → подтверждение потребности и закупочного маршрута; для внешних академий также партнёрство и субподряд.","Руководитель КУ/академии, руководитель T&D, владелец программы; закупщик образовательных услуг","Искать новые программы, приглашения внешних тренеров и методистов, закупки ДПО, разработку электронных курсов, вакансии T&D, расширение аудитории. Наличие КУ само по себе не доказывает текущий платный заказ.","Открыть первичное подтверждение, установить текущую структуру и официальный раздел закупок; отдельно обнаружить новости, программы, экспертные заявки, контакты и LMS. Записать ограничения доступа и дату следующей проверки.","Историческое подтверждение 2015 года; актуальное название и организационную форму необходимо перепроверить, источник сохранять.","Именованная структура с подтверждением; отбор по стране, очереди и типу. Это не оценка вероятности заказа."
"CU-0087","main_200","Корпоративный университет Совкомбанка","Совкомбанк","Совкомбанк","RU","corporate_university","Банки","Руководители, специалисты и кадровый резерв компании","Программы менеджмента, EMBA-модули, комплаенс, корпоративное управление, ИИ.","https://sovcombank.ru/about/press-center/news/novosti-kompanii/gruppa-sovkombank-stala-laureatom-hr-premii-hrustalnaya-piramida--2024-srazu-v-tryoh-nominatsiyah","https://sovcombank.ru/about/press-center/news/novosti-kompanii/gruppa-sovkombank-stala-laureatom-hr-premii-hrustalnaya-piramida--2024-srazu-v-tryoh-nominatsiyah","Официальная новость о наградах КУ; указано участие российских бизнес-тренеров и менеджеров группы.","search_index","2026-10-01","КУ / функция обучения → владелец программы или HR → подтверждение потребности и закупочного маршрута; для внешних академий также партнёрство и субподряд.","Руководитель КУ/академии, руководитель T&D, владелец программы; закупщик образовательных услуг","Искать новые программы, приглашения внешних тренеров и методистов, закупки ДПО, разработку электронных курсов, вакансии T&D, расширение аудитории. Наличие КУ само по себе не доказывает текущий платный заказ.","Открыть первичное подтверждение, установить текущую структуру и официальный раздел закупок; отдельно обнаружить новости, программы, экспертные заявки, контакты и LMS. Записать ограничения доступа и дату следующей проверки.","Внешние тренеры упомянуты, но открытый набор подрядчиков не обнаружен.","Именованная структура с подтверждением; отбор по стране, очереди и типу. Это не оценка вероятности заказа."
"CU-0088","main_200","Корпоративный университет Ингосстраха","Ингосстрах","Ингосстрах","RU","corporate_university","Страхование","Руководители, специалисты и кадровый резерв компании","Регулярный менеджмент, клиентский сервис, аналитика, оценка, обучение внутренним тренерам.","https://cdn.ingos.ru/docs/year-reports/igs-annual-report-2024_rus.pdf","https://cdn.ingos.ru/docs/year-reports/igs-annual-report-2024_rus.pdf","Официальный годовой отчёт 2024 описывает КУ, развитие сотрудников и математической культуры.","search_index","2026-10-01","КУ / функция обучения → владелец программы или HR → подтверждение потребности и закупочного маршрута; для внешних академий также партнёрство и субподряд.","Руководитель КУ/академии, руководитель T&D, владелец программы; закупщик образовательных услуг","Искать новые программы, приглашения внешних тренеров и методистов, закупки ДПО, разработку электронных курсов, вакансии T&D, расширение аудитории. Наличие КУ само по себе не доказывает текущий платный заказ.","Открыть первичное подтверждение, установить текущую структуру и официальный раздел закупок; отдельно обнаружить новости, программы, экспертные заявки, контакты и LMS. Записать ограничения доступа и дату следующей проверки.","Отчёт — доказательство структуры и тем; не текущая заявка на обучение.","Именованная структура с подтверждением; отбор по стране, очереди и типу. Это не оценка вероятности заказа."
"CU-0089","reserve","Корпоративный университет Росгосстраха","Росгосстрах","Росгосстрах","RU","corporate_university","Страхование","Руководители, специалисты и кадровый резерв компании","Управление продажами, страховые финансы, менеджмент, учебный контент и ИИ.","https://my.rgs.ru/media/all_insurance/sbotnik_kaliningrad.pdf","https://my.rgs.ru/media/all_insurance/sbotnik_kaliningrad.pdf","Корпоративный документ описывает КУ, бизнес-школу и систему дистанционного обучения Росгосстраха.","search_index","2026-10-01","КУ / функция обучения → владелец программы или HR → подтверждение потребности и закупочного маршрута; для внешних академий также партнёрство и субподряд.","Руководитель КУ/академии, руководитель T&D, владелец программы; закупщик образовательных услуг","Искать новые программы, приглашения внешних тренеров и методистов, закупки ДПО, разработку электронных курсов, вакансии T&D, расширение аудитории. Наличие КУ само по себе не доказывает текущий платный заказ.","Открыть первичное подтверждение, установить текущую структуру и официальный раздел закупок; отдельно обнаружить новости, программы, экспертные заявки, контакты и LMS. Записать ограничения доступа и дату следующей проверки.","Историческое название подтверждено; в свежих публикациях действует управление обучения сети продаж — проверить преемственность.","Дополнительная подтвержденная структура сверх основной выборки; продолжать мониторинг."
"CU-0090","main_200","Корпоративный университет АльфаСтрахования","АльфаСтрахование","АльфаСтрахование","RU","corporate_university","Страхование","Руководители, специалисты и кадровый резерв компании","Менеджмент, клиентские коммуникации, продажи, финансы, лидерство, обучение тренеров.","https://www.alfastrah.ru/company/history/","https://www.alfastrah.ru/company/history/","Официальная история компании содержит сведения о корпоративном университете группы.","search_index","2026-10-01","КУ / функция обучения → владелец программы или HR → подтверждение потребности и закупочного маршрута; для внешних академий также партнёрство и субподряд.","Руководитель КУ/академии, руководитель T&D, владелец программы; закупщик образовательных услуг","Искать новые программы, приглашения внешних тренеров и методистов, закупки ДПО, разработку электронных курсов, вакансии T&D, расширение аудитории. Наличие КУ само по себе не доказывает текущий платный заказ.","Открыть первичное подтверждение, установить текущую структуру и официальный раздел закупок; отдельно обнаружить новости, программы, экспертные заявки, контакты и LMS. Записать ограничения доступа и дату следующей проверки.","История не подтверждает актуальный закупочный цикл; провести обновление контактного маршрута.","Именованная структура с подтверждением; отбор по стране, очереди и типу. Это не оценка вероятности заказа."
"CU-0091","main_200","Школа страхования РЕСО","РЕСО-Гарантия","РЕСО-Гарантия","RU","company_training_center","Страхование","Страховые агенты, кандидаты в агенты, руководители агентской сети","Переговоры, продажи, наставничество, управленческие программы для руководителей агентской сети.","https://reso.ru/agent-job/","https://reso.ru/agent-job/","Официальная страница школы страхования и работы агентом; описано обучение агентской сети.","search_index","2026-10-01","КУ / функция обучения → владелец программы или HR → подтверждение потребности и закупочного маршрута; для внешних академий также партнёрство и субподряд.","Руководитель КУ/академии, руководитель T&D, владелец программы; закупщик образовательных услуг","Искать новые программы, приглашения внешних тренеров и методистов, закупки ДПО, разработку электронных курсов, вакансии T&D, расширение аудитории. Наличие КУ само по себе не доказывает текущий платный заказ.","Открыть первичное подтверждение, установить текущую структуру и официальный раздел закупок; отдельно обнаружить новости, программы, экспертные заявки, контакты и LMS. Записать ограничения доступа и дату следующей проверки.","Преимущественно подготовка агентов; бизнес-навыки и менеджмент релевантнее узкой продуктовой аттестации.","Именованная структура с подтверждением; отбор по стране, очереди и типу. Это не оценка вероятности заказа."
"CU-0092","main_200","Университет Банка России","Банк России","Банк России","RU","corporate_university","Финансовый регулятор","Руководители, специалисты и кадровый резерв компании","Финансовые риски, регуляторика, аналитика, управление, цифровые курсы.","https://www.cbr.ru/about_br/bankstructute/ubr/","https://www.cbr.ru/about_br/bankstructute/ubr/","Официальное описание: структурное подразделение центрального аппарата Банка России.","search_index","2026-10-01","КУ / функция обучения → владелец программы или HR → подтверждение потребности и закупочного маршрута; для внешних академий также партнёрство и субподряд.","Руководитель КУ/академии, руководитель T&D, владелец программы; закупщик образовательных услуг","Искать новые программы, приглашения внешних тренеров и методистов, закупки ДПО, разработку электронных курсов, вакансии T&D, расширение аудитории. Наличие КУ само по себе не доказывает текущий платный заказ.","Открыть первичное подтверждение, установить текущую структуру и официальный раздел закупок; отдельно обнаружить новости, программы, экспертные заявки, контакты и LMS. Записать ограничения доступа и дату следующей проверки.","При открытии страницы получен 403; подтверждение доступно в поисковом индексе. Не считать сборщик подключённым.","Именованная структура с подтверждением; отбор по стране, очереди и типу. Это не оценка вероятности заказа."
"CU-0093","main_200","Корпоративный университет МТС","МТС","МТС","RU","corporate_university","Телекоммуникации","Руководители, специалисты и кадровый резерв компании","Комплаенс, IT и бизнес-анализ, лидерство, электронное обучение и курсы для партнёров.","https://support.mts.ru/korporativnyyuniversitet","https://support.mts.ru/korporativnyyuniversitet","Официальный справочный раздел МТС посвящён корпоративному университету; официальный пресс-релиз описывает образовательную платформу.","content_read","2026-10-01","КУ / функция обучения → владелец программы или HR → подтверждение потребности и закупочного маршрута; для внешних академий также партнёрство и субподряд.","Руководитель КУ/академии, руководитель T&D, владелец программы; закупщик образовательных услуг","Искать новые программы, приглашения внешних тренеров и методистов, закупки ДПО, разработку электронных курсов, вакансии T&D, расширение аудитории. Наличие КУ само по себе не доказывает текущий платный заказ.","Открыть первичное подтверждение, установить текущую структуру и официальный раздел закупок; отдельно обнаружить новости, программы, экспертные заявки, контакты и LMS. Записать ограничения доступа и дату следующей проверки.","Доступ к содержанию обучающего портала может требовать регистрации.","Именованная структура с подтверждением; отбор по стране, очереди и типу. Это не оценка вероятности заказа."
"CU-0094","main_200","билайн университет","ВымпелКом / билайн","ВымпелКом / билайн","RU","corporate_university","Телекоммуникации","Руководители, специалисты и кадровый резерв компании","Развитие лидеров, управление изменениями, навыки будущего, электронные и видеокурсы.","https://beelinenow.ru/articles/klassika-i-sovremennost-25-let-bilayn-universitetu/","https://beelinenow.ru/articles/klassika-i-sovremennost-25-let-bilayn-universitetu/","Корпоративное медиа описывает 25-летие университета, его обучение и программы развития персонала.","search_index","2026-10-01","КУ / функция обучения → владелец программы или HR → подтверждение потребности и закупочного маршрута; для внешних академий также партнёрство и субподряд.","Руководитель КУ/академии, руководитель T&D, владелец программы; закупщик образовательных услуг","Искать новые программы, приглашения внешних тренеров и методистов, закупки ДПО, разработку электронных курсов, вакансии T&D, расширение аудитории. Наличие КУ само по себе не доказывает текущий платный заказ.","Открыть первичное подтверждение, установить текущую структуру и официальный раздел закупок; отдельно обнаружить новости, программы, экспертные заявки, контакты и LMS. Записать ограничения доступа и дату следующей проверки.","Проверка открытой публикации не равна доступу к LMS.","Именованная структура с подтверждением; отбор по стране, очереди и типу. Это не оценка вероятности заказа."
"CU-0095","main_200","Корпоративный онлайн-университет Ростелекома","Ростелеком","Ростелеком","RU","corporate_university","Телекоммуникации","Руководители, специалисты и кадровый резерв компании","Цифровая трансформация, управление, ИИ, тренеры, разработка контента.","https://www.company.rt.ru/social/staff/","https://www.company.rt.ru/social/staff/","Официальная страница называет КУ, институт внутренних тренеров и дистанционную систему основными компонентами обучения.","search_index","2026-10-01","КУ / функция обучения → владелец программы или HR → подтверждение потребности и закупочного маршрута; для внешних академий также партнёрство и субподряд.","Руководитель КУ/академии, руководитель T&D, владелец программы; закупщик образовательных услуг","Искать новые программы, приглашения внешних тренеров и методистов, закупки ДПО, разработку электронных курсов, вакансии T&D, расширение аудитории. Наличие КУ само по себе не доказывает текущий платный заказ.","Открыть первичное подтверждение, установить текущую структуру и официальный раздел закупок; отдельно обнаружить новости, программы, экспертные заявки, контакты и LMS. Записать ограничения доступа и дату следующей проверки.","Внутренние курсы могут создаваться самостоятельно; квалифицировать внешний спрос по отдельным сигналам.","Именованная структура с подтверждением; отбор по стране, очереди и типу. Это не оценка вероятности заказа."
"CU-0096","main_200","МегаАкадемия","МегаФон","МегаФон","RU","corporate_academy","Телекоммуникации","Руководители, специалисты и кадровый резерв компании","Управление, сервис, продажи, цифровые компетенции, электронные курсы.","https://corp.megafon.ru/download/~federal/corp/investoram/report/year_reports/megafon_ar2019_rus.pdf","https://corp.megafon.ru/download/~federal/corp/investoram/report/year_reports/megafon_ar2019_rus.pdf","Официальный годовой отчёт описывает МегаАкадемию и обучение сотрудников; на домене tng.megafon.ru есть актуальные учебные материалы с этим брендом.","search_index","2026-10-01","КУ / функция обучения → владелец программы или HR → подтверждение потребности и закупочного маршрута; для внешних академий также партнёрство и субподряд.","Руководитель КУ/академии, руководитель T&D, владелец программы; закупщик образовательных услуг","Искать новые программы, приглашения внешних тренеров и методистов, закупки ДПО, разработку электронных курсов, вакансии T&D, расширение аудитории. Наличие КУ само по себе не доказывает текущий платный заказ.","Открыть первичное подтверждение, установить текущую структуру и официальный раздел закупок; отдельно обнаружить новости, программы, экспертные заявки, контакты и LMS. Записать ограничения доступа и дату следующей проверки.","Основное подробное подтверждение из отчёта 2019 года; проверить текущую структуру и бюджетодержателя.","Именованная структура с подтверждением; отбор по стране, очереди и типу. Это не оценка вероятности заказа."
"CU-0097","main_200","Полка X5","X5 Group","X5 Group","RU","corporate_university","Розничная торговля","Руководители, специалисты и кадровый резерв компании","Менеджмент, цифровые навыки, финансы, управление категориями, обучение тренеров.","https://www.x5.ru/ru/news/x5-zapuskaet-korporativnyj-universitet/","https://www.x5.ru/ru/news/x5-zapuskaet-korporativnyj-universitet/","Официальная новость запуска корпоративного университета «Полка X5» и обучения в партнёрстве с бизнес-школами.","search_index","2026-10-01","КУ / функция обучения → владелец программы или HR → подтверждение потребности и закупочного маршрута; для внешних академий также партнёрство и субподряд.","Руководитель КУ/академии, руководитель T&D, владелец программы; закупщик образовательных услуг","Искать новые программы, приглашения внешних тренеров и методистов, закупки ДПО, разработку электронных курсов, вакансии T&D, расширение аудитории. Наличие КУ само по себе не доказывает текущий платный заказ.","Открыть первичное подтверждение, установить текущую структуру и официальный раздел закупок; отдельно обнаружить новости, программы, экспертные заявки, контакты и LMS. Записать ограничения доступа и дату следующей проверки.","Не размножать один КУ на каждую торговую сеть без подтверждения самостоятельной структуры.","Именованная структура с подтверждением; отбор по стране, очереди и типу. Это не оценка вероятности заказа."
"CU-0098","main_200","Корпоративная академия Магнита","Магнит / АО Тандер","Магнит / АО Тандер","RU","corporate_academy","Розничная торговля","Руководители, специалисты и кадровый резерв компании","Управление, кадровый резерв, HR, финансы, закупки, электронные программы.","https://sr2022.magnit.com/ru/our-employees/recruitment-training/training-development","https://sr2022.magnit.com/ru/our-employees/recruitment-training/training-development","Официальный отчёт описывает корпоративную академию, программы развития и образовательную лицензию.","search_index","2026-10-01","КУ / функция обучения → владелец программы или HR → подтверждение потребности и закупочного маршрута; для внешних академий также партнёрство и субподряд.","Руководитель КУ/академии, руководитель T&D, владелец программы; закупщик образовательных услуг","Искать новые программы, приглашения внешних тренеров и методистов, закупки ДПО, разработку электронных курсов, вакансии T&D, расширение аудитории. Наличие КУ само по себе не доказывает текущий платный заказ.","Открыть первичное подтверждение, установить текущую структуру и официальный раздел закупок; отдельно обнаружить новости, программы, экспертные заявки, контакты и LMS. Записать ограничения доступа и дату следующей проверки.","Розничные рабочие инструкции сохранять как сигнал, но МИСБ ранжировать по бизнес-темам.","Именованная структура с подтверждением; отбор по стране, очереди и типу. Это не оценка вероятности заказа."
"CU-0099","main_200","Корпоративный университет Монетки","Торговая сеть Монетка","Группа Лента","RU","corporate_university","Розничная торговля","Руководители, специалисты и кадровый резерв компании","Кадровый резерв, управленческие тренинги, сервис, электронное обучение.","https://www.lentagroup.ru/ru/media/news-and-press-releases/bolee-98-sotrudnikov-monetki-polozhitelno-otsenivayut-obuchenie-v-korporativnom-universitete/","https://www.lentagroup.ru/ru/media/news-and-press-releases/bolee-98-sotrudnikov-monetki-polozhitelno-otsenivayut-obuchenie-v-korporativnom-universitete/","Официальная публикация Группы Лента от 09.09.2026 описывает действующий КУ Монетки и масштаб обучения.","search_index","2026-10-01","КУ / функция обучения → владелец программы или HR → подтверждение потребности и закупочного маршрута; для внешних академий также партнёрство и субподряд.","Руководитель КУ/академии, руководитель T&D, владелец программы; закупщик образовательных услуг","Искать новые программы, приглашения внешних тренеров и методистов, закупки ДПО, разработку электронных курсов, вакансии T&D, расширение аудитории. Наличие КУ само по себе не доказывает текущий платный заказ.","Открыть первичное подтверждение, установить текущую структуру и официальный раздел закупок; отдельно обнаружить новости, программы, экспертные заявки, контакты и LMS. Записать ограничения доступа и дату следующей проверки.","Самостоятельная структура внутри группы Лента; не смешивать с общегрупповой функцией обучения.","Именованная структура с подтверждением; отбор по стране, очереди и типу. Это не оценка вероятности заказа."
"CU-0100","main_200","Цифровая академия / Академия ритейла М.Видео-Эльдорадо","М.Видео-Эльдорадо","М.Видео-Эльдорадо","RU","corporate_academy","Розничная торговля","Руководители, специалисты и кадровый резерв компании","Продуктовый менеджмент, agile, аналитика данных, цифровая трансформация, менеджмент.","https://mvideoeldorado.ru/en/press-center/press-releases/detail/2420","https://mvideoeldorado.ru/en/press-center/press-releases/detail/2420","Официальная публикация о собственной платформе корпоративного образования «Цифровая академия».","search_index","2026-10-01","КУ / функция обучения → владелец программы или HR → подтверждение потребности и закупочного маршрута; для внешних академий также партнёрство и субподряд.","Руководитель КУ/академии, руководитель T&D, владелец программы; закупщик образовательных услуг","Искать новые программы, приглашения внешних тренеров и методистов, закупки ДПО, разработку электронных курсов, вакансии T&D, расширение аудитории. Наличие КУ само по себе не доказывает текущий платный заказ.","Открыть первичное подтверждение, установить текущую структуру и официальный раздел закупок; отдельно обнаружить новости, программы, экспертные заявки, контакты и LMS. Записать ограничения доступа и дату следующей проверки.","Связь с актуальной Академией ТехноЭкспертов и названиями внутренних школ перепроверить; здесь одна запись на образовательный контур группы.","Именованная структура с подтверждением; отбор по стране, очереди и типу. Это не оценка вероятности заказа."
"CU-0101","reserve","Корпоративный университет IBS","IBS","IBS","RU","corporate_university","Информационные технологии","Руководители, специалисты и кадровый резерв компании","Проектный менеджмент, soft skills ИТ-руководителей, управление изменениями, электронные курсы.","https://ibs.ru/media/ibs-integriruet-svoi-obrazovatelnye-struktury-v-korporativnyy-universitet/","https://ibs.ru/media/ibs-integriruet-svoi-obrazovatelnye-struktury-v-korporativnyy-universitet/","Официальная публикация об объединении образовательных структур IBS в корпоративный университет.","search_index","2026-10-01","КУ / функция обучения → владелец программы или HR → подтверждение потребности и закупочного маршрута; для внешних академий также партнёрство и субподряд.","Руководитель КУ/академии, руководитель T&D, владелец программы; закупщик образовательных услуг","Искать новые программы, приглашения внешних тренеров и методистов, закупки ДПО, разработку электронных курсов, вакансии T&D, расширение аудитории. Наличие КУ само по себе не доказывает текущий платный заказ.","Открыть первичное подтверждение, установить текущую структуру и официальный раздел закупок; отдельно обнаружить новости, программы, экспертные заявки, контакты и LMS. Записать ограничения доступа и дату следующей проверки.","Базовое свидетельство 2012 года; нынешнюю структуру и связь с внешним учебным центром IBS уточнить.","Дополнительная подтвержденная структура сверх основной выборки; продолжать мониторинг."
"CU-0102","main_200","Корпоративный университет КРОК","КРОК","КРОК","RU","corporate_university","Информационные технологии","Руководители, специалисты и кадровый резерв компании","Обучение внутренним тренерам, бизнес-коммуникации, HR, управление, разработка курсов.","https://edcrunch.online/conf/2022/180","https://edcrunch.online/conf/2022/180","Первичный сайт конференции указывает руководителя корпоративного университета КРОК; edu.croc.ru показывает образовательные проекты компании.","search_index","2026-10-01","КУ / функция обучения → владелец программы или HR → подтверждение потребности и закупочного маршрута; для внешних академий также партнёрство и субподряд.","Руководитель КУ/академии, руководитель T&D, владелец программы; закупщик образовательных услуг","Искать новые программы, приглашения внешних тренеров и методистов, закупки ДПО, разработку электронных курсов, вакансии T&D, расширение аудитории. Наличие КУ само по себе не доказывает текущий платный заказ.","Открыть первичное подтверждение, установить текущую структуру и официальный раздел закупок; отдельно обнаружить новости, программы, экспертные заявки, контакты и LMS. Записать ограничения доступа и дату следующей проверки.","Название подтверждено первичным организатором выступления, не собственной страницей университета; основной адрес edu.croc.ru при открытии вернул ошибку.","Именованная структура с подтверждением; отбор по стране, очереди и типу. Это не оценка вероятности заказа."
"CU-0103","main_200","Корпоративный университет / внутренняя Академия Softline","Softline","Softline","RU","corporate_university","Информационные технологии","Руководители, специалисты и кадровый резерв компании","Управление, коммуникации, продажи ИТ-решений, развитие тренеров, электронные курсы.","https://edu.softline.com/news/kompaniya-softline-otkryta-dlya-vsekh-kto-reshil-smenit-profil-deyatelnosti-i-nashel-sebya-v-it/","https://edu.softline.com/news/kompaniya-softline-otkryta-dlya-vsekh-kto-reshil-smenit-profil-deyatelnosti-i-nashel-sebya-v-it/","Официальная публикация отдельно описывает внутреннюю академию и КУ сотрудников с soft/hard skills.","search_index","2026-10-01","КУ / функция обучения → владелец программы или HR → подтверждение потребности и закупочного маршрута; для внешних академий также партнёрство и субподряд.","Руководитель КУ/академии, руководитель T&D, владелец программы; закупщик образовательных услуг","Искать новые программы, приглашения внешних тренеров и методистов, закупки ДПО, разработку электронных курсов, вакансии T&D, расширение аудитории. Наличие КУ само по себе не доказывает текущий платный заказ.","Открыть первичное подтверждение, установить текущую структуру и официальный раздел закупок; отдельно обнаружить новости, программы, экспертные заявки, контакты и LMS. Записать ограничения доступа и дату следующей проверки.","Внешняя Академия Softline и внутренний КУ имеют разные аудитории; не предполагать единый закупочный бюджет.","Именованная структура с подтверждением; отбор по стране, очереди и типу. Это не оценка вероятности заказа."
"CU-0104","main_200","Сетевая Академия ЛАНИТ","ЛАНИТ","ЛАНИТ","RU","company_training_center","Информационные технологии","Руководители и специалисты внешних корпоративных клиентов; сотрудники группы — требует уточнения","Управление ИТ-проектами, бизнес-анализ, развитие тренеров и методология, цифровые курсы.","https://lanit.ru/press/archive/setevaya-akademiya-lanit-podvela-itogi-2021-goda-","https://lanit.ru/press/archive/setevaya-akademiya-lanit-podvela-itogi-2021-goda-","Официальная группа описывает учебный центр «Сетевая Академия ЛАНИТ» как входящий в группу.","search_index","2026-10-01","КУ / функция обучения → владелец программы или HR → подтверждение потребности и закупочного маршрута; для внешних академий также партнёрство и субподряд.","Руководитель КУ/академии, руководитель T&D, владелец программы; закупщик образовательных услуг","Искать новые программы, приглашения внешних тренеров и методистов, закупки ДПО, разработку электронных курсов, вакансии T&D, расширение аудитории. Наличие КУ само по себе не доказывает текущий платный заказ.","Открыть первичное подтверждение, установить текущую структуру и официальный раздел закупок; отдельно обнаружить новости, программы, экспертные заявки, контакты и LMS. Записать ограничения доступа и дату следующей проверки.","Внешний коммерческий учебный центр группы, а не подтверждённый внутренний КУ; рассматривать как партнёра/субподрядчика.","Именованная структура с подтверждением; отбор по стране, очереди и типу. Это не оценка вероятности заказа."
"CU-0105","main_200","Ozon Универ","Ozon","Ozon","RU","corporate_university","Электронная коммерция","Руководители, специалисты и кадровый резерв компании","Управление, антимонопольный комплаенс, цифровые курсы, логистика для менеджеров, HR.","https://dreamjob.ru/employers/26029/blog/ucene-trend-kak-vygladit-korporativnyj-universitet-ozon","https://dreamjob.ru/employers/26029/blog/ucene-trend-kak-vygladit-korporativnyj-universitet-ozon","Блог работодателя Ozon описывает внутренний корпоративный университет, обязательные и развивающие программы.","content_read","2026-10-01","КУ / функция обучения → владелец программы или HR → подтверждение потребности и закупочного маршрута; для внешних академий также партнёрство и субподряд.","Руководитель КУ/академии, руководитель T&D, владелец программы; закупщик образовательных услуг","Искать новые программы, приглашения внешних тренеров и методистов, закупки ДПО, разработку электронных курсов, вакансии T&D, расширение аудитории. Наличие КУ само по себе не доказывает текущий платный заказ.","Открыть первичное подтверждение, установить текущую структуру и официальный раздел закупок; отдельно обнаружить новости, программы, экспертные заявки, контакты и LMS. Записать ограничения доступа и дату следующей проверки.","Точная доступность отдельного портала не установлена; использовать корпоративный блог и первичные сведения организатора разработки.","Именованная структура с подтверждением; отбор по стране, очереди и типу. Это не оценка вероятности заказа."
"CU-0106","main_200","Корпоративный университет Петровича","СТД Петрович","СТД Петрович","RU","corporate_university","Розничная торговля DIY","Руководители, специалисты и кадровый резерв компании","Управленческие компетенции, кадровый резерв, наставничество, гибридное управление.","https://ostanin.ru/cases/std-petrovich/","https://ostanin.ru/cases/std-petrovich/","Первичный кейс исполнителя описывает заказ КУ на подготовку кадрового резерва и приобретение готового онлайн-курса.","search_index","2026-10-01","КУ / функция обучения → владелец программы или HR → подтверждение потребности и закупочного маршрута; для внешних академий также партнёрство и субподряд.","Руководитель КУ/академии, руководитель T&D, владелец программы; закупщик образовательных услуг","Искать новые программы, приглашения внешних тренеров и методистов, закупки ДПО, разработку электронных курсов, вакансии T&D, расширение аудитории. Наличие КУ само по себе не доказывает текущий платный заказ.","Открыть первичное подтверждение, установить текущую структуру и официальный раздел закупок; отдельно обнаружить новости, программы, экспертные заявки, контакты и LMS. Записать ограничения доступа и дату следующей проверки.","Исторический кейс продавца — свидетельство прежнего платного заказа, не новая открытая потребность. Не путать etrn.petrovich.ru с собственным КУ: там описание продукта Saby.","Именованная структура с подтверждением; отбор по стране, очереди и типу. Это не оценка вероятности заказа."
"CU-0107","main_200","Корпоративный университет СК Согласие","СК Согласие","СК Согласие","RU","corporate_university","Страхование","Руководители, специалисты и кадровый резерв компании","Обучение офисного персонала, продажи, управление, цифровое обучение, страховой комплаенс.","https://auditorium-cg.ru/cef25","https://auditorium-cg.ru/cef25","Официальная программа конференции 2025 называет директора департамента «Корпоративный университет» СК Согласие.","search_index","2026-10-01","КУ / функция обучения → владелец программы или HR → подтверждение потребности и закупочного маршрута; для внешних академий также партнёрство и субподряд.","Руководитель КУ/академии, руководитель T&D, владелец программы; закупщик образовательных услуг","Искать новые программы, приглашения внешних тренеров и методистов, закупки ДПО, разработку электронных курсов, вакансии T&D, расширение аудитории. Наличие КУ само по себе не доказывает текущий платный заказ.","Открыть первичное подтверждение, установить текущую структуру и официальный раздел закупок; отдельно обнаружить новости, программы, экспертные заявки, контакты и LMS. Записать ограничения доступа и дату следующей проверки.","Подтверждение через первичного организатора конференции; собственный открытый портал КУ ещё нужно найти.","Именованная структура с подтверждением; отбор по стране, очереди и типу. Это не оценка вероятности заказа."
"CU-0108","main_200","Академия бизнеса Б1","Б1","Б1","RU","corporate_academy","Аудит и консалтинг","Руководители и специалисты внешних корпоративных клиентов; сотрудники группы — требует уточнения","Финансы, МСФО, риски, управление, HR, электронное обучение и приглашённые эксперты.","https://b1.ru/academyb1/","https://b1.ru/academyb1/","Группа Б1 публикует собственное образовательное направление Академия бизнеса Б1.","search_index","2026-10-01","КУ / функция обучения → владелец программы или HR → подтверждение потребности и закупочного маршрута; для внешних академий также партнёрство и субподряд.","Руководитель КУ/академии, руководитель T&D, владелец программы; закупщик образовательных услуг","Искать новые программы, приглашения внешних тренеров и методистов, закупки ДПО, разработку электронных курсов, вакансии T&D, расширение аудитории. Наличие КУ само по себе не доказывает текущий платный заказ.","Открыть первичное подтверждение, установить текущую структуру и официальный раздел закупок; отдельно обнаружить новости, программы, экспертные заявки, контакты и LMS. Записать ограничения доступа и дату следующей проверки.","Внешний образовательный бизнес группы, прямой конкурент и возможный партнёр; не классический внутренний КУ.","Именованная структура с подтверждением; отбор по стране, очереди и типу. Это не оценка вероятности заказа."
"CU-0109","main_200","Академия Kept","Kept","Kept","RU","corporate_academy","Аудит и консалтинг","Руководители и специалисты внешних корпоративных клиентов; сотрудники группы — требует уточнения","Финансы, HR, лидерство, риск-менеджмент, цифровые технологии, электронный контент.","https://academy.kept.ru/corp","https://academy.kept.ru/corp","Официальная страница подтверждает, что академия — часть Kept, с корпоративными программами.","search_index","2026-10-01","КУ / функция обучения → владелец программы или HR → подтверждение потребности и закупочного маршрута; для внешних академий также партнёрство и субподряд.","Руководитель КУ/академии, руководитель T&D, владелец программы; закупщик образовательных услуг","Искать новые программы, приглашения внешних тренеров и методистов, закупки ДПО, разработку электронных курсов, вакансии T&D, расширение аудитории. Наличие КУ само по себе не доказывает текущий платный заказ.","Открыть первичное подтверждение, установить текущую структуру и официальный раздел закупок; отдельно обнаружить новости, программы, экспертные заявки, контакты и LMS. Записать ограничения доступа и дату следующей проверки.","Коммерческий провайдер группы: искать партнёрство, преподавателей или субподряд, а не считать покупателем всех своих курсов.","Именованная структура с подтверждением; отбор по стране, очереди и типу. Это не оценка вероятности заказа."
"CU-0110","main_200","Академия Технологий Доверия","Технологии Доверия","Технологии Доверия","RU","corporate_academy","Аудит и консалтинг","Руководители и специалисты внешних корпоративных клиентов; сотрудники группы — требует уточнения","МСФО, РСБУ, налоги, финансы, HR, коучинг, деловые коммуникации.","https://training.tedo.ru/about-academy/","https://training.tedo.ru/about-academy/","Официальная академия (бывшая Академия PwC) описывает программы и образовательную лицензию.","search_index","2026-10-01","КУ / функция обучения → владелец программы или HR → подтверждение потребности и закупочного маршрута; для внешних академий также партнёрство и субподряд.","Руководитель КУ/академии, руководитель T&D, владелец программы; закупщик образовательных услуг","Искать новые программы, приглашения внешних тренеров и методистов, закупки ДПО, разработку электронных курсов, вакансии T&D, расширение аудитории. Наличие КУ само по себе не доказывает текущий платный заказ.","Открыть первичное подтверждение, установить текущую структуру и официальный раздел закупок; отдельно обнаружить новости, программы, экспертные заявки, контакты и LMS. Записать ограничения доступа и дату следующей проверки.","Внешний образовательный центр группы, не подтверждённый внутренний КУ; конкурентный и партнёрский маршрут.","Именованная структура с подтверждением; отбор по стране, очереди и типу. Это не оценка вероятности заказа."
"CU-0111","main_200","Экономико-правовая школа ФБК","ФБК","ФБК","RU","company_training_center","Аудит и консалтинг","Руководители и специалисты внешних корпоративных клиентов; сотрудники группы — требует уточнения","Финансы, право, налоги, аудит, электронные курсы, преподаватели узких тем.","https://www.fbk.ru/press-center/news/ekonomiko-pravovaya-shkola-fbk-zapustila-novyy-sayt/","https://www.fbk.ru/press-center/news/ekonomiko-pravovaya-shkola-fbk-zapustila-novyy-sayt/","Официальная ФБК подтверждает Экономико-правовую школу и адрес её сайта elsfbk.ru.","search_index","2026-10-01","КУ / функция обучения → владелец программы или HR → подтверждение потребности и закупочного маршрута; для внешних академий также партнёрство и субподряд.","Руководитель КУ/академии, руководитель T&D, владелец программы; закупщик образовательных услуг","Искать новые программы, приглашения внешних тренеров и методистов, закупки ДПО, разработку электронных курсов, вакансии T&D, расширение аудитории. Наличие КУ само по себе не доказывает текущий платный заказ.","Открыть первичное подтверждение, установить текущую структуру и официальный раздел закупок; отдельно обнаружить новости, программы, экспертные заявки, контакты и LMS. Записать ограничения доступа и дату следующей проверки.","Внешний учебный центр группы; искать субподряд и совместные продукты. История закупок не установлена.","Именованная структура с подтверждением; отбор по стране, очереди и типу. Это не оценка вероятности заказа."
"CU-0112","main_200","Корпоративный университет СКБ Контур","СКБ Контур","СКБ Контур","RU","corporate_university","Информационные технологии","Руководители, специалисты и кадровый резерв компании","Лидерство, фасилитация, управление, HR, обучение бизнес-функций ИТ-компании.","https://kontur.ru/press/news/79945-kontur_reshenie_kadrovogo_deficita_v_it","https://kontur.ru/press/news/79945-kontur_reshenie_kadrovogo_deficita_v_it","Официальная новость описывает собственную образовательную платформу «Корпоративный университет».","search_index","2026-10-01","КУ / функция обучения → владелец программы или HR → подтверждение потребности и закупочного маршрута; для внешних академий также партнёрство и субподряд.","Руководитель КУ/академии, руководитель T&D, владелец программы; закупщик образовательных услуг","Искать новые программы, приглашения внешних тренеров и методистов, закупки ДПО, разработку электронных курсов, вакансии T&D, расширение аудитории. Наличие КУ само по себе не доказывает текущий платный заказ.","Открыть первичное подтверждение, установить текущую структуру и официальный раздел закупок; отдельно обнаружить новости, программы, экспертные заявки, контакты и LMS. Записать ограничения доступа и дату следующей проверки.","Внутренний КУ отличается от внешней Контур.Школы; каналы сохранять связанными, не объединять бюджеты автоматически.","Именованная структура с подтверждением; отбор по стране, очереди и типу. Это не оценка вероятности заказа."
"CU-0113","main_200","Корпоративный университет Тензора","Тензор / Saby","Тензор / Saby","RU","corporate_university","Информационные технологии","Руководители, специалисты и кадровый резерв компании","Менеджмент, продажи, обучение бухгалтерским и кадровым сервисам, электронные курсы.","https://tensor.ru/about/training","https://tensor.ru/about/training","Официальная страница обучения содержит раздел «Корпоративный университет».","content_read","2026-10-01","КУ / функция обучения → владелец программы или HR → подтверждение потребности и закупочного маршрута; для внешних академий также партнёрство и субподряд.","Руководитель КУ/академии, руководитель T&D, владелец программы; закупщик образовательных услуг","Искать новые программы, приглашения внешних тренеров и методистов, закупки ДПО, разработку электронных курсов, вакансии T&D, расширение аудитории. Наличие КУ само по себе не доказывает текущий платный заказ.","Открыть первичное подтверждение, установить текущую структуру и официальный раздел закупок; отдельно обнаружить новости, программы, экспертные заявки, контакты и LMS. Записать ограничения доступа и дату следующей проверки.","Продукт Saby «Корпоративный университет» не равен внутреннему университету компании; использовать раздел обучения Тензора.","Именованная структура с подтверждением; отбор по стране, очереди и типу. Это не оценка вероятности заказа."
"CU-0114","main_200","Nexign Academy / корпоративный университет Nexign","Nexign","Nexign","RU","corporate_university","Информационные технологии","Руководители, специалисты и кадровый резерв компании","Управление ИТ-командами, HR, кадровый резерв, обучение внутренних тренеров.","https://nexign.com/ru/nexign-academy/razvitie-hr-servisov","https://nexign.com/ru/nexign-academy/razvitie-hr-servisov","Официальная академия предлагает HR-практики и построение систем обучения; официальное выступление HR-директора описывает КУ.","content_read","2026-10-01","КУ / функция обучения → владелец программы или HR → подтверждение потребности и закупочного маршрута; для внешних академий также партнёрство и субподряд.","Руководитель КУ/академии, руководитель T&D, владелец программы; закупщик образовательных услуг","Искать новые программы, приглашения внешних тренеров и методистов, закупки ДПО, разработку электронных курсов, вакансии T&D, расширение аудитории. Наличие КУ само по себе не доказывает текущий платный заказ.","Открыть первичное подтверждение, установить текущую структуру и официальный раздел закупок; отдельно обнаружить новости, программы, экспертные заявки, контакты и LMS. Записать ограничения доступа и дату следующей проверки.","Подтверждён образовательный центр с выходом во внешнее обучение; отдельность брендов и бюджетов уточнить.","Именованная структура с подтверждением; отбор по стране, очереди и типу. Это не оценка вероятности заказа."
"CU-0115","main_200","ВСК Университет","ВСК","ВСК","RU","corporate_university","Страхование","Руководители, специалисты и кадровый резерв компании","Страховые финансы, переговоры, управление, деловая переписка, цифровые навыки.","https://university.vsk.ru/","https://university.vsk.ru/","Официальный сайт АНО ДПО «ВСК Университет»: программы, мероприятия и собственные контакты.","content_read","2026-10-01","КУ / функция обучения → владелец программы или HR → подтверждение потребности и закупочного маршрута; для внешних академий также партнёрство и субподряд.","Руководитель КУ/академии, руководитель T&D, владелец программы; закупщик образовательных услуг","Искать новые программы, приглашения внешних тренеров и методистов, закупки ДПО, разработку электронных курсов, вакансии T&D, расширение аудитории. Наличие КУ само по себе не доказывает текущий платный заказ.","Открыть первичное подтверждение, установить текущую структуру и официальный раздел закупок; отдельно обнаружить новости, программы, экспертные заявки, контакты и LMS. Записать ограничения доступа и дату следующей проверки.","Предлагает внешние образовательные услуги; потребность в подрядчиках требует отдельного сигнала.","Именованная структура с подтверждением; отбор по стране, очереди и типу. Это не оценка вероятности заказа."
"CU-0116","main_200","Корпоративный университет Ак Барс Банка","Ак Барс Банк","Ак Барс Банк","RU","corporate_university","Банки","Руководители, специалисты и кадровый резерв компании","Банковские риски, менеджмент, HR, аналитика, цифровые навыки.","https://www.tisbi.ru/novosti/tisbi-prinyal-uchastie-v-shestom-zasedanii-kruglogo-stola-s-departamentom-po-rabote-s-personalom-i-korporativnim-universitetom-ak-bars-banka","https://www.tisbi.ru/novosti/tisbi-prinyal-uchastie-v-shestom-zasedanii-kruglogo-stola-s-departamentom-po-rabote-s-personalom-i-korporativnim-universitetom-ak-bars-banka","Университет-партнёр ТИСБИ в феврале 2026 описывает совместное заседание с КУ банка; банк также подтверждает КУ в корпоративном отчёте.","search_index","2026-10-01","КУ / функция обучения → владелец программы или HR → подтверждение потребности и закупочного маршрута; для внешних академий также партнёрство и субподряд.","Руководитель КУ/академии, руководитель T&D, владелец программы; закупщик образовательных услуг","Искать новые программы, приглашения внешних тренеров и методистов, закупки ДПО, разработку электронных курсов, вакансии T&D, расширение аудитории. Наличие КУ само по себе не доказывает текущий платный заказ.","Открыть первичное подтверждение, установить текущую структуру и официальный раздел закупок; отдельно обнаружить новости, программы, экспертные заявки, контакты и LMS. Записать ограничения доступа и дату следующей проверки.","Первичный партнёрский источник; официальный отдельный URL КУ ещё не найден.","Именованная структура с подтверждением; отбор по стране, очереди и типу. Это не оценка вероятности заказа."
"CU-0117","main_200","Корпоративный университет Газпромбанка","Газпромбанк","Газпромбанк","RU","corporate_university","Банки","Руководители, специалисты и кадровый резерв компании","Лидерство, финансовый риск, HR, цифровая трансформация, электронные программы.","https://career.habr.com/companies/gazprombank/scores/2022","https://career.habr.com/companies/gazprombank/scores/2022","Ответы работодателя на карьерной платформе прямо описывают КУ и набор курсов; первичная программа конференции CEF 2022 называет руководителя КУ.","search_index","2026-10-01","КУ / функция обучения → владелец программы или HR → подтверждение потребности и закупочного маршрута; для внешних академий также партнёрство и субподряд.","Руководитель КУ/академии, руководитель T&D, владелец программы; закупщик образовательных услуг","Искать новые программы, приглашения внешних тренеров и методистов, закупки ДПО, разработку электронных курсов, вакансии T&D, расширение аудитории. Наличие КУ само по себе не доказывает текущий платный заказ.","Открыть первичное подтверждение, установить текущую структуру и официальный раздел закупок; отдельно обнаружить новости, программы, экспертные заявки, контакты и LMS. Записать ограничения доступа и дату следующей проверки.","Учитывать именно ответ работодателя, не отзывы сотрудников; уточнить современный портал и структуру.","Именованная структура с подтверждением; отбор по стране, очереди и типу. Это не оценка вероятности заказа."
"CU-0118","main_200","Академия лидерства T2Way","t2","t2","RU","corporate_academy","Телекоммуникации","Руководители, специалисты и кадровый резерв компании","Лидерство, изменение бизнес-процессов, кадровый резерв, цифровые навыки.","https://careers.t2.ru/?erid=2Vtzqwb7nMJ","https://careers.t2.ru/?erid=2Vtzqwb7nMJ","Официальный карьерный сайт прямо перечисляет академию лидерства T2Way и маркетплейс обучения.","search_index","2026-10-01","КУ / функция обучения → владелец программы или HR → подтверждение потребности и закупочного маршрута; для внешних академий также партнёрство и субподряд.","Руководитель КУ/академии, руководитель T&D, владелец программы; закупщик образовательных услуг","Искать новые программы, приглашения внешних тренеров и методистов, закупки ДПО, разработку электронных курсов, вакансии T&D, расширение аудитории. Наличие КУ само по себе не доказывает текущий платный заказ.","Открыть первичное подтверждение, установить текущую структуру и официальный раздел закупок; отдельно обнаружить новости, программы, экспертные заявки, контакты и LMS. Записать ограничения доступа и дату следующей проверки.","Академия как именованный элемент обучения, самостоятельность подразделения не установлена; связь с Ростелекомом не означает общий КУ.","Именованная структура с подтверждением; отбор по стране, очереди и типу. Это не оценка вероятности заказа."
"CU-0119","main_200","Т1 Цифровая академия","Т1","Т1","RU","corporate_academy","Информационные технологии","Сотрудники холдинга и внешние корпоративные клиенты","Управление цифровой трансформацией, ИТ-команды, бизнес-анализ, электронные курсы.","https://t1.ru/about/units/t1-academy","https://t1.ru/about/units/t1-academy","Официальная структура холдинга описывает академию, методический отдел и программы развития сотрудников.","content_read","2026-10-01","КУ / функция обучения → владелец программы или HR → подтверждение потребности и закупочного маршрута; для внешних академий также партнёрство и субподряд.","Руководитель КУ/академии, руководитель T&D, владелец программы; закупщик образовательных услуг","Искать новые программы, приглашения внешних тренеров и методистов, закупки ДПО, разработку электронных курсов, вакансии T&D, расширение аудитории. Наличие КУ само по себе не доказывает текущий платный заказ.","Открыть первичное подтверждение, установить текущую структуру и официальный раздел закупок; отдельно обнаружить новости, программы, экспертные заявки, контакты и LMS. Записать ограничения доступа и дату следующей проверки.","Внутреннее и внешнее обучение; возможное партнёрство/субподряд, текущая закупка не подтверждена.","Именованная структура с подтверждением; отбор по стране, очереди и типу. Это не оценка вероятности заказа."
"CU-0120","main_200","1С:Учебный центр №1","Фирма 1С","1С","RU","company_training_center","Информационные технологии","Бухгалтеры, экономисты, кадровики, программисты и сотрудники партнёрской сети; внешний корпоративный контур.","Бухгалтерский и налоговый учёт, кадровое делопроизводство, управленческий учёт, электронные курсы и методология обучения.","https://uc1.1c.ru/","https://uc1.1c.ru/about/?ysclid=mbgmgyswxj770636479","Официальная страница прямо называет Учебный центр №1 структурным подразделением фирмы 1С в её центральном офисе.","search_index","2026-10-01","КУ / функция обучения → владелец программы или HR → подтверждение потребности и закупочного маршрута; для внешних академий также партнёрство и субподряд.","Руководитель КУ/академии, руководитель T&D, владелец программы; закупщик образовательных услуг","Искать новые программы, приглашения внешних тренеров и методистов, закупки ДПО, разработку электронных курсов, вакансии T&D, расширение аудитории. Наличие КУ само по себе не доказывает текущий платный заказ.","Открыть первичное подтверждение, установить текущую структуру и официальный раздел закупок; отдельно обнаружить новости, программы, экспертные заявки, контакты и LMS. Записать ограничения доступа и дату следующей проверки.","Именованный учебный центр вендора, а не классический внутренний КУ; не путать с независимыми авторизованными центрами 1С.","Именованная структура с подтверждением; отбор по стране, очереди и типу. Это не оценка вероятности заказа."
"CU-0121","reserve","Управление развития функции обучения Т-Банка","Т-Банк","Т-Банк","RU","candidate","Банки","Руководители, специалисты и кадровый резерв компании","Операционный менеджмент, сервис, продажи, наставничество, электронные программы.","https://rutube.ru/video/363426e9f42348c0d1d8e4388de851f7/","https://rutube.ru/video/363426e9f42348c0d1d8e4388de851f7/","Первичный видеоматериал организатора встречи 18.06.2025 посвящён управлению обучения операционных подразделений Т-Банка.","candidate","2026-10-01","КУ / функция обучения → владелец программы или HR → подтверждение потребности и закупочного маршрута; для внешних академий также партнёрство и субподряд.","Руководитель КУ/академии, руководитель T&D, владелец программы; закупщик образовательных услуг","Искать новые программы, приглашения внешних тренеров и методистов, закупки ДПО, разработку электронных курсов, вакансии T&D, расширение аудитории. Наличие КУ само по себе не доказывает текущий платный заказ.","Найти официальное подтверждение конкретного КУ/УЦ/академии сотрудников Т-Банка; пока не включать в число подтверждённых образовательных структур.","Функциональный аналог КУ; формальное название — управление. Не путать с частным вузом «Центральный университет» и внешней Т-Академией.","Требуется уточнение статуса, структуры или самостоятельности; все каналы сохранены."
"CU-0122","main_200","Корпоративный университет РЖД","ОАО «РЖД»","ОАО «РЖД»","RU","corporate_university","Железнодорожный транспорт","Руководители, специалисты, кадровый резерв холдинга и партнёров","Высокое: менеджмент, HR, корпоративные финансы, цифровая трансформация, методология и электронное обучение","https://www.universitetrzd.ru/","https://www.universitetrzd.ru/about/","Официальная страница описывает бизнес-образование, развитие руководителей и специалистов, кадровый резерв и сотрудничество с внешними образовательными организациями.","content_read","2026-10-01","Предлагаемый маршрут: команда учебного центра/КУ → уточнение задач и правил привлечения внешних преподавателей → закупочная служба соответствующего юрлица. Открытый заказ не установлен.","Руководитель КУ/учебного центра; руководитель обучения и развития; методолог; закупщик образовательных услуг","Гипотезы для мониторинга: новые программы и потоки; обновление электронных курсов; программы развития руководителей и резерва; объявление поиска тренеров/экспертов; закупка образовательных услуг. Наличие программы само по себе не доказывает внешний заказ.","Импортировать как источник; подтвердить текущий контакт владельца образовательной программы; обнаружить дочерние разделы, новости и официальный закупочный маршрут. Сохранять слабые сигналы до ранжирования.","Существование образовательного подразделения не означает наличие текущего внешнего заказа. Доступ к внутренней LMS не проверен.","Именованная структура с подтверждением; отбор по стране, очереди и типу. Это не оценка вероятности заказа."
"CU-0123","main_200","Корпоративный университет группы «Волга-Днепр»","Группа «Волга-Днепр»","Группа «Волга-Днепр»","RU","corporate_university","Авиация и логистика","Руководители и специалисты, авиационный персонал","Высокое для бизнес-обучения, менеджмента, управления знаниями и онлайн-программ; авиационные допуски требуют отдельной экспертизы","https://www.volga-dnepr.com/about/practice-and-work-for-young-specialists/","https://www.volga-dnepr.com/about/practice-and-work-for-young-specialists/","На официальной странице КУ включает центр бизнес-обучения руководителей и специалистов; прямо указаны внешние консультанты как поставщики образовательных услуг.","content_read","2026-10-01","Подтверждён канал внешних поставщиков образовательных услуг на странице развития персонала; предложить бизнес-программы команде КУ, затем уточнить закупочную процедуру.","Руководитель КУ/учебного центра; руководитель обучения и развития; методолог; закупщик образовательных услуг","Гипотезы для мониторинга: новые программы и потоки; обновление электронных курсов; программы развития руководителей и резерва; объявление поиска тренеров/экспертов; закупка образовательных услуг. Наличие программы само по себе не доказывает внешний заказ.","Импортировать как источник; подтвердить текущий контакт владельца образовательной программы; обнаружить дочерние разделы, новости и официальный закупочный маршрут. Сохранять слабые сигналы до ранжирования.","Существование образовательного подразделения не означает наличие текущего внешнего заказа. Доступ к внутренней LMS не проверен.","Именованная структура с подтверждением; отбор по стране, очереди и типу. Это не оценка вероятности заказа."
"CU-0124","main_200","АР-Университет","Холдинг «Аэропорты Регионов»","Холдинг «Аэропорты Регионов»","RU","corporate_academy","Аэропорты","Специалисты и руководители аэропортовой отрасли","Условное: сервис, коммуникации, управление, методология цифрового обучения; технические авиационные программы вне основного профиля МИСБ","https://ar-university.ru/ru/about","https://ar-university.ru/ru/about","Официальный поисковый индекс описывает авиационный образовательный центр холдинга «Аэропорты Регионов» и развитие дистанционных форматов.","search_index","2026-10-01","Предлагаемый маршрут: команда учебного центра/КУ → уточнение задач и правил привлечения внешних преподавателей → закупочная служба соответствующего юрлица. Открытый заказ не установлен.","Руководитель КУ/учебного центра; руководитель обучения и развития; методолог; закупщик образовательных услуг","Гипотезы для мониторинга: новые программы и потоки; обновление электронных курсов; программы развития руководителей и резерва; объявление поиска тренеров/экспертов; закупка образовательных услуг. Наличие программы само по себе не доказывает внешний заказ.","Импортировать как источник; подтвердить текущий контакт владельца образовательной программы; обнаружить дочерние разделы, новости и официальный закупочный маршрут. Сохранять слабые сигналы до ранжирования.","При открытии извлечён только пустой документ; подтверждение по официальному поисковому индексу. Текущая техническая доступность требует проверки.","Именованная структура с подтверждением; отбор по стране, очереди и типу. Это не оценка вероятности заказа."
"CU-0125","main_200","Корпоративный университет — авиационный учебный центр Пулково","ООО «Воздушные Ворота Северной Столицы»","ООО «Воздушные Ворота Северной Столицы»","RU","corporate_university","Аэропорты","Авиационные специалисты и сотрудники аэропорта","Условное: клиентский сервис, коммуникации, развитие внутренних инструкторов и электронные курсы; проверять управленческую часть каждой задачи","https://pulkovoairport.ru/atc/about-educational/","https://pulkovoairport.ru/atc/about-educational/","КУ АУЦ официально назван подразделением дирекции по персоналу; раскрыты руководство, контакты и отчёты о самообследовании.","content_read","2026-10-01","Предлагаемый маршрут: команда учебного центра/КУ → уточнение задач и правил привлечения внешних преподавателей → закупочная служба соответствующего юрлица. Открытый заказ не установлен.","Руководитель КУ/учебного центра; руководитель обучения и развития; методолог; закупщик образовательных услуг","Гипотезы для мониторинга: новые программы и потоки; обновление электронных курсов; программы развития руководителей и резерва; объявление поиска тренеров/экспертов; закупка образовательных услуг. Наличие программы само по себе не доказывает внешний заказ.","Импортировать как источник; подтвердить текущий контакт владельца образовательной программы; обнаружить дочерние разделы, новости и официальный закупочный маршрут. Сохранять слабые сигналы до ранжирования.","Существование образовательного подразделения не означает наличие текущего внешнего заказа. Доступ к внутренней LMS не проверен.","Именованная структура с подтверждением; отбор по стране, очереди и типу. Это не оценка вероятности заказа."
"CU-0126","reserve","S7 Training","S7 Group / авиакомпания «Сибирь»","S7 Group / авиакомпания «Сибирь»","RU","company_training_center","Авиация","Лётный и наземный персонал, бортпроводники, инструкторы","Условное: цифровая методология, обучение инструкторов, сервис и коммуникации; основной авиационный профиль не является подтверждённым спросом на МИСБ","https://www.s7training.ru/","https://s7-training.ru/osnovnyie-svedeniya","Официальные сведения: АНО ДПО «С 7 Тренинг» создан как авиационный учебный центр авиакомпании «Сибирь».","content_read","2026-10-01","Предлагаемый маршрут: команда учебного центра/КУ → уточнение задач и правил привлечения внешних преподавателей → закупочная служба соответствующего юрлица. Открытый заказ не установлен.","Руководитель КУ/учебного центра; руководитель обучения и развития; методолог; закупщик образовательных услуг","Гипотезы для мониторинга: новые программы и потоки; обновление электронных курсов; программы развития руководителей и резерва; объявление поиска тренеров/экспертов; закупка образовательных услуг. Наличие программы само по себе не доказывает внешний заказ.","Импортировать как источник; подтвердить текущий контакт владельца образовательной программы; обнаружить дочерние разделы, новости и официальный закупочный маршрут. Сохранять слабые сигналы до ранжирования.","Существование образовательного подразделения не означает наличие текущего внешнего заказа. Доступ к внутренней LMS не проверен.","Дополнительная подтвержденная структура сверх основной выборки; продолжать мониторинг."
"CU-0127","main_200","Авиашкола Аэрофлота (Академия Аэрофлота)","Группа «Аэрофлот»","Группа «Аэрофлот»","RU","corporate_academy","Авиация","Специалисты авиакомпаний, бортпроводники, инструкторы","Условное: сервис, внутренние тренеры, электронное обучение; узкие программы авиационной подготовки требуют профильного исполнителя","https://www.avb.ru/","https://www.avb.ru/about","Официальная страница использует бренд Авиашкола Аэрофлота и содержит справку об Академии Аэрофлота, документы и руководство.","content_read","2026-10-01","Предлагаемый маршрут: команда учебного центра/КУ → уточнение задач и правил привлечения внешних преподавателей → закупочная служба соответствующего юрлица. Открытый заказ не установлен.","Руководитель КУ/учебного центра; руководитель обучения и развития; методолог; закупщик образовательных услуг","Гипотезы для мониторинга: новые программы и потоки; обновление электронных курсов; программы развития руководителей и резерва; объявление поиска тренеров/экспертов; закупка образовательных услуг. Наличие программы само по себе не доказывает внешний заказ.","Импортировать как источник; подтвердить текущий контакт владельца образовательной программы; обнаружить дочерние разделы, новости и официальный закупочный маршрут. Сохранять слабые сигналы до ранжирования.","На странице встречаются оба наименования. До договора уточнить действующее наименование юридического лица и актуальные программы; не создавать два КУ из двух брендов.","Именованная структура с подтверждением; отбор по стране, очереди и типу. Это не оценка вероятности заказа."
"CU-0128","main_200","Корпоративный университет Почты России","АО «Почта России»","АО «Почта России»","RU","corporate_university","Почтовая связь и логистика","Руководители и сотрудники распределённой почтовой сети","Высокое: массовое дистанционное обучение, сервис, управленческие навыки, наставничество и обучающее видео","https://www.pochta.ru/news/item/post-156","https://www.pochta.ru/news/item/post-156","Официальный поисковый индекс сообщения о кафедре Почты России в РЭУ называет руководителя корпоративного университета.","search_index","2026-10-01","Предлагаемый маршрут: команда учебного центра/КУ → уточнение задач и правил привлечения внешних преподавателей → закупочная служба соответствующего юрлица. Открытый заказ не установлен.","Руководитель КУ/учебного центра; руководитель обучения и развития; методолог; закупщик образовательных услуг","Гипотезы для мониторинга: новые программы и потоки; обновление электронных курсов; программы развития руководителей и резерва; объявление поиска тренеров/экспертов; закупка образовательных услуг. Наличие программы само по себе не доказывает внешний заказ.","Импортировать как источник; подтвердить текущий контакт владельца образовательной программы; обнаружить дочерние разделы, новости и официальный закупочный маршрут. Сохранять слабые сигналы до ранжирования.","Официальная страница при открытии вернула HTTP 417; существование подтверждено индексом. Отдельный публичный портал КУ и закупочный endpoint здесь не установлены.","Именованная структура с подтверждением; отбор по стране, очереди и типу. Это не оценка вероятности заказа."
"CU-0129","main_200","Корпоративный университет Транспортного комплекса Москвы","ГУП «Московский метрополитен» / Московский транспорт","ГУП «Московский метрополитен» / Московский транспорт","RU","corporate_university","Городской транспорт","Сотрудники транспортного комплекса, руководители, наставники","Высокое для управления, наставничества, сервисных компетенций и цифровых учебных материалов; техническую подготовку ранжировать отдельно","https://sop.mosmetro.ru/","https://sop.mosmetro.ru/","Официальный индекс указывает создание КУ транспортного комплекса в 2021 году; канал университета публикует описание развития кадров и ссылку на сайт.","search_index","2026-10-01","Предлагаемый маршрут: команда учебного центра/КУ → уточнение задач и правил привлечения внешних преподавателей → закупочная служба соответствующего юрлица. Открытый заказ не установлен.","Руководитель КУ/учебного центра; руководитель обучения и развития; методолог; закупщик образовательных услуг","Гипотезы для мониторинга: новые программы и потоки; обновление электронных курсов; программы развития руководителей и резерва; объявление поиска тренеров/экспертов; закупка образовательных услуг. Наличие программы само по себе не доказывает внешний заказ.","Импортировать как источник; подтвердить текущий контакт владельца образовательной программы; обнаружить дочерние разделы, новости и официальный закупочный маршрут. Сохранять слабые сигналы до ранжирования.","Сайт при открытии ответил тайм-аутом; официальный поисковый индекс и публичный канал доступны как подтверждение.","Именованная структура с подтверждением; отбор по стране, очереди и типу. Это не оценка вероятности заказа."
"CU-0130","reserve","Авиационный учебный центр «ЮТэйр-Вертолетные услуги»","АО «ЮТэйр-Вертолетные услуги»","АО «ЮТэйр-Вертолетные услуги»","RU","company_training_center","Вертолётная авиация","Авиационный персонал и инструкторы","Условное: методология, мультимедийные курсы, коммуникации и управленческие программы; лётная подготовка вне основного профиля","https://heli.utair.ru/aviationtrainingcenter","https://heli.utair.ru/aviationtrainingcenter","Официальная страница учебного центра заявляет профессиональное обучение и дополнительное профессиональное образование.","search_index","2026-10-01","Предлагаемый маршрут: команда учебного центра/КУ → уточнение задач и правил привлечения внешних преподавателей → закупочная служба соответствующего юрлица. Открытый заказ не установлен.","Руководитель КУ/учебного центра; руководитель обучения и развития; методолог; закупщик образовательных услуг","Гипотезы для мониторинга: новые программы и потоки; обновление электронных курсов; программы развития руководителей и резерва; объявление поиска тренеров/экспертов; закупка образовательных услуг. Наличие программы само по себе не доказывает внешний заказ.","Импортировать как источник; подтвердить текущий контакт владельца образовательной программы; обнаружить дочерние разделы, новости и официальный закупочный маршрут. Сохранять слабые сигналы до ранжирования.","Существование образовательного подразделения не означает наличие текущего внешнего заказа. Доступ к внутренней LMS не проверен.","Дополнительная подтвержденная структура сверх основной выборки; продолжать мониторинг."
"CU-0131","main_200","DOMODEDOVO TRAINING","Группа DME / ООО «ДОМОДЕДОВО ТРЕЙНИНГ»","Группа DME / ООО «ДОМОДЕДОВО ТРЕЙНИНГ»","RU","company_training_center","Аэропорты","Сотрудники аэропорта и партнёрских компаний","Высокое/условное: сервис, управление, обучение персонала и цифровые курсы; авиационную техническую подготовку отделять","https://business.dme.ru/company/group/dt/","https://business.dme.ru/company/group/dt/","Официальная страница описывает подготовку и повышение компетенций сотрудников группы и партнёров, содержит отдельный маршрут информации для поставщиков.","content_read","2026-10-01","Предлагаемый маршрут: команда учебного центра/КУ → уточнение задач и правил привлечения внешних преподавателей → закупочная служба соответствующего юрлица. Открытый заказ не установлен.","Руководитель КУ/учебного центра; руководитель обучения и развития; методолог; закупщик образовательных услуг","Гипотезы для мониторинга: новые программы и потоки; обновление электронных курсов; программы развития руководителей и резерва; объявление поиска тренеров/экспертов; закупка образовательных услуг. Наличие программы само по себе не доказывает внешний заказ.","Импортировать как источник; подтвердить текущий контакт владельца образовательной программы; обнаружить дочерние разделы, новости и официальный закупочный маршрут. Сохранять слабые сигналы до ранжирования.","Существование образовательного подразделения не означает наличие текущего внешнего заказа. Доступ к внутренней LMS не проверен.","Именованная структура с подтверждением; отбор по стране, очереди и типу. Это не оценка вероятности заказа."
"CU-0132","reserve","Авиационный учебный центр аэропорта Толмачёво","АО «Аэропорт Толмачёво» / Новапорт","АО «Аэропорт Толмачёво» / Новапорт","RU","company_training_center","Аэропорты","Авиационные специалисты и персонал аэропортов","Условное: методология дистанционного обучения, подготовка инструкторов, сервис; основной профиль отраслевой технический","https://auc.tolmachevo.ru/","https://auc.tolmachevo.ru/","Официальный сайт учебного центра аэропорта содержит программы и описание электронной образовательной среды.","search_index","2026-10-01","Предлагаемый маршрут: команда учебного центра/КУ → уточнение задач и правил привлечения внешних преподавателей → закупочная служба соответствующего юрлица. Открытый заказ не установлен.","Руководитель КУ/учебного центра; руководитель обучения и развития; методолог; закупщик образовательных услуг","Гипотезы для мониторинга: новые программы и потоки; обновление электронных курсов; программы развития руководителей и резерва; объявление поиска тренеров/экспертов; закупка образовательных услуг. Наличие программы само по себе не доказывает внешний заказ.","Импортировать как источник; подтвердить текущий контакт владельца образовательной программы; обнаружить дочерние разделы, новости и официальный закупочный маршрут. Сохранять слабые сигналы до ранжирования.","Существование образовательного подразделения не означает наличие текущего внешнего заказа. Доступ к внутренней LMS не проверен.","Дополнительная подтвержденная структура сверх основной выборки; продолжать мониторинг."
"CU-0133","main_200","CDEK University / CDEK.Univer","СДЭК","СДЭК","RU","corporate_university","Логистика","Сотрудники и руководители сети, продажи, сервис","Высокое: продажи, сервис, менеджмент, дистанционные курсы и обучение франчайзинговой сети","https://rabota.cdek.ru/career","https://rabota.cdek.ru/career","Официальная страница CDEK University описывает собственную образовательную платформу, развитие лидеров, тренинги и soft-skills.","content_read","2026-10-01","Предлагаемый маршрут: команда учебного центра/КУ → уточнение задач и правил привлечения внешних преподавателей → закупочная служба соответствующего юрлица. Открытый заказ не установлен.","Руководитель КУ/учебного центра; руководитель обучения и развития; методолог; закупщик образовательных услуг","Гипотезы для мониторинга: новые программы и потоки; обновление электронных курсов; программы развития руководителей и резерва; объявление поиска тренеров/экспертов; закупка образовательных услуг. Наличие программы само по себе не доказывает внешний заказ.","Импортировать как источник; подтвердить текущий контакт владельца образовательной программы; обнаружить дочерние разделы, новости и официальный закупочный маршрут. Сохранять слабые сигналы до ранжирования.","Существование образовательного подразделения не означает наличие текущего внешнего заказа. Доступ к внутренней LMS не проверен.","Именованная структура с подтверждением; отбор по стране, очереди и типу. Это не оценка вероятности заказа."
"CU-0134","main_200","Академия FESCO","Транспортная группа FESCO","Транспортная группа FESCO","RU","corporate_academy","Морская логистика и порты","Сотрудники логистики, портов и транспортных подразделений","Условное/высокое: управление, логистика для специалистов, переговоры, цифровое обучение; проверять аудиторию каждого курса","https://www.fesco.ru/ru/about/fesco-academy/docs/","https://www.fesco.ru/ru/about/fesco-academy/docs/","Официальный индекс раздела Академии FESCO содержит планы развития учебного центра, самообследование и образовательные документы.","search_index","2026-10-01","Предлагаемый маршрут: команда учебного центра/КУ → уточнение задач и правил привлечения внешних преподавателей → закупочная служба соответствующего юрлица. Открытый заказ не установлен.","Руководитель КУ/учебного центра; руководитель обучения и развития; методолог; закупщик образовательных услуг","Гипотезы для мониторинга: новые программы и потоки; обновление электронных курсов; программы развития руководителей и резерва; объявление поиска тренеров/экспертов; закупка образовательных услуг. Наличие программы само по себе не доказывает внешний заказ.","Импортировать как источник; подтвердить текущий контакт владельца образовательной программы; обнаружить дочерние разделы, новости и официальный закупочный маршрут. Сохранять слабые сигналы до ранжирования.","При прямом открытии показана страница блокировки доступа. Подтверждение по официальному индексу. Не считать технический доступ к сбору установленным.","Именованная структура с подтверждением; отбор по стране, очереди и типу. Это не оценка вероятности заказа."
"CU-0135","main_200","Корпоративный университет Самолёт Плюс","Самолёт Плюс","Самолёт Плюс","RU","corporate_university","Недвижимость и франчайзинг","Руководители офисов, HR, агенты, ипотечные и страховые брокеры","Высокое: продажи, управление, HR, право, дистанционные курсы, обучение партнёрской сети","https://education.samoletplus.ru/local/crw/","https://education.samoletplus.ru/local/crw/","На открытом портале КУ доступны категории для руководителей, HR, агентов, брокеров и юридических аспектов сделок.","content_read","2026-10-01","Предлагаемый маршрут: команда учебного центра/КУ → уточнение задач и правил привлечения внешних преподавателей → закупочная служба соответствующего юрлица. Открытый заказ не установлен.","Руководитель КУ/учебного центра; руководитель обучения и развития; методолог; закупщик образовательных услуг","Гипотезы для мониторинга: новые программы и потоки; обновление электронных курсов; программы развития руководителей и резерва; объявление поиска тренеров/экспертов; закупка образовательных услуг. Наличие программы само по себе не доказывает внешний заказ.","Импортировать как источник; подтвердить текущий контакт владельца образовательной программы; обнаружить дочерние разделы, новости и официальный закупочный маршрут. Сохранять слабые сигналы до ранжирования.","Каталог частично доступен без входа; сами курсы и внутренние материалы могут быть закрыты. Не смешивать КУ сети с любыми образовательными инициативами девелопера.","Именованная структура с подтверждением; отбор по стране, очереди и типу. Это не оценка вероятности заказа."
"CU-0136","main_200","Корпоративный университет ПЕТОН","ООО «НИПИ НГ «Петон»","ООО «НИПИ НГ «Петон»","RU","corporate_university","Инжиниринг и строительство","Руководители, ИТР, специалисты; также рабочие специальности","Высокое для управления проектами, изменениями, HR и цифровых курсов; рабочие профессии ранжировать отдельно","https://www.university.peton.ru/","https://www.peton.ru/ru/education/structure-management/","Официальные сведения называют КУ специализированным образовательным подразделением департамента персонала; сайт КУ описывает управленческие программы и цифровизацию.","content_read","2026-10-01","Предлагаемый маршрут: команда учебного центра/КУ → уточнение задач и правил привлечения внешних преподавателей → закупочная служба соответствующего юрлица. Открытый заказ не установлен.","Руководитель КУ/учебного центра; руководитель обучения и развития; методолог; закупщик образовательных услуг","Гипотезы для мониторинга: новые программы и потоки; обновление электронных курсов; программы развития руководителей и резерва; объявление поиска тренеров/экспертов; закупка образовательных услуг. Наличие программы само по себе не доказывает внешний заказ.","Импортировать как источник; подтвердить текущий контакт владельца образовательной программы; обнаружить дочерние разделы, новости и официальный закупочный маршрут. Сохранять слабые сигналы до ранжирования.","Сайт содержит визуальные числовые заглушки и смешанный каталог. Не использовать маркетинговые счётчики как достоверные показатели масштаба.","Именованная структура с подтверждением; отбор по стране, очереди и типу. Это не оценка вероятности заказа."
"CU-0137","main_200","Корпоративный университет ТЕХНОНИКОЛЬ","Производственная компания ТЕХНОНИКОЛЬ","Производственная компания ТЕХНОНИКОЛЬ","RU","corporate_university","Строительные материалы","Руководители и специалисты производственной компании","Высокое: лидерство, управление командами, обучение внутренних экспертов; отдельно исследовать потребности дилеров и проектировщиков","https://www.tn.ru/journal/tm/novyy-etap-korporativnogo-obucheniya-v-tekhnonikol/","https://www.tn.ru/journal/tm/novyy-etap-korporativnogo-obucheniya-v-tekhnonikol/","Официальный индекс статьи описывает КУ с фокусом на лидерстве и управлении командами.","search_index","2026-10-01","Предлагаемый маршрут: команда учебного центра/КУ → уточнение задач и правил привлечения внешних преподавателей → закупочная служба соответствующего юрлица. Открытый заказ не установлен.","Руководитель КУ/учебного центра; руководитель обучения и развития; методолог; закупщик образовательных услуг","Гипотезы для мониторинга: новые программы и потоки; обновление электронных курсов; программы развития руководителей и резерва; объявление поиска тренеров/экспертов; закупка образовательных услуг. Наличие программы само по себе не доказывает внешний заказ.","Импортировать как источник; подтвердить текущий контакт владельца образовательной программы; обнаружить дочерние разделы, новости и официальный закупочный маршрут. Сохранять слабые сигналы до ранжирования.","Статья при открытии вернула HTTP 403. Строительная Академия и внутренний КУ — связанные каналы, не автоматически одно юрлицо/бюджет.","Именованная структура с подтверждением; отбор по стране, очереди и типу. Это не оценка вероятности заказа."
"CU-0138","main_200","Корпоративный университет ТСТН — Академия директоров","Торговая Сеть ТЕХНОНИКОЛЬ (ТСТН)","Торговая Сеть ТЕХНОНИКОЛЬ (ТСТН)","RU","corporate_academy","Дистрибуция строительных материалов","Директора и управленческий резерв торговой сети","Высокое: управленческий резерв, продажи, финансы руководителям, развитие внутренних тренеров","https://www.tstn.ru/protein/probiznes/otkuda_berutsya_kadry_korporativnyy_universitet_tstn/","https://www.tstn.ru/protein/probiznes/otkuda_berutsya_kadry_korporativnyy_universitet_tstn/","Официальная статья торговой сети рассказывает об Академии директоров и внутренних преподавателях.","search_index","2026-10-01","Предлагаемый маршрут: команда учебного центра/КУ → уточнение задач и правил привлечения внешних преподавателей → закупочная служба соответствующего юрлица. Открытый заказ не установлен.","Руководитель КУ/учебного центра; руководитель обучения и развития; методолог; закупщик образовательных услуг","Гипотезы для мониторинга: новые программы и потоки; обновление электронных курсов; программы развития руководителей и резерва; объявление поиска тренеров/экспертов; закупка образовательных услуг. Наличие программы само по себе не доказывает внешний заказ.","Импортировать как источник; подтвердить текущий контакт владельца образовательной программы; обнаружить дочерние разделы, новости и официальный закупочный маршрут. Сохранять слабые сигналы до ранжирования.","Страница при открытии не извлекла текст; подтверждена официальным индексом. Отдельная программа/образовательная структура торговой сети: не смешивать с КУ производственной компании без проверки организационных границ.","Именованная структура с подтверждением; отбор по стране, очереди и типу. Это не оценка вероятности заказа."
"CU-0139","reserve","Академия КНАУФ — Россия","КНАУФ Россия","КНАУФ Россия","RU","corporate_academy","Строительные материалы","Строительные специалисты, инженеры, партнёры; также рабочие профессии","Условное: управление, обучение партнёров и создание цифрового контента; монтажные/рабочие программы вне основного профиля МИСБ","https://www.knauf.ru/service/academy/","https://www.knauf.ru/service/academy/","Официальная академия предлагает очное, вебинарное и дистанционное обучение; есть программы для инженеров технического надзора и бригадиров.","search_index","2026-10-01","Предлагаемый маршрут: команда учебного центра/КУ → уточнение задач и правил привлечения внешних преподавателей → закупочная служба соответствующего юрлица. Открытый заказ не установлен.","Руководитель КУ/учебного центра; руководитель обучения и развития; методолог; закупщик образовательных услуг","Гипотезы для мониторинга: новые программы и потоки; обновление электронных курсов; программы развития руководителей и резерва; объявление поиска тренеров/экспертов; закупка образовательных услуг. Наличие программы само по себе не доказывает внешний заказ.","Импортировать как источник; подтвердить текущий контакт владельца образовательной программы; обнаружить дочерние разделы, новости и официальный закупочный маршрут. Сохранять слабые сигналы до ранжирования.","Существование образовательного подразделения не означает наличие текущего внешнего заказа. Доступ к внутренней LMS не проверен.","Дополнительная подтвержденная структура сверх основной выборки; продолжать мониторинг."
"CU-0140","main_200","Корпоративный университет «РУСЛАКТО»","Агрохолдинг «РУСЛАКТО»","Агрохолдинг «РУСЛАКТО»","RU","corporate_university","АПК и молочная переработка","Руководители, специалисты и кадровый резерв агрохолдинга","Высокое: менеджмент, HR, кадровый резерв, адаптация, цифровые курсы; агротехнические профессии отдельно","https://ruslacto.ru/university/","https://ruslacto.ru/university/","Официальная страница КУ описывает обучение, адаптацию и кадровый резерв для руководящих и экспертных позиций.","content_read","2026-10-01","Предлагаемый маршрут: команда учебного центра/КУ → уточнение задач и правил привлечения внешних преподавателей → закупочная служба соответствующего юрлица. Открытый заказ не установлен.","Руководитель КУ/учебного центра; руководитель обучения и развития; методолог; закупщик образовательных услуг","Гипотезы для мониторинга: новые программы и потоки; обновление электронных курсов; программы развития руководителей и резерва; объявление поиска тренеров/экспертов; закупка образовательных услуг. Наличие программы само по себе не доказывает внешний заказ.","Импортировать как источник; подтвердить текущий контакт владельца образовательной программы; обнаружить дочерние разделы, новости и официальный закупочный маршрут. Сохранять слабые сигналы до ранжирования.","Существование образовательного подразделения не означает наличие текущего внешнего заказа. Доступ к внутренней LMS не проверен.","Именованная структура с подтверждением; отбор по стране, очереди и типу. Это не оценка вероятности заказа."
"CU-0141","main_200","Академия «ЭкоНива» / корпоративный университет","ГК «ЭкоНива»","ГК «ЭкоНива»","RU","corporate_academy","АПК и молочное производство","Сотрудники, руководители, кадровый резерв, студенты-практиканты","Высокое/условное: Академия управления, экономика, кадровый резерв, наставничество; студенческие агрономические программы не являются прямой потребностью МИСБ","https://ekoniva-apk.ru/projects","https://ekoniva-apk.ru/images/press/esg/esg_report-2023.pdf","Официальный ESG-отчёт включает корпоративный университет в HR-структуру. Раздел проектов содержит Академию ЭкоНива и Академию управления; новости 2026 подтверждают образовательную активность.","search_index","2026-10-01","Предлагаемый маршрут: команда учебного центра/КУ → уточнение задач и правил привлечения внешних преподавателей → закупочная служба соответствующего юрлица. Открытый заказ не установлен.","Руководитель КУ/учебного центра; руководитель обучения и развития; методолог; закупщик образовательных услуг","Гипотезы для мониторинга: новые программы и потоки; обновление электронных курсов; программы развития руководителей и резерва; объявление поиска тренеров/экспертов; закупка образовательных услуг. Наличие программы само по себе не доказывает внешний заказ.","Импортировать как источник; подтвердить текущий контакт владельца образовательной программы; обнаружить дочерние разделы, новости и официальный закупочный маршрут. Сохранять слабые сигналы до ранжирования.","Раздел проектов при открытии дал ошибку; подтверждение по официальному индексу и отчёту. Осенняя/Весенняя академии — программы одной образовательной системы, не отдельные КУ.","Именованная структура с подтверждением; отбор по стране, очереди и типу. Это не оценка вероятности заказа."
"CU-0142","reserve","Академия Мираторг","АПХ «Мираторг»","АПХ «Мираторг»","RU","corporate_academy","АПК и пищевая промышленность","Сотрудники агрохолдинга, рабочие и специалисты","Условное: методология, цифровые курсы, подготовка преподавателей и потенциальные управленческие программы; текущий видимый каталог преимущественно вне профиля МИСБ","https://miratorg.ru/academy/","https://miratorg.ru/career/academy/NEWindex.php","Официальный сайт описывает разветвлённый корпоративный учебный центр. Действующий каталог ориентирован преимущественно на профессиональную подготовку и обязательное обучение.","content_read","2026-10-01","Предлагаемый маршрут: команда учебного центра/КУ → уточнение задач и правил привлечения внешних преподавателей → закупочная служба соответствующего юрлица. Открытый заказ не установлен.","Руководитель КУ/учебного центра; руководитель обучения и развития; методолог; закупщик образовательных услуг","Гипотезы для мониторинга: новые программы и потоки; обновление электронных курсов; программы развития руководителей и резерва; объявление поиска тренеров/экспертов; закупка образовательных услуг. Наличие программы само по себе не доказывает внешний заказ.","Импортировать как источник; подтвердить текущий контакт владельца образовательной программы; обнаружить дочерние разделы, новости и официальный закупочный маршрут. Сохранять слабые сигналы до ранжирования.","Основной видимый спрос — рабочие профессии и обязательная безопасность. Сохранять источник, но не маркировать все записи как подходящие заказы.","Дополнительная подтвержденная структура сверх основной выборки; продолжать мониторинг."
"CU-0143","main_200","Научно-образовательный центр «Бирюч» ЭФКО","Группа ЭФКО","Группа ЭФКО","RU","company_training_center","Пищевая промышленность и биотехнологии","Руководители, специалисты и управленческий резерв","Высокое: менеджмент, коммуникации, развитие руководителей и образовательная методология","https://biruch.efko.ru/o-nas/","https://biruch.efko.ru/o-nas/","Официальный сайт НОЦ описывает подготовку эффективных менеджеров и развитие внутрикорпоративных коммуникаций; основан при участии ЭФКО.","content_read","2026-10-01","Предлагаемый маршрут: команда учебного центра/КУ → уточнение задач и правил привлечения внешних преподавателей → закупочная служба соответствующего юрлица. Открытый заказ не установлен.","Руководитель КУ/учебного центра; руководитель обучения и развития; методолог; закупщик образовательных услуг","Гипотезы для мониторинга: новые программы и потоки; обновление электронных курсов; программы развития руководителей и резерва; объявление поиска тренеров/экспертов; закупка образовательных услуг. Наличие программы само по себе не доказывает внешний заказ.","Импортировать как источник; подтвердить текущий контакт владельца образовательной программы; обнаружить дочерние разделы, новости и официальный закупочный маршрут. Сохранять слабые сигналы до ранжирования.","Существование образовательного подразделения не означает наличие текущего внешнего заказа. Доступ к внутренней LMS не проверен.","Именованная структура с подтверждением; отбор по стране, очереди и типу. Это не оценка вероятности заказа."
"CU-0144","main_200","Медицинская академия МЕДСИ","АО «Группа компаний «Медси»","АО «Группа компаний «Медси»","RU","corporate_academy","Частное здравоохранение","Врачи, медицинские специалисты и руководители подразделений","Условное: управление медицинской организацией, HR, сервис, коммуникации и электронные курсы; клиническое образование требует медицинской экспертизы","https://medsi.ru/academy/","https://medsi.ru/about/medacademy/","Официальные страницы академии подтверждают дополнительное профессиональное образование и дистанционные образовательные технологии.","search_index","2026-10-01","Предлагаемый маршрут: команда учебного центра/КУ → уточнение задач и правил привлечения внешних преподавателей → закупочная служба соответствующего юрлица. Открытый заказ не установлен.","Руководитель КУ/учебного центра; руководитель обучения и развития; методолог; закупщик образовательных услуг","Гипотезы для мониторинга: новые программы и потоки; обновление электронных курсов; программы развития руководителей и резерва; объявление поиска тренеров/экспертов; закупка образовательных услуг. Наличие программы само по себе не доказывает внешний заказ.","Импортировать как источник; подтвердить текущий контакт владельца образовательной программы; обнаружить дочерние разделы, новости и официальный закупочный маршрут. Сохранять слабые сигналы до ранжирования.","Информационная страница при открытии вернула HTTP 500; официальные индексируемые страницы подтверждают академию. Не приравнивать медицинские программы к профилю МИСБ.","Именованная структура с подтверждением; отбор по стране, очереди и типу. Это не оценка вероятности заказа."
"CU-0145","main_200","Высшая медицинская школа — учебный центр ИНВИТРО","ИНВИТРО (исторически подтверждённая связь)","ИНВИТРО (исторически подтверждённая связь)","RU","company_training_center","Частное здравоохранение","Медицинские работники, управленческие и сервисные сотрудники","Условное/высокое для менеджмента, сервиса, переговоров, HR и электронного контента; клиническая часть вне основного профиля","https://www.vmsh.ru/","https://www.invitro.ru/zhukovka/about/news/13171/","ИНВИТРО официально описывало ВМШ как собственный учебный центр, включая тренинги управления персоналом, переговоров и бюджетирования. Действующий сайт ВМШ содержит программы ДПО.","search_index","2026-10-01","Предлагаемый маршрут: команда учебного центра/КУ → уточнение задач и правил привлечения внешних преподавателей → закупочная служба соответствующего юрлица. Открытый заказ не установлен.","Руководитель КУ/учебного центра; руководитель обучения и развития; методолог; закупщик образовательных услуг","Гипотезы для мониторинга: новые программы и потоки; обновление электронных курсов; программы развития руководителей и резерва; объявление поиска тренеров/экспертов; закупка образовательных услуг. Наличие программы само по себе не доказывает внешний заказ.","Импортировать как источник; подтвердить текущий контакт владельца образовательной программы; обнаружить дочерние разделы, новости и официальный закупочный маршрут. Сохранять слабые сигналы до ранжирования.","Корпоративная связь с ИНВИТРО подтверждена исторической публикацией 2012 года; текущего владельца/заказчика и статус связи необходимо сверить до коммерческого контакта.","Именованная структура с подтверждением; отбор по стране, очереди и типу. Это не оценка вероятности заказа."
"CU-0146","main_200","Корпоративный университет BIOCAD","BIOCAD","BIOCAD","RU","corporate_university","Биотехнологии и фармацевтика","Сотрудники и специалисты биотехнологической компании","Высокое: менеджмент, проектное управление, HR, цифровые компетенции и электронное обучение; фармацевтические технологические программы отдельно","https://career.biocad.ru/department/IT","https://career.biocad.ru/department/IT","Официальный карьерный сайт прямо указывает внутренний корпоративный университет и внешнее обучение.","search_index","2026-10-01","Предлагаемый маршрут: команда учебного центра/КУ → уточнение задач и правил привлечения внешних преподавателей → закупочная служба соответствующего юрлица. Открытый заказ не установлен.","Руководитель КУ/учебного центра; руководитель обучения и развития; методолог; закупщик образовательных услуг","Гипотезы для мониторинга: новые программы и потоки; обновление электронных курсов; программы развития руководителей и резерва; объявление поиска тренеров/экспертов; закупка образовательных услуг. Наличие программы само по себе не доказывает внешний заказ.","Импортировать как источник; подтвердить текущий контакт владельца образовательной программы; обнаружить дочерние разделы, новости и официальный закупочный маршрут. Сохранять слабые сигналы до ранжирования.","Это публичный карьерный канал, а не открытый сайт внутренней LMS. Наличие университета подтверждено, публичный закупочный маршрут не установлен.","Именованная структура с подтверждением; отбор по стране, очереди и типу. Это не оценка вероятности заказа."
"CU-0147","main_200","Академия Р-Фарм","Группа «Р-Фарм»","Группа «Р-Фарм»","RU","corporate_academy","Фармацевтика","Сотрудники, руководители и кадровый резерв","Высокое: лидерские компетенции, управление командами, обучение тренеров и цифровой контент","https://t.me/s/rpharm_group?before=1458","https://t.me/s/rpharm_group?before=1458","Публичный корпоративный канал описывает платформу Академия Р-Фарм и программы лидерства, управления командами и других направлений.","search_index","2026-10-01","Предлагаемый маршрут: команда учебного центра/КУ → уточнение задач и правил привлечения внешних преподавателей → закупочная служба соответствующего юрлица. Открытый заказ не установлен.","Руководитель КУ/учебного центра; руководитель обучения и развития; методолог; закупщик образовательных услуг","Гипотезы для мониторинга: новые программы и потоки; обновление электронных курсов; программы развития руководителей и резерва; объявление поиска тренеров/экспертов; закупка образовательных услуг. Наличие программы само по себе не доказывает внешний заказ.","Импортировать как источник; подтвердить текущий контакт владельца образовательной программы; обнаружить дочерние разделы, новости и официальный закупочный маршрут. Сохранять слабые сигналы до ранжирования.","Исходный URL указывает историческое окно Telegram. Для мониторинга нужна лента целиком, включая новые сообщения; внутренний адрес платформы не установлен.","Именованная структура с подтверждением; отбор по стране, очереди и типу. Это не оценка вероятности заказа."
"CU-0148","main_200","Академия гостеприимства COSMOS","Cosmos Hotel Group","Cosmos Hotel Group","RU","corporate_academy","Гостиничный бизнес","Управляющие и сотрудники отелей, корпоративные клиенты","Высокое: менеджмент, сервис, продажи, HR, развитие руководителей и электронные курсы","https://cosmos-academy.ru/","https://cosmos-academy.ru/academy/","Официальная академия описывает обучение сотрудников сети, руководителей и внешних клиентов на базе практик Cosmos Hotel Group.","search_index","2026-10-01","Предлагаемый маршрут: команда учебного центра/КУ → уточнение задач и правил привлечения внешних преподавателей → закупочная служба соответствующего юрлица. Открытый заказ не установлен.","Руководитель КУ/учебного центра; руководитель обучения и развития; методолог; закупщик образовательных услуг","Гипотезы для мониторинга: новые программы и потоки; обновление электронных курсов; программы развития руководителей и резерва; объявление поиска тренеров/экспертов; закупка образовательных услуг. Наличие программы само по себе не доказывает внешний заказ.","Импортировать как источник; подтвердить текущий контакт владельца образовательной программы; обнаружить дочерние разделы, новости и официальный закупочный маршрут. Сохранять слабые сигналы до ранжирования.","Страница описания при открытии вернула HTTP 502; сведения доступны в официальном поисковом индексе. Академия одновременно потенциальный заказчик, партнёр и конкурент.","Именованная структура с подтверждением; отбор по стране, очереди и типу. Это не оценка вероятности заказа."
"CU-0149","main_200","Академия гостеприимства курорта «Мрия»","Курорт «Мрия»","Курорт «Мрия»","RU","corporate_academy","Гостиничный бизнес","Собственники, управляющие, HR, руководители сервисных и коммерческих функций","Высокое: менеджмент, сервис, командные и стратегические сессии, продажи, электронные программы","https://academy-hospitality.ru/","https://academy-hospitality.ru/","Сайт академии содержит программы для отельеров и управленцев, стратегические сессии, онлайн-курсы, экспертов и контакты.","content_read","2026-10-01","Предлагаемый маршрут: команда учебного центра/КУ → уточнение задач и правил привлечения внешних преподавателей → закупочная служба соответствующего юрлица. Открытый заказ не установлен.","Руководитель КУ/учебного центра; руководитель обучения и развития; методолог; закупщик образовательных услуг","Гипотезы для мониторинга: новые программы и потоки; обновление электронных курсов; программы развития руководителей и резерва; объявление поиска тренеров/экспертов; закупка образовательных услуг. Наличие программы само по себе не доказывает внешний заказ.","Импортировать как источник; подтвердить текущий контакт владельца образовательной программы; обнаружить дочерние разделы, новости и официальный закупочный маршрут. Сохранять слабые сигналы до ранжирования.","Академия продаёт собственные программы; это партнёрский/субподрядный маршрут, а не доказанный открытый спрос на подрядчика.","Именованная структура с подтверждением; отбор по стране, очереди и типу. Это не оценка вероятности заказа."
"CU-0150","main_200","Учебный центр Главгосэкспертизы России","ФАУ «Главгосэкспертиза России»","ФАУ «Главгосэкспертиза России»","RU","industry_training_center","Строительная экспертиза","Специалисты строительной экспертизы, проектировщики, команды регионов и заказчиков","Высокое/условное: управление проектами, закупки, правовые/финансовые темы и цифровизация; узкую строительную экспертизу проверять отдельно","https://edu.gge.ru/","https://edu.gge.ru/","Официальный сайт отраслевого учебного центра содержит программы, годовой план, корпоративное обучение и экспертов.","content_read","2026-10-01","Предлагаемый маршрут: команда учебного центра/КУ → уточнение задач и правил привлечения внешних преподавателей → закупочная служба соответствующего юрлица. Открытый заказ не установлен.","Руководитель КУ/учебного центра; руководитель обучения и развития; методолог; закупщик образовательных услуг","Гипотезы для мониторинга: новые программы и потоки; обновление электронных курсов; программы развития руководителей и резерва; объявление поиска тренеров/экспертов; закупка образовательных услуг. Наличие программы само по себе не доказывает внешний заказ.","Импортировать как источник; подтвердить текущий контакт владельца образовательной программы; обнаружить дочерние разделы, новости и официальный закупочный маршрут. Сохранять слабые сигналы до ранжирования.","Это отраслевой учебный центр государственного учреждения, а не КУ коммерческой компании. Потенциальны экспертное партнёрство и закупочный канал учреждения.","Именованная структура с подтверждением; отбор по стране, очереди и типу. Это не оценка вероятности заказа."
"CU-0151","main_200","Корпоративный университет «Автобан»","Строительно-инвестиционный холдинг «Автобан»","Строительно-инвестиционный холдинг «Автобан»","RU","corporate_university","Дорожное строительство","Руководители, ИТР, специалисты и кадровый резерв","Высокое: управление проектами, кадры, наставничество, экономика строительства, электронное обучение; рабочие профессии отдельно","https://www.avtoban.ru/company/staff/development/","https://www.avtoban.ru/sustainability/","Официальная страница устойчивого развития называет постоянно действующий КУ; отдельный раздел развития описывает корпоративное обучение и кадровый резерв.","content_read","2026-10-01","Предлагаемый маршрут: команда учебного центра/КУ → уточнение задач и правил привлечения внешних преподавателей → закупочная служба соответствующего юрлица. Открытый заказ не установлен.","Руководитель КУ/учебного центра; руководитель обучения и развития; методолог; закупщик образовательных услуг","Гипотезы для мониторинга: новые программы и потоки; обновление электронных курсов; программы развития руководителей и резерва; объявление поиска тренеров/экспертов; закупка образовательных услуг. Наличие программы само по себе не доказывает внешний заказ.","Импортировать как источник; подтвердить текущий контакт владельца образовательной программы; обнаружить дочерние разделы, новости и официальный закупочный маршрут. Сохранять слабые сигналы до ранжирования.","Существование образовательного подразделения не означает наличие текущего внешнего заказа. Доступ к внутренней LMS не проверен.","Именованная структура с подтверждением; отбор по стране, очереди и типу. Это не оценка вероятности заказа."
"CU-0152","main_200","Корпоративный университет СКФ","ПАО «Совкомфлот»","ПАО «Совкомфлот»","RU","corporate_university","Морской транспорт","Моряки, береговые специалисты и руководители группы, внешние судоходные компании","Условное/высокое: управленческие программы береговым специалистам, лидерство, коммуникации, цифровое обучение; морские допуски вне основного профиля","https://university.scf-group.ru/","https://university.scf-group.ru/structure/","Официальный сайт подтверждает КУ и группу обучения и развития. Официальный индекс основной страницы указывает переименование УТЦ СКФ в КУ в феврале 2026 года.","content_read","2026-10-01","Предлагаемый маршрут: команда учебного центра/КУ → уточнение задач и правил привлечения внешних преподавателей → закупочная служба соответствующего юрлица. Открытый заказ не установлен.","Руководитель КУ/учебного центра; руководитель обучения и развития; методолог; закупщик образовательных услуг","Гипотезы для мониторинга: новые программы и потоки; обновление электронных курсов; программы развития руководителей и резерва; объявление поиска тренеров/экспертов; закупка образовательных услуг. Наличие программы само по себе не доказывает внешний заказ.","Импортировать как источник; подтвердить текущий контакт владельца образовательной программы; обнаружить дочерние разделы, новости и официальный закупочный маршрут. Сохранять слабые сигналы до ранжирования.","Старый УТЦ СКФ и новый КУ СКФ — одна структура после переименования. Домен может переключать язык; сохранить оба публичных маршрута. Текущий внешний заказ не найден.","Именованная структура с подтверждением; отбор по стране, очереди и типу. Это не оценка вероятности заказа."
"CU-0153","reserve","Морской учебно-тренажерный центр «СКФ Новошип Тренинг»","ПАО «Новошип» / группа «Совкомфлот»","ПАО «Новошип» / группа «Совкомфлот»","RU","company_training_center","Морской транспорт","Морские специалисты и инструкторы","Условное: цифровые материалы, подготовка преподавателей и управленческие компетенции; морская тренажёрная подготовка вне основного профиля","https://www.sovcomflot.ru/career/trainingcentre/","https://www.sovcomflot.ru/career/trainingcentre/","Официальная страница группы отдельно перечисляет ЧУ ДПО «Морской учебно-тренажерный центр «СКФ Новошип Тренинг» в Новороссийске и петербургский центр. Это самостоятельная учебная структура, а не второе название КУ СКФ.","content_read","2026-10-01","Предлагаемый маршрут: команда учебного центра/КУ → уточнение задач и правил привлечения внешних преподавателей → закупочная служба соответствующего юрлица. Открытый заказ не установлен.","Руководитель КУ/учебного центра; руководитель обучения и развития; методолог; закупщик образовательных услуг","Гипотезы для мониторинга: новые программы и потоки; обновление электронных курсов; программы развития руководителей и резерва; объявление поиска тренеров/экспертов; закупка образовательных услуг. Наличие программы само по себе не доказывает внешний заказ.","Импортировать как источник; подтвердить текущий контакт владельца образовательной программы; обнаружить дочерние разделы, новости и официальный закупочный маршрут. Сохранять слабые сигналы до ранжирования.","Источник — общегрупповая страница двух центров. Не считать разные URL отдельными КУ. Перед подключением обнаружить официальный отдельный сайт и подтвердить актуальность юридического наименования.","Дополнительная подтвержденная структура сверх основной выборки; продолжать мониторинг."
"CU-0154","main_200","Корпоративный университет локомотивных технологий («ЛокоТех»)","Группа «ЛокоТех»","Группа «ЛокоТех»","RU","corporate_university","Ремонт и обслуживание железнодорожной техники","Специалисты, ИТР, руководители и рабочие предприятий группы","Условное: soft-компетенции руководителей/специалистов, методология и цифровые материалы; большая часть текущих программ посвящена рабочим профессиям","https://sdo.locotech.ru/","https://locotech.ru/press-center/news/25551/","Официальная новость от 03.09.2026 подтверждает новые программы КУ и ежегодный сбор запросов подразделений; LMS указывает АНО ДПО «Корпоративный университет локомотивных технологий».","content_read","2026-10-01","Предлагаемый маршрут: команда учебного центра/КУ → уточнение задач и правил привлечения внешних преподавателей → закупочная служба соответствующего юрлица. Открытый заказ не установлен.","Руководитель КУ/учебного центра; руководитель обучения и развития; методолог; закупщик образовательных услуг","Гипотезы для мониторинга: новые программы и потоки; обновление электронных курсов; программы развития руководителей и резерва; объявление поиска тренеров/экспертов; закупка образовательных услуг. Наличие программы само по себе не доказывает внешний заказ.","Импортировать как источник; подтвердить текущий контакт владельца образовательной программы; обнаружить дочерние разделы, новости и официальный закупочный маршрут. Сохранять слабые сигналы до ранжирования.","LMS при открытии дала тайм-аут; существование и работа КУ подтверждены свежей официальной новостью. Технические рабочие программы не считать целевыми для МИСБ.","Именованная структура с подтверждением; отбор по стране, очереди и типу. Это не оценка вероятности заказа."
"CU-0155","main_200","Корпоративный университет Медскан Hadassah","Медскан / Hadassah Medical Moscow","Медскан / Hadassah Medical Moscow","RU","corporate_university","Частное здравоохранение","Собственники и руководители медицинских организаций, врачи, медицинский персонал","Высокое для управленческих программ, стратегии, HR, сервиса и цифровых курсов; клинические темы отдельно","https://university.hadassah.moscow/","https://university.hadassah.moscow/","Официальный сайт КУ содержит самостоятельные программы для руководителей медицинских организаций, включая стратегическое управление и развитие клиники.","content_read","2026-10-01","Предлагаемый маршрут: команда учебного центра/КУ → уточнение задач и правил привлечения внешних преподавателей → закупочная служба соответствующего юрлица. Открытый заказ не установлен.","Руководитель КУ/учебного центра; руководитель обучения и развития; методолог; закупщик образовательных услуг","Гипотезы для мониторинга: новые программы и потоки; обновление электронных курсов; программы развития руководителей и резерва; объявление поиска тренеров/экспертов; закупка образовательных услуг. Наличие программы само по себе не доказывает внешний заказ.","Импортировать как источник; подтвердить текущий контакт владельца образовательной программы; обнаружить дочерние разделы, новости и официальный закупочный маршрут. Сохранять слабые сигналы до ранжирования.","Потенциальный партнёр/субподрядчик и конкурент; публикация курса не является доказательством закупки внешнего обучения.","Именованная структура с подтверждением; отбор по стране, очереди и типу. Это не оценка вероятности заказа."
"CU-0156","main_200","Медицинская школа ЕМС — EMC Medical School","Европейский медицинский центр (ЕМС)","Европейский медицинский центр (ЕМС)","RU","company_training_center","Частное здравоохранение","Врачи, медицинские специалисты и партнёры клиник","Условное: образовательная методология, цифровые курсы, сервис и управленческие модули; основной клинический профиль требует специализированных преподавателей","https://www.emc-school.ru/","https://www.emcmos.ru/for-specialists/","Официальная страница ЕМС подтверждает собственную медицинскую школу как институт последипломного образования; школа имеет действующий сайт ДПО.","search_index","2026-10-01","Предлагаемый маршрут: команда учебного центра/КУ → уточнение задач и правил привлечения внешних преподавателей → закупочная служба соответствующего юрлица. Открытый заказ не установлен.","Руководитель КУ/учебного центра; руководитель обучения и развития; методолог; закупщик образовательных услуг","Гипотезы для мониторинга: новые программы и потоки; обновление электронных курсов; программы развития руководителей и резерва; объявление поиска тренеров/экспертов; закупка образовательных услуг. Наличие программы само по себе не доказывает внешний заказ.","Импортировать как источник; подтвердить текущий контакт владельца образовательной программы; обнаружить дочерние разделы, новости и официальный закупочный маршрут. Сохранять слабые сигналы до ранжирования.","Основной каталог клинический. Подходящие бизнес-темы и готовность к внешнему субподряду нужно подтвердить; действующий заказ не найден.","Именованная структура с подтверждением; отбор по стране, очереди и типу. Это не оценка вероятности заказа."
"CU-0157","main_200","Международная Бизнес-Академия «Белоруснефть»","РУП «Производственное объединение «Белоруснефть»","Белоруснефть","BY","corporate_academy","Нефтегаз","Руководители, кадровый резерв, специалисты нефтегазовой отрасли, внешние корпоративные слушатели.","Высокое: управленческие программы, HR, корпоративное обучение и электронные курсы; возможны совместные программы и приглашение экспертов.","https://mba.belorusneft.by/","https://mba.belorusneft.by/about?lang=ru","Официальный сайт описывает академию для подготовки сотрудников; в 2024 году учебный центр получил название бизнес-академии. Управленческие и технические направления.","search_index","2026-10-01","Гипотеза: предложить академии конкретный управленческий модуль или совместную программу; путь закупки уточнить у юридического заказчика.","Руководитель академии; руководитель развития персонала; куратор управленческих программ.","Новые управленческие модули; набор преподавателей; развитие международных программ; расширение электронного обучения.","Изучить текущий календарь курсов, выделить темы МИСБ и выяснить порядок включения внешних экспертов.","Наличие программы не подтверждает закупку внешних услуг. Основной сайт иногда не отвечает автоматическому чтению.","Именованная структура с подтверждением; отбор по стране, очереди и типу. Это не оценка вероятности заказа."
"CU-0158","main_200","Центр подготовки, повышения квалификации и переподготовки кадров трубопроводного транспорта","ОАО «Газпром трансгаз Беларусь»","Газпром","BY","company_training_center","Газотранспорт","Руководители, специалисты, рабочие трубопроводного транспорта.","Условное: менеджмент, работа с персоналом, методология обучения и цифровые учебные материалы для руководителей и специалистов.","https://ecbtg.by/","https://ecbtg.by/obuchenie-rabochih/","Сайт учреждения прямо указывает принадлежность ОАО «Газпром трансгаз Беларусь» и образовательную деятельность. Есть программы для руководителей и специалистов.","search_index","2026-10-01","Гипотеза: партнерский модуль через учебный центр; отдельно установить заказчика и процедуру отбора исполнителя.","Директор центра; руководитель учебно-методической работы; HR материнской компании.","Обновление планов повышения квалификации; электронные курсы; внешние преподаватели; обучение кадрового резерва.","Получить актуальный план обучения руководителей и специалистов; отделить бизнес-компетенции от обязательной технической подготовки.","Технические и рабочие квалификации вне основной специализации МИСБ; прямой доступ к сайту нестабилен.","Именованная структура с подтверждением; отбор по стране, очереди и типу. Это не оценка вероятности заказа."
"CU-0159","main_200","Учебный центр подготовки персонала «Энергетик»","РУП «Брестэнерго»","ГПО «Белэнерго»","BY","company_training_center","Электроэнергетика","Руководители, специалисты и рабочие энергетики.","Условное: управление производственными командами, HR, обучение внутренних тренеров, электронные курсы.","https://xn--90aefa3bijdgk5j.xn--90ais/filials/ucebnyi-centr-podgotovki-personala-energetik","https://xn--90aefa3bijdgk5j.xn--90ais/filials/ucebnyi-centr-podgotovki-personala-energetik","Официальная страница филиала описывает отдельный учебный центр, программы руководителей и специалистов, целевое обучение и дистанционные форматы.","search_index","2026-10-01","Гипотеза: модуль для руководителей через центр; проверять закупки и кадровый план Брестэнерго.","Директор центра; заместитель директора по учебной работе; HR Брестэнерго.","Новые управленческие программы; обучение руководителей; приглашенные преподаватели; изменение дистанционных форматов.","Разобрать перечень управленческих программ и найти действующий контакт учебно-методической службы.","Центр преимущественно отраслевой; учебные площадки центра не считать отдельными корпоративными университетами.","Именованная структура с подтверждением; отбор по стране, очереди и типу. Это не оценка вероятности заказа."
"CU-0160","main_200","Филиал «Учебный центр» РУП «Гродноэнерго»","РУП «Гродноэнерго»","ГПО «Белэнерго»","BY","company_training_center","Электроэнергетика","Персонал энергокомпании, руководители и технические специалисты.","Условное: развитие руководителей, управление персоналом, методология внутренних программ и электронное обучение.","https://energo.grodno.by/","https://t.me/s/grodnoenergo_official/6524","Официальный сайт содержит учебный центр в структуре; корпоративный Telegram публикует материалы о работе центра и его руководителе.","search_index","2026-10-01","Гипотеза: экспертный модуль через руководство центра; закупочный контур материнского предприятия уточнить.","Директор учебного центра; руководитель развития персонала.","Новые программы руководителей; обмен практиками с другими энергокомпаниями; привлечение экспертов.","Найти глубокую страницу учебного центра и актуальный план обучения; затем настроить мониторинг публикаций.","Сайт — входная точка, не лента заказов. Технические темы требуют отдельной компетенции.","Именованная структура с подтверждением; отбор по стране, очереди и типу. Это не оценка вероятности заказа."
"CU-0161","main_200","Филиал «Учебный центр» РУП «Гомельэнерго»","РУП «Гомельэнерго»","ГПО «Белэнерго»","BY","company_training_center","Электроэнергетика","Работники энергосистемы; руководители и специалисты.","Условное: управленческие семинары, обучение наставников, развитие кадрового резерва, цифровые учебные материалы.","https://gomelenergo.by/","https://t.me/s/gomelenergo_by?after=3474","Официальные корпоративные публикации называют филиал «Учебный центр», описывают учебную базу и подготовку специалистов, в том числе международное сотрудничество.","search_index","2026-10-01","Гипотеза: предложение тематического модуля руководителю центра; закупку проверять отдельно.","Руководитель учебного центра; HR; куратор повышения квалификации.","Новые управленческие потоки; учебные проекты с партнерами; расширение дистанционных программ.","Проверить актуальную страницу филиала и план подготовки руководителей.","Прямой сайт не прочитан; существование центра подтверждено корпоративной публикацией. Не весь технический спрос соответствует МИСБ.","Именованная структура с подтверждением; отбор по стране, очереди и типу. Это не оценка вероятности заказа."
"CU-0162","main_200","Филиал «Учебный центр» РУП «Витебскэнерго»","РУП «Витебскэнерго»","ГПО «Белэнерго»","BY","company_training_center","Электроэнергетика","Специалисты, рабочие и руководители энергосистемы; сотрудники учебного подразделения.","Условное: управление проектами и персоналом, цифровизация обучения, методическая подготовка корпоративных преподавателей.","https://www.vitebsk.energo.by/o-predpriyatii/filials/uchebnyi-tsentr/","https://www.vitebsk.energo.by/o-predpriyatii/filials/uchebnyi-tsentr/","На прочитанной странице филиал описан как многопрофильное подразделение: обучение персонала, IT-разработки, проектирование, метрология; приведены адрес и рабочий контакт центра.","content_read","2026-10-01","Гипотеза: через учебный центр и процедуры закупок материнской компании; проверять конкретный предмет лота.","Директор филиала; куратор образовательной деятельности; HR; закупки.","Новые образовательные услуги; цифровые проекты учебного центра; закупки обучения руководителей.","Подключить официальные процедуры закупок; отдельно классифицировать образовательные и инженерные услуги центра.","Учебный центр оказывает много необразовательных услуг: нужно фильтровать предмет публикации.","Именованная структура с подтверждением; отбор по стране, очереди и типу. Это не оценка вероятности заказа."
"CU-0163","reserve","Учебный центр РУП «Могилевэнерго»","РУП «Могилевэнерго»","ГПО «Белэнерго»","BY","candidate","Электроэнергетика","Персонал энергокомпании; руководители и специалисты.","Условное: развитие руководителей, наставничество, HR и дистанционное обучение.","https://mogilev.energo.by/","https://fcviten.by/nashi-partnyory/partnyory-vhodyashie-v-belenergo/mogilyovenergo","Страница отраслевого партнера перечисляет учебный центр среди филиалов Могилевэнерго. Прямой сайт предприятия и раздел закупок прочитаны; актуальная отдельная страница центра пока не установлена.","search_index","2026-10-01","Гипотеза: сначала подтвердить текущий статус подразделения через предприятие, затем изучить закупки образовательных услуг.","HR; руководитель центра; закупочная служба.","Изменение структуры центра; новый учебный план; приглашение преподавателей; закупки обучения.","Перепроверить актуальное организационное подчинение и действующий самостоятельный учебный центр.","Слабее остальных записей: подтверждение структуры на сайте отраслевого партнера, не на прочитанной странице самой компании; актуальность центра требует проверки.","Учебный центр указан отраслевым партнером; требуется актуальное прямое подтверждение структуры."
"CU-0164","main_200","Учебный центр РУП «Минскэнерго»","РУП «Минскэнерго»","ГПО «Белэнерго»","BY","company_training_center","Электроэнергетика","Руководители, специалисты и рабочие энергетики.","Условное: управление, HR, цифровизация корпоративного обучения, обучение внутренних преподавателей.","https://web.minskenergo.by/filialy/uchebnyj-tsentr/obrazovatelnye-uslugi/","https://web.minskenergo.by/filialy/uchebnyj-tsentr/obrazovatelnye-uslugi/","Прочитана официальная страница образовательных услуг учебного центра; прямо указано обучение руководителей и специалистов.","content_read","2026-10-01","Гипотеза: через центр и закупочную службу Минскэнерго; сопоставлять лоты с темами МИСБ.","Руководитель учебного центра; HR; закупки.","Программы руководителей и резерва; новые семинары; тендеры на обучение.","Сопоставить календарь учебного центра с разделом закупок, найти темы для внешнего преподавателя.","Технические квалификации и допуски не считать целевым спросом МИСБ без подтвержденной компетенции.","Именованная структура с подтверждением; отбор по стране, очереди и типу. Это не оценка вероятности заказа."
"CU-0165","main_200","ГИПК «ГАЗ-ИНСТИТУТ»","ГПО «Белтопгаз» — вышестоящая организация","ГПО «Белтопгаз»","BY","industry_training_center","Газоснабжение и топливная промышленность","Руководители, специалисты и рабочие газовой отрасли; корпоративные слушатели.","Высокое: программы руководителей, стратегические решения, коммуникации, командная работа, личная эффективность; возможен преподавательский субподряд.","https://gazinstitut.by/","https://gazinstitut.by/gpobeltopgas/","Сайт подтверждает отраслевой институт повышения квалификации; страница вышестоящей организации прямо указывает Белтопгаз. На сайте есть управленческие программы и привлечение преподавателей вузов и специалистов предприятий.","content_read","2026-10-01","Гипотеза: партнерство по конкретной программе или приглашение эксперта; institute также потенциальный конкурент.","Ректор; проректор по учебной работе; руководитель методической службы.","Новые управленческие модули; набор групп; расширение партнерств и преподавательского состава.","Сопоставить управленческую линейку с экспертами МИСБ; проверить порядок привлечения внешних преподавателей.","Отраслевой институт, не корпоративный университет по названию; собственная развитая учебная экспертиза и конкуренция.","Именованная структура с подтверждением; отбор по стране, очереди и типу. Это не оценка вероятности заказа."
"CU-0166","main_200","Дорожный центр по подготовке, переподготовке и повышению квалификации кадров","ГО «Белорусская железная дорога»","Белорусская железная дорога","BY","company_training_center","Железнодорожный транспорт","Персонал БЖД, руководители, специалисты и работники массовых профессий.","Условное: управление персоналом, подготовка наставников, методология обучения, электронные курсы для управленческого персонала.","https://www.rw.by/corporate/structure/dorozhnij_centr_po_podgotovke_perepodgot/","https://www.rw.by/corporate/structure/dorozhnij_centr_po_podgotovke_perepodgot/","Официальная структура БЖД содержит дорожный центр и его территориальные подразделения дополнительного образования взрослых.","search_index","2026-10-01","Гипотеза: через дорожный центр и кадровую службу БЖД; территориальные подразделения использовать как дополнительные сигнальные каналы.","Руководитель дорожного центра; HR БЖД; учебно-методическая служба.","Новые программы руководителей; цифровое обучение; методические проекты; подбор преподавателей.","Собрать страницы подразделений и общий план управленческой подготовки, объединяя записи по одному центру.","Территориальные учебные подразделения не считать отдельными КУ; большая доля профессиональной рабочей подготовки.","Именованная структура с подтверждением; отбор по стране, очереди и типу. Это не оценка вероятности заказа."
"CU-0167","main_200","Институт ИТ и бизнес-администрирования IBA","IBA Group","IBA Group","BY","company_training_center","IT и бизнес-образование","IT-специалисты, руководители проектов, корпоративные клиенты, сотрудники группы.","Высокое: бизнес-анализ, управление проектами и командами, цифровые навыки; возможна кооперация по внешним корпоративным заказам.","https://www.instituteiba.by/","https://www.instituteiba.by/about/news/news-2020/we-re-18-let-s-check-your-knowledge-about-the-institute-iba/?special_version=Y","Официальная публикация института называет IBA Group материнской компанией. Текущая страница «О нас» прочитана: частное учреждение дополнительного образования с IT- и бизнес-программами, привлекающее практикующих специалистов.","search_index","2026-10-01","Гипотеза: экспертный субподряд, совместная программа, обмен корпоративными запросами; институт одновременно конкурент.","Руководитель бизнес-обучения; директор института; менеджер корпоративных программ.","Новый курс или корпоративный проект; поиск преподавателя-практика; партнерские программы; расширение бизнес-обучения.","Проверить текущую связь с группой и список преподавательских потребностей, предложить конкретную тему.","Материнская связь подтверждена публикацией 2020 года; актуальное юридическое владение перед сделкой перепроверить. Наличие курсов не доказывает внешний спрос.","Именованная структура с подтверждением; отбор по стране, очереди и типу. Это не оценка вероятности заказа."
"CU-0168","reserve","Учебный центр Itransition","Itransition","Itransition","BY","candidate","IT","Начинающие IT-специалисты, наставники, сотрудники компании.","Среднее: коммуникации, обучение наставников, управление IT-командами и учебными программами; разработка ПО как основной курс вне фокуса МИСБ.","https://www.itransition.com/careers/training","https://www.itransition.com/careers/training","Корпоративная страница описывает собственный training center, обучение под руководством специалистов компании, наставников и практические проекты. Региональный доступ и текущий набор в Беларуси нужно уточнять.","content_read","2026-10-01","Гипотеза: точечный модуль для наставников или новых руководителей через L&D.","Руководитель training center; L&D; HR.","Расширение учебных треков; набор менторов; новые программы командных и управленческих навыков.","Проверить текущую белорусскую географию центра и потребность в нетехнических модулях.","Страница международная; действующую белорусскую площадку и юридического заказчика требуется подтвердить. Набор стажеров не является заказом.","Собственный training center подтвержден, но действующая белорусская география пока не установлена."
"CU-0169","main_200","Корпоративный Тренинг-центр ISsoft","ISsoft","ISsoft","BY","company_training_center","IT","IT-специалисты, бизнес-аналитики, наставники и руководители команд.","Среднее: бизнес-анализ, управление командами и проектами, коммуникации, методология корпоративного обучения.","https://issoft.by/training-center/","https://issoft.by/training-center/","Официальный белорусский сайт описывает корпоративный тренинг-центр, курсы для новых и опытных сотрудников, наставничество и внутреннее обучение.","search_index","2026-10-01","Гипотеза: специализированный внешний модуль через HR или тренинг-центр.","Руководитель тренинг-центра; L&D; HR.","Новые нетехнические курсы; рост тренинг-центра; поиск тренеров; программы для руководителей.","Разделить открытые школы для новичков и внутреннюю подготовку руководителей, проверить внешний преподавательский контур.","Технические курсы компания часто создает своими силами; публичный набор может быть приостановлен.","Именованная структура с подтверждением; отбор по стране, очереди и типу. Это не оценка вероятности заказа."
"CU-0170","main_200","Корпоративный университет «АЛЮТЕХ»","Группа компаний «АЛЮТЕХ»","АЛЮТЕХ","BY","corporate_university","Производство строительных систем","Дилеры, партнеры, инженеры, руководители и специалисты сбытовой сети.","Высокое: продажи B2B, переговоры, управление дилерской сетью, развитие руководителей, электронное обучение.","https://alutech-group.com/cis-ru/diler-rva/publikacii/novosti/obnovlen-uchebnyy-portal/","https://alutech-group.com/cis-ru/diler-rva/publikacii/novosti/obnovlen-uchebnyy-portal/","Официальная публикация 2018 года называет корпоративный университет и учебный портал для партнерской сети. Дополнительно подтвержден собственный центр инженерно-технического обучения.","search_index","2026-10-01","Гипотеза: модуль для партнерской сети или производство электронных материалов; проверить подразделение-заказчика.","Руководитель корпоративного обучения; директор партнерской сети; HR.","Обновление учебного портала; запуск партнерских программ; набор тренеров; развитие дилеров.","Найти действующий адрес портала и владельца обучения; проверить, продолжает ли использоваться бренд КУ.","Доказательство бренда КУ историческое; текущая форма и адрес нуждаются в уточнении. Инженерный центр учтен дополнительным каналом, не отдельным КУ.","Именованная структура с подтверждением; отбор по стране, очереди и типу. Это не оценка вероятности заказа."
"CU-0171","main_200","Академия недвижимости А-100","Группа компаний А-100","А-100","BY","corporate_academy","Девелопмент и недвижимость","Специалисты по продажам недвижимости, руководители и партнеры девелопера.","Высокое: продажи, переговоры, клиентский сервис, управление командами продаж и электронные программы.","https://www.a-100.by/group-of-companies/","https://www.a-100.by/group-of-companies/","Официальная история группы сообщает об открытии академии недвижимости в 2024 году и обучении продажам недвижимости, работе с возражениями и сделками.","search_index","2026-10-01","Гипотеза: предложить модуль академии или обучение команды продаж через HR/коммерческий блок.","Руководитель академии; коммерческий директор; HR.","Новые учебные потоки; расширение программы; внешние спикеры; запуск новых проектов девелопера.","Найти самостоятельную страницу академии и текущую программу, уточнить формат привлечения тренеров.","Корпоративная страница истории — подтверждение существования, а не текущая закупка. Текущая программа требует проверки.","Именованная структура с подтверждением; отбор по стране, очереди и типу. Это не оценка вероятности заказа."
"CU-0172","reserve","Центр по работе с персоналом ОАО «Белагропромбанк»","ОАО «Белагропромбанк»","Белагропромбанк","BY","candidate","Банки","Руководители, специалисты и клиентские команды банка.","Высокое: управление, HR, клиентский сервис, финансы для управленцев, цифровые навыки и разработка учебных материалов.","https://www.belapb.by/about/karera-v-banke/razvitie-personala/","https://www.belapb.by/about/karera-v-banke/razvitie-personala/","Официальная страница развития персонала описывает центр, обучение собственными бизнес-тренерами и привлечение внешних преподавателей и экспертов.","search_index","2026-10-01","Гипотеза: внешний эксперт или учебный модуль через центр; подтверждено использование внешних преподавателей, но открытый заказ не найден.","Руководитель центра по работе с персоналом; руководитель обучения; HR.","Новые программы банка; приглашение внешних преподавателей; управленческий резерв; трансформация клиентского сервиса.","Определить текущий календарь программ и процедуру отбора внешних экспертов.","Название центра шире учебной функции; в реестр включен по прямо описанной системной учебной работе. Не путать с публичными социальными академиями банка.","Официально подтвержден HR-центр с бизнес-тренерами и внешними провайдерами, но отдельная учебная структура не установлена. Источник заказов сохраняется в резерве."
"CU-0173","main_200","Учебный центр ОАО «БЕЛАЗ»","ОАО «БЕЛАЗ» — управляющая компания холдинга «БЕЛАЗ-ХОЛДИНГ»","БЕЛАЗ-ХОЛДИНГ","BY","company_training_center","Машиностроение","Сервисные инженеры, специалисты партнеров, персонал эксплуатирующих предприятий.","Ограниченное: управление сервисными командами, клиентский сервис B2B, обучение наставников, электронные учебные материалы.","https://m.belaz.by/services/training/","https://m.belaz.by/services/training/","Официальная страница обучения описывает учебный центр, учебные классы, тренажеры и подготовку сервисных центров и заказчиков.","search_index","2026-10-01","Гипотеза: нетехнический модуль для сервисной сети либо методический подряд; технические квалификации исключить.","Руководитель учебного центра; директор сервиса; HR.","Модернизация учебных материалов; развитие международной сервисной сети; новые управленческие программы для сервисных подразделений.","Уточнить заказчика обучения сервисной сети и наличие управленческих/методических потребностей.","Преимущественно технический центр; прямой спрос на темы МИСБ не обнаружен.","Именованная структура с подтверждением; отбор по стране, очереди и типу. Это не оценка вероятности заказа."
"CU-0174","main_200","Учебный центр по подготовке и повышению квалификации кадров БМЗ","ОАО «БМЗ» — управляющая компания холдинга «БМК»","Белорусская металлургическая компания","BY","company_training_center","Металлургия","Руководители, специалисты и рабочие металлургического предприятия.","Условное: HR, управление производственными командами, личная эффективность, защита персональных данных и методология обучения.","https://metallurg.belsteel.com/?p=17054","https://belsteel.com/about/bmz-35.php","Корпоративный сайт сообщает о создании учебного центра, корпоративная газета описывает подготовку рабочих, руководителей и специалистов.","search_index","2026-10-01","Гипотеза: управленческий или функциональный модуль через центр и HR БМЗ.","Руководитель центра; начальник подготовки кадров; HR; закупки.","Новые программы руководителей; изменения требований к корпоративным специалистам; обновление учебной базы; приглашение экспертов.","Проверить текущие программы для руководителей и специалистов, не смешивать их с рабочими профессиями.","Техническая подготовка преобладает; историческую страницу дополнять текущими новостями.","Именованная структура с подтверждением; отбор по стране, очереди и типу. Это не оценка вероятности заказа."
"CU-0175","main_200","Учебный центр Национального банка Республики Беларусь","Национальный банк Республики Беларусь","Национальный банк Республики Беларусь","BY","industry_training_center","Банковский регулятор","Руководители и специалисты Национального банка и финансового сектора.","Высокое: управленческие решения, публичные выступления, HR, цифровые и функциональные навыки банковских специалистов.","https://www.nbrb.by/branches/educenter","https://www.nbrb.by/branches/educenter","Официальная страница описывает учебный центр дополнительного образования. Отдельный официальный раздел публикует приглашения на организацию обучения работников Национального банка.","search_index","2026-10-01","Официальные приглашения на организацию обучения: каждый документ проверять на срок и предмет; возможный прямой канал отбора поставщика.","Ответственный за обучение работников; руководство учебного центра; закупки.","Приглашения организовать обучение; конкретная тема, срок, требования к исполнителю; новый годовой план.","Первым подключить мониторинг раздела приглашений; извлекать дедлайн, тему, адрес подачи и требования, не считать архивный документ действующим.","Регулятор, а не коммерческий корпоративный университет. Некоторые приглашения могут быть архивными; нужна проверка актуальности каждого документа.","Именованная структура с подтверждением; отбор по стране, очереди и типу. Это не оценка вероятности заказа."
"CU-0176","main_200","Учебный центр по техническому и сервисному обслуживанию МТЗ","ОАО «Минский тракторный завод»","МТЗ-ХОЛДИНГ","BY","company_training_center","Машиностроение","Сервисные специалисты, механики, партнерская сеть МТЗ.","Ограниченное: методология электронного обучения, управление сервисом, клиентская коммуникация и обучение наставников.","https://www.mtz-td.ru/educatcenter","https://www.mtz-td.ru/educatcenter","Официальный торговый дом описывает учебный центр МТЗ, теоретические и практические занятия, обучение сервисных специалистов и дистанционную систему.","search_index","2026-10-01","Гипотеза: запрос через центр или сервисный блок МТЗ; уточнить белорусского юридического заказчика.","Руководитель учебного центра; сервисный директор; HR.","Новые дистанционные форматы; расширение сервисной сети; обновление методических материалов.","Найти актуальную страницу центра на сайте завода и текущий план, проверить возможность нетехнического модуля.","Источник — официальный торговый дом в РФ, объект обучения находится при МТЗ в Беларуси; часть описания историческая. Технические компетенции вне основного профиля МИСБ.","Именованная структура с подтверждением; отбор по стране, очереди и типу. Это не оценка вероятности заказа."
"CU-0177","main_200","Учреждение образования «УЦ БелТЮФ»","СП «БЕЛТЮФ»","БелТЮФ","BY","company_training_center","Технический надзор и промышленная безопасность","Руководители и специалисты промышленных и транспортных предприятий; преподаватели центра.","Условное: трудовые отношения, управление, корпоративные методические материалы и цифровые курсы; возможен образовательный субподряд.","https://beltuv.by/uc/","https://beltuv.by/","Официальная главная страница прямо называет УЦ дочерним предприятием СП «БЕЛТЮФ»; страница центра предлагает программы рабочим, специалистам и руководителям.","search_index","2026-10-01","Гипотеза: партнерский преподавательский модуль либо совместное обслуживание корпоративного клиента.","Директор УЦ; руководитель учебной работы; менеджер корпоративных программ.","Вакансии преподавателей; новые управленческие курсы; партнерства; цифровое развитие программ.","Просмотреть вакансии и программы руководителей, отделив подтвержденный внешний спрос от продвижения собственных курсов.","Центр сам продает обучение и может быть конкурентом; технические квалификации не целевой спрос МИСБ.","Именованная структура с подтверждением; отбор по стране, очереди и типу. Это не оценка вероятности заказа."
"CU-0178","main_200","Учебный центр авиационной безопасности ИКАО Национального аэропорта Минск","РУП «Национальный аэропорт Минск»","Национальный аэропорт Минск","BY","company_training_center","Аэропорты и авиация","Специалисты и руководители авиационной безопасности и аэропортовых организаций.","Условное: обучение тренеров, управленческие навыки, коммуникации и методология электронного обучения. Отраслевая сертификационная подготовка требует отдельной компетенции.","https://icao.airport.by/","https://icao.airport.by/about","Официальная страница прямо описывает центр как структурное подразделение аэропорта; есть программы специалистов и руководителей, расписание и отдельные контакты.","search_index","2026-10-01","Гипотеза: партнерство по нетехническому модулю через центр; отдельная проверка закупочного контура аэропорта.","Руководитель УЦ; куратор учебных программ; HR аэропорта.","Новые партнерские курсы; подготовка тренеров; расширение программ управленческих навыков; цифровые форматы.","Сопоставить расписание с темами МИСБ и уточнить возможности приглашенного преподавателя.","Узкая авиационная специализация; корпоративная программа не равна заказу на внешнего провайдера.","Именованная структура с подтверждением; отбор по стране, очереди и типу. Это не оценка вероятности заказа."
"CU-0179","main_200","Учебно-тренировочный центр Белорусской АЭС","РУП «Белорусская атомная электростанция»","Белорусская АЭС","BY","company_training_center","Атомная энергетика","Персонал станции, руководители, специалисты и внутренние инструкторы.","Условное: развитие руководителей, коммуникации, обучение наставников и методическая поддержка. Техническая атомная подготовка не входит в гипотезу предложения.","https://belaes.by/ru/obrazovatelnaya-deyatelnost.html","https://belaes.by/ru/obrazovatelnaya-deyatelnost.html","Официальный сайт описывает УТЦ как структурное подразделение, обеспечивающее подготовку и повышение квалификации персонала; указаны программы руководителей и специалистов и контакты руководства.","search_index","2026-10-01","Гипотеза: нетехнический модуль через УТЦ и HR; установить закупочную процедуру станции.","Руководитель УТЦ; начальник организации обучения; HR.","Управленческие программы; развитие кадрового резерва; обучение инструкторов; электронные учебные материалы.","Прочитать план руководителей и специалистов и выяснить актуальные нетехнические потребности.","Не относить к группе Росатом по факту технологического партнерства. Узкие технические темы не целевой спрос МИСБ.","Именованная структура с подтверждением; отбор по стране, очереди и типу. Это не оценка вероятности заказа."
"CU-0180","reserve","Учебно-практический центр МАЗ-БНТУ","ОАО «МАЗ» и БНТУ","МАЗ","BY","candidate","Машиностроение","Уточнить после подтверждения корпоративного учебного подразделения.","Гипотеза: управленческие и функциональные программы, обучение наставников, методология и цифровые учебные материалы.","https://maz.by/media/news/2022/04/18/vladimir-semashko-posetil-maz","https://maz.by/media/news/2022/04/18/vladimir-semashko-posetil-maz","Официальная новость МАЗ подтверждает именованный учебно-практический центр. Не установлено, является ли он самостоятельным корпоративным обучающим подразделением или совместной университетской площадкой.","candidate","2026-10-01","Сначала подтвердить самостоятельную учебную структуру и заказчика; затем искать процедуру партнерства или закупки.","HR/L&D; предполагаемый руководитель обучения.","Подтверждение подразделения; новая программа; приглашение внешних преподавателей; закупка обучения.","Проверить учредительную принадлежность, постоянную команду, программу взрослых сотрудников и актуальное состояние; при подтверждении перенести в основной реестр.","Резерв. Не включать в число подтвержденных корпоративных учебных структур до дополнительной проверки.","Требуется уточнение статуса, структуры или самостоятельности; все каналы сохранены."
"CU-0181","reserve","Учебный центр Нафтан — кандидат","ОАО «Нафтан»","Нафтан","BY","candidate","Нефтепереработка","Уточнить после подтверждения корпоративного учебного подразделения.","Гипотеза: управленческие и функциональные программы, обучение наставников, методология и цифровые учебные материалы.","https://gazeta.naftan.by/mastera-svoego-dela","https://gazeta.naftan.by/mastera-svoego-dela","Индекс корпоративной газеты упоминает учебный центр и полигон предприятия, но полный контекст и принадлежность центра не прочитаны.","candidate","2026-10-01","Сначала подтвердить самостоятельную учебную структуру и заказчика; затем искать процедуру партнерства или закупки.","HR/L&D; предполагаемый руководитель обучения.","Подтверждение подразделения; новая программа; приглашение внешних преподавателей; закупка обучения.","Прочитать публикацию полностью, установить какое предприятие владеет упомянутым центром; не считать подтвержденным центром Нафтана по сниппету.","Резерв. Не включать в число подтвержденных корпоративных учебных структур до дополнительной проверки.","Требуется уточнение статуса, структуры или самостоятельности; все каналы сохранены."
"CU-0182","reserve","Учебный центр Минсктранс — исторический кандидат","ГП «Минсктранс»","Минсктранс","BY","candidate","Городской транспорт","Уточнить после подтверждения корпоративного учебного подразделения.","Гипотеза: управленческие и функциональные программы, обучение наставников, методология и цифровые учебные материалы.","https://minsktrans.by/wp-content/uploads/2020/11/vypusk-833.pdf","https://minsktrans.by/wp-content/uploads/2020/11/vypusk-833.pdf","Корпоративное издание содержит историческое упоминание собственного учебного центра; текущий статус не подтвержден.","candidate","2026-10-01","Сначала подтвердить самостоятельную учебную структуру и заказчика; затем искать процедуру партнерства или закупки.","HR/L&D; предполагаемый руководитель обучения.","Подтверждение подразделения; новая программа; приглашение внешних преподавателей; закупка обучения.","Проверить, сохранился ли центр как подразделение и не передано ли обучение внешнему колледжу.","Резерв. Не включать в число подтвержденных корпоративных учебных структур до дополнительной проверки.","Требуется уточнение статуса, структуры или самостоятельности; все каналы сохранены."
"CU-0183","reserve","LeverX Learning Hub — Беларусь требует подтверждения","LeverX","LeverX","BY","candidate","IT","Уточнить после подтверждения корпоративного учебного подразделения.","Гипотеза: управленческие и функциональные программы, обучение наставников, методология и цифровые учебные материалы.","https://career.leverx.com/courses","https://career.leverx.com/courses","Корпоративные учебные курсы и learning hub найдены, но действующая белорусская принадлежность центра и локальный заказчик не подтверждены.","candidate","2026-10-01","Сначала подтвердить самостоятельную учебную структуру и заказчика; затем искать процедуру партнерства или закупки.","HR/L&D; предполагаемый руководитель обучения.","Подтверждение подразделения; новая программа; приглашение внешних преподавателей; закупка обучения.","Проверить текущие города обучения, локальное юридическое лицо и структуру learning hub; не считать международный бренд отдельным КУ Беларуси автоматически.","Резерв. Не включать в число подтвержденных корпоративных учебных структур до дополнительной проверки.","Требуется уточнение статуса, структуры или самостоятельности; все каналы сохранены."
"CU-0184","reserve","Andersen Trainee — программа, структура не подтверждена","Andersen","Andersen","BY","candidate","IT","Уточнить после подтверждения корпоративного учебного подразделения.","Гипотеза: управленческие и функциональные программы, обучение наставников, методология и цифровые учебные материалы.","https://people.andersenlab.com/trainee/courses","https://people.andersenlab.com/trainee/courses","Корпоративные учебные программы с белорусскими городами найдены, но самостоятельный центр/академия не доказан.","candidate","2026-10-01","Сначала подтвердить самостоятельную учебную структуру и заказчика; затем искать процедуру партнерства или закупки.","HR/L&D; предполагаемый руководитель обучения.","Подтверждение подразделения; новая программа; приглашение внешних преподавателей; закупка обучения.","Искать именованное учебное подразделение, постоянную команду и бюджет обучения; пока сохранять как источник сигналов о корпоративном обучении.","Резерв. Не включать в число подтвержденных корпоративных учебных структур до дополнительной проверки.","Требуется уточнение статуса, структуры или самостоятельности; все каналы сохранены."
"CU-0185","main_200","Samruk Business Academy (бывший КУ «Самрук-Казына»)","ЧУ Samruk Business Academy","Самрук-Қазына","KZ","corporate_academy","Межотраслевой холдинг","Руководители, HR, специалисты группы","Высокая: управление, HR, стратегия, финансы, электронные курсы.","https://sba.kz/","https://sba.kz/","Официальный сайт и каталог показывают корпоративные открытые и модульные программы.","search_index","2026-10-01","Гипотеза: руководитель учебного подразделения → владелец программы → закупки компании; предлагать внешний модуль или разработку учебного контента.","Директор/руководитель учебного подразделения; HR/L&D; владелец программы; закупщик услуг","Гипотезы сигналов: новая программа, набор преподавателей/подрядчиков, запрос на цифровой курс, развитие кадрового резерва; актуальный заказ не установлен.","Проверить актуальную структуру подразделения; раскрыть программы, новости, контакты и связанные закупочные страницы; сохранить дополнительные адреса отдельными каналами, затем установить владельца потребности.","Основной HTML при открытии почти пуст: нужен JS-рендеринг или доступный публичный экспорт; закупка подписок не требуется.","Именованная структура с подтверждением; отбор по стране, очереди и типу. Это не оценка вероятности заказа."
"CU-0186","main_200","Корпоративный университет ERG","ERG — образовательное подразделение группы; юридического оператора уточнить","ERG","KZ","corporate_university","Горно-металлургический комплекс","Руководители, специалисты и рабочие ERG","Высокая: лидерство, закупки, финансы, HR, проектное управление, методология.","https://www.erg.kz/ru/career","https://www.erg.kz/ru/career","Официальный HR-раздел описывает ERG CU, академии лидерства и проектного управления, подготовку тренеров.","content_read","2026-10-01","Гипотеза: руководитель учебного подразделения → владелец программы → закупки компании; предлагать внешний модуль или разработку учебного контента.","Директор/руководитель учебного подразделения; HR/L&D; владелец программы; закупщик услуг","Гипотезы сигналов: новая программа, набор преподавателей/подрядчиков, запрос на цифровой курс, развитие кадрового резерва; актуальный заказ не установлен.","Проверить актуальную структуру подразделения; раскрыть программы, новости, контакты и связанные закупочные страницы; сохранить дополнительные адреса отдельными каналами, затем установить владельца потребности.","Существование образовательной структуры не доказывает открытый заказ; автоматический сбор и процедура допуска поставщиков не проверены.","Именованная структура с подтверждением; отбор по стране, очереди и типу. Это не оценка вероятности заказа."
"CU-0187","main_200","BI University","BI University","BI Group","KZ","corporate_university","Строительство и девелопмент","Руководители, инженеры, бизнес-партнёры","Высокая: управление, бережливое производство, бизнес-тренеры, цифровой контент.","https://www.biu.kz/","https://biu.kz/us","Сайт называет BI University корпоративным университетом BI Group; видны управленческие программы и контакты.","content_read","2026-10-01","Гипотеза: руководитель учебного подразделения → владелец программы → закупки компании; предлагать внешний модуль или разработку учебного контента.","Директор/руководитель учебного подразделения; HR/L&D; владелец программы; закупщик услуг","Гипотезы сигналов: новая программа, набор преподавателей/подрядчиков, запрос на цифровой курс, развитие кадрового резерва; актуальный заказ не установлен.","Проверить актуальную структуру подразделения; раскрыть программы, новости, контакты и связанные закупочные страницы; сохранить дополнительные адреса отдельными каналами, затем установить владельца потребности.","Существование образовательной структуры не доказывает открытый заказ; автоматический сбор и процедура допуска поставщиков не проверены.","Именованная структура с подтверждением; отбор по стране, очереди и типу. Это не оценка вероятности заказа."
"CU-0188","main_200","Корпоративный университет Qarmet","АО «Qarmet»","Qarmet","KZ","corporate_university","Металлургия","Руководители, специалисты, производственный персонал","Высокая: управленческие модули, стрессоустойчивость, цифровизация обучения.","https://qarmet.kz/ru/","https://qarmet.kz/ru/","Сайт содержит отдельный блок КУ, учебные центры и программы hard/soft skills.","content_read","2026-10-01","Гипотеза: руководитель учебного подразделения → владелец программы → закупки компании; предлагать внешний модуль или разработку учебного контента.","Директор/руководитель учебного подразделения; HR/L&D; владелец программы; закупщик услуг","Гипотезы сигналов: новая программа, набор преподавателей/подрядчиков, запрос на цифровой курс, развитие кадрового резерва; актуальный заказ не установлен.","Проверить актуальную структуру подразделения; раскрыть программы, новости, контакты и связанные закупочные страницы; сохранить дополнительные адреса отдельными каналами, затем установить владельца потребности.","Существование образовательной структуры не доказывает открытый заказ; автоматический сбор и процедура допуска поставщиков не проверены.","Именованная структура с подтверждением; отбор по стране, очереди и типу. Это не оценка вероятности заказа."
"CU-0189","main_200","Корпоративный университет QazTehna","ТОО «QazTehna»","QazTehna","KZ","corporate_university","Автомобилестроение","Все уровни руководителей и специалистов","Высокая: управление производством, наставничество, учебный контент.","https://university.qaztehna.kz/","https://university.qaztehna.kz/ob-universitete/","Официальное описание: образовательное подразделение управления по работе с персоналом для руководителей и специалистов.","search_index","2026-10-01","Гипотеза: руководитель учебного подразделения → владелец программы → закупки компании; предлагать внешний модуль или разработку учебного контента.","Директор/руководитель учебного подразделения; HR/L&D; владелец программы; закупщик услуг","Гипотезы сигналов: новая программа, набор преподавателей/подрядчиков, запрос на цифровой курс, развитие кадрового резерва; актуальный заказ не установлен.","Проверить актуальную структуру подразделения; раскрыть программы, новости, контакты и связанные закупочные страницы; сохранить дополнительные адреса отдельными каналами, затем установить владельца потребности.","Существование образовательной структуры не доказывает открытый заказ; автоматический сбор и процедура допуска поставщиков не проверены.","Именованная структура с подтверждением; отбор по стране, очереди и типу. Это не оценка вероятности заказа."
"CU-0190","main_200","Корпоративный университет АО «КазНИИСА»","АО «КазНИИСА»","КазНИИСА","KZ","corporate_university","Строительство и инженерия","ИТР проектных, строительных и экспертных организаций","Условная: партнёрские управленческие, договорные и проектные модули для ИТР.","https://kazniisa.kz/centres/corporate-university","https://kazniisa.kz/centres/corporate-university","Официальная страница описывает КУ и повышение квалификации инженерно-технических работников.","search_index","2026-10-01","Гипотеза: руководитель учебного подразделения → владелец программы → закупки компании; предлагать внешний модуль или разработку учебного контента.","Директор/руководитель учебного подразделения; HR/L&D; владелец программы; закупщик услуг","Гипотезы сигналов: новая программа, набор преподавателей/подрядчиков, запрос на цифровой курс, развитие кадрового резерва; актуальный заказ не установлен.","Проверить актуальную структуру подразделения; раскрыть программы, новости, контакты и связанные закупочные страницы; сохранить дополнительные адреса отдельными каналами, затем установить владельца потребности.","Преимущественно техническое регулирование и аттестация; профильный контент требует отраслевых экспертов. Открытие страницы вернуло ошибку; индекс доступен.","Именованная структура с подтверждением; отбор по стране, очереди и типу. Это не оценка вероятности заказа."
"CU-0191","main_200","Корпоративный университет АҚҚУ","Alina Group","Alina Group","KZ","corporate_university","Строительные материалы","Работники, руководители, партнёры","Высокая: продажи, управление, корпоративная культура и контент.","https://alina.kz/akku/","https://alina.kz/akku/","Официальная страница в поисковом индексе называет корпоративный университет Аққу и направления обучения.","search_index","2026-10-01","Гипотеза: руководитель учебного подразделения → владелец программы → закупки компании; предлагать внешний модуль или разработку учебного контента.","Директор/руководитель учебного подразделения; HR/L&D; владелец программы; закупщик услуг","Гипотезы сигналов: новая программа, набор преподавателей/подрядчиков, запрос на цифровой курс, развитие кадрового резерва; актуальный заказ не установлен.","Проверить актуальную структуру подразделения; раскрыть программы, новости, контакты и связанные закупочные страницы; сохранить дополнительные адреса отдельными каналами, затем установить владельца потребности.","При открытии 502; сохранить и повторить. Актуальная юридическая структура собственника требует сверки.","Именованная структура с подтверждением; отбор по стране, очереди и типу. Это не оценка вероятности заказа."
"CU-0192","main_200","Казахстанский ядерный университет","Филиал ТОО «Институт высоких технологий»","Казатомпром","KZ","corporate_university","Атомная промышленность","Руководители, специалисты, персонал группы","Высокая: функциональные компетенции, менеджмент, обучение тренеров и электронные программы.","https://knu.kazatomprom.kz/ru","https://iht.kazatomprom.kz/ru/subcontent/kazahstanskiy-yadernyy-universitet-40","Официальные ресурсы подтверждают КЯУ как филиал ИВТ; сайт имеет функциональные и академические программы.","content_read","2026-10-01","Гипотеза: руководитель учебного подразделения → владелец программы → закупки компании; предлагать внешний модуль или разработку учебного контента.","Директор/руководитель учебного подразделения; HR/L&D; владелец программы; закупщик услуг","Гипотезы сигналов: новая программа, набор преподавателей/подрядчиков, запрос на цифровой курс, развитие кадрового резерва; актуальный заказ не установлен.","Проверить актуальную структуру подразделения; раскрыть программы, новости, контакты и связанные закупочные страницы; сохранить дополнительные адреса отдельными каналами, затем установить владельца потребности.","Существование образовательной структуры не доказывает открытый заказ; автоматический сбор и процедура допуска поставщиков не проверены.","Именованная структура с подтверждением; отбор по стране, очереди и типу. Это не оценка вероятности заказа."
"CU-0193","main_200","Корпоративный университет Управления трудовых ресурсов Казцинк","ТОО «Казцинк»","Казцинк","KZ","corporate_university","Горно-металлургический комплекс","Руководители, специалисты, рабочие","Высокая: школы менеджмента, функциональное обучение, разработка курсов.","https://www.kazzinc.com/eng/stazhirovka-i-karera","https://www.erg.kz/files/%D0%9E%D0%B1%D0%B7%D0%BE%D1%80_%D0%9A%D0%A3_%D0%93%D0%9C%D0%9A_%D0%92%D0%A1_31.07.2025_RU.pdf","Отраслевой обзор ERG, согласованный с участниками: отдельный профиль КУ Казцинк, с.43–46 PDF.","content_read","2026-10-01","Гипотеза: руководитель учебного подразделения → владелец программы → закупки компании; предлагать внешний модуль или разработку учебного контента.","Директор/руководитель учебного подразделения; HR/L&D; владелец программы; закупщик услуг","Гипотезы сигналов: новая программа, набор преподавателей/подрядчиков, запрос на цифровой курс, развитие кадрового резерва; актуальный заказ не установлен.","Проверить актуальную структуру подразделения; раскрыть программы, новости, контакты и связанные закупочные страницы; сохранить дополнительные адреса отдельными каналами, затем установить владельца потребности.","Доказательство структуры находится в совместном отраслевом обзоре; основной адрес — корпоративный HR-шлюз, не отдельный сайт КУ.","Именованная структура с подтверждением; отбор по стране, очереди и типу. Это не оценка вероятности заказа."
"CU-0194","reserve","Отдел обучения и развития персонала Казахмыс (система корпоративного обучения)","ТОО «Корпорация Казахмыс»","Казахмыс","KZ","candidate","Горно-металлургический комплекс","Руководители, специалисты, рабочие","Высокая: управленческое обучение, развитие кадрового потенциала, электронные курсы.","https://www.kazakhmys.kz/ru","https://www.erg.kz/files/%D0%9E%D0%B1%D0%B7%D0%BE%D1%80_%D0%9A%D0%A3_%D0%93%D0%9C%D0%9A_%D0%92%D0%A1_31.07.2025_RU.pdf","Обзор ERG описывает именно отдел обучения и развития Казахмыс, а не самостоятельный университет.","content_read","2026-10-01","Гипотеза: руководитель учебного подразделения → владелец программы → закупки компании; предлагать внешний модуль или разработку учебного контента.","Директор/руководитель учебного подразделения; HR/L&D; владелец программы; закупщик услуг","Гипотезы сигналов: новая программа, набор преподавателей/подрядчиков, запрос на цифровой курс, развитие кадрового резерва; актуальный заказ не установлен.","Проверить актуальную структуру подразделения; раскрыть программы, новости, контакты и связанные закупочные страницы; сохранить дополнительные адреса отдельными каналами, затем установить владельца потребности.","РЕЗЕРВ: отдельный КУ/самостоятельный корпоративный центр обучения персонала не доказан. Тип: функциональное учебное подразделение. Не превращать в отдельное юридическое лицо или приписывать официальный бренд КУ.","Требуется уточнение статуса, структуры или самостоятельности; все каналы сохранены."
"CU-0195","main_200","Учебный центр АО «АК Алтыналмас»","АО «АК Алтыналмас»","Алтыналмас","KZ","company_training_center","Золотодобыча","Производственный персонал и специалисты","Условная: руководители, наставники, методология и цифровой учебный контент.","https://www.altynalmas.kz/blog/news/73","https://www.altynalmas.kz/blog/news/73","Компания сообщает об открытии собственного учебного центра и развитии квалификации сотрудников.","search_index","2026-10-01","Гипотеза: руководитель учебного подразделения → владелец программы → закупки компании; предлагать внешний модуль или разработку учебного контента.","Директор/руководитель учебного подразделения; HR/L&D; владелец программы; закупщик услуг","Гипотезы сигналов: новая программа, набор преподавателей/подрядчиков, запрос на цифровой курс, развитие кадрового резерва; актуальный заказ не установлен.","Проверить актуальную структуру подразделения; раскрыть программы, новости, контакты и связанные закупочные страницы; сохранить дополнительные адреса отдельными каналами, затем установить владельца потребности.","Базовое подтверждение касается преимущественно производственного обучения; отделять его от спроса на бизнес-обучение.","Именованная структура с подтверждением; отбор по стране, очереди и типу. Это не оценка вероятности заказа."
"CU-0196","main_200","Центр оценки и развития персонала железнодорожного транспорта ҚТЖ","Филиал АО «НК «ҚТЖ»","Қазақстан темір жолы","KZ","company_training_center","Железнодорожный транспорт","Работники железнодорожного транспорта","Высокая/условная: методология, обучение специалистов и руководителей, цифровые курсы; не рабочие профессии.","https://edutransport.railways.kz/","https://edutransport.railways.kz/","Официальный образовательный портал называет центр и содержит онлайн-курсы, расписание, новости и региональные центры.","content_read","2026-10-01","Гипотеза: руководитель учебного подразделения → владелец программы → закупки компании; предлагать внешний модуль или разработку учебного контента.","Директор/руководитель учебного подразделения; HR/L&D; владелец программы; закупщик услуг","Гипотезы сигналов: новая программа, набор преподавателей/подрядчиков, запрос на цифровой курс, развитие кадрового резерва; актуальный заказ не установлен.","Проверить актуальную структуру подразделения; раскрыть программы, новости, контакты и связанные закупочные страницы; сохранить дополнительные адреса отдельными каналами, затем установить владельца потребности.","Существование образовательной структуры не доказывает открытый заказ; автоматический сбор и процедура допуска поставщиков не проверены.","Именованная структура с подтверждением; отбор по стране, очереди и типу. Это не оценка вероятности заказа."
"CU-0197","main_200","Корпоративный университет Казахтелеком / Дирекция «Академия инфокоммуникационных технологий»","АО «Казахтелеком»","Казахтелеком","KZ","corporate_university","Телекоммуникации","Сотрудники компании, специалисты и руководители; студенты партнёрских программ","Высокая: управление, HR, сервис, продажи, цифровое обучение.","https://telecom.kz/ru/pages/11865/172287","https://ar2023.telecom.kz/ru/short-profile.html","Годовой отчёт называет КУ/Дирекцию академии; отдельные отчёты описывают Центр знаний и сотрудничество с Astana IT University.","search_index","2026-10-01","Гипотеза: руководитель учебного подразделения → владелец программы → закупки компании; предлагать внешний модуль или разработку учебного контента.","Директор/руководитель учебного подразделения; HR/L&D; владелец программы; закупщик услуг","Гипотезы сигналов: новая программа, набор преподавателей/подрядчиков, запрос на цифровой курс, развитие кадрового резерва; актуальный заказ не установлен.","Проверить актуальную структуру подразделения; раскрыть программы, новости, контакты и связанные закупочные страницы; сохранить дополнительные адреса отдельными каналами, затем установить владельца потребности.","В источниках сосуществуют названия академии, КУ и студенческой площадки на базе AITU. Сверить оргструктуру, не создавать три независимых КУ.","Именованная структура с подтверждением; отбор по стране, очереди и типу. Это не оценка вероятности заказа."
"CU-0198","main_200","Учебный центр и направление развития компетенций НТЦ QazaqGaz","ТОО «QazaqGaz Научно-технический центр»","QazaqGaz","KZ","company_training_center","Газовая отрасль","Персонал дочерних компаний QazaqGaz","Высокая: цифровой учебный контент, кадровый резерв, методология.","https://qgrnd.kz/direction/or/","https://qgrnd.kz/direction/or/","Официально описаны учебный центр, LMS, цифровые курсы и кадровый резерв.","content_read","2026-10-01","Гипотеза: руководитель учебного подразделения → владелец программы → закупки компании; предлагать внешний модуль или разработку учебного контента.","Директор/руководитель учебного подразделения; HR/L&D; владелец программы; закупщик услуг","Гипотезы сигналов: новая программа, набор преподавателей/подрядчиков, запрос на цифровой курс, развитие кадрового резерва; актуальный заказ не установлен.","Проверить актуальную структуру подразделения; раскрыть программы, новости, контакты и связанные закупочные страницы; сохранить дополнительные адреса отдельными каналами, затем установить владельца потребности.","Существование образовательной структуры не доказывает открытый заказ; автоматический сбор и процедура допуска поставщиков не проверены.","Именованная структура с подтверждением; отбор по стране, очереди и типу. Это не оценка вероятности заказа."
"CU-0199","main_200","Учебно-курсовой комбинат Интергаз Центральная Азия","АО «Интергаз Центральная Азия»","QazaqGaz","KZ","company_training_center","Газотранспорт","Газотранспортный персонал, ИТР","Условная: обучение руководителей и ИТР, наставничество, разработка контента.","https://intergas.kz/ru/ukk/","https://intergas.kz/ru/ukk/","Официальный сайт выделяет учебно-курсовой комбинат как подразделение компании.","search_index","2026-10-01","Гипотеза: руководитель учебного подразделения → владелец программы → закупки компании; предлагать внешний модуль или разработку учебного контента.","Директор/руководитель учебного подразделения; HR/L&D; владелец программы; закупщик услуг","Гипотезы сигналов: новая программа, набор преподавателей/подрядчиков, запрос на цифровой курс, развитие кадрового резерва; актуальный заказ не установлен.","Проверить актуальную структуру подразделения; раскрыть программы, новости, контакты и связанные закупочные страницы; сохранить дополнительные адреса отдельными каналами, затем установить владельца потребности.","Производственный профиль; с НТЦ QazaqGaz связать общую группу, но сохранять отдельный закупочный контур.","Именованная структура с подтверждением; отбор по стране, очереди и типу. Это не оценка вероятности заказа."
"CU-0200","main_200","Air Astana Training Centre / Flight Training Centre","АО «Эйр Астана»","Air Astana","KZ","company_training_center","Авиация","Лётный персонал и инструкторы","Условная: подготовка инструкторов, коммуникации, менеджмент и цифровая методология.","https://ir.airastana.com/en/about-us/company-news/air-astana-commissions-new-flight-training-centre/","https://ir.airastana.com/en/about-us/company-news/air-astana-commissions-new-flight-training-centre/","Официальная новость сообщает о вводе собственного Flight Training Centre.","search_index","2026-10-01","Гипотеза: руководитель учебного подразделения → владелец программы → закупки компании; предлагать внешний модуль или разработку учебного контента.","Директор/руководитель учебного подразделения; HR/L&D; владелец программы; закупщик услуг","Гипотезы сигналов: новая программа, набор преподавателей/подрядчиков, запрос на цифровой курс, развитие кадрового резерва; актуальный заказ не установлен.","Проверить актуальную структуру подразделения; раскрыть программы, новости, контакты и связанные закупочные страницы; сохранить дополнительные адреса отдельными каналами, затем установить владельца потребности.","Специальная лётная подготовка не профиль МИСБ; не считать её прямым совпадением.","Именованная структура с подтверждением; отбор по стране, очереди и типу. Это не оценка вероятности заказа."
"CU-0201","main_200","Авиационный учебный центр SCAT","АО «Авиакомпания SCAT»","SCAT","KZ","company_training_center","Авиация","Авиационные специалисты и инструкторы","Условная: обучение инструкторов, командные коммуникации, сервис, электронные модули.","https://www.scat.kz/ru/scat-aviation-training-center/","https://www.scat.kz/ru/scat-aviation-training-center/","Официальная страница АУЦ содержит направления подготовки и сертификат центра.","search_index","2026-10-01","Гипотеза: руководитель учебного подразделения → владелец программы → закупки компании; предлагать внешний модуль или разработку учебного контента.","Директор/руководитель учебного подразделения; HR/L&D; владелец программы; закупщик услуг","Гипотезы сигналов: новая программа, набор преподавателей/подрядчиков, запрос на цифровой курс, развитие кадрового резерва; актуальный заказ не установлен.","Проверить актуальную структуру подразделения; раскрыть программы, новости, контакты и связанные закупочные страницы; сохранить дополнительные адреса отдельными каналами, затем установить владельца потребности.","Основной продукт — специальная авиационная подготовка; квалификационные допуски МИСБ не подтверждены.","Именованная структура с подтверждением; отбор по стране, очереди и типу. Это не оценка вероятности заказа."
"CU-0202","main_200","Центр профессиональной подготовки Казаэронавигации","РГП «Казаэронавигация»","Казаэронавигация","KZ","company_training_center","Аэронавигация","Авиационные специалисты, инструкторы и методисты","Условная/высокая: методология, тренеры, проектное управление и коммуникации.","https://training.ans.kz/","https://training.ans.kz/ru/about","Сайт ЦПП подтверждает собственную базу подготовки персонала предприятия в Алматы.","search_index","2026-10-01","Гипотеза: руководитель учебного подразделения → владелец программы → закупки компании; предлагать внешний модуль или разработку учебного контента.","Директор/руководитель учебного подразделения; HR/L&D; владелец программы; закупщик услуг","Гипотезы сигналов: новая программа, набор преподавателей/подрядчиков, запрос на цифровой курс, развитие кадрового резерва; актуальный заказ не установлен.","Проверить актуальную структуру подразделения; раскрыть программы, новости, контакты и связанные закупочные страницы; сохранить дополнительные адреса отдельными каналами, затем установить владельца потребности.","Существование образовательной структуры не доказывает открытый заказ; автоматический сбор и процедура допуска поставщиков не проверены.","Именованная структура с подтверждением; отбор по стране, очереди и типу. Это не оценка вероятности заказа."
"CU-0203","main_200","Airbus Helicopters Training Academy Kazakhstan","ТОО «Airbus Helicopters Kazakhstan Engineering»","Airbus / Kazakhstan Engineering","KZ","corporate_academy","Авиационное машиностроение","Пилоты, техники, инструкторы","Условная: методология и управленческие модули; специальная подготовка за пределами профиля.","https://www.airbus.com/en/products-services/helicopters/hcare-services/training-flight-operations/airbus-helicopters-training-academy-kazakhstan","https://www.airbus.com/en/products-services/helicopters/hcare-services/training-flight-operations/airbus-helicopters-training-academy-kazakhstan","Airbus подтверждает учебную академию в Казахстане и обучение пилотов/техников.","search_index","2026-10-01","Гипотеза: руководитель учебного подразделения → владелец программы → закупки компании; предлагать внешний модуль или разработку учебного контента.","Директор/руководитель учебного подразделения; HR/L&D; владелец программы; закупщик услуг","Гипотезы сигналов: новая программа, набор преподавателей/подрядчиков, запрос на цифровой курс, развитие кадрового резерва; актуальный заказ не установлен.","Проверить актуальную структуру подразделения; раскрыть программы, новости, контакты и связанные закупочные страницы; сохранить дополнительные адреса отдельными каналами, затем установить владельца потребности.","Не путать с глобальной академией Airbus или другими странами.","Именованная структура с подтверждением; отбор по стране, очереди и типу. Это не оценка вероятности заказа."
"CU-0204","main_200","Учебный центр КазТрансОйл в Актау","АО «КазТрансОйл»","КазМунайГаз","KZ","company_training_center","Нефтетранспорт","Инженерно-технические специалисты и производственный персонал","Условная: руководители, специалисты, наставники и цифровые курсы.","https://kaztransoil.kz/ru/","https://www.kmg.kz/ru/press-center/press-releases/300-17-um/","КМГ прямо указывает учебный центр Мангистауского нефтепроводного управления как площадку конкурса.","search_index","2026-10-01","Гипотеза: руководитель учебного подразделения → владелец программы → закупки компании; предлагать внешний модуль или разработку учебного контента.","Директор/руководитель учебного подразделения; HR/L&D; владелец программы; закупщик услуг","Гипотезы сигналов: новая программа, набор преподавателей/подрядчиков, запрос на цифровой курс, развитие кадрового резерва; актуальный заказ не установлен.","Проверить актуальную структуру подразделения; раскрыть программы, новости, контакты и связанные закупочные страницы; сохранить дополнительные адреса отдельными каналами, затем установить владельца потребности.","Старые отчёты относят центр к филиалу ЦИР, новая новость — к Мангистаускому НПУ; сверить актуальную подчинённость. Не считать эти названия двумя КУ.","Именованная структура с подтверждением; отбор по стране, очереди и типу. Это не оценка вероятности заказа."
"CU-0205","main_200","Учебный центр KMG Automation","ТОО «KMG Automation»","KMG Automation / Schneider Electric Systems","KZ","company_training_center","Промышленная автоматизация","Инженеры и технические специалисты","Условная: совместные проекты по цифровому производству и разработке учебных материалов.","https://www.kmga.kz/","https://www.kmga.kz/","Сайт содержит учебный центр, контакт для записи и каталоги Foxboro/Triconex.","content_read","2026-10-01","Гипотеза: руководитель учебного подразделения → владелец программы → закупки компании; предлагать внешний модуль или разработку учебного контента.","Директор/руководитель учебного подразделения; HR/L&D; владелец программы; закупщик услуг","Гипотезы сигналов: новая программа, набор преподавателей/подрядчиков, запрос на цифровой курс, развитие кадрового резерва; актуальный заказ не установлен.","Проверить актуальную структуру подразделения; раскрыть программы, новости, контакты и связанные закупочные страницы; сохранить дополнительные адреса отдельными каналами, затем установить владельца потребности.","Преимущественно обучение продуктам; точная текущая структура капитала не проверялась.","Именованная структура с подтверждением; отбор по стране, очереди и типу. Это не оценка вероятности заказа."
"CU-0206","main_200","Учебный центр ПНХЗ","ТОО «Павлодарский нефтехимический завод»","КазМунайГаз","KZ","company_training_center","Нефтепереработка","Работники предприятия, специалисты и наставники","Условная: управление, специалисты, методология и электронные материалы.","https://www.pnhz.kz/refinery/human_resources_policy/","https://www.pnhz.kz/refinery/human_resources_policy/","Официальная кадровая политика называет учебный центр основной площадкой практической подготовки.","search_index","2026-10-01","Гипотеза: руководитель учебного подразделения → владелец программы → закупки компании; предлагать внешний модуль или разработку учебного контента.","Директор/руководитель учебного подразделения; HR/L&D; владелец программы; закупщик услуг","Гипотезы сигналов: новая программа, набор преподавателей/подрядчиков, запрос на цифровой курс, развитие кадрового резерва; актуальный заказ не установлен.","Проверить актуальную структуру подразделения; раскрыть программы, новости, контакты и связанные закупочные страницы; сохранить дополнительные адреса отдельными каналами, затем установить владельца потребности.","Большой производственный блок; искать отдельно запросы на руководителей и офисные функции.","Именованная структура с подтверждением; отбор по стране, очереди и типу. Это не оценка вероятности заказа."
"CU-0207","main_200","Учебный центр Атырауского НПЗ","ТОО «Атырауский нефтеперерабатывающий завод»","КазМунайГаз","KZ","company_training_center","Нефтепереработка","Инженеры, специалисты и производственный персонал","Условная: обучение специалистов и руководителей, цифровой учебный контент.","https://www.anpz.kz/social_sphere/training/","https://anpz.kz/press_center/news/75937/invitation-to-partnership?PAGEN_1=106","Официальный архив сообщает о курсах на базе учебного центра АНПЗ; актуальный раздел посвящён обучению.","search_index","2026-10-01","Гипотеза: руководитель учебного подразделения → владелец программы → закупки компании; предлагать внешний модуль или разработку учебного контента.","Директор/руководитель учебного подразделения; HR/L&D; владелец программы; закупщик услуг","Гипотезы сигналов: новая программа, набор преподавателей/подрядчиков, запрос на цифровой курс, развитие кадрового резерва; актуальный заказ не установлен.","Проверить актуальную структуру подразделения; раскрыть программы, новости, контакты и связанные закупочные страницы; сохранить дополнительные адреса отдельными каналами, затем установить владельца потребности.","Подтверждение собственного центра архивное; перепроверить текущую структуру. Архивная страница — доказательство, не полный сбор новостей.","Именованная структура с подтверждением; отбор по стране, очереди и типу. Это не оценка вероятности заказа."
"CU-0208","main_200","Учебный центр Тенгизшевройл","ТОО «Тенгизшевройл»","Тенгизшевройл","KZ","company_training_center","Нефтегаз","Работники ТШО и подрядных организаций","Условная: управление подрядчиками, лидерство, культура безопасности и контент.","https://www.tengizchevroil.com/","https://kaztransoil.kz/ru/press-centre/novosti/3109-nefteprovodchiki-otmetili-vsemirnyy-den-ohrany-truda","КазТрансОйл описывает посещение учебного центра ТШО для работников компании и подрядчиков.","search_index","2026-10-01","Гипотеза: руководитель учебного подразделения → владелец программы → закупки компании; предлагать внешний модуль или разработку учебного контента.","Директор/руководитель учебного подразделения; HR/L&D; владелец программы; закупщик услуг","Гипотезы сигналов: новая программа, набор преподавателей/подрядчиков, запрос на цифровой курс, развитие кадрового резерва; актуальный заказ не установлен.","Проверить актуальную структуру подразделения; раскрыть программы, новости, контакты и связанные закупочные страницы; сохранить дополнительные адреса отдельными каналами, затем установить владельца потребности.","Прямое доказательство на сайте компании-посетителя от 2022 года; проверить актуальный центр и коммерческий вход.","Именованная структура с подтверждением; отбор по стране, очереди и типу. Это не оценка вероятности заказа."
"CU-0209","main_200","Учебный центр KPO (Аксай / Aliya Training Centre)","Karachaganak Petroleum Operating B.V.","KPO","KZ","company_training_center","Нефтегаз","Работники и подрядчики KPO","Условная: менеджмент, компетенции руководителей, обучение тренеров и мультимедиа.","https://www.kpo.kz/","https://www.kpo.kz/docs/sustainability_report_2023/en/025-energoeffektivnost.php","Отчёт KPO упоминает Aliya Training Centre; официальный архив описывает обучение работников и подрядчиков в Аксае.","search_index","2026-10-01","Гипотеза: руководитель учебного подразделения → владелец программы → закупки компании; предлагать внешний модуль или разработку учебного контента.","Директор/руководитель учебного подразделения; HR/L&D; владелец программы; закупщик услуг","Гипотезы сигналов: новая программа, набор преподавателей/подрядчиков, запрос на цифровой курс, развитие кадрового резерва; актуальный заказ не установлен.","Проверить актуальную структуру подразделения; раскрыть программы, новости, контакты и связанные закупочные страницы; сохранить дополнительные адреса отдельными каналами, затем установить владельца потребности.","Уточнить соответствие Aliya и исторического центра в Аксае; это одна карточка до проверки, а не искусственные два КУ.","Именованная структура с подтверждением; отбор по стране, очереди и типу. Это не оценка вероятности заказа."
"CU-0210","main_200","Atyrau Training Centre NCOC","North Caspian Operating Company N.V.","NCOC","KZ","company_training_center","Нефтегаз","Технический и вспомогательный персонал","Условная: управленческие/функциональные модули, методология обучения.","https://www.ncoc.kz/public/publications/ncoc/LocalContentBrochureRus.pdf","https://www.ncoc.kz/en/news/news-799","Официальное приглашение NCOC указывает Atyrau Training Center как действующую площадку мероприятия 25 июля 2024 года; профиль обучения описан в корпоративной брошюре.","search_index","2026-10-01","Гипотеза: руководитель учебного подразделения → владелец программы → закупки компании; предлагать внешний модуль или разработку учебного контента.","Директор/руководитель учебного подразделения; HR/L&D; владелец программы; закупщик услуг","Гипотезы сигналов: новая программа, набор преподавателей/подрядчиков, запрос на цифровой курс, развитие кадрового резерва; актуальный заказ не установлен.","Проверить актуальную структуру подразделения; раскрыть программы, новости, контакты и связанные закупочные страницы; сохранить дополнительные адреса отдельными каналами, затем установить владельца потребности.","Уточнить текущие программы и оператора обучения; наличие площадки не доказывает открытый заказ.","Именованная структура с подтверждением; отбор по стране, очереди и типу. Это не оценка вероятности заказа."
"CU-0211","reserve","Halyk Academy — корпоративный образовательный проект","Halyk Bank","Halyk","KZ","candidate","Банки / IT","Студенты, будущие IT-специалисты банка","Условная: корпоративное IT-обучение, наставники и учебный контент.","https://official.satbayev.university/ru/information-telecommunication-technologies/csam/laboratoriya-halyk-academy-satbayev-university","https://official.satbayev.university/ru/information-telecommunication-technologies/csam/laboratoriya-halyk-academy-satbayev-university","Университет-партнёр подтверждает лабораторию и образовательный проект Halyk Academy с банковскими IT-экспертами.","search_index","2026-10-01","Гипотеза: руководитель учебного подразделения → владелец программы → закупки компании; предлагать внешний модуль или разработку учебного контента.","Директор/руководитель учебного подразделения; HR/L&D; владелец программы; закупщик услуг","Гипотезы сигналов: новая программа, набор преподавателей/подрядчиков, запрос на цифровой курс, развитие кадрового резерва; актуальный заказ не установлен.","Проверить актуальную структуру подразделения; раскрыть программы, новости, контакты и связанные закупочные страницы; сохранить дополнительные адреса отдельными каналами, затем установить владельца потребности.","РЕЗЕРВ: отдельный КУ/самостоятельный корпоративный центр обучения персонала не доказан. Это академия-лаборатория для внешнего кадрового резерва, не доказанный внутренний КУ банка. Проверить связь с Halyk Training Center.","Требуется уточнение статуса, структуры или самостоятельности; все каналы сохранены."
"CU-0212","main_200","Freedom Academy","Freedom Broker","Freedom","KZ","corporate_academy","Финансы и инвестиции","Клиенты, инвесторы и корпоративные группы","Условная/высокая: B2B-модули, финансовая грамотность, партнёрские программы.","https://freedomacademy.kz/","https://fbroker.kz/academy","Сайт брокера называет Freedom Academy собственным образовательным центром.","search_index","2026-10-01","Гипотеза: руководитель учебного подразделения → владелец программы → закупки компании; предлагать внешний модуль или разработку учебного контента.","Директор/руководитель учебного подразделения; HR/L&D; владелец программы; закупщик услуг","Гипотезы сигналов: новая программа, набор преподавателей/подрядчиков, запрос на цифровой курс, развитие кадрового резерва; актуальный заказ не установлен.","Проверить актуальную структуру подразделения; раскрыть программы, новости, контакты и связанные закупочные страницы; сохранить дополнительные адреса отдельными каналами, затем установить владельца потребности.","Внешняя клиентская академия; не принимать продажу собственных курсов за запрос на закупку.","Именованная структура с подтверждением; отбор по стране, очереди и типу. Это не оценка вероятности заказа."
"CU-0213","reserve","Kolesa Академия","Kolesa Group","Kolesa Group","KZ","candidate","IT / интернет-сервисы","Начинающие IT-специалисты и кандидаты в команду","Условная: обучение наставников, продуктовые и управленческие программы, digital-контент.","https://kolesa.group/kz/education/academy","https://kolesa.group/kz/education/academy","Официальный сайт показывает Kolesa Академию как обучение и стажировки в IT-компании.","search_index","2026-10-01","Гипотеза: руководитель учебного подразделения → владелец программы → закупки компании; предлагать внешний модуль или разработку учебного контента.","Директор/руководитель учебного подразделения; HR/L&D; владелец программы; закупщик услуг","Гипотезы сигналов: новая программа, набор преподавателей/подрядчиков, запрос на цифровой курс, развитие кадрового резерва; актуальный заказ не установлен.","Проверить актуальную структуру подразделения; раскрыть программы, новости, контакты и связанные закупочные страницы; сохранить дополнительные адреса отдельными каналами, затем установить владельца потребности.","В основном подготовка кадрового входа; закупка внешнего бизнес-обучения отдельно не подтверждена.","Краткая оплачиваемая IT-стажировка, а не доказанная самостоятельная учебная структура. Каналы сохраняются для расширения."
"CU-0214","reserve","Академия дистрибуции Allur","АО «Группа компаний Аллюр»","Allur","KZ","candidate","Автомобилестроение и дистрибуция","Сотрудники дистрибуции и кадровый резерв","Высокая: продажи, сервис, кадровый резерв, менеджмент, электронные курсы.","https://hh.kz/employer/2374853","https://hh.kz/employer/2374853","Официальная брендированная страница работодателя описывает образовательную платформу Академии дистрибуции и рост до управленца.","search_index","2026-10-01","Гипотеза: руководитель учебного подразделения → владелец программы → закупки компании; предлагать внешний модуль или разработку учебного контента.","Директор/руководитель учебного подразделения; HR/L&D; владелец программы; закупщик услуг","Гипотезы сигналов: новая программа, набор преподавателей/подрядчиков, запрос на цифровой курс, развитие кадрового резерва; актуальный заказ не установлен.","Проверить актуальную структуру подразделения; раскрыть программы, новости, контакты и связанные закупочные страницы; сохранить дополнительные адреса отдельными каналами, затем установить владельца потребности.","Доказательство — публикация работодателя на HH; внутреннюю LMS и актуальный учебный бренд надо раскрыть.","Доказана образовательная платформа; организационная самостоятельность академии требует уточнения. Каналы сохраняются для расширения."
"CU-0215","main_200","Корпоративный учебный центр Казпочты","АО «Казпочта»","QazPost / Самрук-Қазына","KZ","company_training_center","Почтовая связь и логистика","Сотрудники и руководители почтово-финансовой сети","Высокая: сервис, продажи, HR, правовые темы и цифровой контент.","https://qazpost.kz/ru","https://www.gov.kz/memleket/entities/adilet-atr/press/media/details/85334","Государственный орган сообщает о встрече в Корпоративном учебном центре Казпочты.","search_index","2026-10-01","Гипотеза: руководитель учебного подразделения → владелец программы → закупки компании; предлагать внешний модуль или разработку учебного контента.","Директор/руководитель учебного подразделения; HR/L&D; владелец программы; закупщик услуг","Гипотезы сигналов: новая программа, набор преподавателей/подрядчиков, запрос на цифровой курс, развитие кадрового резерва; актуальный заказ не установлен.","Проверить актуальную структуру подразделения; раскрыть программы, новости, контакты и связанные закупочные страницы; сохранить дополнительные адреса отдельными каналами, затем установить владельца потребности.","Доказательство из первичного сообщения участника мероприятия; открытие страницы дало timeout. Найти текущий прямой адрес центра.","Именованная структура с подтверждением; отбор по стране, очереди и типу. Это не оценка вероятности заказа."
"CU-0216","reserve","Учебный центр Hyundai Trans Kazakhstan и Satbayev University","Hyundai Trans Kazakhstan","Astana Motors","KZ","candidate","Автомобилестроение","Студенты и будущие инженеры машиностроения","Условная: преподаватели, наставничество, проекты цифрового обучения.","https://astana-motors.kz/ru/news/satbayev-university-zhane-hyundai-trans-kazakhstan-mashina-zhasau-salasindagi-kasipkoy-kadrlardi-dayindap-zhatir-444","https://astana-motors.kz/ru/news/satbayev-university-zhane-hyundai-trans-kazakhstan-mashina-zhasau-salasindagi-kasipkoy-kadrlardi-dayindap-zhatir-444","Компания подтверждает открытие учебного центра на заводе совместно с Satbayev University.","search_index","2026-10-01","Гипотеза: руководитель учебного подразделения → владелец программы → закупки компании; предлагать внешний модуль или разработку учебного контента.","Директор/руководитель учебного подразделения; HR/L&D; владелец программы; закупщик услуг","Гипотезы сигналов: новая программа, набор преподавателей/подрядчиков, запрос на цифровой курс, развитие кадрового резерва; актуальный заказ не установлен.","Проверить актуальную структуру подразделения; раскрыть программы, новости, контакты и связанные закупочные страницы; сохранить дополнительные адреса отдельными каналами, затем установить владельца потребности.","РЕЗЕРВ: отдельный КУ/самостоятельный корпоративный центр обучения персонала не доказан. Совместный заводской центр; преимущественно подготовка студентов, не внутренний управленческий КУ.","Требуется уточнение статуса, структуры или самостоятельности; все каналы сохранены."
"CU-0217","reserve","Кентауский политехнический колледж Alageum Electric","АО «Кентауский трансформаторный завод»","Alageum Electric","KZ","candidate","Электротехническое машиностроение","Студенты и кадровый резерв предприятий","Условная: методология, обучение педагогов и наставников, электронные курсы.","https://alageum.com/ru/predpriyatiya/ao-ktz","https://alageum.com/ru/predpriyatiya/ao-ktz","Сайт холдинга подтверждает собственный политехнический колледж на базе КТЗ с дуальным обучением.","search_index","2026-10-01","Гипотеза: руководитель учебного подразделения → владелец программы → закупки компании; предлагать внешний модуль или разработку учебного контента.","Директор/руководитель учебного подразделения; HR/L&D; владелец программы; закупщик услуг","Гипотезы сигналов: новая программа, набор преподавателей/подрядчиков, запрос на цифровой курс, развитие кадрового резерва; актуальный заказ не установлен.","Проверить актуальную структуру подразделения; раскрыть программы, новости, контакты и связанные закупочные страницы; сохранить дополнительные адреса отдельными каналами, затем установить владельца потребности.","РЕЗЕРВ: отдельный КУ/самостоятельный корпоративный центр обучения персонала не доказан. Тип — корпоративный колледж, не КУ; рабочая подготовка не основной профиль МИСБ.","Требуется уточнение статуса, структуры или самостоятельности; все каналы сохранены."
"CU-0218","reserve","Отдел обучения / корпоративная учебная база Borusan Cat Казахстан","ТОО «Борусан Макина Казахстан»","Borusan","KZ","candidate","Промышленная техника и сервис","Сотрудники сервисной сети, клиенты и операторы","Условная: наставничество, управление сервисом, развитие тренеров и контент.","https://www.borusancat.kz/ru/corporate/news/borusan-cat-education","https://www.borusancat.kz/ru/corporate/news/borusan-cat-education","Официальная публикация описывает отдел обучения и тренажёрную базу для собственного персонала.","search_index","2026-10-01","Гипотеза: руководитель учебного подразделения → владелец программы → закупки компании; предлагать внешний модуль или разработку учебного контента.","Директор/руководитель учебного подразделения; HR/L&D; владелец программы; закупщик услуг","Гипотезы сигналов: новая программа, набор преподавателей/подрядчиков, запрос на цифровой курс, развитие кадрового резерва; актуальный заказ не установлен.","Проверить актуальную структуру подразделения; раскрыть программы, новости, контакты и связанные закупочные страницы; сохранить дополнительные адреса отдельными каналами, затем установить владельца потребности.","Преимущественно техническое/операторское обучение; функциональные заказы квалифицировать отдельно.","Доказан отдел обучения и внешние учебные партнеры, но именованный учебный центр не установлен. Каналы сохраняются для расширения."
"CU-0219","main_200","PwC Академия Казахстан","PwC Kazakhstan","PwC","KZ","corporate_academy","Профессиональные услуги","Специалисты и руководители компаний-клиентов","Высокая тематическая, партнёрская: финансы, управление, коучинг и внешние эксперты.","https://www.pwc.com/kz/ru/pwcacademy.html","https://www.pwc.com/kz/ru/pwcacademy.html","Сайт PwC Kazakhstan описывает Академию и комплексные решения корпоративного обучения.","search_index","2026-10-01","Гипотеза: руководитель учебного подразделения → владелец программы → закупки компании; предлагать внешний модуль или разработку учебного контента.","Директор/руководитель учебного подразделения; HR/L&D; владелец программы; закупщик услуг","Гипотезы сигналов: новая программа, набор преподавателей/подрядчиков, запрос на цифровой курс, развитие кадрового резерва; актуальный заказ не установлен.","Проверить актуальную структуру подразделения; раскрыть программы, новости, контакты и связанные закупочные страницы; сохранить дополнительные адреса отдельными каналами, затем установить владельца потребности.","Коммерческая академия поставщика; потенциальный партнёр/конкурент, не автоматически конечный заказчик.","Именованная структура с подтверждением; отбор по стране, очереди и типу. Это не оценка вероятности заказа."
"CU-0220","main_200","AIFC Academy — Академия МФЦА","Международный финансовый центр «Астана»","AIFC","KZ","industry_training_center","Финансовый рынок","Финансовые и юридические специалисты, руководители","Высокая: финансы, корпоративное право, проекты, AI, внешние эксперты.","https://academy.aifc.kz/?lang=ru","https://academy.aifc.kz/en/o-nas/","Официально: образовательный центр МФЦА, преемник Бюро непрерывного профессионального развития.","search_index","2026-10-01","Гипотеза: руководитель учебного подразделения → владелец программы → закупки компании; предлагать внешний модуль или разработку учебного контента.","Директор/руководитель учебного подразделения; HR/L&D; владелец программы; закупщик услуг","Гипотезы сигналов: новая программа, набор преподавателей/подрядчиков, запрос на цифровой курс, развитие кадрового резерва; актуальный заказ не установлен.","Проверить актуальную структуру подразделения; раскрыть программы, новости, контакты и связанные закупочные страницы; сохранить дополнительные адреса отдельными каналами, затем установить владельца потребности.","Отраслевой корпоративный образовательный центр финансовой инфраструктуры; не внутренний КУ промышленного холдинга.","Именованная структура с подтверждением; отбор по стране, очереди и типу. Это не оценка вероятности заказа."
"CU-0221","reserve","KASE Academy","АО «Казахстанская фондовая биржа»","KASE","KZ","candidate","Финансовый рынок","Профессиональные участники рынка, инвесторы и бизнес","Высокая/партнёрская: финансы, риск-менеджмент, AI в бизнесе, вебинары.","https://kase.kz/ru/investors/kase-academy","https://kase.kz/ru/investors/kase-academy","Официальный сайт биржи подтверждает академию, курсы и образовательную платформу.","search_index","2026-10-01","Гипотеза: руководитель учебного подразделения → владелец программы → закупки компании; предлагать внешний модуль или разработку учебного контента.","Директор/руководитель учебного подразделения; HR/L&D; владелец программы; закупщик услуг","Гипотезы сигналов: новая программа, набор преподавателей/подрядчиков, запрос на цифровой курс, развитие кадрового резерва; актуальный заказ не установлен.","Проверить актуальную структуру подразделения; раскрыть программы, новости, контакты и связанные закупочные страницы; сохранить дополнительные адреса отдельными каналами, затем установить владельца потребности.","Внешнее просветительское и отраслевое образование; запросы на приглашённых экспертов не равны открытому тендеру.","Подтверждена постоянная образовательная инициатива биржи; организационный статус академии требует уточнения. Каналы сохраняются для расширения."
"CU-0222","main_200","Учебно-методический центр Казфосфат","ТОО «Казфосфат»","Казфосфат","KZ","company_training_center","Химическая промышленность","Рабочие, специалисты и руководители","Условная: руководители/специалисты, методология и цифровые материалы.","https://www.kpp.kz/ru/about/training-and-teaching-activity?id=9","https://www.kpp.kz/ru/about/training-and-teaching-activity?id=9","Компания прямо описывает учебно-методический центр, обучение филиалов и внешнее повышение квалификации специалистов.","content_read","2026-10-01","Гипотеза: руководитель учебного подразделения → владелец программы → закупки компании; предлагать внешний модуль или разработку учебного контента.","Директор/руководитель учебного подразделения; HR/L&D; владелец программы; закупщик услуг","Гипотезы сигналов: новая программа, набор преподавателей/подрядчиков, запрос на цифровой курс, развитие кадрового резерва; актуальный заказ не установлен.","Проверить актуальную структуру подразделения; раскрыть программы, новости, контакты и связанные закупочные страницы; сохранить дополнительные адреса отдельными каналами, затем установить владельца потребности.","На странице много исторической статистики; текущие объёмы не переносить как актуальные.","Именованная структура с подтверждением; отбор по стране, очереди и типу. Это не оценка вероятности заказа."
"CU-0223","main_200","Центр подготовки и переподготовки кадров Технологического колледжа корпорации Казахмыс","ЧУ «Технологический колледж корпорации «Казахмыс»","Казахмыс","KZ","company_training_center","Горно-металлургический комплекс","Работники производственных предприятий","Условная: обучение преподавателей/наставников и цифровой контент; рабочие профессии вне основного профиля.","https://tkksatpaev.edu.kz/tsentr-podgotovki-i-perepodgotovki-kadrov/","https://tkksatpaev.edu.kz/tsentr-podgotovki-i-perepodgotovki-kadrov/","Официальный сайт корпоративного колледжа имеет отдельную страницу центра подготовки и переподготовки.","search_index","2026-10-01","Гипотеза: руководитель учебного подразделения → владелец программы → закупки компании; предлагать внешний модуль или разработку учебного контента.","Директор/руководитель учебного подразделения; HR/L&D; владелец программы; закупщик услуг","Гипотезы сигналов: новая программа, набор преподавателей/подрядчиков, запрос на цифровой курс, развитие кадрового резерва; актуальный заказ не установлен.","Проверить актуальную структуру подразделения; раскрыть программы, новости, контакты и связанные закупочные страницы; сохранить дополнительные адреса отдельными каналами, затем установить владельца потребности.","Подразделение отдельного корпоративного колледжа; связано с центральным L&D Казахмыс. Не суммировать контакты как независимых покупателей.","Именованная структура с подтверждением; отбор по стране, очереди и типу. Это не оценка вероятности заказа."
"CU-0224","main_200","Центр подготовки и переподготовки кадров Политехнического колледжа корпорации Казахмыс","ЧУ «Политехнический колледж корпорации «Казахмыс»","Казахмыс","KZ","company_training_center","Горно-металлургический комплекс","Работники компании и студенты дуального обучения","Условная: методология, наставники, электронное обучение.","https://ptk-kazakhmys.edu.kz/divisions/","https://ptk-kazakhmys.edu.kz/about/","Официальные страницы подтверждают корпоративный колледж и подразделение подготовки/переподготовки.","search_index","2026-10-01","Гипотеза: руководитель учебного подразделения → владелец программы → закупки компании; предлагать внешний модуль или разработку учебного контента.","Директор/руководитель учебного подразделения; HR/L&D; владелец программы; закупщик услуг","Гипотезы сигналов: новая программа, набор преподавателей/подрядчиков, запрос на цифровой курс, развитие кадрового резерва; актуальный заказ не установлен.","Проверить актуальную структуру подразделения; раскрыть программы, новости, контакты и связанные закупочные страницы; сохранить дополнительные адреса отдельными каналами, затем установить владельца потребности.","Корпоративный колледж и его учебный центр, не отдельный университет. Не дублировать колледж второй карточкой.","Именованная структура с подтверждением; отбор по стране, очереди и типу. Это не оценка вероятности заказа."
"CU-0225","main_200","Forte Academy — Корпоративная академия ForteBank","АО «ForteBank»","ForteBank","KZ","corporate_academy","Банки","Сотрудники и руководители банка","Высокая: Excel/аналитика, управление, функциональные компетенции и электронные курсы.","https://career.forte.kz/ru/humanity","https://career.forte.kz/ru/humanity","Официальный карьерный сайт банка называет Forte Academy корпоративной академией, предлагающей повышение квалификации.","search_index","2026-10-01","Гипотеза: руководитель учебного подразделения → владелец программы → закупки компании; предлагать внешний модуль или разработку учебного контента.","Директор/руководитель учебного подразделения; HR/L&D; владелец программы; закупщик услуг","Гипотезы сигналов: новая программа, набор преподавателей/подрядчиков, запрос на цифровой курс, развитие кадрового резерва; актуальный заказ не установлен.","Проверить актуальную структуру подразделения; раскрыть программы, новости, контакты и связанные закупочные страницы; сохранить дополнительные адреса отдельными каналами, затем установить владельца потребности.","При открытии HTML часть блока не извлеклась; подтверждение в поисковом индексе официального сайта. Автоматический сбор требует проверки.","Именованная структура с подтверждением; отбор по стране, очереди и типу. Это не оценка вероятности заказа."
"CU-0226","reserve","bcc academy","АО «Банк ЦентрКредит»","Банк ЦентрКредит","KZ","candidate","Банки","Сотрудники банка и руководители","Высокая: менеджмент, финансы, клиентский сервис, цифровое обучение.","https://www.bcc.kz/career/","https://www.bcc.kz/career/","Официальный карьерный сайт прямо указывает bcc academy как систему обучения и развития сотрудников.","search_index","2026-10-01","Гипотеза: руководитель учебного подразделения → владелец программы → закупки компании; предлагать внешний модуль или разработку учебного контента.","Директор/руководитель учебного подразделения; HR/L&D; владелец программы; закупщик услуг","Гипотезы сигналов: новая программа, набор преподавателей/подрядчиков, запрос на цифровой курс, развитие кадрового резерва; актуальный заказ не установлен.","Проверить актуальную структуру подразделения; раскрыть программы, новости, контакты и связанные закупочные страницы; сохранить дополнительные адреса отдельными каналами, затем установить владельца потребности.","Существование образовательной структуры не доказывает открытый заказ; автоматический сбор и процедура допуска поставщиков не проверены.","Подтвержден внутренний бренд развития сотрудников; отдельная учебная единица требует уточнения. Каналы сохраняются для расширения."
"CU-0227","reserve","Home Credit University Kazakhstan","АО «Home Credit Bank»","Home Credit Bank / ForteBank","KZ","candidate","Банки","Работники банка, кадровый резерв, IT/digital-специалисты","Высокая: лидерство, продуктовый менеджмент, бизнес-аналитика, разработка курсов.","https://home.kz/press-center/news/ithub-novosty","https://home.kz/press-center/news/ithub-novosty","Официальная публикация подтверждает выдачу сертификатов Home Credit University в программе HCU IT Hub.","content_read","2026-10-01","Гипотеза: руководитель учебного подразделения → владелец программы → закупки компании; предлагать внешний модуль или разработку учебного контента.","Директор/руководитель учебного подразделения; HR/L&D; владелец программы; закупщик услуг","Гипотезы сигналов: новая программа, набор преподавателей/подрядчиков, запрос на цифровой курс, развитие кадрового резерва; актуальный заказ не установлен.","Проверить актуальную структуру подразделения; раскрыть программы, новости, контакты и связанные закупочные страницы; сохранить дополнительные адреса отдельными каналами, затем установить владельца потребности.","Событие историческое (в поисковом индексе 2021); дата обновления страницы 2026 не является датой программы. После смены группы проверить текущий бренд и самостоятельность КУ.","Сертификат / программа HCU IT Hub не доказывает самостоятельный действующий КУ Казахстана. Каналы сохраняются для расширения."
"CU-0228","reserve","KMGE School — корпоративная программа подготовки специалистов","ТОО «КМГ Инжиниринг»","КазМунайГаз","KZ","candidate","Нефтегазовый инжиниринг","Студенты старших курсов и будущие узкие специалисты","Условная: методология и курсы для кадрового входа.","https://www.kmge.kz/kmge-school/","https://ar2025.kmg.kz/ru/strategic-report/ensuring-sustainable-development/social-responsibility","Официальный отчёт подтверждает длительную программу KMGE School; самостоятельная учебная организация не установлена.","search_index","2026-10-01","Гипотеза: руководитель учебного подразделения → владелец программы → закупки компании; предлагать внешний модуль или разработку учебного контента.","Директор/руководитель учебного подразделения; HR/L&D; владелец программы; закупщик услуг","Гипотезы сигналов: новая программа, набор преподавателей/подрядчиков, запрос на цифровой курс, развитие кадрового резерва; актуальный заказ не установлен.","Проверить актуальную структуру подразделения; раскрыть программы, новости, контакты и связанные закупочные страницы; сохранить дополнительные адреса отдельными каналами, затем установить владельца потребности.","Программа, не доказанный самостоятельный КУ/учебный центр; не включать в строгий счёт 200 учреждений.","Требуется уточнение статуса, структуры или самостоятельности; все каналы сохранены."
"CU-0229","reserve","Halyk Training Center — исторический корпоративный учебный центр","Halyk Bank","Halyk","KZ","candidate","Банки","Работники Halyk Group","Высокая потенциальная: продажи, менеджмент, банковские и цифровые компетенции.","https://halykbank.kz/for-employees","https://www.pmclub.kz/halykcenter","Партнёрский ресурс описывает Halyk Training Center; материал 2009 года, текущий статус центра не подтверждён.","search_index","2026-10-01","Гипотеза: руководитель учебного подразделения → владелец программы → закупки компании; предлагать внешний модуль или разработку учебного контента.","Директор/руководитель учебного подразделения; HR/L&D; владелец программы; закупщик услуг","Гипотезы сигналов: новая программа, набор преподавателей/подрядчиков, запрос на цифровой курс, развитие кадрового резерва; актуальный заказ не установлен.","Проверить актуальную структуру подразделения; раскрыть программы, новости, контакты и связанные закупочные страницы; сохранить дополнительные адреса отдельными каналами, затем установить владельца потребности.","Историческое вторичное подтверждение. Не объединять автоматически с Halyk Academy, но не считать подтверждённым действующим учреждением.","Требуется уточнение статуса, структуры или самостоятельности; все каналы сохранены."
"CU-0230","reserve","KDIF Academy — отраслевая программа Фонда гарантирования депозитов","Казахстанский фонд гарантирования депозитов","КФГД","KZ","candidate","Финансовая инфраструктура","Менеджеры отделений, колл-центры, клиентская поддержка банков","Высокая потенциальная: электронные курсы, сервис, обучение тренеров.","https://kdif.kz/press-tsentr/press-relizy/kdif-academy-x-bcc","https://kdif.kz/press-tsentr/press-relizy/kdif-academy-x-bcc","Официальный релиз описывает запуск KDIF Academy как информационно-разъяснительной программы для банковских работников.","search_index","2026-10-01","Гипотеза: руководитель учебного подразделения → владелец программы → закупки компании; предлагать внешний модуль или разработку учебного контента.","Директор/руководитель учебного подразделения; HR/L&D; владелец программы; закупщик услуг","Гипотезы сигналов: новая программа, набор преподавателей/подрядчиков, запрос на цифровой курс, развитие кадрового резерва; актуальный заказ не установлен.","Проверить актуальную структуру подразделения; раскрыть программы, новости, контакты и связанные закупочные страницы; сохранить дополнительные адреса отдельными каналами, затем установить владельца потребности.","Подтверждена программа, а не отдельное учреждение/КУ. Резерв для расширения источников; не включать в строгий счёт организаций.","Требуется уточнение статуса, структуры или самостоятельности; все каналы сохранены."
"CU-0231","main_200","Корпоративный университет Группы «Эталон»","Группа «Эталон»","Эталон","RU","corporate_university","Строительство и девелопмент","Руководители, специалисты, кадровый резерв и внутренние преподаватели.","Высокое: управленческое обучение, развитие кадрового резерва, HR, право, финансы, закупки, цифровые курсы и фасилитация.","https://projects.1prime.ru/vpered/natalia_tanaeva/","https://projects.1prime.ru/vpered/natalia_tanaeva/","Прочитано прямое интервью директора по персоналу Натальи Танаевой: назван собственный КУ и участие внутренних и внешних экспертов. Первичный источник — слова представителя компании в СМИ, не собственный сайт КУ.","content_read","2026-10-01","Руководитель образовательной структуры / L&D → ответственное за программу подразделение → закупки юридического лица; также партнёрское или субподрядное участие в учебных проектах.","Директор КУ/УЦ, руководитель обучения и развития, методический отдел, HR, закупки услуг.","Гипотезы для мониторинга: новые программы; обновление каталога; набор экспертов; обучение наставников; вакансии методистов; электронные курсы; публикации о подрядчиках и закупках. Текущий заказ не установлен.","Уточнить актуального владельца программы, публичные контакты и закупочное юрлицо; найти рубрики новостей/программ, официальные соцсети и правила привлечения внешних провайдеров. Сохранить все найденные каналы.","Отдельный сайт и юридическое лицо КУ не установлены. Дата создания/актуальная структура требуют уточнения. Не удалять при низком приоритете, дублях или ошибке доступа.","Именованная структура с подтверждением; отбор по стране, очереди и типу. Это не оценка вероятности заказа."
"CU-0232","main_200","Корпоративный учебный центр ГК «А101»","ГК «А101»","А101","RU","company_training_center","Строительство и девелопмент","Руководители, специалисты и производственный персонал; долю управленческих программ уточнить.","Высокое: руководители, коммуникации, личная эффективность, цифровые компетенции, разработка кастомизированных программ.","https://a101.ru/company/media/news/korporativnoe-obuchenie-v-gk-a101-vyjdet-na-novyj-uroven-so-sberuniversitetom/","https://a101.ru/company/media/news/korporativnoe-obuchenie-v-gk-a101-vyjdet-na-novyj-uroven-so-sberuniversitetom/","Прочитана официальная новость от 21.10.2025: в группе работает собственный корпоративный УЦ; заключено партнёрство по разработке образовательных решений.","content_read","2026-10-01","Руководитель образовательной структуры / L&D → ответственное за программу подразделение → закупки юридического лица; также партнёрское или субподрядное участие в учебных проектах.","Директор КУ/УЦ, руководитель обучения и развития, методический отдел, HR, закупки услуг.","Гипотезы для мониторинга: новые программы; обновление каталога; набор экспертов; обучение наставников; вакансии методистов; электронные курсы; публикации о подрядчиках и закупках. Текущий заказ не установлен.","Уточнить актуального владельца программы, публичные контакты и закупочное юрлицо; найти рубрики новостей/программ, официальные соцсети и правила привлечения внешних провайдеров. Сохранить все найденные каналы.","Существование структуры не доказывает открытый заказ; собственная экспертиза может снижать потребность во внешнем провайдере. Не удалять при низком приоритете, дублях или ошибке доступа.","Именованная структура с подтверждением; отбор по стране, очереди и типу. Это не оценка вероятности заказа."
"CU-0233","main_200","Учебный центр АО «Мосводоканал»","АО «Мосводоканал»","Мосводоканал","RU","company_training_center","Водоснабжение и ЖКХ","Руководители, специалисты и производственный персонал; долю управленческих программ уточнить.","Условное: программы руководителей и специалистов, наставничество, подготовка преподавателей и электронные учебные материалы; рабочие квалификации вне основного профиля МИСБ.","https://mosvodokanal.ru/press/news/8824","https://mosvodokanal.ru/press/news/8824","Официальная новость компании подтверждает Учебный центр, руководителя и учебную базу; публикация 2019 года.","search_index","2026-10-01","Руководитель образовательной структуры / L&D → ответственное за программу подразделение → закупки юридического лица; также партнёрское или субподрядное участие в учебных проектах.","Директор КУ/УЦ, руководитель обучения и развития, методический отдел, HR, закупки услуг.","Гипотезы для мониторинга: новые программы; обновление каталога; набор экспертов; обучение наставников; вакансии методистов; электронные курсы; публикации о подрядчиках и закупках. Текущий заказ не установлен.","Уточнить актуального владельца программы, публичные контакты и закупочное юрлицо; найти рубрики новостей/программ, официальные соцсети и правила привлечения внешних провайдеров. Сохранить все найденные каналы.","Первичное подтверждение историческое; актуальную структуру и направления управленческого обучения перепроверить. Рабочие профессии сами по себе вне профиля МИСБ. Не удалять при низком приоритете, дублях или ошибке доступа.","Именованная структура с подтверждением; отбор по стране, очереди и типу. Это не оценка вероятности заказа."
"CU-0234","reserve","Медицинская академия МЕДСИ","АО «Группа компаний «Медси»","МЕДСИ","RU","corporate_academy","Медицина","Руководители, специалисты, кадровый резерв и внутренние преподаватели.","Условное/среднее: управление медицинскими организациями, сервис, HR, право, цифровые курсы и методика преподавания. Клинические специальности требуют отдельной медицинской экспертизы.","https://medsi.ru/academy/","https://medsi.ru/academy/","Официальная страница Академии описывает ДПО, дистанционные программы, мастер-классы и выездные циклы.","content_read","2026-10-01","Руководитель образовательной структуры / L&D → ответственное за программу подразделение → закупки юридического лица; также партнёрское или субподрядное участие в учебных проектах.","Директор КУ/УЦ, руководитель обучения и развития, методический отдел, HR, закупки услуг.","Гипотезы для мониторинга: новые программы; обновление каталога; набор экспертов; обучение наставников; вакансии методистов; электронные курсы; публикации о подрядчиках и закупках. Текущий заказ не установлен.","Уточнить актуального владельца программы, публичные контакты и закупочное юрлицо; найти рубрики новостей/программ, официальные соцсети и правила привлечения внешних провайдеров. Сохранить все найденные каналы.","Существование структуры не доказывает открытый заказ; собственная экспертиза может снижать потребность во внешнем провайдере. Не удалять при низком приоритете, дублях или ошибке доступа.","Повторное исследование той же Медицинской академии МЕДСИ; сохранены дополнительные доказательства и каналы."
"CU-0235","main_200","Корпоративный учебный центр «СМ-Клиника»","Медицинский холдинг «СМ-Клиника»","СМ-Клиника","RU","company_training_center","Медицина","Руководители, специалисты и производственный персонал; долю управленческих программ уточнить.","Среднее: сервис, коммуникации с пациентами, управление клиникой, HR и электронный контент; клиническое ДПО отдельно.","https://sm.org.ru/preimushchestva/obuchenie","https://sm.org.ru/preimushchestva/obuchenie","Официальный карьерный ресурс сети прямо подтверждает Корпоративный учебный центр в Москве и обучение сотрудников из регионов.","content_read","2026-10-01","Руководитель образовательной структуры / L&D → ответственное за программу подразделение → закупки юридического лица; также партнёрское или субподрядное участие в учебных проектах.","Директор КУ/УЦ, руководитель обучения и развития, методический отдел, HR, закупки услуг.","Гипотезы для мониторинга: новые программы; обновление каталога; набор экспертов; обучение наставников; вакансии методистов; электронные курсы; публикации о подрядчиках и закупках. Текущий заказ не установлен.","Уточнить актуального владельца программы, публичные контакты и закупочное юрлицо; найти рубрики новостей/программ, официальные соцсети и правила привлечения внешних провайдеров. Сохранить все найденные каналы.","Региональный портал «СМ-Клиника Северо-Запад» может относиться к отдельной структуре; не увеличивать счётчик без проверки самостоятельности. Не удалять при низком приоритете, дублях или ошибке доступа.","Именованная структура с подтверждением; отбор по стране, очереди и типу. Это не оценка вероятности заказа."
"CU-0236","reserve","Высшая медицинская школа (учебный центр ИНВИТРО)","Группа ИНВИТРО","ИНВИТРО","RU","company_training_center","Медицина","Руководители, специалисты и производственный персонал; долю управленческих программ уточнить.","Высокое по бизнес-направлениям: переговоры, HR, клиентский сервис, бюджетирование, продажи, управление временем, электронное обучение.","https://www.invitro.ru/zhukovka/about/news/13171/","https://www.invitro.ru/zhukovka/about/news/13171/","Официальная новость ИНВИТРО называет ВМШ своим учебным центром и перечисляет в том числе управленческие тренинги.","search_index","2026-10-01","Руководитель образовательной структуры / L&D → ответственное за программу подразделение → закупки юридического лица; также партнёрское или субподрядное участие в учебных проектах.","Директор КУ/УЦ, руководитель обучения и развития, методический отдел, HR, закупки услуг.","Гипотезы для мониторинга: новые программы; обновление каталога; набор экспертов; обучение наставников; вакансии методистов; электронные курсы; публикации о подрядчиках и закупках. Текущий заказ не установлен.","Уточнить актуального владельца программы, публичные контакты и закупочное юрлицо; найти рубрики новостей/программ, официальные соцсети и правила привлечения внешних провайдеров. Сохранить все найденные каналы.","Публикация о создании/лицензии историческая. Актуальную принадлежность ВМШ и собственный сайт проверить; филиальные URL ИНВИТРО не считать разными учебными центрами. Не удалять при низком приоритете, дублях или ошибке доступа.","Повторное исследование Высшей медицинской школы / ИНВИТРО; актуальная принадлежность требует проверки."
"CU-0237","reserve","Учебный центр Гемотест","Лаборатория «Гемотест»","Гемотест","RU","candidate","Медицина","Сотрудники/партнёры сети; точный состав аудитории закрытого портала уточнить.","Среднее: цифровые курсы, адаптация, клиентский сервис, обучение франчайзи, руководителей и администраторов; состав текущих программ не раскрыт.","https://teachbase.gemotest.ru/login/briliant","https://teachbase.gemotest.ru/login/briliant","Прочитана страница с заголовком «Учебный центр Гемотест» на собственном поддомене компании; доступна форма входа.","content_read","2026-10-01","Руководитель образовательной структуры / L&D → ответственное за программу подразделение → закупки юридического лица; также партнёрское или субподрядное участие в учебных проектах.","Директор КУ/УЦ, руководитель обучения и развития, методический отдел, HR, закупки услуг.","Гипотезы для мониторинга: новые программы; обновление каталога; набор экспертов; обучение наставников; вакансии методистов; электронные курсы; публикации о подрядчиках и закупках. Текущий заказ не установлен.","Уточнить актуального владельца программы, публичные контакты и закупочное юрлицо; найти рубрики новостей/программ, официальные соцсети и правила привлечения внешних провайдеров. Сохранить все найденные каналы.","Подтверждён именованный учебный портал, не отдельное юридическое лицо или лицензия. Содержимое LMS закрыто; не делать вывод о наличии открытых заказов. Не удалять при низком приоритете, дублях или ошибке доступа.","Доказана именованная учебная платформа. Организационная учебная единица пока не установлена; сохранить для поиска программ и заказчика."
"CU-0238","reserve","«Мать и дитя» — Учебный центр","Группа компаний «Мать и дитя»","Мать и дитя","RU","candidate","Медицина","Медицинский и немедицинский персонал группы; конкретные направления уточнить.","Высокое для цифровых учебных материалов, адаптации, менеджмента, сервиса и корпоративных функций; клинические программы отдельно.","https://www.mcclinics.ru/upload/news_files/%D0%93%D0%BE%D0%B4%D0%BE%D0%B2%D0%BE%D0%B9%20%D0%BE%D1%82%D1%87%D0%B5%D1%82%202025_%D1%84%D0%B8%D0%BD%D0%B0%D0%BB.pdf","https://www.mcclinics.ru/upload/news_files/%D0%93%D0%BE%D0%B4%D0%BE%D0%B2%D0%BE%D0%B9%20%D0%BE%D1%82%D1%87%D0%B5%D1%82%202025_%D1%84%D0%B8%D0%BD%D0%B0%D0%BB.pdf","В официальном годовом отчёте за 2025 год указаны запуск корпоративной платформы дистанционного обучения и зарегистрированное название «Мать и дитя учебный центр».","search_index","2026-10-01","Руководитель образовательной структуры / L&D → ответственное за программу подразделение → закупки юридического лица; также партнёрское или субподрядное участие в учебных проектах.","Директор КУ/УЦ, руководитель обучения и развития, методический отдел, HR, закупки услуг.","Гипотезы для мониторинга: новые программы; обновление каталога; набор экспертов; обучение наставников; вакансии методистов; электронные курсы; публикации о подрядчиках и закупках. Текущий заказ не установлен.","Уточнить актуального владельца программы, публичные контакты и закупочное юрлицо; найти рубрики новостей/программ, официальные соцсети и правила привлечения внешних провайдеров. Сохранить все найденные каналы.","Подтверждено название корпоративной учебной платформы, отдельное юридическое лицо и публичный URL LMS не установлены. Не удалять при низком приоритете, дублях или ошибке доступа.","Доказана именованная учебная платформа. Организационная учебная единица пока не установлена; сохранить для поиска программ и заказчика."
"CU-0239","main_200","Учебный центр ПАО «МОЭК»","ПАО «МОЭК»","Газпром","RU","company_training_center","Теплоснабжение и ЖКХ","Руководители, специалисты и производственный персонал; долю управленческих программ уточнить.","Высокое для административно-управленческого персонала, методического сопровождения и цифрового обучения; техническое обучение отдельно.","https://www.moek.ru/career/uchebnyj-tsentr/","https://www.moek.ru/career/uchebnyj-tsentr/","Официальная страница подтверждает УЦ и обучение производственного и административно-управленческого персонала.","content_read","2026-10-01","Руководитель образовательной структуры / L&D → ответственное за программу подразделение → закупки юридического лица; также партнёрское или субподрядное участие в учебных проектах.","Директор КУ/УЦ, руководитель обучения и развития, методический отдел, HR, закупки услуг.","Гипотезы для мониторинга: новые программы; обновление каталога; набор экспертов; обучение наставников; вакансии методистов; электронные курсы; публикации о подрядчиках и закупках. Текущий заказ не установлен.","Уточнить актуального владельца программы, публичные контакты и закупочное юрлицо; найти рубрики новостей/программ, официальные соцсети и правила привлечения внешних провайдеров. Сохранить все найденные каналы.","Существование структуры не доказывает открытый заказ; собственная экспертиза может снижать потребность во внешнем провайдере. Не удалять при низком приоритете, дублях или ошибке доступа.","Именованная структура с подтверждением; отбор по стране, очереди и типу. Это не оценка вероятности заказа."
"CU-0240","main_200","Учебный центр МОСГАЗ","АО «МОСГАЗ»","МОСГАЗ","RU","company_training_center","Газоснабжение и ЖКХ","Руководители, специалисты и производственный персонал; долю управленческих программ уточнить.","Условное: программы руководителей и специалистов, наставничество, подготовка преподавателей и электронные учебные материалы; рабочие квалификации вне основного профиля МИСБ.","https://edu.mos-gaz.ru/about/common","https://edu.mos-gaz.ru/about/common","Прочитана официальная страница самостоятельного АНО ДПО «УЦ МОСГАЗ», осуществляющего профессиональную подготовку и ДПО.","content_read","2026-10-01","Руководитель образовательной структуры / L&D → ответственное за программу подразделение → закупки юридического лица; также партнёрское или субподрядное участие в учебных проектах.","Директор КУ/УЦ, руководитель обучения и развития, методический отдел, HR, закупки услуг.","Гипотезы для мониторинга: новые программы; обновление каталога; набор экспертов; обучение наставников; вакансии методистов; электронные курсы; публикации о подрядчиках и закупках. Текущий заказ не установлен.","Уточнить актуального владельца программы, публичные контакты и закупочное юрлицо; найти рубрики новостей/программ, официальные соцсети и правила привлечения внешних провайдеров. Сохранить все найденные каналы.","Существование структуры не доказывает открытый заказ; собственная экспертиза может снижать потребность во внешнем провайдере. Не удалять при низком приоритете, дублях или ошибке доступа.","Именованная структура с подтверждением; отбор по стране, очереди и типу. Это не оценка вероятности заказа."
"CU-0241","reserve","Учебный центр «ЛАНЦЕТЪ» при Институте пластической хирургии и косметологии","АО «Институт пластической хирургии и косметологии»","ИПХиК","RU","company_training_center","Медицина","Руководители, специалисты и производственный персонал; долю управленческих программ уточнить.","Условное: бизнес-навыки врачей и руководителей, сервис, право, HR, методика и видеокурсы; клиническое образование не входит в базовый профиль МИСБ.","https://edulancet.com/","https://edulancet.com/","Официальный сайт сообщает о создании УЦ при поддержке АО ИПХиК, образовательной лицензии и программах ДПО.","content_read","2026-10-01","Руководитель образовательной структуры / L&D → ответственное за программу подразделение → закупки юридического лица; также партнёрское или субподрядное участие в учебных проектах.","Директор КУ/УЦ, руководитель обучения и развития, методический отдел, HR, закупки услуг.","Гипотезы для мониторинга: новые программы; обновление каталога; набор экспертов; обучение наставников; вакансии методистов; электронные курсы; публикации о подрядчиках и закупках. Текущий заказ не установлен.","Уточнить актуального владельца программы, публичные контакты и закупочное юрлицо; найти рубрики новостей/программ, официальные соцсети и правила привлечения внешних провайдеров. Сохранить все найденные каналы.","Учреждение оказывает обучение на внешнем рынке; для МИСБ это возможный партнёр/генподрядчик, а не автоматически покупатель. Состав учредителей юридически отдельно не проверялся. Не удалять при низком приоритете, дублях или ошибке доступа.","Дополнительная подтвержденная структура сверх основной выборки; продолжать мониторинг."
"CU-0242","main_200","Учебный центр лабораторной службы «Хеликс»","Лабораторная служба «Хеликс»","Хеликс","RU","company_training_center","Медицина","Руководители, специалисты и производственный персонал; долю управленческих программ уточнить.","Высокое для обучения франчайзи, управления центром, клиентских коммуникаций, адаптации и цифрового контента.","https://expertnw.com/obshchestvo/pravila-igry-v-epokhu-hr/","https://expertnw.com/obshchestvo/pravila-igry-v-epokhu-hr/","Прямая речь руководителя УЦ Хеликс Веры Логуновой в деловом СМИ подтверждает собственный центр для сотрудников и франчайзи; первичное свидетельство представителя, не сайт компании.","search_index","2026-10-01","Руководитель образовательной структуры / L&D → ответственное за программу подразделение → закупки юридического лица; также партнёрское или субподрядное участие в учебных проектах.","Директор КУ/УЦ, руководитель обучения и развития, методический отдел, HR, закупки услуг.","Гипотезы для мониторинга: новые программы; обновление каталога; набор экспертов; обучение наставников; вакансии методистов; электронные курсы; публикации о подрядчиках и закупках. Текущий заказ не установлен.","Уточнить актуального владельца программы, публичные контакты и закупочное юрлицо; найти рубрики новостей/программ, официальные соцсети и правила привлечения внешних провайдеров. Сохранить все найденные каналы.","Историческое интервью; актуального руководителя и организационную структуру уточнить. Telegram-канал найден по внешним ссылкам, официальная обратная ссылка пока не установлена. Не удалять при низком приоритете, дублях или ошибке доступа.","Именованная структура с подтверждением; отбор по стране, очереди и типу. Это не оценка вероятности заказа."
"CU-0243","reserve","Академия Группы «Черкизово» — кандидат на подтверждение действующего канала","Группа «Черкизово»","Черкизово","RU","candidate","АПК и пищевая промышленность","Руководители, специалисты, кадровый резерв и внутренние преподаватели.","Предположительно высокое: функциональные школы, менеджмент, наставничество и электронное обучение; профиль требуется подтвердить.","https://id.hse.ru/data/2025/06/30/1992802910/%D0%BA%D0%BE%D1%80%D0%BF_%D1%83%D0%BD_2024_%D1%81%D0%B0%D0%B9%D1%82.pdf","https://id.hse.ru/data/2025/06/30/1992802910/%D0%BA%D0%BE%D1%80%D0%BF_%D1%83%D0%BD_2024_%D1%81%D0%B0%D0%B9%D1%82.pdf","Название присутствует в оглавлении издания ВШЭ о корпоративных университетах, профиль начинается на странице 314; полный PDF не прочитан из-за ограничения размера.","candidate","2026-10-01","Руководитель образовательной структуры / L&D → ответственное за программу подразделение → закупки юридического лица; также партнёрское или субподрядное участие в учебных проектах.","Директор КУ/УЦ, руководитель обучения и развития, методический отдел, HR, закупки услуг.","Гипотезы для мониторинга: новые программы; обновление каталога; набор экспертов; обучение наставников; вакансии методистов; электронные курсы; публикации о подрядчиках и закупках. Текущий заказ не установлен.","Подтвердить существование/актуальный статус и самостоятельную образовательную структуру по первичному источнику; найти действующий канал или преемника. Сохранить исторический след независимо от результата.","Первичное подтверждение на сайте самой компании пока не найдено. Страницу профиля ВШЭ и корпоративную ссылку нужно изучить; не включать в число строго подтверждённых структур. Не удалять при низком приоритете, дублях или ошибке доступа.","Требуется уточнение статуса, структуры или самостоятельности; все каналы сохранены."
"CU-0244","reserve","Водная академия Водоканала Санкт-Петербурга — исторический след","ГУП «Водоканал Санкт-Петербурга»","Водоканал Санкт-Петербурга","RU","candidate","Водоснабжение и ЖКХ","Руководители, специалисты, кадровый резерв и внутренние преподаватели.","Условное: отраслевые семинары по праву, экономике и управлению водоканалами; сначала установить действующего преемника.","https://www.gov.spb.ru/gov/otrasl/ingen/news/89137/","https://www.gov.spb.ru/gov/otrasl/ingen/news/89137/","Официальная публикация администрации Санкт-Петербурга 2016 года подтверждает Водную академию на базе информационно-образовательного центра Водоканала.","candidate","2026-10-01","Руководитель образовательной структуры / L&D → ответственное за программу подразделение → закупки юридического лица; также партнёрское или субподрядное участие в учебных проектах.","Директор КУ/УЦ, руководитель обучения и развития, методический отдел, HR, закупки услуг.","Гипотезы для мониторинга: новые программы; обновление каталога; набор экспертов; обучение наставников; вакансии методистов; электронные курсы; публикации о подрядчиках и закупках. Текущий заказ не установлен.","Подтвердить существование/актуальный статус и самостоятельную образовательную структуру по первичному источнику; найти действующий канал или преемника. Сохранить исторический след независимо от результата.","Найден вторичный реестровый след прекращения деятельности в декабре 2024 года (https://egrul.org/7842031130). Требуется сверка актуального юридического статуса и преемника; не считать действующим КУ до проверки. Не удалять при низком приоритете, дублях или ошибке доступа.","Требуется уточнение статуса, структуры или самостоятельности; все каналы сохранены."
"CU-0245","main_200","Эн+ Университет","МКООО «ЭН+ ХОЛДИНГ»","Эн+","RU","corporate_university","Энергетика и промышленность","Руководители и специалисты группы, сотрудники энергетики и промышленности; внешние корпоративные клиенты по доступным программам","Управление; кадровый резерв; HR и оценка персонала; цифровые навыки; электронное обучение; корпоративные программы; энергоэффективность","https://univer.enplus.ru/about/information/basic-information/","https://univer.enplus.ru/about/information/basic-information/","Прочитаны официальные основные сведения: АНО ДПО «ЭН+ УНИВЕРСИТЕТ», учредитель МКООО «ЭН+ ХОЛДИНГ», адрес в Иркутске и отдельный филиал в Черемхово. Меню включает корпоративные программы развития, тренинги, оценку персонала и разработку электронных курсов.","content_read","2026-10-01","Уточнить у руководителя университета/учебного центра и владельца программы потребность в внешних преподавателях, разработке контента или совместных программах. Проверить порядок отбора провайдеров; рассматривать субподряд и партнёрство наряду с прямой закупкой.","Руководитель университета/учебного центра; руководитель обучения и развития; руководитель корпоративных программ; методолог; HRD; закупщик образовательных услуг","Гипотезы для мониторинга: новые программы для руководителей и специалистов; набор потока; разработка электронных курсов; приглашение внешних экспертов; запрос партнёрства; закупка обучения; кадровые изменения в команде обучения. Наличие структуры не является открытым заказом.","Найти свежую программу, ответственного за её реализацию и подтверждённый маршрут для внешних провайдеров; сохранять новые новости, программы, контакты и закупочные страницы отдельными каналами. Квалифицировать конкретную потребность перед передачей лида.","Не объединять с КУ РУСАЛ только из-за принадлежности к группе; это отдельно названная АНО ДПО. Филиал в Черемхово не посчитан отдельным университетом. Различные домены и образовательные порталы сохранять как алиасы/каналы после проверки. Подтверждено существование структуры, а не открытая закупка или допуск МИСБ.","Именованная структура с подтверждением; отбор по стране, очереди и типу. Это не оценка вероятности заказа."
"CU-0246","main_200","МИТТУ — корпоративный учебный центр ПАО «КАМАЗ»","ПАО «КАМАЗ»","КАМАЗ","RU","company_training_center","Автомобилестроение и машиностроение","Руководители и специалисты предприятий; сотрудники КАМАЗа, дилеров и поставщиков; специалисты производства, качества и сервиса","Менеджмент; экономика и финансы; управление качеством и производительностью; бизнес-процессы; продажи и клиентский сервис; внедрение ИИ; подготовка внешних учебных модулей","https://www.mittu.ru/","https://www.mittu.ru/sveden/common","На главной МИТТУ назван учебным центром КАМАЗа и описаны управленческие программы, финансы, качество и консультации. Основные сведения подтверждают отдельное ЧОУ ДПО, учреждённое ПАО «КАМАЗ». Корпоративная газета КАМАЗа отдельно упоминает совместную работу КУ и МИТТУ; МИТТУ не обозначается вторым названием КУ.","content_read","2026-10-01","Уточнить у руководителя университета/учебного центра и владельца программы потребность в внешних преподавателях, разработке контента или совместных программах. Проверить порядок отбора провайдеров; рассматривать субподряд и партнёрство наряду с прямой закупкой.","Руководитель университета/учебного центра; руководитель обучения и развития; руководитель корпоративных программ; методолог; HRD; закупщик образовательных услуг","Гипотезы для мониторинга: новые программы для руководителей и специалистов; набор потока; разработка электронных курсов; приглашение внешних экспертов; запрос партнёрства; закупка обучения; кадровые изменения в команде обучения. Наличие структуры не является открытым заказом.","Найти свежую программу, ответственного за её реализацию и подтверждённый маршрут для внешних провайдеров; сохранять новые новости, программы, контакты и закупочные страницы отдельными каналами. Квалифицировать конкретную потребность перед передачей лида.","МИТТУ — отдельный лицензированный учебный центр; КУ КАМАЗ из основного набора — другая именная структура. Старое название РИПТиБ хранить как алиас. Возможна конкуренция с МИСБ за внешних клиентов: в первую очередь проверять субподряд, дополнительные модули и экспертизу. Наличие программ и контактов не подтверждает текущий заказ.","Именованная структура с подтверждением; отбор по стране, очереди и типу. Это не оценка вероятности заказа."
"CU-0247","main_200","Университет Группы «АВТОВАЗ»","АО «АВТОВАЗ»","АВТОВАЗ","RU","corporate_university","Автомобилестроение","Руководители, специалисты и рабочие АВТОВАЗа, дочерних обществ и других предприятий; конкретный состав потока проверять по программе","Управление персоналом; управленческий резерв; управление качеством; цифровые и дистанционные программы; наставничество; экономика производства; обучение руководителей","https://cu-avtovaz.ru/","https://cu-avtovaz.ru/","Главная страница была прочитана: приглашение на профессиональное обучение работников АВТОВАЗа, дочерних обществ и других предприятий; перечислены управление персоналом, управление качеством, дистанционное обучение и другие направления. Сайт прямо использует термин «корпоративный университет».","content_read","2026-10-01","Уточнить у руководителя университета/учебного центра и владельца программы потребность в внешних преподавателях, разработке контента или совместных программах. Проверить порядок отбора провайдеров; рассматривать субподряд и партнёрство наряду с прямой закупкой.","Руководитель университета/учебного центра; руководитель обучения и развития; руководитель корпоративных программ; методолог; HRD; закупщик образовательных услуг","Гипотезы для мониторинга: новые программы для руководителей и специалистов; набор потока; разработка электронных курсов; приглашение внешних экспертов; запрос партнёрства; закупка обучения; кадровые изменения в команде обучения. Наличие структуры не является открытым заказом.","Найти свежую программу, ответственного за её реализацию и подтверждённый маршрут для внешних провайдеров; сохранять новые новости, программы, контакты и закупочные страницы отдельными каналами. Квалифицировать конкретную потребность перед передачей лида.","При повторной попытке сайт вернул 503, хотя ранее содержание было прочитано: учитывать перебои доступа. LADA Академия отдельно названа центром компетенций дилеров; пока её организационная самостоятельность от университета не установлена, хранить её в резерве/связанном кластере и не увеличивать строгий счёт. Подтверждено существование университета, а не открытая закупка.","Именованная структура с подтверждением; отбор по стране, очереди и типу. Это не оценка вероятности заказа."