"source_id","institution_id","institution_selection","source_name","source_url","channel_type","verification","evidence_url","what_to_monitor","collection_proposal","access_note","connector_state","existing_misb_source_ids"
"CU-SRC-0001","CU-0001","main_200","Газпром университет (бывший Газпром корпоративный институт) — Сайт / описание структуры","https://institute.gazprom.ru/","university_site","search_index","https://institute.gazprom.ru/","Новые программы и планы обучения, изменения образовательных направлений, партнёры, приглашения внешних преподавателей, потребность в цифровом контенте.","Проверить открытые HTML-страницы и документы; собирать изменения, ссылки и вложения с сохранением версий. API/RSS не подтверждены.","Публичный информационный маршрут; работоспособность автоматического сборщика не проверялась.","not_checked_here","MISB-254"
"CU-SRC-0002","CU-0001","main_200","Газпром университет (бывший Газпром корпоративный институт) — Программы","https://institute.gazprom.ru/education/","programs","search_index","https://institute.gazprom.ru/education/","Изменения по менеджменту, HR, экономике, закупкам, праву, электронным программам.","Публичные страницы и документы; проверка изменений и ссылок, сохранение первичного текста и версий вложений. API/RSS не подтверждены.","Публичный маршрут; автоматический сбор не испытан.","not_checked_here",""
"CU-SRC-0003","CU-0001","main_200","Газпром университет (бывший Газпром корпоративный институт) — Новости","https://institute.gazprom.ru/about/news/159340/","news","search_index","https://institute.gazprom.ru/about/news/159340/","Переименование и ссылки на обновлённую организацию; не создавать второй КУ из старого названия.","Публичные страницы и документы; проверка изменений и ссылок, сохранение первичного текста и версий вложений. API/RSS не подтверждены.","Публичный маршрут; автоматический сбор не испытан.","not_checked_here",""
"CU-SRC-0004","CU-0001","main_200","Газпром университет (бывший Газпром корпоративный институт) — Закупки","https://tenders.gazprom.ru/","procurement","search_index","https://tenders.gazprom.ru/","Обучение и образовательный контент по названию конкретного общества, старым названиям и всем тематическим синонимам; общегрупповой маршрут, наличие закупок именно этого УЦ не установлено.","Открытая витрина и официальные переходы к ЭТП ГПБ и порталу контрагентов; сохранять закрытые/недоступные маршруты в очереди.","Официальный сайт предупреждает об ограниченном раскрытии закупочной информации. Регистрация может требоваться; нулевой результат не означает отсутствия потребности.","not_checked_here","MISB-045"
"CU-SRC-0005","CU-0002","main_200","Учебный центр ПАО «Газпром» — Сайт / описание структуры","https://tc.gazprom.ru/about/","university_site","search_index","https://tc.gazprom.ru/about/","Новые программы и планы обучения, изменения образовательных направлений, партнёры, приглашения внешних преподавателей, потребность в цифровом контенте.","Проверить открытые HTML-страницы и документы; собирать изменения, ссылки и вложения с сохранением версий. API/RSS не подтверждены.","Публичный информационный маршрут; работоспособность автоматического сборщика не проверялась.","not_checked_here",""
"CU-SRC-0006","CU-0002","main_200","Учебный центр ПАО «Газпром» — Новости","https://tc.gazprom.ru/","news","search_index","https://tc.gazprom.ru/","Новые программы и события учебного центра.","Публичные страницы и документы; проверка изменений и ссылок, сохранение первичного текста и версий вложений. API/RSS не подтверждены.","Публичный маршрут; автоматический сбор не испытан.","not_checked_here",""
"CU-SRC-0007","CU-0002","main_200","Учебный центр ПАО «Газпром» — Закупки","https://tenders.gazprom.ru/","procurement","search_index","https://tenders.gazprom.ru/","Обучение и образовательный контент по названию конкретного общества, старым названиям и всем тематическим синонимам; общегрупповой маршрут, наличие закупок именно этого УЦ не установлено.","Открытая витрина и официальные переходы к ЭТП ГПБ и порталу контрагентов; сохранять закрытые/недоступные маршруты в очереди.","Официальный сайт предупреждает об ограниченном раскрытии закупочной информации. Регистрация может требоваться; нулевой результат не означает отсутствия потребности.","not_checked_here","MISB-045"
"CU-SRC-0008","CU-0003","main_200","Газпром ОНУТЦ — Отраслевой научно-исследовательский учебно-тренажёрный центр — Сайт / описание структуры","https://onutc.gazprom.ru/development/","university_site","search_index","https://onutc.gazprom.ru/development/","Новые программы и планы обучения, изменения образовательных направлений, партнёры, приглашения внешних преподавателей, потребность в цифровом контенте.","Проверить открытые HTML-страницы и документы; собирать изменения, ссылки и вложения с сохранением версий. API/RSS не подтверждены.","Публичный информационный маршрут; работоспособность автоматического сборщика не проверялась.","not_checked_here",""
"CU-SRC-0009","CU-0003","main_200","Газпром ОНУТЦ — Отраслевой научно-исследовательский учебно-тренажёрный центр — Вакансии","https://onutc.gazprom.ru/career/vacancies/","careers","search_index","https://onutc.gazprom.ru/career/vacancies/","Потребность в авторах, методистах, разработчиках обучающих систем; вакансии являются косвенным сигналом.","Публичные страницы и документы; проверка изменений и ссылок, сохранение первичного текста и версий вложений. API/RSS не подтверждены.","Публичный маршрут; автоматический сбор не испытан.","not_checked_here",""
"CU-SRC-0010","CU-0003","main_200","Газпром ОНУТЦ — Отраслевой научно-исследовательский учебно-тренажёрный центр — Программы","https://sdo.snfpo.gazprom.ru/stores/onutc?lang=en","programs","search_index","https://sdo.snfpo.gazprom.ru/stores/onutc?lang=en","Каталог электронных курсов, контакты и реквизиты; разделы обучения могут требовать учётную запись.","Публичные страницы и документы; проверка изменений и ссылок, сохранение первичного текста и версий вложений. API/RSS не подтверждены.","Публичный маршрут; автоматический сбор не испытан.","not_checked_here",""
"CU-SRC-0011","CU-0003","main_200","Газпром ОНУТЦ — Отраслевой научно-исследовательский учебно-тренажёрный центр — Закупки","https://tenders.gazprom.ru/","procurement","search_index","https://tenders.gazprom.ru/","Обучение и образовательный контент по названию конкретного общества, старым названиям и всем тематическим синонимам; общегрупповой маршрут, наличие закупок именно этого УЦ не установлено.","Открытая витрина и официальные переходы к ЭТП ГПБ и порталу контрагентов; сохранять закрытые/недоступные маршруты в очереди.","Официальный сайт предупреждает об ограниченном раскрытии закупочной информации. Регистрация может требоваться; нулевой результат не означает отсутствия потребности.","not_checked_here","MISB-045"
"CU-SRC-0012","CU-0004","main_200","Корпоративный институт ООО «Газпром трансгаз Томск» — Сайт / описание структуры","https://tomsk-tr.gazprom.ru/career/policy/","university_site","search_index","https://tomsk-tr.gazprom.ru/career/policy/","Новые программы и планы обучения, изменения образовательных направлений, партнёры, приглашения внешних преподавателей, потребность в цифровом контенте.","Проверить открытые HTML-страницы и документы; собирать изменения, ссылки и вложения с сохранением версий. API/RSS не подтверждены.","Публичный информационный маршрут; работоспособность автоматического сборщика не проверялась.","not_checked_here",""
"CU-SRC-0013","CU-0004","main_200","Корпоративный институт ООО «Газпром трансгаз Томск» — Закупки","https://tenders.gazprom.ru/","procurement","search_index","https://tenders.gazprom.ru/","Обучение и образовательный контент по названию конкретного общества, старым названиям и всем тематическим синонимам; общегрупповой маршрут, наличие закупок именно этого УЦ не установлено.","Открытая витрина и официальные переходы к ЭТП ГПБ и порталу контрагентов; сохранять закрытые/недоступные маршруты в очереди.","Официальный сайт предупреждает об ограниченном раскрытии закупочной информации. Регистрация может требоваться; нулевой результат не означает отсутствия потребности.","not_checked_here","MISB-045"
"CU-SRC-0014","CU-0005","main_200","Учебно-производственный центр ООО «Газпром трансгаз Екатеринбург» — Сайт / описание структуры","https://ekaterinburg-tr.gazprom.ru/about/organization/upts/","university_site","search_index","https://ekaterinburg-tr.gazprom.ru/about/organization/upts/","Новые программы и планы обучения, изменения образовательных направлений, партнёры, приглашения внешних преподавателей, потребность в цифровом контенте.","Проверить открытые HTML-страницы и документы; собирать изменения, ссылки и вложения с сохранением версий. API/RSS не подтверждены.","Публичный информационный маршрут; работоспособность автоматического сборщика не проверялась.","not_checked_here",""
"CU-SRC-0015","CU-0005","main_200","Учебно-производственный центр ООО «Газпром трансгаз Екатеринбург» — Закупки","https://tenders.gazprom.ru/","procurement","search_index","https://tenders.gazprom.ru/","Обучение и образовательный контент по названию конкретного общества, старым названиям и всем тематическим синонимам; общегрупповой маршрут, наличие закупок именно этого УЦ не установлено.","Открытая витрина и официальные переходы к ЭТП ГПБ и порталу контрагентов; сохранять закрытые/недоступные маршруты в очереди.","Официальный сайт предупреждает об ограниченном раскрытии закупочной информации. Регистрация может требоваться; нулевой результат не означает отсутствия потребности.","not_checked_here","MISB-045"
"CU-SRC-0016","CU-0006","main_200","Учебно-производственный центр ООО «Газпром трансгаз Ухта» — Сайт / описание структуры","https://ukhta-tr.gazprom.ru/sveden/document/","university_site","search_index","https://ukhta-tr.gazprom.ru/sveden/document/","Новые программы и планы обучения, изменения образовательных направлений, партнёры, приглашения внешних преподавателей, потребность в цифровом контенте.","Проверить открытые HTML-страницы и документы; собирать изменения, ссылки и вложения с сохранением версий. API/RSS не подтверждены.","Публичный информационный маршрут; работоспособность автоматического сборщика не проверялась.","not_checked_here",""
"CU-SRC-0017","CU-0006","main_200","Учебно-производственный центр ООО «Газпром трансгаз Ухта» — Программы","https://ukhta-tr.gazprom.ru/sveden/employees/","programs","search_index","https://ukhta-tr.gazprom.ru/sveden/employees/","Преподавательские направления, новые дисциплины и учебная документация.","Публичные страницы и документы; проверка изменений и ссылок, сохранение первичного текста и версий вложений. API/RSS не подтверждены.","Публичный маршрут; автоматический сбор не испытан.","not_checked_here",""
"CU-SRC-0018","CU-0006","main_200","Учебно-производственный центр ООО «Газпром трансгаз Ухта» — Закупки","https://tenders.gazprom.ru/","procurement","search_index","https://tenders.gazprom.ru/","Обучение и образовательный контент по названию конкретного общества, старым названиям и всем тематическим синонимам; общегрупповой маршрут, наличие закупок именно этого УЦ не установлено.","Открытая витрина и официальные переходы к ЭТП ГПБ и порталу контрагентов; сохранять закрытые/недоступные маршруты в очереди.","Официальный сайт предупреждает об ограниченном раскрытии закупочной информации. Регистрация может требоваться; нулевой результат не означает отсутствия потребности.","not_checked_here","MISB-045"
"CU-SRC-0019","CU-0007","main_200","Учебно-производственный центр ООО «Газпром трансгаз Москва» — Сайт / описание структуры","https://moskva-tr.gazprom.ru/career/","university_site","search_index","https://moskva-tr.gazprom.ru/career/","Новые программы и планы обучения, изменения образовательных направлений, партнёры, приглашения внешних преподавателей, потребность в цифровом контенте.","Проверить открытые HTML-страницы и документы; собирать изменения, ссылки и вложения с сохранением версий. API/RSS не подтверждены.","Публичный информационный маршрут; работоспособность автоматического сборщика не проверялась.","not_checked_here",""
"CU-SRC-0020","CU-0007","main_200","Учебно-производственный центр ООО «Газпром трансгаз Москва» — Закупки","https://tenders.gazprom.ru/","procurement","search_index","https://tenders.gazprom.ru/","Обучение и образовательный контент по названию конкретного общества, старым названиям и всем тематическим синонимам; общегрупповой маршрут, наличие закупок именно этого УЦ не установлено.","Открытая витрина и официальные переходы к ЭТП ГПБ и порталу контрагентов; сохранять закрытые/недоступные маршруты в очереди.","Официальный сайт предупреждает об ограниченном раскрытии закупочной информации. Регистрация может требоваться; нулевой результат не означает отсутствия потребности.","not_checked_here","MISB-045"
"CU-SRC-0021","CU-0008","main_200","Учебно-производственный центр ООО «Газпром трансгаз Югорск» — Сайт / описание структуры","https://yugorsk-tr.gazprom.ru/career/uchebno-proizvodstvennyj-tsentr/obrazovanie/","university_site","search_index","https://yugorsk-tr.gazprom.ru/career/uchebno-proizvodstvennyj-tsentr/obrazovanie/","Новые программы и планы обучения, изменения образовательных направлений, партнёры, приглашения внешних преподавателей, потребность в цифровом контенте.","Проверить открытые HTML-страницы и документы; собирать изменения, ссылки и вложения с сохранением версий. API/RSS не подтверждены.","Публичный информационный маршрут; работоспособность автоматического сборщика не проверялась.","not_checked_here",""
"CU-SRC-0022","CU-0008","main_200","Учебно-производственный центр ООО «Газпром трансгаз Югорск» — Закупки","https://tenders.gazprom.ru/","procurement","search_index","https://tenders.gazprom.ru/","Обучение и образовательный контент по названию конкретного общества, старым названиям и всем тематическим синонимам; общегрупповой маршрут, наличие закупок именно этого УЦ не установлено.","Открытая витрина и официальные переходы к ЭТП ГПБ и порталу контрагентов; сохранять закрытые/недоступные маршруты в очереди.","Официальный сайт предупреждает об ограниченном раскрытии закупочной информации. Регистрация может требоваться; нулевой результат не означает отсутствия потребности.","not_checked_here","MISB-045"
"CU-SRC-0023","CU-0009","main_200","Учебно-производственный центр ООО «Газпром трансгаз Сургут» — Сайт / описание структуры","https://surgut-tr.gazprom.ru/sveden/common","university_site","search_index","https://surgut-tr.gazprom.ru/sveden/common","Новые программы и планы обучения, изменения образовательных направлений, партнёры, приглашения внешних преподавателей, потребность в цифровом контенте.","Проверить открытые HTML-страницы и документы; собирать изменения, ссылки и вложения с сохранением версий. API/RSS не подтверждены.","Публичный информационный маршрут; работоспособность автоматического сборщика не проверялась.","not_checked_here",""
"CU-SRC-0024","CU-0009","main_200","Учебно-производственный центр ООО «Газпром трансгаз Сургут» — Закупки","https://tenders.gazprom.ru/","procurement","search_index","https://tenders.gazprom.ru/","Обучение и образовательный контент по названию конкретного общества, старым названиям и всем тематическим синонимам; общегрупповой маршрут, наличие закупок именно этого УЦ не установлено.","Открытая витрина и официальные переходы к ЭТП ГПБ и порталу контрагентов; сохранять закрытые/недоступные маршруты в очереди.","Официальный сайт предупреждает об ограниченном раскрытии закупочной информации. Регистрация может требоваться; нулевой результат не означает отсутствия потребности.","not_checked_here","MISB-045"
"CU-SRC-0025","CU-0010","main_200","Учебно-производственный центр ООО «Газпром трансгаз Ставрополь» — Сайт / описание структуры","https://stavropol-tr.gazprom.ru/career/uchebno-proizvodstvennyj-tsentr/struktura-i-organy-upravleniya/","university_site","search_index","https://stavropol-tr.gazprom.ru/career/uchebno-proizvodstvennyj-tsentr/struktura-i-organy-upravleniya/","Новые программы и планы обучения, изменения образовательных направлений, партнёры, приглашения внешних преподавателей, потребность в цифровом контенте.","Проверить открытые HTML-страницы и документы; собирать изменения, ссылки и вложения с сохранением версий. API/RSS не подтверждены.","Публичный информационный маршрут; работоспособность автоматического сборщика не проверялась.","not_checked_here",""
"CU-SRC-0026","CU-0010","main_200","Учебно-производственный центр ООО «Газпром трансгаз Ставрополь» — Закупки","https://tenders.gazprom.ru/","procurement","search_index","https://tenders.gazprom.ru/","Обучение и образовательный контент по названию конкретного общества, старым названиям и всем тематическим синонимам; общегрупповой маршрут, наличие закупок именно этого УЦ не установлено.","Открытая витрина и официальные переходы к ЭТП ГПБ и порталу контрагентов; сохранять закрытые/недоступные маршруты в очереди.","Официальный сайт предупреждает об ограниченном раскрытии закупочной информации. Регистрация может требоваться; нулевой результат не означает отсутствия потребности.","not_checked_here","MISB-045"
"CU-SRC-0027","CU-0011","main_200","Учебно-производственный центр ООО «Газпром трансгаз Саратов» — Сайт / описание структуры","https://saratov-tr.gazprom.ru/career/uchebnyj-tsentr/osnovnyj-svedeniya/","university_site","search_index","https://saratov-tr.gazprom.ru/career/uchebnyj-tsentr/osnovnyj-svedeniya/","Новые программы и планы обучения, изменения образовательных направлений, партнёры, приглашения внешних преподавателей, потребность в цифровом контенте.","Проверить открытые HTML-страницы и документы; собирать изменения, ссылки и вложения с сохранением версий. API/RSS не подтверждены.","Публичный информационный маршрут; работоспособность автоматического сборщика не проверялась.","not_checked_here",""
"CU-SRC-0028","CU-0011","main_200","Учебно-производственный центр ООО «Газпром трансгаз Саратов» — Закупки","https://tenders.gazprom.ru/","procurement","search_index","https://tenders.gazprom.ru/","Обучение и образовательный контент по названию конкретного общества, старым названиям и всем тематическим синонимам; общегрупповой маршрут, наличие закупок именно этого УЦ не установлено.","Открытая витрина и официальные переходы к ЭТП ГПБ и порталу контрагентов; сохранять закрытые/недоступные маршруты в очереди.","Официальный сайт предупреждает об ограниченном раскрытии закупочной информации. Регистрация может требоваться; нулевой результат не означает отсутствия потребности.","not_checked_here","MISB-045"
"CU-SRC-0029","CU-0012","main_200","Учебно-производственный центр ООО «Газпром трансгаз Санкт-Петербург» — Сайт / описание структуры","https://spb-tr.gazprom.ru/career/upc/","university_site","search_index","https://spb-tr.gazprom.ru/career/upc/","Новые программы и планы обучения, изменения образовательных направлений, партнёры, приглашения внешних преподавателей, потребность в цифровом контенте.","Проверить открытые HTML-страницы и документы; собирать изменения, ссылки и вложения с сохранением версий. API/RSS не подтверждены.","Публичный информационный маршрут; работоспособность автоматического сборщика не проверялась.","not_checked_here",""
"CU-SRC-0030","CU-0012","main_200","Учебно-производственный центр ООО «Газпром трансгаз Санкт-Петербург» — Программы","https://spb-tr.gazprom.ru/career/upc/docsupc/","programs","search_index","https://spb-tr.gazprom.ru/career/upc/docsupc/","График обучения, положения о программах профессионального обучения и ДПО.","Публичные страницы и документы; проверка изменений и ссылок, сохранение первичного текста и версий вложений. API/RSS не подтверждены.","Публичный маршрут; автоматический сбор не испытан.","not_checked_here",""
"CU-SRC-0031","CU-0012","main_200","Учебно-производственный центр ООО «Газпром трансгаз Санкт-Петербург» — Закупки","https://tenders.gazprom.ru/","procurement","search_index","https://tenders.gazprom.ru/","Обучение и образовательный контент по названию конкретного общества, старым названиям и всем тематическим синонимам; общегрупповой маршрут, наличие закупок именно этого УЦ не установлено.","Открытая витрина и официальные переходы к ЭТП ГПБ и порталу контрагентов; сохранять закрытые/недоступные маршруты в очереди.","Официальный сайт предупреждает об ограниченном раскрытии закупочной информации. Регистрация может требоваться; нулевой результат не означает отсутствия потребности.","not_checked_here","MISB-045"
"CU-SRC-0032","CU-0013","main_200","Корпоративный университет ПАО «Татнефть» — Сайт / описание структуры","https://cu.tatneft.ru/ob-universitete/obshchaya-informatsiya?lang=ru","university_site","content_read","https://cu.tatneft.ru/ob-universitete/obshchaya-informatsiya?lang=ru","Новые программы и планы обучения, изменения образовательных направлений, партнёры, приглашения внешних преподавателей, потребность в цифровом контенте.","Проверить открытые HTML-страницы и документы; собирать изменения, ссылки и вложения с сохранением версий. API/RSS не подтверждены.","Публичный информационный маршрут; работоспособность автоматического сборщика не проверялась.","not_checked_here",""
"CU-SRC-0033","CU-0013","main_200","Корпоративный университет ПАО «Татнефть» — Программы","https://cu.tatneft.ru/obrazovanie/kursi-organizuemie-korporativnim-universitetom-pao-tatneft/?lang=ru","programs","content_read","https://cu.tatneft.ru/obrazovanie/kursi-organizuemie-korporativnim-universitetom-pao-tatneft/?lang=ru","Курсы, организуемые КУ: возможные темы для партнёрства и внешнего провайдера.","Публичные страницы и документы; проверка изменений и ссылок, сохранение первичного текста и версий вложений. API/RSS не подтверждены.","Публичный маршрут; автоматический сбор не испытан.","not_checked_here",""
"CU-SRC-0034","CU-0013","main_200","Корпоративный университет ПАО «Татнефть» — Контакты","https://cu.tatneft.ru/kontakti","contacts","search_index","https://cu.tatneft.ru/kontakti","Изменения контактных лиц и функций КУ.","Публичные страницы и документы; проверка изменений и ссылок, сохранение первичного текста и версий вложений. API/RSS не подтверждены.","Публичный маршрут; автоматический сбор не испытан.","not_checked_here",""
"CU-SRC-0035","CU-0014","main_200","Корпоративный учебный центр ЛУКОЙЛ — Сайт / описание структуры","https://ctc.lukoil.ru/ru/About/GeneralInformation?wid=widpxFOse5-vkj2WOeBjmHY9Q","university_site","search_index","https://ctc.lukoil.ru/ru/About/GeneralInformation?wid=widpxFOse5-vkj2WOeBjmHY9Q","Новые программы и планы обучения, изменения образовательных направлений, партнёры, приглашения внешних преподавателей, потребность в цифровом контенте.","Проверить открытые HTML-страницы и документы; собирать изменения, ссылки и вложения с сохранением версий. API/RSS не подтверждены.","Публичный информационный маршрут; работоспособность автоматического сборщика не проверялась.","not_checked_here",""
"CU-SRC-0036","CU-0014","main_200","Корпоративный учебный центр ЛУКОЙЛ — Контакты","https://ctc.lukoil.ru/ru/Contacts","contacts","search_index","https://ctc.lukoil.ru/ru/Contacts","Контакты руководства учебного процесса и договорной работы.","Публичные страницы и документы; проверка изменений и ссылок, сохранение первичного текста и версий вложений. API/RSS не подтверждены.","Публичный маршрут; автоматический сбор не испытан.","not_checked_here",""
"CU-SRC-0037","CU-0014","main_200","Корпоративный учебный центр ЛУКОЙЛ — Новости","https://lukoil.ru/PressCenter/Pressreleases/Pressrelease/lukoil-rasshiriaet-vozmozhnosti-korporativnogo","news","search_index","https://lukoil.ru/PressCenter/Pressreleases/Pressrelease/lukoil-rasshiriaet-vozmozhnosti-korporativnogo","Расширение учебной инфраструктуры и тематик: косвенный сигнал для методического/контентного партнёрства.","Публичные страницы и документы; проверка изменений и ссылок, сохранение первичного текста и версий вложений. API/RSS не подтверждены.","Публичный маршрут; автоматический сбор не испытан.","not_checked_here",""
"CU-SRC-0038","CU-0015","main_200","Корпоративный университет «Газпром нефти» — Партнерство","https://www.sgu.ru/struktura/gazpromneft","partners","content_read","https://www.sgu.ru/struktura/gazpromneft","Новые программы и планы обучения, изменения образовательных направлений, партнёры, приглашения внешних преподавателей, потребность в цифровом контенте.","Проверить открытые HTML-страницы и документы; собирать изменения, ссылки и вложения с сохранением версий. API/RSS не подтверждены.","Публичный информационный маршрут; работоспособность автоматического сборщика не проверялась.","not_checked_here",""
"CU-SRC-0039","CU-0015","main_200","Корпоративный университет «Газпром нефти» — Партнерство","https://gpnit.spbstu.ru/","partners","search_index","https://gpnit.spbstu.ru/","Партнёрские образовательные программы Газпром нефти, проектные темы и преподавательская экосистема; центр СПбПУ не отдельная запись КУ в этом реестре.","Публичные страницы и документы; проверка изменений и ссылок, сохранение первичного текста и версий вложений. API/RSS не подтверждены.","Публичный маршрут; автоматический сбор не испытан.","not_checked_here",""
"CU-SRC-0040","CU-0016","main_200","Центр политехнического обучения ПАО «Сургутнефтегаз» — Сайт / описание структуры","https://www.surgutneftegas.ru/responsibility/personnel_policy/uchebnaya-baza/","university_site","search_index","https://www.surgutneftegas.ru/responsibility/personnel_policy/uchebnaya-baza/","Новые программы и планы обучения, изменения образовательных направлений, партнёры, приглашения внешних преподавателей, потребность в цифровом контенте.","Проверить открытые HTML-страницы и документы; собирать изменения, ссылки и вложения с сохранением версий. API/RSS не подтверждены.","Публичный информационный маршрут; работоспособность автоматического сборщика не проверялась.","not_checked_here",""
"CU-SRC-0041","CU-0017","main_200","Учебный центр ООО «РН-Юганскнефтегаз» — Новости","https://rosneft.ru/press/subsidiaries/item/223656/","news","search_index","https://rosneft.ru/press/subsidiaries/item/223656/","Новые программы и планы обучения, изменения образовательных направлений, партнёры, приглашения внешних преподавателей, потребность в цифровом контенте.","Проверить открытые HTML-страницы и документы; собирать изменения, ссылки и вложения с сохранением версий. API/RSS не подтверждены.","Публичный информационный маршрут; работоспособность автоматического сборщика не проверялась.","not_checked_here",""
"CU-SRC-0042","CU-0017","main_200","Учебный центр ООО «РН-Юганскнефтегаз» — Новости","https://rosneft.ru/press/subsidiaries/item/223890/","news","search_index","https://rosneft.ru/press/subsidiaries/item/223890/","Новые направления корпоративного Учебного центра; техническую подготовку классифицировать отдельно.","Публичные страницы и документы; проверка изменений и ссылок, сохранение первичного текста и версий вложений. API/RSS не подтверждены.","Публичный маршрут; автоматический сбор не испытан.","not_checked_here",""
"CU-SRC-0043","CU-0017","main_200","Учебный центр ООО «РН-Юганскнефтегаз» — Закупки","https://www.rosneft.ru/Development/Zakupki_tovarov_rabot_i_uslug/","procurement","search_index","https://www.rosneft.ru/Development/Zakupki_tovarov_rabot_i_uslug/","Корпоративный закупочный маршрут и переходы на ТЭК-Торг/Закупки.Роснефть; поиск по обществу и образовательным услугам.","Официальные переходы, карточки и вложения; отдельная идентификация заказчика по каждому лоту.","Общегрупповой канал не подтверждает, что сам центр публикует отдельные закупки. Участие требует проверки регистрации.","not_checked_here",""
"CU-SRC-0044","CU-0018","reserve","Учебный центр АО «РН-Няганьнефтегаз» — Сайт / описание структуры","https://uc-nng.ru/","university_site","search_index","https://uc-nng.ru/","Новые программы и планы обучения, изменения образовательных направлений, партнёры, приглашения внешних преподавателей, потребность в цифровом контенте.","Проверить открытые HTML-страницы и документы; собирать изменения, ссылки и вложения с сохранением версий. API/RSS не подтверждены.","Публичный информационный маршрут; работоспособность автоматического сборщика не проверялась.","not_checked_here",""
"CU-SRC-0045","CU-0018","reserve","Учебный центр АО «РН-Няганьнефтегаз» — Контакты","https://uc-nng.ru/management.html","contacts","search_index","https://uc-nng.ru/management.html","Руководитель и структура центра.","Публичные страницы и документы; проверка изменений и ссылок, сохранение первичного текста и версий вложений. API/RSS не подтверждены.","Публичный маршрут; автоматический сбор не испытан.","not_checked_here",""
"CU-SRC-0046","CU-0018","reserve","Учебный центр АО «РН-Няганьнефтегаз» — Программы","https://uc-nng.ru/education.html","programs","search_index","https://uc-nng.ru/education.html","Новые программы и изменения формата подготовки.","Публичные страницы и документы; проверка изменений и ссылок, сохранение первичного текста и версий вложений. API/RSS не подтверждены.","Публичный маршрут; автоматический сбор не испытан.","not_checked_here",""
"CU-SRC-0047","CU-0018","reserve","Учебный центр АО «РН-Няганьнефтегаз» — Закупки","https://www.rosneft.ru/Development/Zakupki_tovarov_rabot_i_uslug/","procurement","search_index","https://www.rosneft.ru/Development/Zakupki_tovarov_rabot_i_uslug/","Корпоративный закупочный маршрут и переходы на ТЭК-Торг/Закупки.Роснефть; поиск по обществу и образовательным услугам.","Официальные переходы, карточки и вложения; отдельная идентификация заказчика по каждому лоту.","Общегрупповой канал не подтверждает, что сам центр публикует отдельные закупки. Участие требует проверки регистрации.","not_checked_here",""
"CU-SRC-0048","CU-0019","main_200","Корпоративная Академия Росатома — Сайт / описание структуры","https://rosatom-academy.ru/ob-akademii/","university_site","content_read","https://rosatom-academy.ru/ob-akademii/","Новые программы и планы обучения, изменения образовательных направлений, партнёры, приглашения внешних преподавателей, потребность в цифровом контенте.","Проверить открытые HTML-страницы и документы; собирать изменения, ссылки и вложения с сохранением версий. API/RSS не подтверждены.","Публичный информационный маршрут; работоспособность автоматического сборщика не проверялась.","not_checked_here","MISB-256"
"CU-SRC-0049","CU-0019","main_200","Корпоративная Академия Росатома — Закупки","https://rosatom-academy.ru/ob-akademii/godovoi-otchet/","procurement","content_read","https://rosatom-academy.ru/ob-akademii/godovoi-otchet/","Годовые программы закупок и закупочная документация Академии.","Публичные страницы и документы; проверка изменений и ссылок, сохранение первичного текста и версий вложений. API/RSS не подтверждены.","Публичный маршрут; автоматический сбор не испытан.","not_checked_here",""
"CU-SRC-0050","CU-0019","main_200","Корпоративная Академия Росатома — Программы","https://rosatom-academy.ru/obuchenie-i-razvitie/","programs","search_index","https://rosatom-academy.ru/obuchenie-i-razvitie/","Новые программы, треки и образовательные мероприятия.","Публичные страницы и документы; проверка изменений и ссылок, сохранение первичного текста и версий вложений. API/RSS не подтверждены.","Публичный маршрут; автоматический сбор не испытан.","not_checked_here",""
"CU-SRC-0051","CU-0019","main_200","Корпоративная Академия Росатома — Контакты","https://rosatom-academy.ru/ob-akademii/kontakty/","contacts","search_index","https://rosatom-academy.ru/ob-akademii/kontakty/","Контакты Академии для уточнения процедуры партнёрства.","Публичные страницы и документы; проверка изменений и ссылок, сохранение первичного текста и версий вложений. API/RSS не подтверждены.","Публичный маршрут; автоматический сбор не испытан.","not_checked_here",""
"CU-SRC-0052","CU-0020","main_200","Техническая академия Росатома — Сайт / описание структуры","https://rosatomtech.ru/about-us/","university_site","content_read","https://rosatomtech.ru/about-us/","Новые программы и планы обучения, изменения образовательных направлений, партнёры, приглашения внешних преподавателей, потребность в цифровом контенте.","Проверить открытые HTML-страницы и документы; собирать изменения, ссылки и вложения с сохранением версий. API/RSS не подтверждены.","Публичный информационный маршрут; работоспособность автоматического сборщика не проверялась.","not_checked_here",""
"CU-SRC-0053","CU-0020","main_200","Техническая академия Росатома — Закупки","https://rosatomtech.ru/about-us/suppliers/","procurement","content_read","https://rosatomtech.ru/about-us/suppliers/","Закупочная деятельность Академии.","Публичные страницы и документы; проверка изменений и ссылок, сохранение первичного текста и версий вложений. API/RSS не подтверждены.","Публичный маршрут; автоматический сбор не испытан.","not_checked_here",""
"CU-SRC-0054","CU-0020","main_200","Техническая академия Росатома — Программы","https://rosatomtech.ru/info-educational-org/education/","programs","search_index","https://rosatomtech.ru/info-educational-org/education/","Образовательный портфель и смежные темы по учёту, управлению и человеческому фактору.","Публичные страницы и документы; проверка изменений и ссылок, сохранение первичного текста и версий вложений. API/RSS не подтверждены.","Публичный маршрут; автоматический сбор не испытан.","not_checked_here",""
"CU-SRC-0055","CU-0020","main_200","Техническая академия Росатома — Контакты","https://rosatomtech.ru/about-us/contacts/","contacts","search_index","https://rosatomtech.ru/about-us/contacts/","Контакты и официальные соцсети Академии.","Публичные страницы и документы; проверка изменений и ссылок, сохранение первичного текста и версий вложений. API/RSS не подтверждены.","Публичный маршрут; автоматический сбор не испытан.","not_checked_here",""
"CU-SRC-0056","CU-0021","main_200","Интер РАО — Корпоративный университет — Сайт / описание структуры","https://interrao-university.ru/","university_site","search_index","https://interrao-university.ru/","Новые программы и планы обучения, изменения образовательных направлений, партнёры, приглашения внешних преподавателей, потребность в цифровом контенте.","Проверить открытые HTML-страницы и документы; собирать изменения, ссылки и вложения с сохранением версий. API/RSS не подтверждены.","Публичный информационный маршрут; работоспособность автоматического сборщика не проверялась.","not_checked_here",""
"CU-SRC-0057","CU-0021","main_200","Интер РАО — Корпоративный университет — Новости","https://www.interrao-university.ru/company/news/","news","search_index","https://www.interrao-university.ru/company/news/","Запуск новых школ и программ, партнёрские соглашения, искусственный интеллект и обучение технических руководителей.","Публичные страницы и документы; проверка изменений и ссылок, сохранение первичного текста и версий вложений. API/RSS не подтверждены.","Публичный маршрут; автоматический сбор не испытан.","not_checked_here",""
"CU-SRC-0058","CU-0021","main_200","Интер РАО — Корпоративный университет — Контакты","https://interrao-university.ru/company/intelligence/","contacts","search_index","https://interrao-university.ru/company/intelligence/","Юридическое наименование АНО ДПО и сведения образовательной организации.","Публичные страницы и документы; проверка изменений и ссылок, сохранение первичного текста и версий вложений. API/RSS не подтверждены.","Публичный маршрут; автоматический сбор не испытан.","not_checked_here",""
"CU-SRC-0059","CU-0022","main_200","Корпоративный университет гидроэнергетики РусГидро (КорУнГ) — Сайт / описание структуры","https://korung.rushydro.ru/","university_site","content_read","https://t.me/s/rushydro_official/6778","Портал КорУнГ, направления обучения и партнёрские мероприятия; ссылка подтверждена официальным каналом, содержимое портала пока не прочитано.","Определить доступную публичную структуру/JS-страницы и способы подписки; сохранить задачу повторной проверки. API/RSS не подтверждены.","Прямой разбор вернул 0 строк; content_read относится к официальному подтверждению ссылки, не к содержимому портала.","not_checked_here","MISB-255"
"CU-SRC-0060","CU-0022","main_200","Корпоративный университет гидроэнергетики РусГидро (КорУнГ) — Новости","https://ar2024.rushydro.ru/development/human-capital-development.html","news","search_index","https://ar2024.rushydro.ru/development/human-capital-development.html","Новые программы и планы обучения, изменения образовательных направлений, партнёры, приглашения внешних преподавателей, потребность в цифровом контенте.","Проверить открытые HTML-страницы и документы; собирать изменения, ссылки и вложения с сохранением версий. API/RSS не подтверждены.","Публичный информационный маршрут; работоспособность автоматического сборщика не проверялась.","not_checked_here",""
"CU-SRC-0061","CU-0022","main_200","Корпоративный университет гидроэнергетики РусГидро (КорУнГ) — Соцсеть","https://t.me/s/korung_rushydro","social","search_index","https://t.me/s/korung_rushydro","Новости и учебные проекты КорУнГ, преподавательская и партнёрская активность.","Публичные страницы и документы; проверка изменений и ссылок, сохранение первичного текста и версий вложений. API/RSS не подтверждены.","Публичное Telegram-превью найдено поиском; перед автоматизацией подтвердить официальный обратный линк и доступный объём истории.","not_checked_here",""
"CU-SRC-0062","CU-0022","main_200","Корпоративный университет гидроэнергетики РусГидро (КорУнГ) — Соцсеть","https://t.me/s/rushydro_official/6778","social","content_read","https://t.me/s/rushydro_official/6778","Общегрупповые образовательные проекты и официальные переходы на КорУнГ.","Публичное Telegram-превью; проверить историю и регулярный сбор.","Прочитано публичное превью официального канала.","not_checked_here",""
"CU-SRC-0063","CU-0023","main_200","Корпоративный университет Сибирской генерирующей компании — Новости","https://sibgenco.online/news/element/tekhnicheskie-resheniya-i-kreativnyy-podkhod-v-krasnoyarske-proshel-trening-ot-korporativnogo-univer/","news","search_index","https://sibgenco.online/news/element/tekhnicheskie-resheniya-i-kreativnyy-podkhod-v-krasnoyarske-proshel-trening-ot-korporativnogo-univer/","Новые программы и планы обучения, изменения образовательных направлений, партнёры, приглашения внешних преподавателей, потребность в цифровом контенте.","Проверить открытые HTML-страницы и документы; собирать изменения, ссылки и вложения с сохранением версий. API/RSS не подтверждены.","Публичный информационный маршрут; работоспособность автоматического сборщика не проверялась.","not_checked_here",""
"CU-SRC-0064","CU-0023","main_200","Корпоративный университет Сибирской генерирующей компании — Новости","https://sibgenco.online/news/element/nastavnichestvo-kak-iskusstvo-v-novosibirske-proshla-mezhregionalnaya-konferentsiya-sgk-nastavnik-pr/","news","search_index","https://sibgenco.online/news/element/nastavnichestvo-kak-iskusstvo-v-novosibirske-proshla-mezhregionalnaya-konferentsiya-sgk-nastavnik-pr/","Наставничество, методические мероприятия и новые проекты КУ.","Публичные страницы и документы; проверка изменений и ссылок, сохранение первичного текста и версий вложений. API/RSS не подтверждены.","Публичный маршрут; автоматический сбор не испытан.","not_checked_here",""
"CU-SRC-0065","CU-0024","main_200","Тверской учебно-производственный центр — Сайт / описание структуры","http://tvupc.ru","university_site","search_index","https://www.mrsk-1.ru/about/personnel/youth/uchebnye-tsentry/","Новые программы и планы обучения, изменения образовательных направлений, партнёры, приглашения внешних преподавателей, потребность в цифровом контенте.","Проверить открытые HTML-страницы и документы; собирать изменения, ссылки и вложения с сохранением версий. API/RSS не подтверждены.","Официальный каталог содержит ссылку; прямое чтение целевого сайта завершилось ошибкой. Автоматизация не подтверждена.","not_checked_here",""
"CU-SRC-0066","CU-0024","main_200","Тверской учебно-производственный центр — Партнерство","https://www.mrsk-1.ru/about/personnel/youth/uchebnye-tsentry/","partners","content_read","https://www.mrsk-1.ru/about/personnel/youth/uchebnye-tsentry/","Официальный список сети и изменение адресов/связей учебных центров.","Публичные страницы и документы; проверка изменений и ссылок, сохранение первичного текста и версий вложений. API/RSS не подтверждены.","Публичный маршрут; автоматический сбор не испытан.","not_checked_here",""
"CU-SRC-0067","CU-0025","main_200","Орловский учебный комбинат — Сайт / описание структуры","https://uk57.ru","university_site","content_read","https://uk57.ru","Новые программы и планы обучения, изменения образовательных направлений, партнёры, приглашения внешних преподавателей, потребность в цифровом контенте.","Проверить открытые HTML-страницы и документы; собирать изменения, ссылки и вложения с сохранением версий. API/RSS не подтверждены.","Публичный информационный маршрут; работоспособность автоматического сборщика не проверялась.","not_checked_here",""
"CU-SRC-0068","CU-0025","main_200","Орловский учебный комбинат — Партнерство","https://www.mrsk-1.ru/about/personnel/youth/uchebnye-tsentry/","partners","content_read","https://www.mrsk-1.ru/about/personnel/youth/uchebnye-tsentry/","Официальный список сети и изменение адресов/связей учебных центров.","Публичные страницы и документы; проверка изменений и ссылок, сохранение первичного текста и версий вложений. API/RSS не подтверждены.","Публичный маршрут; автоматический сбор не испытан.","not_checked_here",""
"CU-SRC-0069","CU-0026","main_200","Воронежский учебный центр «Энергетик» — Сайт / описание структуры","https://vuc-energetik.ru","university_site","content_read","https://vuc-energetik.ru","Новые программы и планы обучения, изменения образовательных направлений, партнёры, приглашения внешних преподавателей, потребность в цифровом контенте.","Проверить открытые HTML-страницы и документы; собирать изменения, ссылки и вложения с сохранением версий. API/RSS не подтверждены.","Публичный информационный маршрут; работоспособность автоматического сборщика не проверялась.","not_checked_here",""
"CU-SRC-0070","CU-0026","main_200","Воронежский учебный центр «Энергетик» — Партнерство","https://www.mrsk-1.ru/about/personnel/youth/uchebnye-tsentry/","partners","content_read","https://www.mrsk-1.ru/about/personnel/youth/uchebnye-tsentry/","Официальный список сети и изменение адресов/связей учебных центров.","Публичные страницы и документы; проверка изменений и ссылок, сохранение первичного текста и версий вложений. API/RSS не подтверждены.","Публичный маршрут; автоматический сбор не испытан.","not_checked_here",""
"CU-SRC-0071","CU-0027","main_200","Владимирский учебный центр «Энергетик» — Сайт / описание структуры","http://energetik33.ru","university_site","search_index","https://www.mrsk-1.ru/about/personnel/youth/uchebnye-tsentry/","Новые программы и планы обучения, изменения образовательных направлений, партнёры, приглашения внешних преподавателей, потребность в цифровом контенте.","Проверить открытые HTML-страницы и документы; собирать изменения, ссылки и вложения с сохранением версий. API/RSS не подтверждены.","Официальный каталог содержит ссылку; прямое чтение целевого сайта завершилось ошибкой. Автоматизация не подтверждена.","not_checked_here",""
"CU-SRC-0072","CU-0027","main_200","Владимирский учебный центр «Энергетик» — Партнерство","https://www.mrsk-1.ru/about/personnel/youth/uchebnye-tsentry/","partners","content_read","https://www.mrsk-1.ru/about/personnel/youth/uchebnye-tsentry/","Официальный список сети и изменение адресов/связей учебных центров.","Публичные страницы и документы; проверка изменений и ссылок, сохранение первичного текста и версий вложений. API/RSS не подтверждены.","Публичный маршрут; автоматический сбор не испытан.","not_checked_here",""
"CU-SRC-0073","CU-0028","main_200","Ивановский учебный центр «Энергетик» — Сайт / описание структуры","https://ivenergetik37.ru","university_site","content_read","https://ivenergetik37.ru","Новые программы и планы обучения, изменения образовательных направлений, партнёры, приглашения внешних преподавателей, потребность в цифровом контенте.","Проверить открытые HTML-страницы и документы; собирать изменения, ссылки и вложения с сохранением версий. API/RSS не подтверждены.","Публичный информационный маршрут; работоспособность автоматического сборщика не проверялась.","not_checked_here",""
"CU-SRC-0074","CU-0028","main_200","Ивановский учебный центр «Энергетик» — Партнерство","https://www.mrsk-1.ru/about/personnel/youth/uchebnye-tsentry/","partners","content_read","https://www.mrsk-1.ru/about/personnel/youth/uchebnye-tsentry/","Официальный список сети и изменение адресов/связей учебных центров.","Публичные страницы и документы; проверка изменений и ссылок, сохранение первичного текста и версий вложений. API/RSS не подтверждены.","Публичный маршрут; автоматический сбор не испытан.","not_checked_here",""
"CU-SRC-0075","CU-0029","main_200","Ижевский учебный центр «Энергетик» — Сайт / описание структуры","https://www.ukenergetic.ru/","university_site","content_read","https://www.ukenergetic.ru/","Новые программы и планы обучения, изменения образовательных направлений, партнёры, приглашения внешних преподавателей, потребность в цифровом контенте.","Проверить открытые HTML-страницы и документы; собирать изменения, ссылки и вложения с сохранением версий. API/RSS не подтверждены.","Публичный информационный маршрут; работоспособность автоматического сборщика не проверялась.","not_checked_here",""
"CU-SRC-0076","CU-0029","main_200","Ижевский учебный центр «Энергетик» — Партнерство","https://www.mrsk-1.ru/about/personnel/youth/uchebnye-tsentry/","partners","content_read","https://www.mrsk-1.ru/about/personnel/youth/uchebnye-tsentry/","Официальный список сети и изменение адресов/связей учебных центров.","Публичные страницы и документы; проверка изменений и ссылок, сохранение первичного текста и версий вложений. API/RSS не подтверждены.","Публичный маршрут; автоматический сбор не испытан.","not_checked_here",""
"CU-SRC-0077","CU-0030","main_200","Калужский учебный центр «Энергетик» — Сайт / описание структуры","https://energetik40.ru","university_site","content_read","https://energetik40.ru","Новые программы и планы обучения, изменения образовательных направлений, партнёры, приглашения внешних преподавателей, потребность в цифровом контенте.","Проверить открытые HTML-страницы и документы; собирать изменения, ссылки и вложения с сохранением версий. API/RSS не подтверждены.","Публичный информационный маршрут; работоспособность автоматического сборщика не проверялась.","not_checked_here",""
"CU-SRC-0078","CU-0030","main_200","Калужский учебный центр «Энергетик» — Партнерство","https://www.mrsk-1.ru/about/personnel/youth/uchebnye-tsentry/","partners","content_read","https://www.mrsk-1.ru/about/personnel/youth/uchebnye-tsentry/","Официальный список сети и изменение адресов/связей учебных центров.","Публичные страницы и документы; проверка изменений и ссылок, сохранение первичного текста и версий вложений. API/RSS не подтверждены.","Публичный маршрут; автоматический сбор не испытан.","not_checked_here",""
"CU-SRC-0079","CU-0031","main_200","Кировский учебный центр «Энергетик» — Сайт / описание структуры","http://www.ucenergetik.ru","university_site","search_index","https://www.mrsk-1.ru/about/personnel/youth/uchebnye-tsentry/","Новые программы и планы обучения, изменения образовательных направлений, партнёры, приглашения внешних преподавателей, потребность в цифровом контенте.","Проверить открытые HTML-страницы и документы; собирать изменения, ссылки и вложения с сохранением версий. API/RSS не подтверждены.","Официальный каталог содержит ссылку; прямое чтение целевого сайта завершилось ошибкой. Автоматизация не подтверждена.","not_checked_here",""
"CU-SRC-0080","CU-0031","main_200","Кировский учебный центр «Энергетик» — Партнерство","https://www.mrsk-1.ru/about/personnel/youth/uchebnye-tsentry/","partners","content_read","https://www.mrsk-1.ru/about/personnel/youth/uchebnye-tsentry/","Официальный список сети и изменение адресов/связей учебных центров.","Публичные страницы и документы; проверка изменений и ссылок, сохранение первичного текста и версий вложений. API/RSS не подтверждены.","Публичный маршрут; автоматический сбор не испытан.","not_checked_here",""
"CU-SRC-0081","CU-0032","main_200","Тульский учебный центр «Энергетик» — Сайт / описание структуры","http://www.ukktulenergo.ru","university_site","search_index","https://www.mrsk-1.ru/about/personnel/youth/uchebnye-tsentry/","Новые программы и планы обучения, изменения образовательных направлений, партнёры, приглашения внешних преподавателей, потребность в цифровом контенте.","Проверить открытые HTML-страницы и документы; собирать изменения, ссылки и вложения с сохранением версий. API/RSS не подтверждены.","Официальный каталог содержит ссылку; прямое чтение целевого сайта завершилось ошибкой. Автоматизация не подтверждена.","not_checked_here",""
"CU-SRC-0082","CU-0032","main_200","Тульский учебный центр «Энергетик» — Партнерство","https://www.mrsk-1.ru/about/personnel/youth/uchebnye-tsentry/","partners","content_read","https://www.mrsk-1.ru/about/personnel/youth/uchebnye-tsentry/","Официальный список сети и изменение адресов/связей учебных центров.","Публичные страницы и документы; проверка изменений и ссылок, сохранение первичного текста и версий вложений. API/RSS не подтверждены.","Публичный маршрут; автоматический сбор не испытан.","not_checked_here",""
"CU-SRC-0083","CU-0033","main_200","Нижегородский учебный центр «Энергетик» — Сайт / описание структуры","https://energetik-nn.ru/","university_site","content_read","https://energetik-nn.ru/","Новые программы и планы обучения, изменения образовательных направлений, партнёры, приглашения внешних преподавателей, потребность в цифровом контенте.","Проверить открытые HTML-страницы и документы; собирать изменения, ссылки и вложения с сохранением версий. API/RSS не подтверждены.","Публичный информационный маршрут; работоспособность автоматического сборщика не проверялась.","not_checked_here",""
"CU-SRC-0084","CU-0033","main_200","Нижегородский учебный центр «Энергетик» — Партнерство","https://www.mrsk-1.ru/about/personnel/youth/uchebnye-tsentry/","partners","content_read","https://www.mrsk-1.ru/about/personnel/youth/uchebnye-tsentry/","Официальный список сети и изменение адресов/связей учебных центров.","Публичные страницы и документы; проверка изменений и ссылок, сохранение первичного текста и версий вложений. API/RSS не подтверждены.","Публичный маршрут; автоматический сбор не испытан.","not_checked_here",""
"CU-SRC-0085","CU-0034","main_200","Учебный центр «Россети Урал» — Сайт / описание структуры","https://uc-rosseti-ural.ru/about/","university_site","search_index","https://uc-rosseti-ural.ru/about/","Новые программы и планы обучения, изменения образовательных направлений, партнёры, приглашения внешних преподавателей, потребность в цифровом контенте.","Проверить открытые HTML-страницы и документы; собирать изменения, ссылки и вложения с сохранением версий. API/RSS не подтверждены.","Публичный информационный маршрут; работоспособность автоматического сборщика не проверялась.","not_checked_here",""
"CU-SRC-0086","CU-0034","main_200","Учебный центр «Россети Урал» — Новости","https://uc-rosseti-ural.ru/news/tehnicheskij-seminar-ustrojstva-regulirovanija-naprjazhenija/","news","search_index","https://uc-rosseti-ural.ru/news/tehnicheskij-seminar-ustrojstva-regulirovanija-naprjazhenija/","Пример привлечения внешнего производителя к техническому семинару; сигнал партнёрской модели, не доказательство закупки.","Публичные страницы и документы; проверка изменений и ссылок, сохранение первичного текста и версий вложений. API/RSS не подтверждены.","Публичный маршрут; автоматический сбор не испытан.","not_checked_here",""
"CU-SRC-0087","CU-0035","main_200","Учебный центр ПАО «Россети Московский регион» — Сайт / описание структуры","https://rossetimr.ru/client/services/training-center/","university_site","search_index","https://rossetimr.ru/client/services/training-center/","Новые программы и планы обучения, изменения образовательных направлений, партнёры, приглашения внешних преподавателей, потребность в цифровом контенте.","Проверить открытые HTML-страницы и документы; собирать изменения, ссылки и вложения с сохранением версий. API/RSS не подтверждены.","Публичный информационный маршрут; работоспособность автоматического сборщика не проверялась.","not_checked_here",""
"CU-SRC-0088","CU-0035","main_200","Учебный центр ПАО «Россети Московский регион» — Контакты","https://rossetimr.ru/client/services/training-center/kontakty/","contacts","search_index","https://rossetimr.ru/client/services/training-center/kontakty/","Управление внешнего обучения, связи с образовательными организациями, управленческий коучинг.","Публичные страницы и документы; проверка изменений и ссылок, сохранение первичного текста и версий вложений. API/RSS не подтверждены.","Публичный маршрут; автоматический сбор не испытан.","not_checked_here",""
"CU-SRC-0089","CU-0035","main_200","Учебный центр ПАО «Россети Московский регион» — Контакты","https://rossetimr.ru/client/services/training-center/svedeniya/struktura_i_organy_upravleniya/","contacts","search_index","https://rossetimr.ru/client/services/training-center/svedeniya/struktura_i_organy_upravleniya/","Функциональные контакты директора УЦ, внешнего обучения и оценки/развития.","Публичные страницы и документы; проверка изменений и ссылок, сохранение первичного текста и версий вложений. API/RSS не подтверждены.","Публичный маршрут; автоматический сбор не испытан.","not_checked_here",""
"CU-SRC-0090","CU-0036","main_200","Учебный комплекс «Россети Ленэнерго» — Сайт / описание структуры","https://rosseti-lenenergo.ru/educational/svedenia/mattehpoddrzka/","university_site","search_index","https://rosseti-lenenergo.ru/educational/svedenia/mattehpoddrzka/","Новые программы и планы обучения, изменения образовательных направлений, партнёры, приглашения внешних преподавателей, потребность в цифровом контенте.","Проверить открытые HTML-страницы и документы; собирать изменения, ссылки и вложения с сохранением версий. API/RSS не подтверждены.","Публичный информационный маршрут; работоспособность автоматического сборщика не проверялась.","not_checked_here",""
"CU-SRC-0091","CU-0036","main_200","Учебный комплекс «Россети Ленэнерго» — Новости","https://rosseti-lenenergo.ru/press/lenenergo/318350.html","news","search_index","https://rosseti-lenenergo.ru/press/lenenergo/318350.html","Новые курсы, подготовка преподавателей и результаты обучения в 2026 году.","Публичные страницы и документы; проверка изменений и ссылок, сохранение первичного текста и версий вложений. API/RSS не подтверждены.","Публичный маршрут; автоматический сбор не испытан.","not_checked_here",""
"CU-SRC-0092","CU-0037","main_200","Новокуйбышевский учебный центр — Сайт / описание структуры","https://chpounuc.ru/","university_site","search_index","https://chpounuc.ru/","Новые программы и планы обучения, изменения образовательных направлений, партнёры, приглашения внешних преподавателей, потребность в цифровом контенте.","Проверить открытые HTML-страницы и документы; собирать изменения, ссылки и вложения с сохранением версий. API/RSS не подтверждены.","Публичный информационный маршрут; работоспособность автоматического сборщика не проверялась.","not_checked_here",""
"CU-SRC-0093","CU-0037","main_200","Новокуйбышевский учебный центр — Партнерство","https://ptport.ru/personnel-management/training-system/corp-educational-organizations/","partners","content_read","https://ptport.ru/personnel-management/training-system/corp-educational-organizations/","Состав корпоративной образовательной сети и официальные ссылки.","Публичные страницы и документы; проверка изменений и ссылок, сохранение первичного текста и версий вложений. API/RSS не подтверждены.","Публичный маршрут; автоматический сбор не испытан.","not_checked_here",""
"CU-SRC-0094","CU-0038","main_200","Региональный учебный центр АО «Транснефть — Север» — Сайт / описание структуры","https://north.transneft.ru/personnel-management/training-system/regionalnyy-uchebnyy-tsentr/","university_site","search_index","https://ptport.ru/personnel-management/training-system/corp-educational-organizations/","Новые программы и планы обучения, изменения образовательных направлений, партнёры, приглашения внешних преподавателей, потребность в цифровом контенте.","Проверить открытые HTML-страницы и документы; собирать изменения, ссылки и вложения с сохранением версий. API/RSS не подтверждены.","Ссылка подтверждена официальным каталогом; целевой сайт возвращает сообщение о технических обновлениях.","not_checked_here",""
"CU-SRC-0095","CU-0039","reserve","Учебный центр ЛАРН АО «Транснефть — Подводсервис» — Сайт / описание структуры","https://tps.transneft.ru/customers/center/","university_site","search_index","https://ptport.ru/personnel-management/training-system/corp-educational-organizations/","Новые программы и планы обучения, изменения образовательных направлений, партнёры, приглашения внешних преподавателей, потребность в цифровом контенте.","Проверить открытые HTML-страницы и документы; собирать изменения, ссылки и вложения с сохранением версий. API/RSS не подтверждены.","Ссылка подтверждена официальным каталогом; прямое чтение вернуло 502.","not_checked_here",""
"CU-SRC-0096","CU-0040","main_200","Учебный центр ПАО «Мосэнерго» — Сайт / описание структуры","https://www.mosenergo.ru/career/training-center/info/","university_site","search_index","https://www.mosenergo.ru/career/training-center/info/","Новые программы и планы обучения, изменения образовательных направлений, партнёры, приглашения внешних преподавателей, потребность в цифровом контенте.","Проверить открытые HTML-страницы и документы; собирать изменения, ссылки и вложения с сохранением версий. API/RSS не подтверждены.","Публичный информационный маршрут; работоспособность автоматического сборщика не проверялась.","not_checked_here",""
"CU-SRC-0097","CU-0040","main_200","Учебный центр ПАО «Мосэнерго» — Программы","https://www.mosenergo.ru/career/training-center/documents/","programs","search_index","https://www.mosenergo.ru/career/training-center/documents/","Положение об электронном обучении, образовательные документы и новые форматы подготовки.","Публичные страницы и документы; проверка изменений и ссылок, сохранение первичного текста и версий вложений. API/RSS не подтверждены.","Публичный маршрут; автоматический сбор не испытан.","not_checked_here",""
"CU-SRC-0098","CU-0040","main_200","Учебный центр ПАО «Мосэнерго» — Закупки","https://tenders.gazprom.ru/","procurement","search_index","https://tenders.gazprom.ru/","Обучение и образовательный контент по названию конкретного общества, старым названиям и всем тематическим синонимам; общегрупповой маршрут, наличие закупок именно этого УЦ не установлено.","Открытая витрина и официальные переходы к ЭТП ГПБ и порталу контрагентов; сохранять закрытые/недоступные маршруты в очереди.","Официальный сайт предупреждает об ограниченном раскрытии закупочной информации. Регистрация может требоваться; нулевой результат не означает отсутствия потребности.","not_checked_here","MISB-045"
"CU-SRC-0099","CU-0041","main_200","Корпоративный университет «Норникель» — Сайт / описание структуры","https://university.nornik.ru/","university_site","search_index","https://university.nornik.ru/","Новые программы, образовательные проекты, кадровые изменения, партнёры, материалы и ссылки на другие каналы","Проверка изменений публичного HTML и ссылок; PDF и вложения сохранять с версиями. Способ доступа уточнить при подключении.","Публичный адрес подтверждён поиском; технический доступ и полноту выгрузки проверить отдельно","not_checked_here",""
"CU-SRC-0100","CU-0041","main_200","Корпоративный университет «Норникель» — Программы","https://university.nornik.ru/education/programs/","programs","search_index","https://university.nornik.ru/education/programs/","Портфель программ и новые направления; ссылки на закупочную политику и локальные закупки","Периодически проверять HTML, новые ссылки, документы и изменения; сохранять сырые материалы перед ранжированием","Публичная страница; сборщик и полнота получения не проверены","not_checked_here",""
"CU-SRC-0101","CU-0042","main_200","Корпоративный университет РУСАЛа — Сайт / описание структуры","https://rusal.ru/career/working/","university_site","content_read","https://rusal.ru/career/working/","Новые программы, образовательные проекты, кадровые изменения, партнёры, материалы и ссылки на другие каналы","Проверка изменений публичного HTML и ссылок; PDF и вложения сохранять с версиями. Способ доступа уточнить при подключении.","Содержимое публичной страницы прочитано; работоспособность сборщика, пагинация и полнота получения не проверены","not_checked_here",""
"CU-SRC-0102","CU-0042","main_200","Корпоративный университет РУСАЛа — Вакансии","https://rusal.ru/career/contacts/","careers","search_index","https://rusal.ru/career/contacts/","Контакты кадровой функции и маршрут к ответственному за развитие","Периодически проверять HTML, новые ссылки, документы и изменения; сохранять сырые материалы перед ранжированием","Публичная страница; сборщик и полнота получения не проверены","not_checked_here",""
"CU-SRC-0103","CU-0043","main_200","Университет НЛМК — Сайт / описание структуры","https://university.nlmk.com/university/","university_site","content_read","https://university.nlmk.com/university/","Новые программы, образовательные проекты, кадровые изменения, партнёры, материалы и ссылки на другие каналы","Проверка изменений публичного HTML и ссылок; PDF и вложения сохранять с версиями. Способ доступа уточнить при подключении.","Содержимое публичной страницы прочитано; работоспособность сборщика, пагинация и полнота получения не проверены","not_checked_here","MISB-325"
"CU-SRC-0104","CU-0043","main_200","Университет НЛМК — Новости","https://university.nlmk.com/news/","news","content_read","https://university.nlmk.com/news/","Новые потоки, конференции, проекты и партнерства","Периодически проверять HTML, новые ссылки, документы и изменения; сохранять сырые материалы перед ранжированием","Содержимое публичной страницы прочитано; работоспособность сборщика, пагинация и полнота получения не проверены","not_checked_here",""
"CU-SRC-0105","CU-0043","main_200","Университет НЛМК — Контакты","https://university.nlmk.com/contacts/","contacts","content_read","https://university.nlmk.com/contacts/","Публичные контакты университета","Периодически проверять HTML, новые ссылки, документы и изменения; сохранять сырые материалы перед ранжированием","Содержимое публичной страницы прочитано; работоспособность сборщика, пагинация и полнота получения не проверены","not_checked_here",""
"CU-SRC-0106","CU-0044","main_200","Корпоративный университет ОМК — Сайт / описание структуры","https://omk.ru/press/news/92090/","university_site","search_index","https://omk.ru/press/news/92090/","Новые программы, образовательные проекты, кадровые изменения, партнёры, материалы и ссылки на другие каналы","Проверка изменений публичного HTML и ссылок; PDF и вложения сохранять с версиями. Способ доступа уточнить при подключении.","Публичный адрес подтверждён поиском; технический доступ и полноту выгрузки проверить отдельно","not_checked_here",""
"CU-SRC-0107","CU-0044","main_200","Корпоративный университет ОМК — Вакансии","https://omk-job.ru/office/","careers","search_index","https://omk-job.ru/office/","Описание корпоративного обучения, новые инициативы и кадровые точки входа","Периодически проверять HTML, новые ссылки, документы и изменения; сохранять сырые материалы перед ранжированием","Публичная страница; сборщик и полнота получения не проверены","not_checked_here",""
"CU-SRC-0108","CU-0045","main_200","Корпоративный университет Металлоинвеста — Сайт / описание структуры","https://vmeste.metalloinvest.com/novosti/yuliya-mazanova-vystupila-na-ezhegodnoi-konferenfii-foruma-donorov/","university_site","search_index","https://vmeste.metalloinvest.com/novosti/yuliya-mazanova-vystupila-na-ezhegodnoi-konferenfii-foruma-donorov/","Новые программы, образовательные проекты, кадровые изменения, партнёры, материалы и ссылки на другие каналы","Проверка изменений публичного HTML и ссылок; PDF и вложения сохранять с версиями. Способ доступа уточнить при подключении.","Публичный адрес подтверждён поиском; технический доступ и полноту выгрузки проверить отдельно","not_checked_here",""
"CU-SRC-0109","CU-0045","main_200","Корпоративный университет Металлоинвеста — Новости","https://www.metalloinvest.com/media/press-releases/581244/","news","search_index","https://www.metalloinvest.com/media/press-releases/581244/","Новости о корпоративном университете и развитии персонала","Периодически проверять HTML, новые ссылки, документы и изменения; сохранять сырые материалы перед ранжированием","Публичная страница; сборщик и полнота получения не проверены","not_checked_here",""
"CU-SRC-0110","CU-0046","main_200","Технический университет УГМК — Сайт / описание структуры","https://tu-ugmk.com/about/","university_site","content_read","https://tu-ugmk.com/about/","Новые программы, образовательные проекты, кадровые изменения, партнёры, материалы и ссылки на другие каналы","Проверка изменений публичного HTML и ссылок; PDF и вложения сохранять с версиями. Способ доступа уточнить при подключении.","Содержимое публичной страницы прочитано; работоспособность сборщика, пагинация и полнота получения не проверены","not_checked_here",""
"CU-SRC-0111","CU-0046","main_200","Технический университет УГМК — Программы","https://tu-ugmk.com/electronic-course/","programs","search_index","https://tu-ugmk.com/electronic-course/","Дистанционные программы, управленческий и финансовый блок","Периодически проверять HTML, новые ссылки, документы и изменения; сохранять сырые материалы перед ранжированием","Публичная страница; сборщик и полнота получения не проверены","not_checked_here",""
"CU-SRC-0112","CU-0046","main_200","Технический университет УГМК — Контакты","https://tu-ugmk.com/contacts/","contacts","search_index","https://tu-ugmk.com/contacts/","Контакты департамента маркетинга и продаж для партнёрского маршрута","Периодически проверять HTML, новые ссылки, документы и изменения; сохранять сырые материалы перед ранжированием","Публичная страница; сборщик и полнота получения не проверены","not_checked_here",""
"CU-SRC-0113","CU-0047","main_200","Корпоративный университет ТМК2U — Сайт / описание структуры","https://tmk2u.com/Event-calendar/","university_site","content_read","https://tmk2u.com/Event-calendar/","Новые программы, образовательные проекты, кадровые изменения, партнёры, материалы и ссылки на другие каналы","Проверка изменений публичного HTML и ссылок; PDF и вложения сохранять с версиями. Способ доступа уточнить при подключении.","Содержимое публичной страницы прочитано; работоспособность сборщика, пагинация и полнота получения не проверены","not_checked_here",""
"CU-SRC-0114","CU-0047","main_200","Корпоративный университет ТМК2U — Партнерство","https://tmk2u.com/%D1%8D%D0%BA%D1%81%D0%BF%D0%B5%D1%80%D1%82%D1%8B","partners","content_read","https://tmk2u.com/%D1%8D%D0%BA%D1%81%D0%BF%D0%B5%D1%80%D1%82%D1%8B","Экспертная сеть университета; выяснить правила включения внешних экспертов","Периодически проверять HTML, новые ссылки, документы и изменения; сохранять сырые материалы перед ранжированием","Содержимое публичной страницы прочитано; работоспособность сборщика, пагинация и полнота получения не проверены","not_checked_here",""
"CU-SRC-0115","CU-0048","main_200","Корпоративный центр подготовки кадров «Персонал» — Сайт / описание структуры","https://kcpk.ru/about/","university_site","content_read","https://kcpk.ru/about/","Новые программы, образовательные проекты, кадровые изменения, партнёры, материалы и ссылки на другие каналы","Проверка изменений публичного HTML и ссылок; PDF и вложения сохранять с версиями. Способ доступа уточнить при подключении.","Содержимое публичной страницы прочитано; работоспособность сборщика, пагинация и полнота получения не проверены","not_checked_here",""
"CU-SRC-0116","CU-0048","main_200","Корпоративный центр подготовки кадров «Персонал» — Партнерство","https://kcpk.ru/clients/","partners","search_index","https://kcpk.ru/clients/","Клиентская и партнерская сеть; новые компании как маршруты расширения","Периодически проверять HTML, новые ссылки, документы и изменения; сохранять сырые материалы перед ранжированием","Публичная страница; сборщик и полнота получения не проверены","not_checked_here",""
"CU-SRC-0117","CU-0049","main_200","Корпоративный университет Полюса — Сайт / описание структуры","https://career.polyus.com/about/","university_site","content_read","https://career.polyus.com/about/","Новые программы, образовательные проекты, кадровые изменения, партнёры, материалы и ссылки на другие каналы","Проверка изменений публичного HTML и ссылок; PDF и вложения сохранять с версиями. Способ доступа уточнить при подключении.","Содержимое публичной страницы прочитано; работоспособность сборщика, пагинация и полнота получения не проверены","not_checked_here",""
"CU-SRC-0118","CU-0049","main_200","Корпоративный университет Полюса — Вакансии","https://career.polyus.com/professionals/","careers","search_index","https://career.polyus.com/professionals/","Развитие персонала и кадровые проекты компании","Периодически проверять HTML, новые ссылки, документы и изменения; сохранять сырые материалы перед ранжированием","Публичная страница; сборщик и полнота получения не проверены","not_checked_here",""
"CU-SRC-0119","CU-0050","main_200","Корпоративный университет АЛРОСА — Сайт / описание структуры","https://cpk-alrosa.ru/news?cid=6454ed4068e20b0b4c72ce1f","university_site","search_index","https://cpk-alrosa.ru/news?cid=6454ed4068e20b0b4c72ce1f","Новые программы, образовательные проекты, кадровые изменения, партнёры, материалы и ссылки на другие каналы","Проверка изменений публичного HTML и ссылок; PDF и вложения сохранять с версиями. Способ доступа уточнить при подключении.","Публичный адрес подтверждён поиском; технический доступ и полноту выгрузки проверить отдельно","not_checked_here",""
"CU-SRC-0120","CU-0050","main_200","Корпоративный университет АЛРОСА — Вакансии","https://www.alrosa.ru/hr/kogo-my-ishchem/studentam-i-vypusknikam/","careers","search_index","https://www.alrosa.ru/hr/kogo-my-ishchem/studentam-i-vypusknikam/","Партнерства КУ и новые образовательные проекты","Периодически проверять HTML, новые ссылки, документы и изменения; сохранять сырые материалы перед ранжированием","Публичная страница; сборщик и полнота получения не проверены","not_checked_here",""
"CU-SRC-0121","CU-0050","main_200","Корпоративный университет АЛРОСА — Новости","https://ynalrosa.ru/career/culture/","news","search_index","https://ynalrosa.ru/career/culture/","Портфель развития АЛРОСА: кадровый резерв и лидерские программы","Периодически проверять HTML, новые ссылки, документы и изменения; сохранять сырые материалы перед ранжированием","Публичная страница; сборщик и полнота получения не проверены","not_checked_here",""
"CU-SRC-0122","CU-0051","reserve","Учебный центр Челябинского металлургического комбината — Сайт / описание структуры","https://mechel.ru/sector/steel/chelyabinskiy-metallurgicheskiy-kombinat/professionalnaya_podgotovka/","university_site","search_index","https://mechel.ru/sector/steel/chelyabinskiy-metallurgicheskiy-kombinat/professionalnaya_podgotovka/","Новые программы, образовательные проекты, кадровые изменения, партнёры, материалы и ссылки на другие каналы","Проверка изменений публичного HTML и ссылок; PDF и вложения сохранять с версиями. Способ доступа уточнить при подключении.","Публичный адрес подтверждён поиском; технический доступ и полноту выгрузки проверить отдельно","not_checked_here",""
"CU-SRC-0123","CU-0052","reserve","Учебный центр Ижстали — Сайт / описание структуры","https://mechel.ru/sector/steel/izhstal/professionalnaya_podgotovka/","university_site","search_index","https://mechel.ru/sector/steel/izhstal/professionalnaya_podgotovka/","Новые программы, образовательные проекты, кадровые изменения, партнёры, материалы и ссылки на другие каналы","Проверка изменений публичного HTML и ссылок; PDF и вложения сохранять с версиями. Способ доступа уточнить при подключении.","Публичный адрес подтверждён поиском; технический доступ и полноту выгрузки проверить отдельно","not_checked_here",""
"CU-SRC-0124","CU-0053","main_200","Учебный центр Корпорации ВСМПО-АВИСМА — Сайт / описание структуры","https://vsmpo.ru/career/professionalnoe-i-karernoe-razvitie/uchebnyy-tsentr/","university_site","search_index","https://vsmpo.ru/career/professionalnoe-i-karernoe-razvitie/uchebnyy-tsentr/","Новые программы, образовательные проекты, кадровые изменения, партнёры, материалы и ссылки на другие каналы","Проверка изменений публичного HTML и ссылок; PDF и вложения сохранять с версиями. Способ доступа уточнить при подключении.","Публичный адрес подтверждён поиском; технический доступ и полноту выгрузки проверить отдельно","not_checked_here",""
"CU-SRC-0125","CU-0054","main_200","Корпоративный университет СИБУРа — Сайт / описание структуры","https://www.sibur.ru/ru/corporate-university/","university_site","content_read","https://www.sibur.ru/ru/corporate-university/","Новые программы, образовательные проекты, кадровые изменения, партнёры, материалы и ссылки на другие каналы","Проверка изменений публичного HTML и ссылок; PDF и вложения сохранять с версиями. Способ доступа уточнить при подключении.","Содержимое публичной страницы прочитано; работоспособность сборщика, пагинация и полнота получения не проверены","not_checked_here","MISB-118"
"CU-SRC-0126","CU-0054","main_200","Корпоративный университет СИБУРа — Закупки","https://www.sibur.ru/ru/procurement/buy/","procurement","content_read","https://www.sibur.ru/ru/procurement/buy/","Актуальные процедуры: обучение, разработка курсов, мероприятия; сохранять документы","Периодически проверять HTML, новые ссылки, документы и изменения; сохранять сырые материалы перед ранжированием","Содержимое публичной страницы прочитано; работоспособность сборщика, пагинация и полнота получения не проверены","not_checked_here",""
"CU-SRC-0127","CU-0054","main_200","Корпоративный университет СИБУРа — Партнерство","https://www.sibur.ru/ru/procurement/start/","partners","content_read","https://www.sibur.ru/ru/procurement/start/","Порядок входа поставщика и требования к партнёрам","Периодически проверять HTML, новые ссылки, документы и изменения; сохранять сырые материалы перед ранжированием","Содержимое публичной страницы прочитано; работоспособность сборщика, пагинация и полнота получения не проверены","not_checked_here",""
"CU-SRC-0128","CU-0055","main_200","Корпоративный университет Уралкалия — Сайт / описание структуры","https://www.uralkali.com/ru/career/staff/","university_site","search_index","https://www.uralkali.com/ru/career/staff/","Новые программы, образовательные проекты, кадровые изменения, партнёры, материалы и ссылки на другие каналы","Проверка изменений публичного HTML и ссылок; PDF и вложения сохранять с версиями. Способ доступа уточнить при подключении.","Публичный адрес подтверждён поиском; технический доступ и полноту выгрузки проверить отдельно","not_checked_here",""
"CU-SRC-0129","CU-0056","main_200","Корпоративный университет Уралхима — Сайт / описание структуры","https://csc.uralchem.ru/","university_site","search_index","https://csc.uralchem.ru/","Новые программы, образовательные проекты, кадровые изменения, партнёры, материалы и ссылки на другие каналы","Проверка изменений публичного HTML и ссылок; PDF и вложения сохранять с версиями. Способ доступа уточнить при подключении.","Публичный адрес подтверждён поиском; технический доступ и полноту выгрузки проверить отдельно","not_checked_here",""
"CU-SRC-0130","CU-0056","main_200","Корпоративный университет Уралхима — Новости","https://uralchemgroup.ru/news/222/","news","search_index","https://uralchemgroup.ru/news/222/","Открытые мероприятия корпоративного университета и контакты образовательного направления","Периодически проверять HTML, новые ссылки, документы и изменения; сохранять сырые материалы перед ранжированием","Публичная страница; сборщик и полнота получения не проверены","not_checked_here",""
"CU-SRC-0131","CU-0057","main_200","Учебный центр ФосАгро — Сайт / описание структуры","https://www.phosagro.ru/sustainability/quality-education/","university_site","search_index","https://www.phosagro.ru/sustainability/quality-education/","Новые программы, образовательные проекты, кадровые изменения, партнёры, материалы и ссылки на другие каналы","Проверка изменений публичного HTML и ссылок; PDF и вложения сохранять с версиями. Способ доступа уточнить при подключении.","Публичный адрес подтверждён поиском; технический доступ и полноту выгрузки проверить отдельно","not_checked_here",""
"CU-SRC-0132","CU-0057","main_200","Учебный центр ФосАгро — Программы","https://lectoriy.phosagro.ru/lectures/","programs","search_index","https://lectoriy.phosagro.ru/lectures/","Темы лектория, приглашённые эксперты, новые программы для специалистов","Периодически проверять HTML, новые ссылки, документы и изменения; сохранять сырые материалы перед ранжированием","Публичная страница; сборщик и полнота получения не проверены","not_checked_here",""
"CU-SRC-0133","CU-0058","main_200","Учебный центр ПАО «Акрон» — Сайт / описание структуры","https://www.acron.ru/sustainability/learning_centers/","university_site","content_read","https://www.acron.ru/sustainability/learning_centers/","Новые программы, образовательные проекты, кадровые изменения, партнёры, материалы и ссылки на другие каналы","Проверка изменений публичного HTML и ссылок; PDF и вложения сохранять с версиями. Способ доступа уточнить при подключении.","Содержимое публичной страницы прочитано; работоспособность сборщика, пагинация и полнота получения не проверены","not_checked_here",""
"CU-SRC-0134","CU-0058","main_200","Учебный центр ПАО «Акрон» — Закупки","https://www.acron.ru/about-acron-group/etp/","procurement","content_read","https://www.acron.ru/about-acron-group/etp/","Закупки группы; образовательные услуги и создание учебных материалов","Периодически проверять HTML, новые ссылки, документы и изменения; сохранять сырые материалы перед ранжированием","Содержимое публичной страницы прочитано; работоспособность сборщика, пагинация и полнота получения не проверены","not_checked_here",""
"CU-SRC-0135","CU-0059","reserve","Учебный центр СЗФК — Сайт / описание структуры","https://www.szfk.ru/career/learning-centers/","university_site","search_index","https://www.szfk.ru/career/learning-centers/","Новые программы, образовательные проекты, кадровые изменения, партнёры, материалы и ссылки на другие каналы","Проверка изменений публичного HTML и ссылок; PDF и вложения сохранять с версиями. Способ доступа уточнить при подключении.","Публичный адрес подтверждён поиском; технический доступ и полноту выгрузки проверить отдельно","not_checked_here",""
"CU-SRC-0136","CU-0059","reserve","Учебный центр СЗФК — Закупки","https://www.acron.ru/about-acron-group/etp/","procurement","content_read","https://www.acron.ru/about-acron-group/etp/","Закупочный маршрут группы для образовательных услуг","Периодически проверять HTML, новые ссылки, документы и изменения; сохранять сырые материалы перед ранжированием","Содержимое публичной страницы прочитано; работоспособность сборщика, пагинация и полнота получения не проверены","not_checked_here",""
"CU-SRC-0137","CU-0060","main_200","Корпоративный университет Акрон Холдинг — Сайт / описание структуры","https://podolskkabel.ru/news/korporativnyy-universitet-provel-v-podolske-strategicheskuyu-sessiyu-po-vzaimode/","university_site","search_index","https://podolskkabel.ru/news/korporativnyy-universitet-provel-v-podolske-strategicheskuyu-sessiyu-po-vzaimode/","Новые программы, образовательные проекты, кадровые изменения, партнёры, материалы и ссылки на другие каналы","Проверка изменений публичного HTML и ссылок; PDF и вложения сохранять с версиями. Способ доступа уточнить при подключении.","Публичный адрес подтверждён поиском; технический доступ и полноту выгрузки проверить отдельно","not_checked_here",""
"CU-SRC-0138","CU-0061","main_200","Академия Ростеха — Сайт / описание структуры","https://rostec.academy/","university_site","content_read","https://rostec.academy/","Новые программы, образовательные проекты, кадровые изменения, партнёры, материалы и ссылки на другие каналы","Проверка изменений публичного HTML и ссылок; PDF и вложения сохранять с версиями. Способ доступа уточнить при подключении.","Содержимое публичной страницы прочитано; работоспособность сборщика, пагинация и полнота получения не проверены","not_checked_here",""
"CU-SRC-0139","CU-0061","main_200","Академия Ростеха — Программы","https://rostec.academy/direction/education-and-development","programs","content_read","https://rostec.academy/direction/education-and-development","Образовательный портфель, новые программы, отзывы клиентов","Периодически проверять HTML, новые ссылки, документы и изменения; сохранять сырые материалы перед ранжированием","Содержимое публичной страницы прочитано; работоспособность сборщика, пагинация и полнота получения не проверены","not_checked_here",""
"CU-SRC-0140","CU-0062","main_200","Корпоративный университет КАМАЗа — Сайт / описание структуры","https://vestikamaza.ru/posts/na_kamaze_razrabotan_proekt_dlya_povysheniya_czifrovoj_gramotnosti_sotrudnikov/","university_site","content_read","https://vestikamaza.ru/posts/na_kamaze_razrabotan_proekt_dlya_povysheniya_czifrovoj_gramotnosti_sotrudnikov/","Новые программы, образовательные проекты, кадровые изменения, партнёры, материалы и ссылки на другие каналы","Проверка изменений публичного HTML и ссылок; PDF и вложения сохранять с версиями. Способ доступа уточнить при подключении.","Содержимое публичной страницы прочитано; работоспособность сборщика, пагинация и полнота получения не проверены","not_checked_here",""
"CU-SRC-0141","CU-0062","main_200","Корпоративный университет КАМАЗа — Закупки","https://kamaz.ru/about/supplier/notification/","procurement","content_read","https://kamaz.ru/about/supplier/notification/","Извещения о закупках, образовательные и методические услуги","Периодически проверять HTML, новые ссылки, документы и изменения; сохранять сырые материалы перед ранжированием","Содержимое публичной страницы прочитано; работоспособность сборщика, пагинация и полнота получения не проверены","not_checked_here",""
"CU-SRC-0142","CU-0062","main_200","Корпоративный университет КАМАЗа — Закупки","https://kamaz.ru/about/supplier/portal/","procurement","content_read","https://kamaz.ru/about/supplier/portal/","Закупочный портал и маршруты регистрации поставщика","Периодически проверять HTML, новые ссылки, документы и изменения; сохранять сырые материалы перед ранжированием","Содержимое публичной страницы прочитано; работоспособность сборщика, пагинация и полнота получения не проверены","not_checked_here",""
"CU-SRC-0143","CU-0063","main_200","Корпоративный университет Горьковского автозавода — Сайт / описание структуры","https://autozavod.media/rubrics/news/korporativnyy-universitet-gorkovskogo-avtozavoda-pereosnashchaetsya-v-ramkakh-nsv/","university_site","search_index","https://autozavod.media/rubrics/news/korporativnyy-universitet-gorkovskogo-avtozavoda-pereosnashchaetsya-v-ramkakh-nsv/","Новые программы, образовательные проекты, кадровые изменения, партнёры, материалы и ссылки на другие каналы","Проверка изменений публичного HTML и ссылок; PDF и вложения сохранять с версиями. Способ доступа уточнить при подключении.","Публичный адрес подтверждён поиском; технический доступ и полноту выгрузки проверить отдельно","not_checked_here",""
"CU-SRC-0144","CU-0063","main_200","Корпоративный университет Горьковского автозавода — Новости","https://newvec.ru/news/korporativnyy-universitet-gorkovskogo-avtozavoda-pereosnashchaetsya/","news","search_index","https://newvec.ru/news/korporativnyy-universitet-gorkovskogo-avtozavoda-pereosnashchaetsya/","Развитие академии и новые образовательные мощности","Периодически проверять HTML, новые ссылки, документы и изменения; сохранять сырые материалы перед ранжированием","Публичная страница; сборщик и полнота получения не проверены","not_checked_here",""
"CU-SRC-0145","CU-0064","reserve","LADA Академия — Сайт / описание структуры","https://www.lada.ru/education/","university_site","search_index","https://www.lada.ru/education/","Новые программы, образовательные проекты, кадровые изменения, партнёры, материалы и ссылки на другие каналы","Проверка изменений публичного HTML и ссылок; PDF и вложения сохранять с версиями. Способ доступа уточнить при подключении.","Публичный адрес подтверждён поиском; технический доступ и полноту выгрузки проверить отдельно","not_checked_here",""
"CU-SRC-0146","CU-0065","main_200","Корпоративная академия Роскосмоса — Сайт / описание структуры","https://rcacademy.ru/","university_site","content_read","https://rcacademy.ru/","Новые программы, образовательные проекты, кадровые изменения, партнёры, материалы и ссылки на другие каналы","Проверка изменений публичного HTML и ссылок; PDF и вложения сохранять с версиями. Способ доступа уточнить при подключении.","Содержимое публичной страницы прочитано; работоспособность сборщика, пагинация и полнота получения не проверены","not_checked_here",""
"CU-SRC-0147","CU-0065","main_200","Корпоративная академия Роскосмоса — Новости","https://www.roscosmos.ru/25077/","news","search_index","https://www.roscosmos.ru/25077/","Официальное описание роли академии в отрасли","Периодически проверять HTML, новые ссылки, документы и изменения; сохранять сырые материалы перед ранжированием","Публичная страница; сборщик и полнота получения не проверены","not_checked_here",""
"CU-SRC-0148","CU-0066","main_200","Корпоративный университет ОСК — Сайт / описание структуры","https://www.aoosk.ru/press-center/exhibition/eksperty-rasskazali-o-proektakh-osk-na-mezhdunarodnom-forume/","university_site","search_index","https://www.aoosk.ru/press-center/exhibition/eksperty-rasskazali-o-proektakh-osk-na-mezhdunarodnom-forume/","Новые программы, образовательные проекты, кадровые изменения, партнёры, материалы и ссылки на другие каналы","Проверка изменений публичного HTML и ссылок; PDF и вложения сохранять с версиями. Способ доступа уточнить при подключении.","Публичный адрес подтверждён поиском; технический доступ и полноту выгрузки проверить отдельно","not_checked_here",""
"CU-SRC-0149","CU-0066","main_200","Корпоративный университет ОСК — Новости","https://www.spoarktika.ru/events/217","news","search_index","https://www.spoarktika.ru/events/217","Реализация программ КУ на предприятиях; внешние партнёры и руководительская аудитория","Периодически проверять HTML, новые ссылки, документы и изменения; сохранять сырые материалы перед ранжированием","Публичная страница; сборщик и полнота получения не проверены","not_checked_here",""
"CU-SRC-0150","CU-0067","main_200","Университет ТМХ — Сайт / описание структуры","https://tmh-university.ru/","university_site","search_index","https://tmh-university.ru/","Новые программы, образовательные проекты, кадровые изменения, партнёры, материалы и ссылки на другие каналы","Проверка изменений публичного HTML и ссылок; PDF и вложения сохранять с версиями. Способ доступа уточнить при подключении.","Публичный адрес подтверждён поиском; технический доступ и полноту выгрузки проверить отдельно","not_checked_here",""
"CU-SRC-0151","CU-0068","main_200","Корпоративный университет ОАК — Сайт / описание структуры","https://uacrussia.ru/ru/corporation/personnel-policy/sustained-education/","university_site","search_index","https://uacrussia.ru/ru/corporation/personnel-policy/sustained-education/","Новые программы, образовательные проекты, кадровые изменения, партнёры, материалы и ссылки на другие каналы","Проверка изменений публичного HTML и ссылок; PDF и вложения сохранять с версиями. Способ доступа уточнить при подключении.","Публичный адрес подтверждён поиском; технический доступ и полноту выгрузки проверить отдельно","not_checked_here",""
"CU-SRC-0152","CU-0068","main_200","Корпоративный университет ОАК — Новости","https://anav.ru/news/tpost/13mj7mvjo1-startoval-novii-potok-programmi-povishen","news","search_index","https://anav.ru/news/tpost/13mj7mvjo1-startoval-novii-potok-programmi-povishen","Потоки обучения руководителей, внешние соисполнители и содержание модулей","Периодически проверять HTML, новые ссылки, документы и изменения; сохранять сырые материалы перед ранжированием","Публичная страница; сборщик и полнота получения не проверены","not_checked_here",""
"CU-SRC-0153","CU-0069","main_200","Учебный центр «Силовых машин» — Сайт / описание структуры","https://power-m.ru/company/training-center/","university_site","content_read","https://power-m.ru/company/training-center/","Новые программы, образовательные проекты, кадровые изменения, партнёры, материалы и ссылки на другие каналы","Проверка изменений публичного HTML и ссылок; PDF и вложения сохранять с версиями. Способ доступа уточнить при подключении.","Содержимое публичной страницы прочитано; работоспособность сборщика, пагинация и полнота получения не проверены","not_checked_here",""
"CU-SRC-0154","CU-0069","main_200","Учебный центр «Силовых машин» — Программы","https://power-m.ru/company/training-center/education/","programs","search_index","https://power-m.ru/company/training-center/education/","Изменения программ и форматов образования","Периодически проверять HTML, новые ссылки, документы и изменения; сохранять сырые материалы перед ранжированием","Публичная страница; сборщик и полнота получения не проверены","not_checked_here",""
"CU-SRC-0155","CU-0070","reserve","Учебный центр Ростсельмаш — Сайт / описание структуры","https://careers.rostselmash.com/programs/","university_site","search_index","https://careers.rostselmash.com/programs/","Новые программы, образовательные проекты, кадровые изменения, партнёры, материалы и ссылки на другие каналы","Проверка изменений публичного HTML и ссылок; PDF и вложения сохранять с версиями. Способ доступа уточнить при подключении.","Публичный адрес подтверждён поиском; технический доступ и полноту выгрузки проверить отдельно","not_checked_here",""
"CU-SRC-0156","CU-0071","main_200","Корпоративный университет Группы «Илим» — Сайт / описание структуры","https://www.ilimgroup.ru/career/corporate-university/","university_site","search_index","https://www.ilimgroup.ru/career/corporate-university/","Новые программы, образовательные проекты, кадровые изменения, партнёры, материалы и ссылки на другие каналы","Проверка изменений публичного HTML и ссылок; PDF и вложения сохранять с версиями. Способ доступа уточнить при подключении.","Публичный адрес подтверждён поиском; технический доступ и полноту выгрузки проверить отдельно","not_checked_here",""
"CU-SRC-0157","CU-0071","main_200","Корпоративный университет Группы «Илим» — Вакансии","https://www.ilimgroup.ru/career/working-with-youth/podderzhka-molodykh-sotrudnikov-i-razvitie-talantov/","careers","search_index","https://www.ilimgroup.ru/career/working-with-youth/podderzhka-molodykh-sotrudnikov-i-razvitie-talantov/","Развитие талантов и программы университета","Периодически проверять HTML, новые ссылки, документы и изменения; сохранять сырые материалы перед ранжированием","Публичная страница; сборщик и полнота получения не проверены","not_checked_here",""
"CU-SRC-0158","CU-0072","main_200","Корпоративный университет Асконы — Сайт / описание структуры","https://almetevsk.askona.ru/news/company/askona-predstavila-svoyu-ekspertizu-na-pmef-2026/","university_site","search_index","https://almetevsk.askona.ru/news/company/askona-predstavila-svoyu-ekspertizu-na-pmef-2026/","Новые программы, образовательные проекты, кадровые изменения, партнёры, материалы и ссылки на другие каналы","Проверка изменений публичного HTML и ссылок; PDF и вложения сохранять с версиями. Способ доступа уточнить при подключении.","Публичный адрес подтверждён поиском; технический доступ и полноту выгрузки проверить отдельно","not_checked_here",""
"CU-SRC-0159","CU-0073","main_200","Технологический университет ЕвроХима — Соцсеть","https://t.me/s/eurochemofficial/1469","social","content_read","https://t.me/s/eurochemofficial/1469","Новые программы, образовательные проекты, кадровые изменения, партнёры, материалы и ссылки на другие каналы","Проверка изменений публичного HTML и ссылок; PDF и вложения сохранять с версиями. Способ доступа уточнить при подключении.","Содержимое публичной страницы прочитано; работоспособность сборщика, пагинация и полнота получения не проверены","not_checked_here",""
"CU-SRC-0160","CU-0073","main_200","Технологический университет ЕвроХима — Сайт / описание структуры","https://mcc.eurochem.ru/ru/educations/","university_site","search_index","https://mcc.eurochem.ru/ru/educations/","Учебные центры предприятий и структура управления обучением; дополнительные маршруты","Периодически проверять HTML, новые ссылки, документы и изменения; сохранять сырые материалы перед ранжированием","Публичная страница; сборщик и полнота получения не проверены","not_checked_here",""
"CU-SRC-0161","CU-0074","reserve","Образовательный центр Сегежского ЦБК — Сайт / описание структуры","https://segezha-group.com/about/factory/scbk-educational-center/","university_site","search_index","https://segezha-group.com/about/factory/scbk-educational-center/","Новые программы, образовательные проекты, кадровые изменения, партнёры, материалы и ссылки на другие каналы","Проверка изменений публичного HTML и ссылок; PDF и вложения сохранять с версиями. Способ доступа уточнить при подключении.","Публичный адрес подтверждён поиском; технический доступ и полноту выгрузки проверить отдельно","not_checked_here",""
"CU-SRC-0162","CU-0075","main_200","НОЦ ВКО «Алмаз-Антей» им. академика В.П. Ефремова — Сайт / описание структуры","https://nocvko.ru/","university_site","content_read","https://nocvko.ru/","Новые программы, образовательные проекты, кадровые изменения, партнёры, материалы и ссылки на другие каналы","Проверка изменений публичного HTML и ссылок; PDF и вложения сохранять с версиями. Способ доступа уточнить при подключении.","Содержимое публичной страницы прочитано; работоспособность сборщика, пагинация и полнота получения не проверены","not_checked_here",""
"CU-SRC-0163","CU-0075","main_200","НОЦ ВКО «Алмаз-Антей» им. академика В.П. Ефремова — Программы","https://nocvko.ru/dopolnitelnoe-professionalnoe-obrazovanie-53/grafik-obucheniya-68","programs","content_read","https://nocvko.ru/dopolnitelnoe-professionalnoe-obrazovanie-53/grafik-obucheniya-68","График программ и новые направления","Периодически проверять HTML, новые ссылки, документы и изменения; сохранять сырые материалы перед ранжированием","Содержимое публичной страницы прочитано; работоспособность сборщика, пагинация и полнота получения не проверены","not_checked_here",""
"CU-SRC-0164","CU-0075","main_200","НОЦ ВКО «Алмаз-Антей» им. академика В.П. Ефремова — Контакты","https://nocvko.ru/o-tsentre-1/kontakty-2","contacts","content_read","https://nocvko.ru/o-tsentre-1/kontakty-2","Контакты ДПО и операторов программ","Периодически проверять HTML, новые ссылки, документы и изменения; сохранять сырые материалы перед ранжированием","Содержимое публичной страницы прочитано; работоспособность сборщика, пагинация и полнота получения не проверены","not_checked_here",""
"CU-SRC-0165","CU-0076","main_200","Научно-образовательный центр Обуховского завода — Сайт / описание структуры","https://noc.goz.ru/","university_site","search_index","https://noc.goz.ru/","Новые программы, образовательные проекты, кадровые изменения, партнёры, материалы и ссылки на другие каналы","Проверка изменений публичного HTML и ссылок; PDF и вложения сохранять с версиями. Способ доступа уточнить при подключении.","Публичный адрес подтверждён поиском; технический доступ и полноту выгрузки проверить отдельно","not_checked_here",""
"CU-SRC-0166","CU-0077","main_200","Региональный центр подготовки персонала «Евраз-Сибирь» — Сайт / описание структуры","https://www.rcpp.ru/sveden/istoriya-tsentra","university_site","content_read","https://www.rcpp.ru/sveden/istoriya-tsentra","Новые программы, образовательные проекты, кадровые изменения, партнёры, материалы и ссылки на другие каналы","Проверка изменений публичного HTML и ссылок; PDF и вложения сохранять с версиями. Способ доступа уточнить при подключении.","Содержимое публичной страницы прочитано; работоспособность сборщика, пагинация и полнота получения не проверены","not_checked_here",""
"CU-SRC-0167","CU-0077","main_200","Региональный центр подготовки персонала «Евраз-Сибирь» — Программы","https://www.rcpp.ru/grafiki-i-rastsenki","programs","search_index","https://www.rcpp.ru/grafiki-i-rastsenki","Графики для руководителей и специалистов; новые темы и партнёрская ниша","Периодически проверять HTML, новые ссылки, документы и изменения; сохранять сырые материалы перед ранжированием","Публичная страница; сборщик и полнота получения не проверены","not_checked_here",""
"CU-SRC-0168","CU-0077","main_200","Региональный центр подготовки персонала «Евраз-Сибирь» — Новости","https://obr.evraz.com/zsmk/pedagogicheskij-sostav/","news","search_index","https://obr.evraz.com/zsmk/pedagogicheskij-sostav/","Методическая подготовка преподавателей и дистанционные форматы","Периодически проверять HTML, новые ссылки, документы и изменения; сохранять сырые материалы перед ранжированием","Публичная страница; сборщик и полнота получения не проверены","not_checked_here",""
"CU-SRC-0169","CU-0078","main_200","Центр подготовки персонала «Евраз-Урал» — Сайт / описание структуры","https://cpp-evraz-ural.ru/sveden/common/","university_site","search_index","https://cpp-evraz-ural.ru/sveden/common/","Новые программы, образовательные проекты, кадровые изменения, партнёры, материалы и ссылки на другие каналы","Проверка изменений публичного HTML и ссылок; PDF и вложения сохранять с версиями. Способ доступа уточнить при подключении.","Публичный адрес подтверждён поиском; технический доступ и полноту выгрузки проверить отдельно","not_checked_here",""
"CU-SRC-0170","CU-0078","main_200","Центр подготовки персонала «Евраз-Урал» — Партнерство","https://kcpk.ru/clients/chou-dpo-tsentr-podgotovki-personala-evraz-ural/","partners","search_index","https://kcpk.ru/clients/chou-dpo-tsentr-podgotovki-personala-evraz-ural/","Подтвержденная партнёром специализация и сеть взаимодействия","Периодически проверять HTML, новые ссылки, документы и изменения; сохранять сырые материалы перед ранжированием","Публичная страница; сборщик и полнота получения не проверены","not_checked_here",""
"CU-SRC-0171","CU-0079","main_200","Учебный центр ЧерМК / отдел по обучению и развитию Северстали — Сайт / описание структуры","https://severstal.com/rus/about/structure/businesses/cherepovetskiy-metallurgicheskiy-kombinat/uchebnyy-tsentr-chermk/","university_site","search_index","https://severstal.com/rus/about/structure/businesses/cherepovetskiy-metallurgicheskiy-kombinat/uchebnyy-tsentr-chermk/","Новые программы, образовательные проекты, кадровые изменения, партнёры, материалы и ссылки на другие каналы","Проверка изменений публичного HTML и ссылок; PDF и вложения сохранять с версиями. Способ доступа уточнить при подключении.","Публичный адрес подтверждён поиском; технический доступ и полноту выгрузки проверить отдельно","not_checked_here",""
"CU-SRC-0172","CU-0079","main_200","Учебный центр ЧерМК / отдел по обучению и развитию Северстали — Сайт / описание структуры","https://severstal.com/rus/about/structure/businesses/cherepovetskiy-metallurgicheskiy-kombinat/uchebnyy-tsentr-chermk/svedeniya-ob-organizatsii/","university_site","search_index","https://severstal.com/rus/about/structure/businesses/cherepovetskiy-metallurgicheskiy-kombinat/uchebnyy-tsentr-chermk/svedeniya-ob-organizatsii/","Реквизиты, образовательный статус и подразделение обучения","Периодически проверять HTML, новые ссылки, документы и изменения; сохранять сырые материалы перед ранжированием","Публичная страница; сборщик и полнота получения не проверены","not_checked_here",""
"CU-SRC-0173","CU-0080","reserve","Учебный центр ПАО «Дорогобуж» — Сайт / описание структуры","https://www.acron.ru/sustainability/learning_centers/","university_site","content_read","https://www.acron.ru/sustainability/learning_centers/","Новые программы, образовательные проекты, кадровые изменения, партнёры, материалы и ссылки на другие каналы","Проверка изменений публичного HTML и ссылок; PDF и вложения сохранять с версиями. Способ доступа уточнить при подключении.","Содержимое публичной страницы прочитано; работоспособность сборщика, пагинация и полнота получения не проверены","not_checked_here",""
"CU-SRC-0174","CU-0080","reserve","Учебный центр ПАО «Дорогобуж» — Закупки","https://www.acron.ru/about-acron-group/etp/","procurement","content_read","https://www.acron.ru/about-acron-group/etp/","Закупки группы и услуг обучения для предприятия","Периодически проверять HTML, новые ссылки, документы и изменения; сохранять сырые материалы перед ранжированием","Содержимое публичной страницы прочитано; работоспособность сборщика, пагинация и полнота получения не проверены","not_checked_here",""
"CU-SRC-0175","CU-0081","main_200","СберУниверситет — Сайт / описание структуры","https://sberuniversity.ru/","university_site","content_read","https://sberuniversity.ru/","Образовательные приоритеты, названия программ, приглашения партнёров, изменения структуры, ссылки на новые каналы.","HTTP/HTML или текст PDF; проверка обновлений и переход к найденным официальным разделам. RSS/API не подтверждены.","Страница прочитана","not_checked_here","MISB-326"
"CU-SRC-0176","CU-0081","main_200","СберУниверситет — Новости","https://sberuniversity.ru/news/","news","content_read","https://sberuniversity.ru/","Новые публикации, образовательные программы и ссылки на дополнительные источники; для закупок — широкий словарь услуг МИСБ.","Открытые HTML/JS после проверки доступа; сохранять документы, изменения и исходные ссылки.","Открытая новостная лента; автоматический сбор не подключён.","not_checked_here",""
"CU-SRC-0177","CU-0082","reserve","ВТБ Образование — Сайт / описание структуры","https://learn.vtb.ru/","university_site","search_index","https://learn.vtb.ru/","Образовательные приоритеты, названия программ, приглашения партнёров, изменения структуры, ссылки на новые каналы.","HTTP/HTML или текст PDF; проверка обновлений и переход к найденным официальным разделам. RSS/API не подтверждены.","Подтверждено поисковым индексом официального сайта; попытка открыть страницу инструментом завершилась ошибкой. Сохранять и повторить доступ.","not_checked_here",""
"CU-SRC-0178","CU-0082","reserve","ВТБ Образование — Программы","https://academy.vtb.ru/course/catalog.php","programs","search_index","https://academy.vtb.ru/course/catalog.php","Каталог программ, новые темы, аудитории и авторы.","Сохранять HTML/PDF и изменения; извлекать ссылки на карточки и документы. RSS/API не предполагаются.","Подтверждён адрес в выдаче/официальной ссылке; работа сборщика, пагинация и авторизация не проверены.","not_checked_here",""
"CU-SRC-0179","CU-0082","reserve","ВТБ Образование — Закупки","https://www.vtb.ru/malyj-biznes/servisy-v-pomoshch-biznesu/biznes-connect/","procurement","search_index","https://www.vtb.ru/malyj-biznes/servisy-v-pomoshch-biznesu/biznes-connect/","Официальный маршрут на Бизнес Коннект для закупок группы ВТБ; искать обучение и разработку курсов после перехода на площадку.","Сохранять HTML/PDF и изменения; извлекать ссылки на карточки и документы. RSS/API не предполагаются.","Подтверждён адрес в выдаче/официальной ссылке; работа сборщика, пагинация и авторизация не проверены.","not_checked_here",""
"CU-SRC-0180","CU-0083","main_200","Альфа-Академия — Новости","https://alfabank.ru/about/sustainability/","news","search_index","https://alfabank.ru/about/sustainability/","Образовательные приоритеты, названия программ, приглашения партнёров, изменения структуры, ссылки на новые каналы.","HTTP/HTML или текст PDF; проверка обновлений и переход к найденным официальным разделам. RSS/API не подтверждены.","Найдено в поисковом индексе; извлечение содержимого сборщиком и права доступа не проверены","not_checked_here",""
"CU-SRC-0181","CU-0084","main_200","РСХБ-Университет — Сайт / описание структуры","https://www.rshb.ru/news/19042024-000003","university_site","search_index","https://www.rshb.ru/news/19042024-000003","Образовательные приоритеты, названия программ, приглашения партнёров, изменения структуры, ссылки на новые каналы.","HTTP/HTML или текст PDF; проверка обновлений и переход к найденным официальным разделам. RSS/API не подтверждены.","Найдено в поисковом индексе; извлечение содержимого сборщиком и права доступа не проверены","not_checked_here",""
"CU-SRC-0182","CU-0084","main_200","РСХБ-Университет — Закупки","https://www.rshb.ru/about/purchases","procurement","search_index","https://www.rshb.ru/about/purchases","Закупки банка, ссылки на ЭТП и документы; обучение и электронный контент по широкому словарю.","Сохранять HTML/PDF и изменения; извлекать ссылки на карточки и документы. RSS/API не предполагаются.","Подтверждён адрес в выдаче/официальной ссылке; работа сборщика, пагинация и авторизация не проверены.","not_checked_here",""
"CU-SRC-0183","CU-0085","main_200","Академия ПСБ — Сайт / описание структуры","https://www.psbank.ru/bank/academy","university_site","search_index","https://www.psbank.ru/bank/academy","Образовательные приоритеты, названия программ, приглашения партнёров, изменения структуры, ссылки на новые каналы.","HTTP/HTML или текст PDF; проверка обновлений и переход к найденным официальным разделам. RSS/API не подтверждены.","Подтверждено поисковым индексом официального сайта; попытка открыть страницу инструментом завершилась ошибкой. Сохранять и повторить доступ.","not_checked_here",""
"CU-SRC-0184","CU-0086","main_200","Корпоративный университет УРАЛСИБ — Новости","https://uralsib.ru/api/directory-engine/files/regulatory-objectives/riski_2015-05-29_lxnyyapa.pdf","news","search_index","https://uralsib.ru/api/directory-engine/files/regulatory-objectives/riski_2015-05-29_lxnyyapa.pdf","Образовательные приоритеты, названия программ, приглашения партнёров, изменения структуры, ссылки на новые каналы.","HTTP/HTML или текст PDF; проверка обновлений и переход к найденным официальным разделам. RSS/API не подтверждены.","Найдено в поисковом индексе; извлечение содержимого сборщиком и права доступа не проверены","not_checked_here",""
"CU-SRC-0185","CU-0087","main_200","Корпоративный университет Совкомбанка — Новости","https://sovcombank.ru/about/press-center/news/novosti-kompanii/gruppa-sovkombank-stala-laureatom-hr-premii-hrustalnaya-piramida--2024-srazu-v-tryoh-nominatsiyah","news","search_index","https://sovcombank.ru/about/press-center/news/novosti-kompanii/gruppa-sovkombank-stala-laureatom-hr-premii-hrustalnaya-piramida--2024-srazu-v-tryoh-nominatsiyah","Образовательные приоритеты, названия программ, приглашения партнёров, изменения структуры, ссылки на новые каналы.","HTTP/HTML или текст PDF; проверка обновлений и переход к найденным официальным разделам. RSS/API не подтверждены.","Найдено в поисковом индексе; извлечение содержимого сборщиком и права доступа не проверены","not_checked_here",""
"CU-SRC-0186","CU-0088","main_200","Корпоративный университет Ингосстраха — Новости","https://cdn.ingos.ru/docs/year-reports/igs-annual-report-2024_rus.pdf","news","search_index","https://cdn.ingos.ru/docs/year-reports/igs-annual-report-2024_rus.pdf","Образовательные приоритеты, названия программ, приглашения партнёров, изменения структуры, ссылки на новые каналы.","HTTP/HTML или текст PDF; проверка обновлений и переход к найденным официальным разделам. RSS/API не подтверждены.","Найдено в поисковом индексе; извлечение содержимого сборщиком и права доступа не проверены","not_checked_here",""
"CU-SRC-0187","CU-0089","reserve","Корпоративный университет Росгосстраха — Новости","https://my.rgs.ru/media/all_insurance/sbotnik_kaliningrad.pdf","news","search_index","https://my.rgs.ru/media/all_insurance/sbotnik_kaliningrad.pdf","Образовательные приоритеты, названия программ, приглашения партнёров, изменения структуры, ссылки на новые каналы.","HTTP/HTML или текст PDF; проверка обновлений и переход к найденным официальным разделам. RSS/API не подтверждены.","Найдено в поисковом индексе; извлечение содержимого сборщиком и права доступа не проверены","not_checked_here",""
"CU-SRC-0188","CU-0089","reserve","Корпоративный университет Росгосстраха — Новости","https://www.rgs.ru/about/news/rosgosstrakh-sokratil-razrabotku-uchebnykh-kursov-dlya-sotrudnikov-vtroe-s-pomoshchyu-ii-","news","search_index","https://www.rgs.ru/about/news/rosgosstrakh-sokratil-razrabotku-uchebnykh-kursov-dlya-sotrudnikov-vtroe-s-pomoshchyu-ii-","Актуальное управление обучения сети продаж, планы ИИ и производство электронных курсов; установить преемственность КУ.","Сохранять HTML/PDF и изменения; извлекать ссылки на карточки и документы. RSS/API не предполагаются.","Подтверждён адрес в выдаче/официальной ссылке; работа сборщика, пагинация и авторизация не проверены.","not_checked_here",""
"CU-SRC-0189","CU-0090","main_200","Корпоративный университет АльфаСтрахования — Новости","https://www.alfastrah.ru/company/history/","news","search_index","https://www.alfastrah.ru/company/history/","Образовательные приоритеты, названия программ, приглашения партнёров, изменения структуры, ссылки на новые каналы.","HTTP/HTML или текст PDF; проверка обновлений и переход к найденным официальным разделам. RSS/API не подтверждены.","Найдено в поисковом индексе; извлечение содержимого сборщиком и права доступа не проверены","not_checked_here",""
"CU-SRC-0190","CU-0091","main_200","Школа страхования РЕСО — Сайт / описание структуры","https://reso.ru/agent-job/","university_site","search_index","https://reso.ru/agent-job/","Образовательные приоритеты, названия программ, приглашения партнёров, изменения структуры, ссылки на новые каналы.","HTTP/HTML или текст PDF; проверка обновлений и переход к найденным официальным разделам. RSS/API не подтверждены.","Найдено в поисковом индексе; извлечение содержимого сборщиком и права доступа не проверены","not_checked_here",""
"CU-SRC-0191","CU-0091","main_200","Школа страхования РЕСО — Закупки","https://reso.ru/about/tenders/","procurement","search_index","https://reso.ru/about/tenders/","Закупки компании и переход к актуальным тендерам; школа не объявляет здесь гарантированный спрос.","Сохранять HTML/PDF и изменения; извлекать ссылки на карточки и документы. RSS/API не предполагаются.","Подтверждён адрес в выдаче/официальной ссылке; работа сборщика, пагинация и авторизация не проверены.","not_checked_here",""
"CU-SRC-0192","CU-0092","main_200","Университет Банка России — Новости","https://www.cbr.ru/about_br/bankstructute/ubr/","news","search_index","https://www.cbr.ru/about_br/bankstructute/ubr/","Образовательные приоритеты, названия программ, приглашения партнёров, изменения структуры, ссылки на новые каналы.","HTTP/HTML или текст PDF; проверка обновлений и переход к найденным официальным разделам. RSS/API не подтверждены.","Официальная страница в индексе, прямое открытие вернуло 403. Сохранять с отдельной задачей доступа.","not_checked_here",""
"CU-SRC-0193","CU-0092","main_200","Университет Банка России — Программы","https://finclass.info/","programs","search_index","https://finclass.info/","Каталог открытых программ университета, новые курсы, темы, партнёрства; регистрация на обучение отдельна от доступа к публичным данным.","Сохранять HTML/PDF и изменения; извлекать ссылки на карточки и документы. RSS/API не предполагаются.","Подтверждён адрес в выдаче/официальной ссылке; работа сборщика, пагинация и авторизация не проверены.","not_checked_here",""
"CU-SRC-0194","CU-0093","main_200","Корпоративный университет МТС — Сайт / описание структуры","https://support.mts.ru/korporativnyyuniversitet","university_site","content_read","https://support.mts.ru/korporativnyyuniversitet","Образовательные приоритеты, названия программ, приглашения партнёров, изменения структуры, ссылки на новые каналы.","HTTP/HTML или текст PDF; проверка обновлений и переход к найденным официальным разделам. RSS/API не подтверждены.","Страница прочитана","not_checked_here",""
"CU-SRC-0195","CU-0093","main_200","Корпоративный университет МТС — Новости","https://moskva.mts.ru/about/media-centr/soobshheniya-kompanii/novosti-mts-v-rossii-i-mire/2022-10-04/mts-stala-laureatom-premii-hr-brend","news","search_index","https://moskva.mts.ru/about/media-centr/soobshheniya-kompanii/novosti-mts-v-rossii-i-mire/2022-10-04/mts-stala-laureatom-premii-hr-brend","Портфель тем, изменение образовательной платформы, внешние партнёры.","Сохранять HTML/PDF и изменения; извлекать ссылки на карточки и документы. RSS/API не предполагаются.","Подтверждён адрес в выдаче/официальной ссылке; работа сборщика, пагинация и авторизация не проверены.","not_checked_here",""
"CU-SRC-0196","CU-0093","main_200","Корпоративный университет МТС — Сайт / описание структуры","https://education.mts.ru/","university_site","content_read","https://support.mts.ru/korporativnyyuniversitet","Новые публикации, образовательные программы и ссылки на дополнительные источники; для закупок — широкий словарь услуг МИСБ.","Открытые HTML/JS после проверки доступа; сохранять документы, изменения и исходные ссылки.","Официальная ссылка открыта, возвращает оболочку с требованием JavaScript. Содержание/LMS не прочитаны; доступ ещё проверить.","not_checked_here",""
"CU-SRC-0197","CU-0094","main_200","билайн университет — Новости","https://beelinenow.ru/articles/klassika-i-sovremennost-25-let-bilayn-universitetu/","news","search_index","https://beelinenow.ru/articles/klassika-i-sovremennost-25-let-bilayn-universitetu/","Образовательные приоритеты, названия программ, приглашения партнёров, изменения структуры, ссылки на новые каналы.","HTTP/HTML или текст PDF; проверка обновлений и переход к найденным официальным разделам. RSS/API не подтверждены.","Найдено в поисковом индексе; извлечение содержимого сборщиком и права доступа не проверены","not_checked_here",""
"CU-SRC-0198","CU-0095","main_200","Корпоративный онлайн-университет Ростелекома — Новости","https://www.company.rt.ru/social/staff/","news","search_index","https://www.company.rt.ru/social/staff/","Образовательные приоритеты, названия программ, приглашения партнёров, изменения структуры, ссылки на новые каналы.","HTTP/HTML или текст PDF; проверка обновлений и переход к найденным официальным разделам. RSS/API не подтверждены.","Найдено в поисковом индексе; извлечение содержимого сборщиком и права доступа не проверены","not_checked_here",""
"CU-SRC-0199","CU-0096","main_200","МегаАкадемия — Новости","https://corp.megafon.ru/download/~federal/corp/investoram/report/year_reports/megafon_ar2019_rus.pdf","news","search_index","https://corp.megafon.ru/download/~federal/corp/investoram/report/year_reports/megafon_ar2019_rus.pdf","Образовательные приоритеты, названия программ, приглашения партнёров, изменения структуры, ссылки на новые каналы.","HTTP/HTML или текст PDF; проверка обновлений и переход к найденным официальным разделам. RSS/API не подтверждены.","Найдено в поисковом индексе; извлечение содержимого сборщиком и права доступа не проверены","not_checked_here",""
"CU-SRC-0200","CU-0096","main_200","МегаАкадемия — Программы","https://tng.megafon.ru/page94393376.html","programs","search_index","https://tng.megafon.ru/page94393376.html","Именованные учебные материалы МегаАкадемии; выйти из отдельного материала к актуальному каталогу.","Сохранять HTML/PDF и изменения; извлекать ссылки на карточки и документы. RSS/API не предполагаются.","Подтверждён адрес в выдаче/официальной ссылке; работа сборщика, пагинация и авторизация не проверены.","not_checked_here",""
"CU-SRC-0201","CU-0097","main_200","Полка X5 — Новости","https://www.x5.ru/ru/news/x5-zapuskaet-korporativnyj-universitet/","news","search_index","https://www.x5.ru/ru/news/x5-zapuskaet-korporativnyj-universitet/","Образовательные приоритеты, названия программ, приглашения партнёров, изменения структуры, ссылки на новые каналы.","HTTP/HTML или текст PDF; проверка обновлений и переход к найденным официальным разделам. RSS/API не подтверждены.","Найдено в поисковом индексе; извлечение содержимого сборщиком и права доступа не проверены","not_checked_here",""
"CU-SRC-0202","CU-0097","main_200","Полка X5 — Закупки","https://www.x5.ru/ru/partners/purchases-for-own-needs/","procurement","search_index","https://www.x5.ru/ru/partners/purchases-for-own-needs/","Нетоварные закупки группы; обучение, оценка, кадровые и цифровые образовательные услуги.","Сохранять HTML/PDF и изменения; извлекать ссылки на карточки и документы. RSS/API не предполагаются.","Подтверждён адрес в выдаче/официальной ссылке; работа сборщика, пагинация и авторизация не проверены.","not_checked_here","MISB-296"
"CU-SRC-0203","CU-0097","main_200","Полка X5 — Закупки","https://www.x5.ru/ru/suppliers/noncommercial-purchase/","procurement","search_index","https://www.x5.ru/ru/suppliers/noncommercial-purchase/","Кабинет поставщика и правила регистрации по нетоварным услугам; сохранить отдельно от информационной страницы.","Сохранять HTML/PDF и изменения; извлекать ссылки на карточки и документы. RSS/API не предполагаются.","Подтверждён адрес в выдаче/официальной ссылке; работа сборщика, пагинация и авторизация не проверены.","not_checked_here","MISB-297"
"CU-SRC-0204","CU-0098","main_200","Корпоративная академия Магнита — Новости","https://sr2022.magnit.com/ru/our-employees/recruitment-training/training-development","news","search_index","https://sr2022.magnit.com/ru/our-employees/recruitment-training/training-development","Образовательные приоритеты, названия программ, приглашения партнёров, изменения структуры, ссылки на новые каналы.","HTTP/HTML или текст PDF; проверка обновлений и переход к найденным официальным разделам. RSS/API не подтверждены.","Найдено в поисковом индексе; извлечение содержимого сборщиком и права доступа не проверены","not_checked_here",""
"CU-SRC-0205","CU-0099","main_200","Корпоративный университет Монетки — Новости","https://www.lentagroup.ru/ru/media/news-and-press-releases/bolee-98-sotrudnikov-monetki-polozhitelno-otsenivayut-obuchenie-v-korporativnom-universitete/","news","search_index","https://www.lentagroup.ru/ru/media/news-and-press-releases/bolee-98-sotrudnikov-monetki-polozhitelno-otsenivayut-obuchenie-v-korporativnom-universitete/","Образовательные приоритеты, названия программ, приглашения партнёров, изменения структуры, ссылки на новые каналы.","HTTP/HTML или текст PDF; проверка обновлений и переход к найденным официальным разделам. RSS/API не подтверждены.","Найдено в поисковом индексе; извлечение содержимого сборщиком и права доступа не проверены","not_checked_here",""
"CU-SRC-0206","CU-0100","main_200","Цифровая академия / Академия ритейла М.Видео-Эльдорадо — Новости","https://mvideoeldorado.ru/en/press-center/press-releases/detail/2420","news","search_index","https://mvideoeldorado.ru/en/press-center/press-releases/detail/2420","Образовательные приоритеты, названия программ, приглашения партнёров, изменения структуры, ссылки на новые каналы.","HTTP/HTML или текст PDF; проверка обновлений и переход к найденным официальным разделам. RSS/API не подтверждены.","Найдено в поисковом индексе; извлечение содержимого сборщиком и права доступа не проверены","not_checked_here",""
"CU-SRC-0207","CU-0100","main_200","Цифровая академия / Академия ритейла М.Видео-Эльдорадо — Новости","https://www.mvideoeldorado.ru/fileadmin/user_upload/annual_reports/ru/2025/Mvideo_AR2025_Book_RUS_public.pdf","news","search_index","https://www.mvideoeldorado.ru/fileadmin/user_upload/annual_reports/ru/2025/Mvideo_AR2025_Book_RUS_public.pdf","Актуальное устройство обучения, Академия ТехноЭкспертов, SMART.TALKS, программы для новых руководителей.","Сохранять HTML/PDF и изменения; извлекать ссылки на карточки и документы. RSS/API не предполагаются.","Подтверждён адрес в выдаче/официальной ссылке; работа сборщика, пагинация и авторизация не проверены.","not_checked_here",""
"CU-SRC-0208","CU-0101","reserve","Корпоративный университет IBS — Новости","https://ibs.ru/media/ibs-integriruet-svoi-obrazovatelnye-struktury-v-korporativnyy-universitet/","news","search_index","https://ibs.ru/media/ibs-integriruet-svoi-obrazovatelnye-struktury-v-korporativnyy-universitet/","Образовательные приоритеты, названия программ, приглашения партнёров, изменения структуры, ссылки на новые каналы.","HTTP/HTML или текст PDF; проверка обновлений и переход к найденным официальным разделам. RSS/API не подтверждены.","Найдено в поисковом индексе; извлечение содержимого сборщиком и права доступа не проверены","not_checked_here",""
"CU-SRC-0209","CU-0102","main_200","Корпоративный университет КРОК — Новости","https://edcrunch.online/conf/2022/180","news","search_index","https://edcrunch.online/conf/2022/180","Образовательные приоритеты, названия программ, приглашения партнёров, изменения структуры, ссылки на новые каналы.","HTTP/HTML или текст PDF; проверка обновлений и переход к найденным официальным разделам. RSS/API не подтверждены.","Найдено в поисковом индексе; извлечение содержимого сборщиком и права доступа не проверены","not_checked_here",""
"CU-SRC-0210","CU-0102","main_200","Корпоративный университет КРОК — Партнерство","https://edu.croc.ru/projects","partners","search_index","https://edu.croc.ru/projects","Официальные кейсы образовательных услуг КРОК и направления партнёрства; искать актуальные контакты.","Сохранять HTML/PDF и изменения; извлекать ссылки на карточки и документы. RSS/API не предполагаются.","Подтверждён адрес в выдаче/официальной ссылке; работа сборщика, пагинация и авторизация не проверены.","not_checked_here",""
"CU-SRC-0211","CU-0103","main_200","Корпоративный университет / внутренняя Академия Softline — Новости","https://edu.softline.com/news/kompaniya-softline-otkryta-dlya-vsekh-kto-reshil-smenit-profil-deyatelnosti-i-nashel-sebya-v-it/","news","search_index","https://edu.softline.com/news/kompaniya-softline-otkryta-dlya-vsekh-kto-reshil-smenit-profil-deyatelnosti-i-nashel-sebya-v-it/","Образовательные приоритеты, названия программ, приглашения партнёров, изменения структуры, ссылки на новые каналы.","HTTP/HTML или текст PDF; проверка обновлений и переход к найденным официальным разделам. RSS/API не подтверждены.","Найдено в поисковом индексе; извлечение содержимого сборщиком и права доступа не проверены","not_checked_here",""
"CU-SRC-0212","CU-0103","main_200","Корпоративный университет / внутренняя Академия Softline — Партнерство","https://academy-softline.ru/","partners","search_index","https://academy-softline.ru/","Внешняя экосистема группы: темы и возможное партнёрство. Это смежный канал, не доказательство общего бюджета с внутренним КУ.","Сохранять HTML/PDF и изменения; извлекать ссылки на карточки и документы. RSS/API не предполагаются.","Подтверждён адрес в выдаче/официальной ссылке; работа сборщика, пагинация и авторизация не проверены.","not_checked_here",""
"CU-SRC-0213","CU-0104","main_200","Сетевая Академия ЛАНИТ — Новости","https://lanit.ru/press/archive/setevaya-akademiya-lanit-podvela-itogi-2021-goda-","news","search_index","https://lanit.ru/press/archive/setevaya-akademiya-lanit-podvela-itogi-2021-goda-","Образовательные приоритеты, названия программ, приглашения партнёров, изменения структуры, ссылки на новые каналы.","HTTP/HTML или текст PDF; проверка обновлений и переход к найденным официальным разделам. RSS/API не подтверждены.","Найдено в поисковом индексе; извлечение содержимого сборщиком и права доступа не проверены","not_checked_here",""
"CU-SRC-0214","CU-0104","main_200","Сетевая Академия ЛАНИТ — Новости","https://lanit.ru/press/archive/setevaya-akademiya-lanit-poluchila-status-serebryanogo-partnera-gruppy-kompaniy-astra-po-obucheniyu","news","search_index","https://lanit.ru/press/archive/setevaya-akademiya-lanit-poluchila-status-serebryanogo-partnera-gruppy-kompaniy-astra-po-obucheniyu","Развитие учебного бизнеса и направлений; первичные ссылки на актуальный сайт академии.","Сохранять HTML/PDF и изменения; извлекать ссылки на карточки и документы. RSS/API не предполагаются.","Подтверждён адрес в выдаче/официальной ссылке; работа сборщика, пагинация и авторизация не проверены.","not_checked_here",""
"CU-SRC-0215","CU-0105","main_200","Ozon Универ — Новости","https://dreamjob.ru/employers/26029/blog/ucene-trend-kak-vygladit-korporativnyj-universitet-ozon","news","content_read","https://dreamjob.ru/employers/26029/blog/ucene-trend-kak-vygladit-korporativnyj-universitet-ozon","Образовательные приоритеты, названия программ, приглашения партнёров, изменения структуры, ссылки на новые каналы.","HTTP/HTML или текст PDF; проверка обновлений и переход к найденным официальным разделам. RSS/API не подтверждены.","Открыта статья от имени Ozon, описывает внутренний КУ и программы.","not_checked_here",""
"CU-SRC-0216","CU-0105","main_200","Ozon Универ — Новости","https://dreamjob.ru/employers/26029/blog","news","content_read","https://dreamjob.ru/employers/26029/blog/ucene-trend-kak-vygladit-korporativnyj-universitet-ozon","Новые публикации, образовательные программы и ссылки на дополнительные источники; для закупок — широкий словарь услуг МИСБ.","Открытые HTML/JS после проверки доступа; сохранять документы, изменения и исходные ссылки.","Открыт авторский блог работодателя; сборщик не подключён.","not_checked_here",""
"CU-SRC-0217","CU-0106","main_200","Корпоративный университет Петровича — Новости","https://ostanin.ru/cases/std-petrovich/","news","search_index","https://ostanin.ru/cases/std-petrovich/","Образовательные приоритеты, названия программ, приглашения партнёров, изменения структуры, ссылки на новые каналы.","HTTP/HTML или текст PDF; проверка обновлений и переход к найденным официальным разделам. RSS/API не подтверждены.","Найдено в поисковом индексе; извлечение содержимого сборщиком и права доступа не проверены","not_checked_here",""
"CU-SRC-0218","CU-0107","main_200","Корпоративный университет СК Согласие — Сайт / описание структуры","https://auditorium-cg.ru/cef25","university_site","search_index","https://auditorium-cg.ru/cef25","Образовательные приоритеты, названия программ, приглашения партнёров, изменения структуры, ссылки на новые каналы.","HTTP/HTML или текст PDF; проверка обновлений и переход к найденным официальным разделам. RSS/API не подтверждены.","Найдено в поисковом индексе; извлечение содержимого сборщиком и права доступа не проверены","not_checked_here",""
"CU-SRC-0219","CU-0108","main_200","Академия бизнеса Б1 — Сайт / описание структуры","https://b1.ru/academyb1/","university_site","search_index","https://b1.ru/academyb1/","Образовательные приоритеты, названия программ, приглашения партнёров, изменения структуры, ссылки на новые каналы.","HTTP/HTML или текст PDF; проверка обновлений и переход к найденным официальным разделам. RSS/API не подтверждены.","Найдено в поисковом индексе; извлечение содержимого сборщиком и права доступа не проверены","not_checked_here",""
"CU-SRC-0220","CU-0108","main_200","Академия бизнеса Б1 — Программы","https://academyb1.ru/catalog/","programs","search_index","https://academyb1.ru/catalog/","Новые темы, корпоративные версии, преподаватели, дефицитные компетенции.","Сохранять HTML/PDF и изменения; извлекать ссылки на карточки и документы. RSS/API не предполагаются.","Подтверждён адрес в выдаче/официальной ссылке; работа сборщика, пагинация и авторизация не проверены.","not_checked_here",""
"CU-SRC-0221","CU-0108","main_200","Академия бизнеса Б1 — Контакты","https://academyb1.ru/contacts/","contacts","search_index","https://academyb1.ru/contacts/","Контактные маршруты академии; предложение экспертов и партнёрства по конкретной теме.","Сохранять HTML/PDF и изменения; извлекать ссылки на карточки и документы. RSS/API не предполагаются.","Подтверждён адрес в выдаче/официальной ссылке; работа сборщика, пагинация и авторизация не проверены.","not_checked_here",""
"CU-SRC-0222","CU-0109","main_200","Академия Kept — Сайт / описание структуры","https://academy.kept.ru/corp","university_site","search_index","https://academy.kept.ru/corp","Образовательные приоритеты, названия программ, приглашения партнёров, изменения структуры, ссылки на новые каналы.","HTTP/HTML или текст PDF; проверка обновлений и переход к найденным официальным разделам. RSS/API не подтверждены.","Найдено в поисковом индексе; извлечение содержимого сборщиком и права доступа не проверены","not_checked_here",""
"CU-SRC-0223","CU-0109","main_200","Академия Kept — Программы","https://academy.kept.ru/calendar","programs","search_index","https://academy.kept.ru/calendar","Календарь обучения, новые форматы и темы.","Сохранять HTML/PDF и изменения; извлекать ссылки на карточки и документы. RSS/API не предполагаются.","Подтверждён адрес в выдаче/официальной ссылке; работа сборщика, пагинация и авторизация не проверены.","not_checked_here",""
"CU-SRC-0224","CU-0110","main_200","Академия Технологий Доверия — Сайт / описание структуры","https://training.tedo.ru/about-academy/","university_site","search_index","https://training.tedo.ru/about-academy/","Образовательные приоритеты, названия программ, приглашения партнёров, изменения структуры, ссылки на новые каналы.","HTTP/HTML или текст PDF; проверка обновлений и переход к найденным официальным разделам. RSS/API не подтверждены.","Найдено в поисковом индексе; извлечение содержимого сборщиком и права доступа не проверены","not_checked_here",""
"CU-SRC-0225","CU-0110","main_200","Академия Технологий Доверия — Контакты","https://training.tedo.ru/contacts/","contacts","search_index","https://training.tedo.ru/contacts/","Контакты действующего центра корпоративного обучения Технологии Доверия-Эксперт.","Сохранять HTML/PDF и изменения; извлекать ссылки на карточки и документы. RSS/API не предполагаются.","Подтверждён адрес в выдаче/официальной ссылке; работа сборщика, пагинация и авторизация не проверены.","not_checked_here",""
"CU-SRC-0226","CU-0110","main_200","Академия Технологий Доверия — Программы","https://training.tedo.ru/experts/","programs","search_index","https://training.tedo.ru/experts/","Состав экспертов, новые направления и потенциальные совместные программы.","Сохранять HTML/PDF и изменения; извлекать ссылки на карточки и документы. RSS/API не предполагаются.","Подтверждён адрес в выдаче/официальной ссылке; работа сборщика, пагинация и авторизация не проверены.","not_checked_here",""
"CU-SRC-0227","CU-0111","main_200","Экономико-правовая школа ФБК — Новости","https://www.fbk.ru/press-center/news/ekonomiko-pravovaya-shkola-fbk-zapustila-novyy-sayt/","news","search_index","https://www.fbk.ru/press-center/news/ekonomiko-pravovaya-shkola-fbk-zapustila-novyy-sayt/","Образовательные приоритеты, названия программ, приглашения партнёров, изменения структуры, ссылки на новые каналы.","HTTP/HTML или текст PDF; проверка обновлений и переход к найденным официальным разделам. RSS/API не подтверждены.","Найдено в поисковом индексе; извлечение содержимого сборщиком и права доступа не проверены","not_checked_here",""
"CU-SRC-0228","CU-0111","main_200","Экономико-правовая школа ФБК — Сайт / описание структуры","https://elsfbk.ru/","university_site","search_index","https://elsfbk.ru/","Основной сайт школы: программы, календарь, новости и контакты.","Сохранять HTML/PDF и изменения; извлекать ссылки на карточки и документы. RSS/API не предполагаются.","Подтверждён адрес в выдаче/официальной ссылке; работа сборщика, пагинация и авторизация не проверены.","not_checked_here",""
"CU-SRC-0229","CU-0112","main_200","Корпоративный университет СКБ Контур — Новости","https://kontur.ru/press/news/79945-kontur_reshenie_kadrovogo_deficita_v_it","news","search_index","https://kontur.ru/press/news/79945-kontur_reshenie_kadrovogo_deficita_v_it","Образовательные приоритеты, названия программ, приглашения партнёров, изменения структуры, ссылки на новые каналы.","HTTP/HTML или текст PDF; проверка обновлений и переход к найденным официальным разделам. RSS/API не подтверждены.","Найдено в поисковом индексе; извлечение содержимого сборщиком и права доступа не проверены","not_checked_here",""
"CU-SRC-0230","CU-0113","main_200","Корпоративный университет Тензора — Сайт / описание структуры","https://tensor.ru/about/training","university_site","content_read","https://tensor.ru/about/training","Образовательные приоритеты, названия программ, приглашения партнёров, изменения структуры, ссылки на новые каналы.","HTTP/HTML или текст PDF; проверка обновлений и переход к найденным официальным разделам. RSS/API не подтверждены.","Официальная страница открыта; содержимое доступно, сборщик не подключён.","not_checked_here",""
"CU-SRC-0231","CU-0114","main_200","Nexign Academy / корпоративный университет Nexign — Новости","https://nexign.com/ru/nexign-academy/razvitie-hr-servisov","news","content_read","https://nexign.com/ru/nexign-academy/razvitie-hr-servisov","Образовательные приоритеты, названия программ, приглашения партнёров, изменения структуры, ссылки на новые каналы.","HTTP/HTML или текст PDF; проверка обновлений и переход к найденным официальным разделам. RSS/API не подтверждены.","Официальная страница открыта; содержимое доступно, сборщик не подключён.","not_checked_here",""
"CU-SRC-0232","CU-0114","main_200","Nexign Academy / корпоративный университет Nexign — Новости","https://nexign.com/ru/newsroom/events/russoft-zaharov","news","search_index","https://nexign.com/ru/newsroom/events/russoft-zaharov","Официальное выступление HR-директора о корпоративном университете и переподготовке кадров.","Сохранять HTML/PDF и изменения; извлекать ссылки на карточки и документы. RSS/API не предполагаются.","Подтверждён адрес в выдаче/официальной ссылке; работа сборщика, пагинация и авторизация не проверены.","not_checked_here",""
"CU-SRC-0233","CU-0115","main_200","ВСК Университет — Сайт / описание структуры","https://university.vsk.ru/","university_site","content_read","https://university.vsk.ru/","Образовательные приоритеты, названия программ, приглашения партнёров, изменения структуры, ссылки на новые каналы.","HTTP/HTML или текст PDF; проверка обновлений и переход к найденным официальным разделам. RSS/API не подтверждены.","Страница прочитана","not_checked_here",""
"CU-SRC-0234","CU-0115","main_200","ВСК Университет — Программы","https://university.vsk.ru/catalog/programmy/","programs","search_index","https://university.vsk.ru/catalog/programmy/","Новые программы, форматы и целевые аудитории; темы для партнёрства/экспертного предложения.","Сохранять HTML/PDF и изменения; извлекать ссылки на карточки и документы. RSS/API не предполагаются.","Подтверждён адрес в выдаче/официальной ссылке; работа сборщика, пагинация и авторизация не проверены.","not_checked_here",""
"CU-SRC-0235","CU-0115","main_200","ВСК Университет — Контакты","https://university.vsk.ru/rukovodstvo","contacts","search_index","https://university.vsk.ru/rukovodstvo","Руководители и изменение структуры, назначение владельца программы.","Сохранять HTML/PDF и изменения; извлекать ссылки на карточки и документы. RSS/API не предполагаются.","Подтверждён адрес в выдаче/официальной ссылке; работа сборщика, пагинация и авторизация не проверены.","not_checked_here",""
"CU-SRC-0236","CU-0116","main_200","Корпоративный университет Ак Барс Банка — Сайт / описание структуры","https://www.tisbi.ru/novosti/tisbi-prinyal-uchastie-v-shestom-zasedanii-kruglogo-stola-s-departamentom-po-rabote-s-personalom-i-korporativnim-universitetom-ak-bars-banka","university_site","search_index","https://www.tisbi.ru/novosti/tisbi-prinyal-uchastie-v-shestom-zasedanii-kruglogo-stola-s-departamentom-po-rabote-s-personalom-i-korporativnim-universitetom-ak-bars-banka","Образовательные приоритеты, названия программ, приглашения партнёров, изменения структуры, ссылки на новые каналы.","HTTP/HTML или текст PDF; проверка обновлений и переход к найденным официальным разделам. RSS/API не подтверждены.","Найдено в поисковом индексе; извлечение содержимого сборщиком и права доступа не проверены","not_checked_here",""
"CU-SRC-0237","CU-0116","main_200","Корпоративный университет Ак Барс Банка — Новости","https://media.kpfu.ru/news/komandy-kfu-voshli-v-pyaterku-luchshikh-na-khakatone-ak-bars-banka","news","search_index","https://media.kpfu.ru/news/komandy-kfu-voshli-v-pyaterku-luchshikh-na-khakatone-ak-bars-banka","Первичная публикация партнёра об очном событии на площадке КУ; участники и развитие аналитического обучения.","Сохранять HTML/PDF и изменения; извлекать ссылки на карточки и документы. RSS/API не предполагаются.","Подтверждён адрес в выдаче/официальной ссылке; работа сборщика, пагинация и авторизация не проверены.","not_checked_here",""
"CU-SRC-0238","CU-0117","main_200","Корпоративный университет Газпромбанка — Новости","https://career.habr.com/companies/gazprombank/scores/2022","news","search_index","https://career.habr.com/companies/gazprombank/scores/2022","Образовательные приоритеты, названия программ, приглашения партнёров, изменения структуры, ссылки на новые каналы.","HTTP/HTML или текст PDF; проверка обновлений и переход к найденным официальным разделам. RSS/API не подтверждены.","Найдено в поисковом индексе; извлечение содержимого сборщиком и права доступа не проверены","not_checked_here",""
"CU-SRC-0239","CU-0117","main_200","Корпоративный университет Газпромбанка — Новости","https://auditorium-cg.ru/cef22","news","search_index","https://auditorium-cg.ru/cef22","Первичный организатор конференции: руководитель КУ, темы выступлений. Перейти к актуальной программе и корпоративному профилю.","Сохранять HTML/PDF и изменения; извлекать ссылки на карточки и документы. RSS/API не предполагаются.","Подтверждён адрес в выдаче/официальной ссылке; работа сборщика, пагинация и авторизация не проверены.","not_checked_here",""
"CU-SRC-0240","CU-0118","main_200","Академия лидерства T2Way — Сайт / описание структуры","https://careers.t2.ru/?erid=2Vtzqwb7nMJ","university_site","search_index","https://careers.t2.ru/?erid=2Vtzqwb7nMJ","Образовательные приоритеты, названия программ, приглашения партнёров, изменения структуры, ссылки на новые каналы.","HTTP/HTML или текст PDF; проверка обновлений и переход к найденным официальным разделам. RSS/API не подтверждены.","Подтверждено поисковым индексом официального сайта; попытка открыть страницу инструментом завершилась ошибкой. Сохранять и повторить доступ.","not_checked_here",""
"CU-SRC-0241","CU-0119","main_200","Т1 Цифровая академия — Новости","https://t1.ru/about/units/t1-academy","news","content_read","https://t1.ru/about/units/t1-academy","Образовательные приоритеты, названия программ, приглашения партнёров, изменения структуры, ссылки на новые каналы.","HTTP/HTML или текст PDF; проверка обновлений и переход к найденным официальным разделам. RSS/API не подтверждены.","Официальная страница открыта; содержимое доступно, сборщик не подключён.","not_checked_here",""
"CU-SRC-0242","CU-0119","main_200","Т1 Цифровая академия — Контакты","https://t1.ru/about/contacts","contacts","search_index","https://t1.ru/about/contacts","Опубликованный контакт по закупочным процедурам и маршруты бизнес-направлений.","Сохранять HTML/PDF и изменения; извлекать ссылки на карточки и документы. RSS/API не предполагаются.","Подтверждён адрес в выдаче/официальной ссылке; работа сборщика, пагинация и авторизация не проверены.","not_checked_here",""
"CU-SRC-0243","CU-0119","main_200","Т1 Цифровая академия — Закупки","https://t1.ru/about/purchases","procurement","content_read","https://t1.ru/about/units/t1-academy","Новые публикации, образовательные программы и ссылки на дополнительные источники; для закупок — широкий словарь услуг МИСБ.","Открытые HTML/JS после проверки доступа; сохранять документы, изменения и исходные ссылки.","Официальный раздел открыт; покрытие всех процедур не проверено.","not_checked_here",""
"CU-SRC-0244","CU-0120","main_200","1С:Учебный центр №1 — Сайт / описание структуры","https://uc1.1c.ru/","university_site","search_index","https://uc1.1c.ru/about/?ysclid=mbgmgyswxj770636479","Календарь, новые программы, авторы, партнёрства и заявки на разработку материалов.","Открытые HTML-страницы и календарь; API/RSS не подтверждены.","Официальный сайт и принадлежность фирме найдены в поисковом индексе; сборщик не проверен.","not_checked_here",""
"CU-SRC-0245","CU-0121","reserve","Управление развития функции обучения Т-Банка — Новости","https://rutube.ru/video/363426e9f42348c0d1d8e4388de851f7/","news","search_index","https://rutube.ru/video/363426e9f42348c0d1d8e4388de851f7/","Образовательные приоритеты, названия программ, приглашения партнёров, изменения структуры, ссылки на новые каналы.","HTTP/HTML или текст PDF; проверка обновлений и переход к найденным официальным разделам. RSS/API не подтверждены.","Найдено в поисковом индексе; извлечение содержимого сборщиком и права доступа не проверены","not_checked_here",""
"CU-SRC-0246","CU-0122","main_200","Корпоративный университет РЖД — Сайт / описание структуры","https://www.universitetrzd.ru/","university_site","content_read","https://www.universitetrzd.ru/about/","Название/структура центра; программы и новые направления; анонсы обучения, преподаватели и партнёры; ссылки на новости/закупки/контакты","Публичный HTML/PDF: карта ссылок, дифференциальный сбор, сохранение сырого текста и вложений; внутренние разделы только при разрешённом доступе","Обнаружение в открытом вебе; действующий автоматический сборщик не тестировался","not_checked_here","MISB-253"
"CU-SRC-0247","CU-0122","main_200","Корпоративный университет РЖД — Программы","https://www.portfolio.universitetrzd.ru/","programs","search_index","https://www.portfolio.universitetrzd.ru/","Изменения каталога и новые образовательные проекты","Сбор публичного HTML/PDF и изменений; сохранять ссылки на документы и их версии","Техническая интеграция не проверена; не считать ссылку доказательством полного покрытия","not_checked_here",""
"CU-SRC-0248","CU-0122","main_200","Корпоративный университет РЖД — Контакты","https://www.universitetrzd.ru/contacts/","contacts","content_read","https://www.universitetrzd.ru/contacts/","Контакты сотрудничества и центров методологии/дистанционных технологий","Сбор публичного HTML/PDF и изменений; сохранять ссылки на документы и их версии","Техническая интеграция не проверена; не считать ссылку доказательством полного покрытия","not_checked_here",""
"CU-SRC-0249","CU-0123","main_200","Корпоративный университет группы «Волга-Днепр» — Сайт / описание структуры","https://www.volga-dnepr.com/about/practice-and-work-for-young-specialists/","university_site","content_read","https://www.volga-dnepr.com/about/practice-and-work-for-young-specialists/","Название/структура центра; программы и новые направления; анонсы обучения, преподаватели и партнёры; ссылки на новости/закупки/контакты","Публичный HTML/PDF: карта ссылок, дифференциальный сбор, сохранение сырого текста и вложений; внутренние разделы только при разрешённом доступе","Обнаружение в открытом вебе; действующий автоматический сборщик не тестировался","not_checked_here",""
"CU-SRC-0250","CU-0124","main_200","АР-Университет — Сайт / описание структуры","https://ar-university.ru/ru/about","university_site","search_index","https://ar-university.ru/ru/about","Название/структура центра; программы и новые направления; анонсы обучения, преподаватели и партнёры; ссылки на новости/закупки/контакты","Публичный HTML/PDF: карта ссылок, дифференциальный сбор, сохранение сырого текста и вложений; внутренние разделы только при разрешённом доступе","Обнаружение в открытом вебе; действующий автоматический сборщик не тестировался","not_checked_here",""
"CU-SRC-0251","CU-0125","main_200","Корпоративный университет — авиационный учебный центр Пулково — Сайт / описание структуры","https://pulkovoairport.ru/atc/about-educational/","university_site","content_read","https://pulkovoairport.ru/atc/about-educational/","Название/структура центра; программы и новые направления; анонсы обучения, преподаватели и партнёры; ссылки на новости/закупки/контакты","Публичный HTML/PDF: карта ссылок, дифференциальный сбор, сохранение сырого текста и вложений; внутренние разделы только при разрешённом доступе","Обнаружение в открытом вебе; действующий автоматический сборщик не тестировался","not_checked_here",""
"CU-SRC-0252","CU-0125","main_200","Корпоративный университет — авиационный учебный центр Пулково — Закупки","https://pulkovoairport.ru/partners/tenders/","procurement","content_read","https://pulkovoairport.ru/partners/tenders/","Закупки аэропорта, включая обучение и разработку учебных материалов","Сбор публичного HTML/PDF и изменений; сохранять ссылки на документы и их версии","Техническая интеграция не проверена; не считать ссылку доказательством полного покрытия","not_checked_here",""
"CU-SRC-0253","CU-0125","main_200","Корпоративный университет — авиационный учебный центр Пулково — Программы","https://pulkovoairport.ru/atc/course_catalog/","programs","content_read","https://pulkovoairport.ru/atc/course_catalog/","Каталог курсов; новые направления и изменения","Сбор публичного HTML/PDF и изменений; сохранять ссылки на документы и их версии","Техническая интеграция не проверена; не считать ссылку доказательством полного покрытия","not_checked_here",""
"CU-SRC-0254","CU-0126","reserve","S7 Training — Сайт / описание структуры","https://www.s7training.ru/","university_site","content_read","https://s7-training.ru/osnovnyie-svedeniya","Название/структура центра; программы и новые направления; анонсы обучения, преподаватели и партнёры; ссылки на новости/закупки/контакты","Публичный HTML/PDF: карта ссылок, дифференциальный сбор, сохранение сырого текста и вложений; внутренние разделы только при разрешённом доступе","Обнаружение в открытом вебе; действующий автоматический сборщик не тестировался","not_checked_here",""
"CU-SRC-0255","CU-0126","reserve","S7 Training — Контакты","https://www.s7training.ru/kontaktyi","contacts","search_index","https://www.s7training.ru/kontaktyi","Официальные контакты учебного центра","Сбор публичного HTML/PDF и изменений; сохранять ссылки на документы и их версии","Техническая интеграция не проверена; не считать ссылку доказательством полного покрытия","not_checked_here",""
"CU-SRC-0256","CU-0127","main_200","Авиашкола Аэрофлота (Академия Аэрофлота) — Сайт / описание структуры","https://www.avb.ru/","university_site","content_read","https://www.avb.ru/about","Название/структура центра; программы и новые направления; анонсы обучения, преподаватели и партнёры; ссылки на новости/закупки/контакты","Публичный HTML/PDF: карта ссылок, дифференциальный сбор, сохранение сырого текста и вложений; внутренние разделы только при разрешённом доступе","Обнаружение в открытом вебе; действующий автоматический сборщик не тестировался","not_checked_here",""
"CU-SRC-0257","CU-0128","main_200","Корпоративный университет Почты России — Сайт / описание структуры","https://www.pochta.ru/news/item/post-156","university_site","search_index","https://www.pochta.ru/news/item/post-156","Название/структура центра; программы и новые направления; анонсы обучения, преподаватели и партнёры; ссылки на новости/закупки/контакты","Публичный HTML/PDF: карта ссылок, дифференциальный сбор, сохранение сырого текста и вложений; внутренние разделы только при разрешённом доступе","Обнаружение в открытом вебе; действующий автоматический сборщик не тестировался","not_checked_here",""
"CU-SRC-0258","CU-0129","main_200","Корпоративный университет Транспортного комплекса Москвы — Сайт / описание структуры","https://sop.mosmetro.ru/","university_site","search_index","https://sop.mosmetro.ru/","Название/структура центра; программы и новые направления; анонсы обучения, преподаватели и партнёры; ссылки на новости/закупки/контакты","Публичный HTML/PDF: карта ссылок, дифференциальный сбор, сохранение сырого текста и вложений; внутренние разделы только при разрешённом доступе","Обнаружение в открытом вебе; действующий автоматический сборщик не тестировался","not_checked_here",""
"CU-SRC-0259","CU-0129","main_200","Корпоративный университет Транспортного комплекса Москвы — Соцсеть","https://t.me/KY_MT","social","search_index","https://t.me/KY_MT","Анонсы программ, образовательные проекты, наставники, сообщения о сотрудничестве","Сбор публичного HTML/PDF и изменений; сохранять ссылки на документы и их версии","Техническая интеграция не проверена; не считать ссылку доказательством полного покрытия","not_checked_here",""
"CU-SRC-0260","CU-0130","reserve","Авиационный учебный центр «ЮТэйр-Вертолетные услуги» — Сайт / описание структуры","https://heli.utair.ru/aviationtrainingcenter","university_site","search_index","https://heli.utair.ru/aviationtrainingcenter","Название/структура центра; программы и новые направления; анонсы обучения, преподаватели и партнёры; ссылки на новости/закупки/контакты","Публичный HTML/PDF: карта ссылок, дифференциальный сбор, сохранение сырого текста и вложений; внутренние разделы только при разрешённом доступе","Обнаружение в открытом вебе; действующий автоматический сборщик не тестировался","not_checked_here",""
"CU-SRC-0261","CU-0131","main_200","DOMODEDOVO TRAINING — Сайт / описание структуры","https://business.dme.ru/company/group/dt/","university_site","content_read","https://business.dme.ru/company/group/dt/","Название/структура центра; программы и новые направления; анонсы обучения, преподаватели и партнёры; ссылки на новости/закупки/контакты","Публичный HTML/PDF: карта ссылок, дифференциальный сбор, сохранение сырого текста и вложений; внутренние разделы только при разрешённом доступе","Обнаружение в открытом вебе; действующий автоматический сборщик не тестировался","not_checked_here",""
"CU-SRC-0262","CU-0131","main_200","DOMODEDOVO TRAINING — Закупки","https://business.dme.ru/company/group/dt/about/dt/","procurement","content_read","https://business.dme.ru/company/group/dt/about/dt/","Страница для поставщиков учебного центра; новые процедуры и документы","Сбор публичного HTML/PDF и изменений; сохранять ссылки на документы и их версии","Техническая интеграция не проверена; не считать ссылку доказательством полного покрытия","not_checked_here",""
"CU-SRC-0263","CU-0132","reserve","Авиационный учебный центр аэропорта Толмачёво — Сайт / описание структуры","https://auc.tolmachevo.ru/","university_site","search_index","https://auc.tolmachevo.ru/","Название/структура центра; программы и новые направления; анонсы обучения, преподаватели и партнёры; ссылки на новости/закупки/контакты","Публичный HTML/PDF: карта ссылок, дифференциальный сбор, сохранение сырого текста и вложений; внутренние разделы только при разрешённом доступе","Обнаружение в открытом вебе; действующий автоматический сборщик не тестировался","not_checked_here",""
"CU-SRC-0264","CU-0133","main_200","CDEK University / CDEK.Univer — Сайт / описание структуры","https://rabota.cdek.ru/career","university_site","content_read","https://rabota.cdek.ru/career","Название/структура центра; программы и новые направления; анонсы обучения, преподаватели и партнёры; ссылки на новости/закупки/контакты","Публичный HTML/PDF: карта ссылок, дифференциальный сбор, сохранение сырого текста и вложений; внутренние разделы только при разрешённом доступе","Обнаружение в открытом вебе; действующий автоматический сборщик не тестировался","not_checked_here",""
"CU-SRC-0265","CU-0133","main_200","CDEK University / CDEK.Univer — Новости","https://rabota.cdek.ru/blog/transformaciya-cdek-univer-my-zapustili-novuyu-platformu-obucheniya","news","search_index","https://rabota.cdek.ru/blog/transformaciya-cdek-univer-my-zapustili-novuyu-platformu-obucheniya","Изменения учебной платформы и требования к контенту","Сбор публичного HTML/PDF и изменений; сохранять ссылки на документы и их версии","Техническая интеграция не проверена; не считать ссылку доказательством полного покрытия","not_checked_here",""
"CU-SRC-0266","CU-0133","main_200","CDEK University / CDEK.Univer — Программы","https://rabota.cdek.ru/sales-school","programs","search_index","https://rabota.cdek.ru/sales-school","Школа продаж и наборы; гипотеза о масштабировании обучения","Сбор публичного HTML/PDF и изменений; сохранять ссылки на документы и их версии","Техническая интеграция не проверена; не считать ссылку доказательством полного покрытия","not_checked_here",""
"CU-SRC-0267","CU-0134","main_200","Академия FESCO — Сайт / описание структуры","https://www.fesco.ru/ru/about/fesco-academy/docs/","university_site","search_index","https://www.fesco.ru/ru/about/fesco-academy/docs/","Название/структура центра; программы и новые направления; анонсы обучения, преподаватели и партнёры; ссылки на новости/закупки/контакты","Публичный HTML/PDF: карта ссылок, дифференциальный сбор, сохранение сырого текста и вложений; внутренние разделы только при разрешённом доступе","Обнаружение в открытом вебе; действующий автоматический сборщик не тестировался","not_checked_here",""
"CU-SRC-0268","CU-0135","main_200","Корпоративный университет Самолёт Плюс — Сайт / описание структуры","https://education.samoletplus.ru/local/crw/","university_site","content_read","https://education.samoletplus.ru/local/crw/","Название/структура центра; программы и новые направления; анонсы обучения, преподаватели и партнёры; ссылки на новости/закупки/контакты","Публичный HTML/PDF: карта ссылок, дифференциальный сбор, сохранение сырого текста и вложений; внутренние разделы только при разрешённом доступе","Обнаружение в открытом вебе; действующий автоматический сборщик не тестировался","not_checked_here",""
"CU-SRC-0269","CU-0135","main_200","Корпоративный университет Самолёт Плюс — Программы","https://education.samoletplus.ru/course/","programs","search_index","https://education.samoletplus.ru/course/","Каталог направлений; новые модули и учебные аудитории","Сбор публичного HTML/PDF и изменений; сохранять ссылки на документы и их версии","Техническая интеграция не проверена; не считать ссылку доказательством полного покрытия","not_checked_here",""
"CU-SRC-0270","CU-0135","main_200","Корпоративный университет Самолёт Плюс — Новости","https://education.samoletplus.ru/mod/forum/discuss.php?d=285","news","search_index","https://education.samoletplus.ru/mod/forum/discuss.php?d=285","Обновления КУ; использовать как начальную точку обнаружения общего форума","Сбор публичного HTML/PDF и изменений; сохранять ссылки на документы и их версии","Техническая интеграция не проверена; не считать ссылку доказательством полного покрытия","not_checked_here",""
"CU-SRC-0271","CU-0136","main_200","Корпоративный университет ПЕТОН — Сайт / описание структуры","https://www.university.peton.ru/","university_site","content_read","https://www.peton.ru/ru/education/structure-management/","Название/структура центра; программы и новые направления; анонсы обучения, преподаватели и партнёры; ссылки на новости/закупки/контакты","Публичный HTML/PDF: карта ссылок, дифференциальный сбор, сохранение сырого текста и вложений; внутренние разделы только при разрешённом доступе","Обнаружение в открытом вебе; действующий автоматический сборщик не тестировался","not_checked_here",""
"CU-SRC-0272","CU-0137","main_200","Корпоративный университет ТЕХНОНИКОЛЬ — Сайт / описание структуры","https://www.tn.ru/journal/tm/novyy-etap-korporativnogo-obucheniya-v-tekhnonikol/","university_site","search_index","https://www.tn.ru/journal/tm/novyy-etap-korporativnogo-obucheniya-v-tekhnonikol/","Название/структура центра; программы и новые направления; анонсы обучения, преподаватели и партнёры; ссылки на новости/закупки/контакты","Публичный HTML/PDF: карта ссылок, дифференциальный сбор, сохранение сырого текста и вложений; внутренние разделы только при разрешённом доступе","Обнаружение в открытом вебе; действующий автоматический сборщик не тестировался","not_checked_here",""
"CU-SRC-0273","CU-0137","main_200","Корпоративный университет ТЕХНОНИКОЛЬ — Программы","https://academy.tn.ru/","programs","search_index","https://academy.tn.ru/","Строительная академия: цифровой контент, партнёрские программы; технические темы отдельно","Сбор публичного HTML/PDF и изменений; сохранять ссылки на документы и их версии","Техническая интеграция не проверена; не считать ссылку доказательством полного покрытия","not_checked_here",""
"CU-SRC-0274","CU-0138","main_200","Корпоративный университет ТСТН — Академия директоров — Сайт / описание структуры","https://www.tstn.ru/protein/probiznes/otkuda_berutsya_kadry_korporativnyy_universitet_tstn/","university_site","search_index","https://www.tstn.ru/protein/probiznes/otkuda_berutsya_kadry_korporativnyy_universitet_tstn/","Название/структура центра; программы и новые направления; анонсы обучения, преподаватели и партнёры; ссылки на новости/закупки/контакты","Публичный HTML/PDF: карта ссылок, дифференциальный сбор, сохранение сырого текста и вложений; внутренние разделы только при разрешённом доступе","Обнаружение в открытом вебе; действующий автоматический сборщик не тестировался","not_checked_here",""
"CU-SRC-0275","CU-0139","reserve","Академия КНАУФ — Россия — Сайт / описание структуры","https://www.knauf.ru/service/academy/","university_site","search_index","https://www.knauf.ru/service/academy/","Название/структура центра; программы и новые направления; анонсы обучения, преподаватели и партнёры; ссылки на новости/закупки/контакты","Публичный HTML/PDF: карта ссылок, дифференциальный сбор, сохранение сырого текста и вложений; внутренние разделы только при разрешённом доступе","Обнаружение в открытом вебе; действующий автоматический сборщик не тестировался","not_checked_here",""
"CU-SRC-0276","CU-0139","reserve","Академия КНАУФ — Россия — Программы","https://www.knauf.ru/service/academy/training-program/","programs","search_index","https://www.knauf.ru/service/academy/training-program/","Программы, новые темы и форматы","Сбор публичного HTML/PDF и изменений; сохранять ссылки на документы и их версии","Техническая интеграция не проверена; не считать ссылку доказательством полного покрытия","not_checked_here",""
"CU-SRC-0277","CU-0140","main_200","Корпоративный университет «РУСЛАКТО» — Сайт / описание структуры","https://ruslacto.ru/university/","university_site","content_read","https://ruslacto.ru/university/","Название/структура центра; программы и новые направления; анонсы обучения, преподаватели и партнёры; ссылки на новости/закупки/контакты","Публичный HTML/PDF: карта ссылок, дифференциальный сбор, сохранение сырого текста и вложений; внутренние разделы только при разрешённом доступе","Обнаружение в открытом вебе; действующий автоматический сборщик не тестировался","not_checked_here",""
"CU-SRC-0278","CU-0141","main_200","Академия «ЭкоНива» / корпоративный университет — Сайт / описание структуры","https://ekoniva-apk.ru/projects","university_site","search_index","https://ekoniva-apk.ru/images/press/esg/esg_report-2023.pdf","Название/структура центра; программы и новые направления; анонсы обучения, преподаватели и партнёры; ссылки на новости/закупки/контакты","Публичный HTML/PDF: карта ссылок, дифференциальный сбор, сохранение сырого текста и вложений; внутренние разделы только при разрешённом доступе","Обнаружение в открытом вебе; действующий автоматический сборщик не тестировался","not_checked_here",""
"CU-SRC-0279","CU-0141","main_200","Академия «ЭкоНива» / корпоративный университет — Новости","https://ekoniva-apk.ru/esg/3182-ekoniva-otkryla-novyj-sezon-osennikh-akademij-2026-uzhe-podano-bolee-400-zayavok","news","search_index","https://ekoniva-apk.ru/esg/3182-ekoniva-otkryla-novyj-sezon-osennikh-akademij-2026-uzhe-podano-bolee-400-zayavok","Новые наборы, география и учебные направления","Сбор публичного HTML/PDF и изменений; сохранять ссылки на документы и их версии","Техническая интеграция не проверена; не считать ссылку доказательством полного покрытия","not_checked_here",""
"CU-SRC-0280","CU-0142","reserve","Академия Мираторг — Сайт / описание структуры","https://miratorg.ru/academy/","university_site","content_read","https://miratorg.ru/career/academy/NEWindex.php","Название/структура центра; программы и новые направления; анонсы обучения, преподаватели и партнёры; ссылки на новости/закупки/контакты","Публичный HTML/PDF: карта ссылок, дифференциальный сбор, сохранение сырого текста и вложений; внутренние разделы только при разрешённом доступе","Обнаружение в открытом вебе; действующий автоматический сборщик не тестировался","not_checked_here",""
"CU-SRC-0281","CU-0143","main_200","Научно-образовательный центр «Бирюч» ЭФКО — Сайт / описание структуры","https://biruch.efko.ru/o-nas/","university_site","content_read","https://biruch.efko.ru/o-nas/","Название/структура центра; программы и новые направления; анонсы обучения, преподаватели и партнёры; ссылки на новости/закупки/контакты","Публичный HTML/PDF: карта ссылок, дифференциальный сбор, сохранение сырого текста и вложений; внутренние разделы только при разрешённом доступе","Обнаружение в открытом вебе; действующий автоматический сборщик не тестировался","not_checked_here",""
"CU-SRC-0282","CU-0143","main_200","Научно-образовательный центр «Бирюч» ЭФКО — Программы","https://biruch.efko.ru/obuchenie/","programs","search_index","https://biruch.efko.ru/obuchenie/","Программы, наборы и преподаватели","Сбор публичного HTML/PDF и изменений; сохранять ссылки на документы и их версии","Техническая интеграция не проверена; не считать ссылку доказательством полного покрытия","not_checked_here",""
"CU-SRC-0283","CU-0143","main_200","Научно-образовательный центр «Бирюч» ЭФКО — Партнерство","https://www.efko.ru/news/rossiyskie-studenty-mogut-proyti-onlayn-kurs-po-menedzhmentu-ot-efko/","partners","search_index","https://www.efko.ru/news/rossiyskie-studenty-mogut-proyti-onlayn-kurs-po-menedzhmentu-ot-efko/","Партнёрские образовательные инициативы; публикация историческая","Сбор публичного HTML/PDF и изменений; сохранять ссылки на документы и их версии","Техническая интеграция не проверена; не считать ссылку доказательством полного покрытия","not_checked_here",""
"CU-SRC-0284","CU-0144","main_200","Медицинская академия МЕДСИ — Сайт / описание структуры","https://medsi.ru/academy/","university_site","search_index","https://medsi.ru/about/medacademy/","Название/структура центра; программы и новые направления; анонсы обучения, преподаватели и партнёры; ссылки на новости/закупки/контакты","Публичный HTML/PDF: карта ссылок, дифференциальный сбор, сохранение сырого текста и вложений; внутренние разделы только при разрешённом доступе","Обнаружение в открытом вебе; действующий автоматический сборщик не тестировался","not_checked_here",""
"CU-SRC-0285","CU-0145","main_200","Высшая медицинская школа — учебный центр ИНВИТРО — Сайт / описание структуры","https://www.vmsh.ru/","university_site","search_index","https://www.invitro.ru/zhukovka/about/news/13171/","Название/структура центра; программы и новые направления; анонсы обучения, преподаватели и партнёры; ссылки на новости/закупки/контакты","Публичный HTML/PDF: карта ссылок, дифференциальный сбор, сохранение сырого текста и вложений; внутренние разделы только при разрешённом доступе","Обнаружение в открытом вебе; действующий автоматический сборщик не тестировался","not_checked_here",""
"CU-SRC-0286","CU-0145","main_200","Высшая медицинская школа — учебный центр ИНВИТРО — Контакты","https://www.vmsh.ru/info/","contacts","content_read","https://www.vmsh.ru/info/","Руководство, сведения об организации, контакты и документы","Сбор публичного HTML/PDF и изменений; сохранять ссылки на документы и их версии","Техническая интеграция не проверена; не считать ссылку доказательством полного покрытия","not_checked_here",""
"CU-SRC-0287","CU-0146","main_200","Корпоративный университет BIOCAD — Сайт / описание структуры","https://career.biocad.ru/department/IT","university_site","search_index","https://career.biocad.ru/department/IT","Название/структура центра; программы и новые направления; анонсы обучения, преподаватели и партнёры; ссылки на новости/закупки/контакты","Публичный HTML/PDF: карта ссылок, дифференциальный сбор, сохранение сырого текста и вложений; внутренние разделы только при разрешённом доступе","Обнаружение в открытом вебе; действующий автоматический сборщик не тестировался","not_checked_here",""
"CU-SRC-0288","CU-0146","main_200","Корпоративный университет BIOCAD — Вакансии","https://heroes.biocad.ru/","careers","search_index","https://heroes.biocad.ru/","Программы развития, потребности в кадрах/обучении; не считать вакансию заказом","Сбор публичного HTML/PDF и изменений; сохранять ссылки на документы и их версии","Техническая интеграция не проверена; не считать ссылку доказательством полного покрытия","not_checked_here",""
"CU-SRC-0289","CU-0147","main_200","Академия Р-Фарм — Сайт / описание структуры","https://t.me/s/rpharm_group?before=1458","university_site","search_index","https://t.me/s/rpharm_group?before=1458","Название/структура центра; программы и новые направления; анонсы обучения, преподаватели и партнёры; ссылки на новости/закупки/контакты","Публичный HTML/PDF: карта ссылок, дифференциальный сбор, сохранение сырого текста и вложений; внутренние разделы только при разрешённом доступе","Обнаружение в открытом вебе; действующий автоматический сборщик не тестировался","not_checked_here",""
"CU-SRC-0290","CU-0147","main_200","Академия Р-Фарм — Соцсеть","https://t.me/s/rpharm_group","social","search_index","https://t.me/s/rpharm_group?before=1458","Публичные новости обучения, программ и кадрового резерва","Сбор публичного HTML/PDF и изменений; сохранять ссылки на документы и их версии","Техническая интеграция не проверена; не считать ссылку доказательством полного покрытия","not_checked_here",""
"CU-SRC-0291","CU-0148","main_200","Академия гостеприимства COSMOS — Сайт / описание структуры","https://cosmos-academy.ru/","university_site","search_index","https://cosmos-academy.ru/academy/","Название/структура центра; программы и новые направления; анонсы обучения, преподаватели и партнёры; ссылки на новости/закупки/контакты","Публичный HTML/PDF: карта ссылок, дифференциальный сбор, сохранение сырого текста и вложений; внутренние разделы только при разрешённом доступе","Обнаружение в открытом вебе; действующий автоматический сборщик не тестировался","not_checked_here",""
"CU-SRC-0292","CU-0148","main_200","Академия гостеприимства COSMOS — Программы","https://cosmos-academy.ru/courses/developers/","programs","search_index","https://cosmos-academy.ru/courses/developers/","Программы для девелоперов и управленцев","Сбор публичного HTML/PDF и изменений; сохранять ссылки на документы и их версии","Техническая интеграция не проверена; не считать ссылку доказательством полного покрытия","not_checked_here",""
"CU-SRC-0293","CU-0148","main_200","Академия гостеприимства COSMOS — Партнерство","https://cosmosgroup.ru/about/press/cosmos-hotel-group-i-centr-kompetencij-v-sfere-turizma-i-gostepriimstva-sozdaut-skolu-nastavnikov-po","partners","search_index","https://cosmosgroup.ru/about/press/cosmos-hotel-group-i-centr-kompetencij-v-sfere-turizma-i-gostepriimstva-sozdaut-skolu-nastavnikov-po","Совместные программы и новые партнёрства","Сбор публичного HTML/PDF и изменений; сохранять ссылки на документы и их версии","Техническая интеграция не проверена; не считать ссылку доказательством полного покрытия","not_checked_here",""
"CU-SRC-0294","CU-0149","main_200","Академия гостеприимства курорта «Мрия» — Сайт / описание структуры","https://academy-hospitality.ru/","university_site","content_read","https://academy-hospitality.ru/","Название/структура центра; программы и новые направления; анонсы обучения, преподаватели и партнёры; ссылки на новости/закупки/контакты","Публичный HTML/PDF: карта ссылок, дифференциальный сбор, сохранение сырого текста и вложений; внутренние разделы только при разрешённом доступе","Обнаружение в открытом вебе; действующий автоматический сборщик не тестировался","not_checked_here",""
"CU-SRC-0295","CU-0149","main_200","Академия гостеприимства курорта «Мрия» — Программы","https://academy-hospitality.ru/programms","programs","search_index","https://academy-hospitality.ru/programms","Новые продукты и возможные совместные модули","Сбор публичного HTML/PDF и изменений; сохранять ссылки на документы и их версии","Техническая интеграция не проверена; не считать ссылку доказательством полного покрытия","not_checked_here",""
"CU-SRC-0296","CU-0149","main_200","Академия гостеприимства курорта «Мрия» — Программы","https://academy-hospitality.ru/online-courses","programs","search_index","https://academy-hospitality.ru/online-courses","Цифровой каталог и обновления курсов","Сбор публичного HTML/PDF и изменений; сохранять ссылки на документы и их версии","Техническая интеграция не проверена; не считать ссылку доказательством полного покрытия","not_checked_here",""
"CU-SRC-0297","CU-0150","main_200","Учебный центр Главгосэкспертизы России — Сайт / описание структуры","https://edu.gge.ru/","university_site","content_read","https://edu.gge.ru/","Название/структура центра; программы и новые направления; анонсы обучения, преподаватели и партнёры; ссылки на новости/закупки/контакты","Публичный HTML/PDF: карта ссылок, дифференциальный сбор, сохранение сырого текста и вложений; внутренние разделы только при разрешённом доступе","Обнаружение в открытом вебе; действующий автоматический сборщик не тестировался","not_checked_here",""
"CU-SRC-0298","CU-0151","main_200","Корпоративный университет «Автобан» — Сайт / описание структуры","https://www.avtoban.ru/company/staff/development/","university_site","content_read","https://www.avtoban.ru/sustainability/","Название/структура центра; программы и новые направления; анонсы обучения, преподаватели и партнёры; ссылки на новости/закупки/контакты","Публичный HTML/PDF: карта ссылок, дифференциальный сбор, сохранение сырого текста и вложений; внутренние разделы только при разрешённом доступе","Обнаружение в открытом вебе; действующий автоматический сборщик не тестировался","not_checked_here",""
"CU-SRC-0299","CU-0151","main_200","Корпоративный университет «Автобан» — Закупки","https://www.avtoban.ru/tender/","procurement","content_read","https://www.avtoban.ru/tender/","Закупочные планы и переходы на ЭТП; текущий заголовок содержит план 2024 года, проверять свежесть","Сбор публичного HTML/PDF и изменений; сохранять ссылки на документы и их версии","Техническая интеграция не проверена; не считать ссылку доказательством полного покрытия","not_checked_here",""
"CU-SRC-0300","CU-0151","main_200","Корпоративный университет «Автобан» — Новости","https://www.avtoban.ru/press/","news","search_index","https://www.avtoban.ru/press/","Программы, партнёрства и новые проекты","Сбор публичного HTML/PDF и изменений; сохранять ссылки на документы и их версии","Техническая интеграция не проверена; не считать ссылку доказательством полного покрытия","not_checked_here",""
"CU-SRC-0301","CU-0152","main_200","Корпоративный университет СКФ — Сайт / описание структуры","https://university.scf-group.ru/","university_site","content_read","https://university.scf-group.ru/structure/","Название/структура центра; программы и новые направления; анонсы обучения, преподаватели и партнёры; ссылки на новости/закупки/контакты","Публичный HTML/PDF: карта ссылок, дифференциальный сбор, сохранение сырого текста и вложений; внутренние разделы только при разрешённом доступе","Обнаружение в открытом вебе; действующий автоматический сборщик не тестировался","not_checked_here",""
"CU-SRC-0302","CU-0152","main_200","Корпоративный университет СКФ — Сайт / описание структуры","https://scf-group.ru/career/trainingcentre/st_petersburg/","university_site","search_index","https://scf-group.ru/career/trainingcentre/st_petersburg/","Переименование, корпоративная принадлежность, цели обучения","Сбор публичного HTML/PDF и изменений; сохранять ссылки на документы и их версии","Техническая интеграция не проверена; не считать ссылку доказательством полного покрытия","not_checked_here",""
"CU-SRC-0303","CU-0153","reserve","Морской учебно-тренажерный центр «СКФ Новошип Тренинг» — Сайт / описание структуры","https://www.sovcomflot.ru/career/trainingcentre/","university_site","content_read","https://www.sovcomflot.ru/career/trainingcentre/","Название/структура центра; программы и новые направления; анонсы обучения, преподаватели и партнёры; ссылки на новости/закупки/контакты","Публичный HTML/PDF: карта ссылок, дифференциальный сбор, сохранение сырого текста и вложений; внутренние разделы только при разрешённом доступе","Обнаружение в открытом вебе; действующий автоматический сборщик не тестировался","not_checked_here",""
"CU-SRC-0304","CU-0154","main_200","Корпоративный университет локомотивных технологий («ЛокоТех») — Сайт / описание структуры","https://sdo.locotech.ru/","university_site","content_read","https://locotech.ru/press-center/news/25551/","Название/структура центра; программы и новые направления; анонсы обучения, преподаватели и партнёры; ссылки на новости/закупки/контакты","Публичный HTML/PDF: карта ссылок, дифференциальный сбор, сохранение сырого текста и вложений; внутренние разделы только при разрешённом доступе","Обнаружение в открытом вебе; действующий автоматический сборщик не тестировался","not_checked_here",""
"CU-SRC-0305","CU-0154","main_200","Корпоративный университет локомотивных технологий («ЛокоТех») — Новости","https://locotech.ru/press-center/news/25551/","news","content_read","https://locotech.ru/press-center/news/25551/","Новые программы и механизм ежегодного сбора потребностей","Сбор публичного HTML/PDF и изменений; сохранять ссылки на документы и их версии","Техническая интеграция не проверена; не считать ссылку доказательством полного покрытия","not_checked_here",""
"CU-SRC-0306","CU-0154","main_200","Корпоративный университет локомотивных технологий («ЛокоТех») — Контакты","https://sdo.locotech.ru/contacts","contacts","search_index","https://sdo.locotech.ru/contacts","Контакты организации учебных групп и ДПО","Сбор публичного HTML/PDF и изменений; сохранять ссылки на документы и их версии","Техническая интеграция не проверена; не считать ссылку доказательством полного покрытия","not_checked_here",""
"CU-SRC-0307","CU-0154","main_200","Корпоративный университет локомотивных технологий («ЛокоТех») — Сайт / описание структуры","https://do.locotech.ru/","university_site","search_index","https://do.locotech.ru/","Параллельный учебный маршрут; сверить связь и полноту с sdo.locotech.ru","Сбор публичного HTML/PDF и изменений; сохранять ссылки на документы и их версии","Техническая интеграция не проверена; не считать ссылку доказательством полного покрытия","not_checked_here",""
"CU-SRC-0308","CU-0155","main_200","Корпоративный университет Медскан Hadassah — Сайт / описание структуры","https://university.hadassah.moscow/","university_site","content_read","https://university.hadassah.moscow/","Название/структура центра; программы и новые направления; анонсы обучения, преподаватели и партнёры; ссылки на новости/закупки/контакты","Публичный HTML/PDF: карта ссылок, дифференциальный сбор, сохранение сырого текста и вложений; внутренние разделы только при разрешённом доступе","Обнаружение в открытом вебе; действующий автоматический сборщик не тестировался","not_checked_here",""
"CU-SRC-0309","CU-0155","main_200","Корпоративный университет Медскан Hadassah — Программы","https://university.hadassah.moscow/listeners/programmy-obucheniya-dlya-rukovoditelej/","programs","content_read","https://university.hadassah.moscow/listeners/programmy-obucheniya-dlya-rukovoditelej/","Управленческие программы и новые продукты для медицинского бизнеса","Сбор публичного HTML/PDF и изменений; сохранять ссылки на документы и их версии","Техническая интеграция не проверена; не считать ссылку доказательством полного покрытия","not_checked_here",""
"CU-SRC-0310","CU-0156","main_200","Медицинская школа ЕМС — EMC Medical School — Сайт / описание структуры","https://www.emc-school.ru/","university_site","search_index","https://www.emcmos.ru/for-specialists/","Название/структура центра; программы и новые направления; анонсы обучения, преподаватели и партнёры; ссылки на новости/закупки/контакты","Публичный HTML/PDF: карта ссылок, дифференциальный сбор, сохранение сырого текста и вложений; внутренние разделы только при разрешённом доступе","Обнаружение в открытом вебе; действующий автоматический сборщик не тестировался","not_checked_here",""
"CU-SRC-0311","CU-0156","main_200","Медицинская школа ЕМС — EMC Medical School — Программы","https://www.emc-school.ru/node/3990","programs","search_index","https://www.emc-school.ru/node/3990","Онлайн-обучение и стажировки; спрос на образовательный контент","Сбор публичного HTML/PDF и изменений; сохранять ссылки на документы и их версии","Техническая интеграция не проверена; не считать ссылку доказательством полного покрытия","not_checked_here",""
"CU-SRC-0312","CU-0156","main_200","Медицинская школа ЕМС — EMC Medical School — Партнерство","https://www.emcmos.ru/for-specialists/","partners","search_index","https://www.emcmos.ru/for-specialists/","Партнёрство с медицинским центром и школой","Сбор публичного HTML/PDF и изменений; сохранять ссылки на документы и их версии","Техническая интеграция не проверена; не считать ссылку доказательством полного покрытия","not_checked_here",""
"CU-SRC-0313","CU-0157","main_200","Международная Бизнес-Академия «Белоруснефть» — Сайт / описание структуры","https://mba.belorusneft.by/","university_site","search_index","https://mba.belorusneft.by/about?lang=ru","Изменения программ, состава подразделения, партнерств и порядка привлечения внешних экспертов.","Еженедельно читать публичную страницу и извлекать изменения текста; сохранять URL, дату обнаружения и короткое доказательство. Затем расширить обход по наблюдаемым ссылкам.","Подтверждено поисковой индексацией; прямой доступ, актуальность и пригодность для регулярного сбора перепроверить.","not_checked_here",""
"CU-SRC-0314","CU-0157","main_200","Международная Бизнес-Академия «Белоруснефть» — Программы","https://mba.belorusneft.by/courses?lang=ru","programs","search_index","https://mba.belorusneft.by/courses?lang=ru","Новые программы, календарь, совместные модули.","Еженедельно проверять новые публикации и изменения; переносить подтвержденные потребности в отдельный реестр лидов.","URL найден в официальном поисковом индексе; автоматический сбор не протестирован.","not_checked_here",""
"CU-SRC-0315","CU-0158","main_200","Центр подготовки, повышения квалификации и переподготовки кадров трубопроводного транспорта — Сайт / описание структуры","https://ecbtg.by/","university_site","search_index","https://ecbtg.by/obuchenie-rabochih/","Изменения программ, состава подразделения, партнерств и порядка привлечения внешних экспертов.","Еженедельно читать публичную страницу и извлекать изменения текста; сохранять URL, дату обнаружения и короткое доказательство. Затем расширить обход по наблюдаемым ссылкам.","Подтверждено поисковой индексацией; прямой доступ, актуальность и пригодность для регулярного сбора перепроверить.","not_checked_here",""
"CU-SRC-0316","CU-0159","main_200","Учебный центр подготовки персонала «Энергетик» — Сайт / описание структуры","https://xn--90aefa3bijdgk5j.xn--90ais/filials/ucebnyi-centr-podgotovki-personala-energetik","university_site","search_index","https://xn--90aefa3bijdgk5j.xn--90ais/filials/ucebnyi-centr-podgotovki-personala-energetik","Изменения программ, состава подразделения, партнерств и порядка привлечения внешних экспертов.","Еженедельно читать публичную страницу и извлекать изменения текста; сохранять URL, дату обнаружения и короткое доказательство. Затем расширить обход по наблюдаемым ссылкам.","Подтверждено поисковой индексацией; прямой доступ, актуальность и пригодность для регулярного сбора перепроверить.","not_checked_here",""
"CU-SRC-0317","CU-0160","main_200","Филиал «Учебный центр» РУП «Гродноэнерго» — Сайт / описание структуры","https://energo.grodno.by/","university_site","search_index","https://t.me/s/grodnoenergo_official/6524","Изменения программ, состава подразделения, партнерств и порядка привлечения внешних экспертов.","Еженедельно читать публичную страницу и извлекать изменения текста; сохранять URL, дату обнаружения и короткое доказательство. Затем расширить обход по наблюдаемым ссылкам.","Подтверждено поисковой индексацией; прямой доступ, актуальность и пригодность для регулярного сбора перепроверить.","not_checked_here",""
"CU-SRC-0318","CU-0160","main_200","Филиал «Учебный центр» РУП «Гродноэнерго» — Соцсеть","https://t.me/s/grodnoenergo_official/6524","social","search_index","https://t.me/s/grodnoenergo_official/6524","Курсы, партнерства, новые программы учебного центра.","Еженедельно проверять новые публикации и изменения; переносить подтвержденные потребности в отдельный реестр лидов.","Публичный web-preview Telegram; доступность, пагинация и полнота истории требуют проверки.","not_checked_here",""
"CU-SRC-0319","CU-0161","main_200","Филиал «Учебный центр» РУП «Гомельэнерго» — Сайт / описание структуры","https://gomelenergo.by/","university_site","search_index","https://t.me/s/gomelenergo_by?after=3474","Изменения программ, состава подразделения, партнерств и порядка привлечения внешних экспертов.","Еженедельно читать публичную страницу и извлекать изменения текста; сохранять URL, дату обнаружения и короткое доказательство. Затем расширить обход по наблюдаемым ссылкам.","Подтверждено поисковой индексацией; прямой доступ, актуальность и пригодность для регулярного сбора перепроверить.","not_checked_here",""
"CU-SRC-0320","CU-0161","main_200","Филиал «Учебный центр» РУП «Гомельэнерго» — Соцсеть","https://t.me/s/gomelenergo_by?after=3474","social","search_index","https://t.me/s/gomelenergo_by?after=3474","Учебные программы и сотрудничество центра.","Еженедельно проверять новые публикации и изменения; переносить подтвержденные потребности в отдельный реестр лидов.","Публичный web-preview Telegram; доступность, пагинация и полнота истории требуют проверки.","not_checked_here",""
"CU-SRC-0321","CU-0162","main_200","Филиал «Учебный центр» РУП «Витебскэнерго» — Сайт / описание структуры","https://www.vitebsk.energo.by/o-predpriyatii/filials/uchebnyi-tsentr/","university_site","content_read","https://www.vitebsk.energo.by/o-predpriyatii/filials/uchebnyi-tsentr/","Изменения программ, состава подразделения, партнерств и порядка привлечения внешних экспертов.","Еженедельно читать публичную страницу и извлекать изменения текста; сохранять URL, дату обнаружения и короткое доказательство. Затем расширить обход по наблюдаемым ссылкам.","Публичное содержимое страницы прочитано; наличие API/RSS не проверялось.","not_checked_here",""
"CU-SRC-0322","CU-0162","main_200","Филиал «Учебный центр» РУП «Витебскэнерго» — Закупки","https://www.vitebsk.energo.by/deyatelnost/zakupki/procedury-zakupok/","procurement","content_read","https://www.vitebsk.energo.by/deyatelnost/zakupki/procedury-zakupok/","Лоты на обучение, консалтинг, электронные курсы и HR-услуги.","Проверять дважды в неделю; извлекать предмет, срок, требования и ссылку на первичный документ. Архив хранить отдельно от активных приглашений.","Публичная страница прочитана.","not_checked_here",""
"CU-SRC-0323","CU-0163","reserve","Учебный центр РУП «Могилевэнерго» — Сайт / описание структуры","https://mogilev.energo.by/","university_site","search_index","https://fcviten.by/nashi-partnyory/partnyory-vhodyashie-v-belenergo/mogilyovenergo","Изменения программ, состава подразделения, партнерств и порядка привлечения внешних экспертов.","Еженедельно читать публичную страницу и извлекать изменения текста; сохранять URL, дату обнаружения и короткое доказательство. Затем расширить обход по наблюдаемым ссылкам.","Подтверждено поисковой индексацией; прямой доступ, актуальность и пригодность для регулярного сбора перепроверить.","not_checked_here",""
"CU-SRC-0324","CU-0163","reserve","Учебный центр РУП «Могилевэнерго» — Закупки","https://mogilev.energo.by/about/zakupki-tovarov-rabot-uslug.php","procurement","content_read","https://mogilev.energo.by/about/zakupki-tovarov-rabot-uslug.php","Закупки обучения и повышения квалификации.","Проверять дважды в неделю; извлекать предмет, срок, требования и ссылку на первичный документ. Архив хранить отдельно от активных приглашений.","Публичная страница прочитана.","not_checked_here",""
"CU-SRC-0325","CU-0164","main_200","Учебный центр РУП «Минскэнерго» — Сайт / описание структуры","https://web.minskenergo.by/filialy/uchebnyj-tsentr/obrazovatelnye-uslugi/","university_site","content_read","https://web.minskenergo.by/filialy/uchebnyj-tsentr/obrazovatelnye-uslugi/","Изменения программ, состава подразделения, партнерств и порядка привлечения внешних экспертов.","Еженедельно читать публичную страницу и извлекать изменения текста; сохранять URL, дату обнаружения и короткое доказательство. Затем расширить обход по наблюдаемым ссылкам.","Публичное содержимое страницы прочитано; наличие API/RSS не проверялось.","not_checked_here",""
"CU-SRC-0326","CU-0164","main_200","Учебный центр РУП «Минскэнерго» — Закупки","https://web.minskenergo.by/zakupki/","procurement","content_read","https://web.minskenergo.by/zakupki/","Объявления и переходы к процедурам закупок обучения.","Проверять дважды в неделю; извлекать предмет, срок, требования и ссылку на первичный документ. Архив хранить отдельно от активных приглашений.","Публичная страница прочитана.","not_checked_here",""
"CU-SRC-0327","CU-0165","main_200","ГИПК «ГАЗ-ИНСТИТУТ» — Сайт / описание структуры","https://gazinstitut.by/","university_site","content_read","https://gazinstitut.by/gpobeltopgas/","Изменения программ, состава подразделения, партнерств и порядка привлечения внешних экспертов.","Еженедельно читать публичную страницу и извлекать изменения текста; сохранять URL, дату обнаружения и короткое доказательство. Затем расширить обход по наблюдаемым ссылкам.","Публичное содержимое страницы прочитано; наличие API/RSS не проверялось.","not_checked_here",""
"CU-SRC-0328","CU-0165","main_200","ГИПК «ГАЗ-ИНСТИТУТ» — Программы","https://gazinstitut.by/moreaboutus/","programs","content_read","https://gazinstitut.by/moreaboutus/","Образовательные направления, партнеры, формы привлечения преподавателей.","Еженедельно проверять новые публикации и изменения; переносить подтвержденные потребности в отдельный реестр лидов.","Публичная страница прочитана.","not_checked_here",""
"CU-SRC-0329","CU-0166","main_200","Дорожный центр по подготовке, переподготовке и повышению квалификации кадров — Сайт / описание структуры","https://www.rw.by/corporate/structure/dorozhnij_centr_po_podgotovke_perepodgot/","university_site","search_index","https://www.rw.by/corporate/structure/dorozhnij_centr_po_podgotovke_perepodgot/","Изменения программ, состава подразделения, партнерств и порядка привлечения внешних экспертов.","Еженедельно читать публичную страницу и извлекать изменения текста; сохранять URL, дату обнаружения и короткое доказательство. Затем расширить обход по наблюдаемым ссылкам.","Подтверждено поисковой индексацией; прямой доступ, актуальность и пригодность для регулярного сбора перепроверить.","not_checked_here",""
"CU-SRC-0330","CU-0166","main_200","Дорожный центр по подготовке, переподготовке и повышению квалификации кадров — Сайт / описание структуры","https://www.rw.by/corporate/structure/dorozhnij_centr_po_podgotovke_perepodgot/baranovichskoe_podrazdelenie_dorozhnogo/","university_site","search_index","https://www.rw.by/corporate/structure/dorozhnij_centr_po_podgotovke_perepodgot/baranovichskoe_podrazdelenie_dorozhnogo/","Программы территориального подразделения как дополнительный канал единого центра.","Еженедельно проверять новые публикации и изменения; переносить подтвержденные потребности в отдельный реестр лидов.","URL найден в официальном поисковом индексе; автоматический сбор не протестирован.","not_checked_here",""
"CU-SRC-0331","CU-0167","main_200","Институт ИТ и бизнес-администрирования IBA — Сайт / описание структуры","https://www.instituteiba.by/","university_site","search_index","https://www.instituteiba.by/about/news/news-2020/we-re-18-let-s-check-your-knowledge-about-the-institute-iba/?special_version=Y","Изменения программ, состава подразделения, партнерств и порядка привлечения внешних экспертов.","Еженедельно читать публичную страницу и извлекать изменения текста; сохранять URL, дату обнаружения и короткое доказательство. Затем расширить обход по наблюдаемым ссылкам.","Подтверждено поисковой индексацией; прямой доступ, актуальность и пригодность для регулярного сбора перепроверить.","not_checked_here",""
"CU-SRC-0332","CU-0167","main_200","Институт ИТ и бизнес-администрирования IBA — Программы","https://www.instituteiba.by/about/","programs","content_read","https://www.instituteiba.by/about/","Текущие направления, внешние преподаватели, корпоративное обучение.","Еженедельно проверять новые публикации и изменения; переносить подтвержденные потребности в отдельный реестр лидов.","Публичная страница прочитана.","not_checked_here",""
"CU-SRC-0333","CU-0167","main_200","Институт ИТ и бизнес-администрирования IBA — Программы","https://www.instituteiba.by/about/learning/","programs","search_index","https://www.instituteiba.by/about/learning/","Форматы и индивидуальные корпоративные программы.","Еженедельно проверять новые публикации и изменения; переносить подтвержденные потребности в отдельный реестр лидов.","URL найден в официальном поисковом индексе; автоматический сбор не протестирован.","not_checked_here",""
"CU-SRC-0334","CU-0168","reserve","Учебный центр Itransition — Сайт / описание структуры","https://www.itransition.com/careers/training","university_site","content_read","https://www.itransition.com/careers/training","Изменения программ, состава подразделения, партнерств и порядка привлечения внешних экспертов.","Еженедельно читать публичную страницу и извлекать изменения текста; сохранять URL, дату обнаружения и короткое доказательство. Затем расширить обход по наблюдаемым ссылкам.","Публичное содержимое страницы прочитано; наличие API/RSS не проверялось.","not_checked_here",""
"CU-SRC-0335","CU-0169","main_200","Корпоративный Тренинг-центр ISsoft — Сайт / описание структуры","https://issoft.by/training-center/","university_site","search_index","https://issoft.by/training-center/","Изменения программ, состава подразделения, партнерств и порядка привлечения внешних экспертов.","Еженедельно читать публичную страницу и извлекать изменения текста; сохранять URL, дату обнаружения и короткое доказательство. Затем расширить обход по наблюдаемым ссылкам.","Подтверждено поисковой индексацией; прямой доступ, актуальность и пригодность для регулярного сбора перепроверить.","not_checked_here",""
"CU-SRC-0336","CU-0169","main_200","Корпоративный Тренинг-центр ISsoft — Программы","https://issoft.by/school-of-development/","programs","search_index","https://issoft.by/school-of-development/","Статус школ, новые потоки, требования к наставникам.","Еженедельно проверять новые публикации и изменения; переносить подтвержденные потребности в отдельный реестр лидов.","URL найден в официальном поисковом индексе; автоматический сбор не протестирован.","not_checked_here",""
"CU-SRC-0337","CU-0170","main_200","Корпоративный университет «АЛЮТЕХ» — Сайт / описание структуры","https://alutech-group.com/cis-ru/diler-rva/publikacii/novosti/obnovlen-uchebnyy-portal/","university_site","search_index","https://alutech-group.com/cis-ru/diler-rva/publikacii/novosti/obnovlen-uchebnyy-portal/","Изменения программ, состава подразделения, партнерств и порядка привлечения внешних экспертов.","Еженедельно читать публичную страницу и извлекать изменения текста; сохранять URL, дату обнаружения и короткое доказательство. Затем расширить обход по наблюдаемым ссылкам.","Подтверждено поисковой индексацией; прямой доступ, актуальность и пригодность для регулярного сбора перепроверить.","not_checked_here",""
"CU-SRC-0338","CU-0170","main_200","Корпоративный университет «АЛЮТЕХ» — Программы","https://alutech-group.com/cis-ru/inzhenerno-tekhnicheskij-czentr/uchebnyj-czentr/","programs","search_index","https://alutech-group.com/cis-ru/inzhenerno-tekhnicheskij-czentr/uchebnyj-czentr/","Обучение партнеров, инженерных команд и руководителей производств.","Еженедельно проверять новые публикации и изменения; переносить подтвержденные потребности в отдельный реестр лидов.","URL найден в официальном поисковом индексе; автоматический сбор не протестирован.","not_checked_here",""
"CU-SRC-0339","CU-0171","main_200","Академия недвижимости А-100 — Сайт / описание структуры","https://www.a-100.by/group-of-companies/","university_site","search_index","https://www.a-100.by/group-of-companies/","Изменения программ, состава подразделения, партнерств и порядка привлечения внешних экспертов.","Еженедельно читать публичную страницу и извлекать изменения текста; сохранять URL, дату обнаружения и короткое доказательство. Затем расширить обход по наблюдаемым ссылкам.","Подтверждено поисковой индексацией; прямой доступ, актуальность и пригодность для регулярного сбора перепроверить.","not_checked_here",""
"CU-SRC-0340","CU-0172","reserve","Центр по работе с персоналом ОАО «Белагропромбанк» — Сайт / описание структуры","https://www.belapb.by/about/karera-v-banke/razvitie-personala/","university_site","search_index","https://www.belapb.by/about/karera-v-banke/razvitie-personala/","Изменения программ, состава подразделения, партнерств и порядка привлечения внешних экспертов.","Еженедельно читать публичную страницу и извлекать изменения текста; сохранять URL, дату обнаружения и короткое доказательство. Затем расширить обход по наблюдаемым ссылкам.","Подтверждено поисковой индексацией; прямой доступ, актуальность и пригодность для регулярного сбора перепроверить.","not_checked_here",""
"CU-SRC-0341","CU-0173","main_200","Учебный центр ОАО «БЕЛАЗ» — Сайт / описание структуры","https://m.belaz.by/services/training/","university_site","search_index","https://m.belaz.by/services/training/","Изменения программ, состава подразделения, партнерств и порядка привлечения внешних экспертов.","Еженедельно читать публичную страницу и извлекать изменения текста; сохранять URL, дату обнаружения и короткое доказательство. Затем расширить обход по наблюдаемым ссылкам.","Подтверждено поисковой индексацией; прямой доступ, актуальность и пригодность для регулярного сбора перепроверить.","not_checked_here",""
"CU-SRC-0342","CU-0174","main_200","Учебный центр по подготовке и повышению квалификации кадров БМЗ — Сайт / описание структуры","https://metallurg.belsteel.com/?p=17054","university_site","search_index","https://belsteel.com/about/bmz-35.php","Изменения программ, состава подразделения, партнерств и порядка привлечения внешних экспертов.","Еженедельно читать публичную страницу и извлекать изменения текста; сохранять URL, дату обнаружения и короткое доказательство. Затем расширить обход по наблюдаемым ссылкам.","Подтверждено поисковой индексацией; прямой доступ, актуальность и пригодность для регулярного сбора перепроверить.","not_checked_here",""
"CU-SRC-0343","CU-0174","main_200","Учебный центр по подготовке и повышению квалификации кадров БМЗ — Новости","https://belsteel.com/press/novosti.php?id=1761","news","search_index","https://belsteel.com/press/novosti.php?id=1761","Пример корпоративного обучения в функциональной области — персональные данные.","Еженедельно проверять новые публикации и изменения; переносить подтвержденные потребности в отдельный реестр лидов.","URL найден в официальном поисковом индексе; автоматический сбор не протестирован.","not_checked_here",""
"CU-SRC-0344","CU-0175","main_200","Учебный центр Национального банка Республики Беларусь — Сайт / описание структуры","https://www.nbrb.by/branches/educenter","university_site","search_index","https://www.nbrb.by/branches/educenter","Изменения программ, состава подразделения, партнерств и порядка привлечения внешних экспертов.","Еженедельно читать публичную страницу и извлекать изменения текста; сохранять URL, дату обнаружения и короткое доказательство. Затем расширить обход по наблюдаемым ссылкам.","Подтверждено поисковой индексацией; прямой доступ, актуальность и пригодность для регулярного сбора перепроверить.","not_checked_here",""
"CU-SRC-0345","CU-0175","main_200","Учебный центр Национального банка Республики Беларусь — Приглашение экспертам","https://www.nbrb.by/info/education","expert_application","search_index","https://www.nbrb.by/info/education","Приглашения на организацию обучения работников: темы, дедлайны, требования и способ подачи.","Проверять дважды в неделю; извлекать предмет, срок, требования и ссылку на первичный документ. Архив хранить отдельно от активных приглашений.","URL найден в официальном поисковом индексе; автоматический сбор не протестирован.","not_checked_here",""
"CU-SRC-0346","CU-0176","main_200","Учебный центр по техническому и сервисному обслуживанию МТЗ — Сайт / описание структуры","https://www.mtz-td.ru/educatcenter","university_site","search_index","https://www.mtz-td.ru/educatcenter","Изменения программ, состава подразделения, партнерств и порядка привлечения внешних экспертов.","Еженедельно читать публичную страницу и извлекать изменения текста; сохранять URL, дату обнаружения и короткое доказательство. Затем расширить обход по наблюдаемым ссылкам.","Подтверждено поисковой индексацией; прямой доступ, актуальность и пригодность для регулярного сбора перепроверить.","not_checked_here",""
"CU-SRC-0347","CU-0176","main_200","Учебный центр по техническому и сервисному обслуживанию МТЗ — Сайт / описание структуры","https://belarus-tractor.com/mtz/company/servis/","university_site","search_index","https://belarus-tractor.com/mtz/company/servis/","Информация производителя о сервисе и подготовке специалистов.","Еженедельно проверять новые публикации и изменения; переносить подтвержденные потребности в отдельный реестр лидов.","URL найден в официальном поисковом индексе; автоматический сбор не протестирован.","not_checked_here",""
"CU-SRC-0348","CU-0177","main_200","Учреждение образования «УЦ БелТЮФ» — Сайт / описание структуры","https://beltuv.by/uc/","university_site","search_index","https://beltuv.by/","Изменения программ, состава подразделения, партнерств и порядка привлечения внешних экспертов.","Еженедельно читать публичную страницу и извлекать изменения текста; сохранять URL, дату обнаружения и короткое доказательство. Затем расширить обход по наблюдаемым ссылкам.","Подтверждено поисковой индексацией; прямой доступ, актуальность и пригодность для регулярного сбора перепроверить.","not_checked_here",""
"CU-SRC-0349","CU-0177","main_200","Учреждение образования «УЦ БелТЮФ» — Вакансии","https://beltuv.by/vakansii","careers","search_index","https://beltuv.by/vakansii","Набор преподавателей и учебно-методических специалистов.","Еженедельно проверять новые публикации и изменения; переносить подтвержденные потребности в отдельный реестр лидов.","URL найден в официальном поисковом индексе; автоматический сбор не протестирован.","not_checked_here",""
"CU-SRC-0350","CU-0177","main_200","Учреждение образования «УЦ БелТЮФ» — Программы","https://beltuv.by/uc/obuchayushhie-kursy","programs","search_index","https://beltuv.by/uc/obuchayushhie-kursy","Изменения учебных направлений и наборов.","Еженедельно проверять новые публикации и изменения; переносить подтвержденные потребности в отдельный реестр лидов.","URL найден в официальном поисковом индексе; автоматический сбор не протестирован.","not_checked_here",""
"CU-SRC-0351","CU-0178","main_200","Учебный центр авиационной безопасности ИКАО Национального аэропорта Минск — Сайт / описание структуры","https://icao.airport.by/","university_site","search_index","https://icao.airport.by/about","Изменения программ, состава подразделения, партнерств и порядка привлечения внешних экспертов.","Еженедельно читать публичную страницу и извлекать изменения текста; сохранять URL, дату обнаружения и короткое доказательство. Затем расширить обход по наблюдаемым ссылкам.","Подтверждено поисковой индексацией; прямой доступ, актуальность и пригодность для регулярного сбора перепроверить.","not_checked_here",""
"CU-SRC-0352","CU-0178","main_200","Учебный центр авиационной безопасности ИКАО Национального аэропорта Минск — Программы","https://icao.airport.by/schedule","programs","search_index","https://icao.airport.by/schedule","Расписание, партнерские программы и новые темы.","Еженедельно проверять новые публикации и изменения; переносить подтвержденные потребности в отдельный реестр лидов.","URL найден в официальном поисковом индексе; автоматический сбор не протестирован.","not_checked_here",""
"CU-SRC-0353","CU-0178","main_200","Учебный центр авиационной безопасности ИКАО Национального аэропорта Минск — Контакты","https://icao.airport.by/contacts","contacts","search_index","https://icao.airport.by/contacts","Рабочие контакты учебного подразделения.","Еженедельно проверять новые публикации и изменения; переносить подтвержденные потребности в отдельный реестр лидов.","URL найден в официальном поисковом индексе; автоматический сбор не протестирован.","not_checked_here",""
"CU-SRC-0354","CU-0179","main_200","Учебно-тренировочный центр Белорусской АЭС — Сайт / описание структуры","https://belaes.by/ru/obrazovatelnaya-deyatelnost.html","university_site","search_index","https://belaes.by/ru/obrazovatelnaya-deyatelnost.html","Изменения программ, состава подразделения, партнерств и порядка привлечения внешних экспертов.","Еженедельно читать публичную страницу и извлекать изменения текста; сохранять URL, дату обнаружения и короткое доказательство. Затем расширить обход по наблюдаемым ссылкам.","Подтверждено поисковой индексацией; прямой доступ, актуальность и пригодность для регулярного сбора перепроверить.","not_checked_here",""
"CU-SRC-0355","CU-0179","main_200","Учебно-тренировочный центр Белорусской АЭС — Контакты","https://belaes.by/ru/obrazovatelnaya-deyatelnost/kontakty-utts.html","contacts","search_index","https://belaes.by/ru/obrazovatelnaya-deyatelnost/kontakty-utts.html","Контакты руководства и организации обучения УТЦ.","Еженедельно проверять новые публикации и изменения; переносить подтвержденные потребности в отдельный реестр лидов.","URL найден в официальном поисковом индексе; автоматический сбор не протестирован.","not_checked_here",""
"CU-SRC-0356","CU-0180","reserve","Учебно-практический центр МАЗ-БНТУ — Сайт / описание структуры","https://maz.by/media/news/2022/04/18/vladimir-semashko-posetil-maz","university_site","search_index","https://maz.by/media/news/2022/04/18/vladimir-semashko-posetil-maz","Сведения о корпоративной учебной структуре, статусе программы и актуальном заказчике.","Повторно прочитать первичный документ; найти свежую корпоративную страницу и доказательство принадлежности.","URL обнаружен в публичном поисковом индексе; доказательство для статуса КУ недостаточно.","not_checked_here",""
"CU-SRC-0357","CU-0181","reserve","Учебный центр Нафтан — кандидат — Сайт / описание структуры","https://gazeta.naftan.by/mastera-svoego-dela","university_site","search_index","https://gazeta.naftan.by/mastera-svoego-dela","Сведения о корпоративной учебной структуре, статусе программы и актуальном заказчике.","Повторно прочитать первичный документ; найти свежую корпоративную страницу и доказательство принадлежности.","URL обнаружен в публичном поисковом индексе; доказательство для статуса КУ недостаточно.","not_checked_here",""
"CU-SRC-0358","CU-0182","reserve","Учебный центр Минсктранс — исторический кандидат — Сайт / описание структуры","https://minsktrans.by/wp-content/uploads/2020/11/vypusk-833.pdf","university_site","search_index","https://minsktrans.by/wp-content/uploads/2020/11/vypusk-833.pdf","Сведения о корпоративной учебной структуре, статусе программы и актуальном заказчике.","Повторно прочитать первичный документ; найти свежую корпоративную страницу и доказательство принадлежности.","URL обнаружен в публичном поисковом индексе; доказательство для статуса КУ недостаточно.","not_checked_here",""
"CU-SRC-0359","CU-0183","reserve","LeverX Learning Hub — Беларусь требует подтверждения — Сайт / описание структуры","https://career.leverx.com/courses","university_site","search_index","https://career.leverx.com/courses","Сведения о корпоративной учебной структуре, статусе программы и актуальном заказчике.","Повторно прочитать первичный документ; найти свежую корпоративную страницу и доказательство принадлежности.","URL обнаружен в публичном поисковом индексе; доказательство для статуса КУ недостаточно.","not_checked_here",""
"CU-SRC-0360","CU-0184","reserve","Andersen Trainee — программа, структура не подтверждена — Сайт / описание структуры","https://people.andersenlab.com/trainee/courses","university_site","search_index","https://people.andersenlab.com/trainee/courses","Сведения о корпоративной учебной структуре, статусе программы и актуальном заказчике.","Повторно прочитать первичный документ; найти свежую корпоративную страницу и доказательство принадлежности.","URL обнаружен в публичном поисковом индексе; доказательство для статуса КУ недостаточно.","not_checked_here",""
"CU-SRC-0361","CU-0185","main_200","Samruk Business Academy (бывший КУ «Самрук-Казына») — Сайт / описание структуры","https://sba.kz/","university_site","search_index","https://sba.kz/","Программы и изменения учебной структуры, объявления о партнёрстве, ссылки на преподавателей и закупки","Публичные HTML/PDF: периодическая загрузка с историей версий; навигационные ссылки раскрыть отдельно. API не подтверждён.","Открытый адрес найден; работа автоматического сборщика не проверялась.","not_checked_here",""
"CU-SRC-0362","CU-0185","main_200","Samruk Business Academy (бывший КУ «Самрук-Казына») — Программы","https://sba.kz/education?index=1","programs","search_index","https://sba.kz/education?index=1","Каталог открытых и модульных программ; пройти все вкладки, не ограничивать index=1.","Публичные HTML/PDF, история версий; сохранить raw до квалификации; API не установлен.","Доступ и полноту автоматического сбора проверить отдельно.","not_checked_here","MISB-436"
"CU-SRC-0363","CU-0185","main_200","Samruk Business Academy (бывший КУ «Самрук-Казына») — Программы","https://sba.kz/education?index=3","programs","search_index","https://sba.kz/education?index=3","Альтернативная вкладка каталога, сохранять как отдельный маршрут.","Публичные HTML/PDF, история версий; сохранить raw до квалификации; API не установлен.","Доступ и полноту автоматического сбора проверить отдельно.","not_checked_here",""
"CU-SRC-0364","CU-0186","main_200","Корпоративный университет ERG — Сайт / описание структуры","https://www.erg.kz/ru/career","university_site","content_read","https://www.erg.kz/ru/career","Программы и изменения учебной структуры, объявления о партнёрстве, ссылки на преподавателей и закупки","Публичные HTML/PDF: периодическая загрузка с историей версий; навигационные ссылки раскрыть отдельно. API не подтверждён.","Открытый адрес найден; работа автоматического сборщика не проверялась.","not_checked_here",""
"CU-SRC-0365","CU-0186","main_200","Корпоративный университет ERG — Закупки","https://www.erg.kz/ru/purchases","procurement","content_read","https://www.erg.kz/ru/purchases","Закупки услуг обучения и разработки контента","Публичные HTML/PDF, история версий; сохранить raw до квалификации; API не установлен.","Доступ и полноту автоматического сбора проверить отдельно.","not_checked_here",""
"CU-SRC-0366","CU-0186","main_200","Корпоративный университет ERG — Новости","https://www.erg.kz/files/%D0%9E%D0%B1%D0%B7%D0%BE%D1%80_%D0%9A%D0%A3_%D0%93%D0%9C%D0%9A_%D0%92%D0%A1_31.07.2025_RU.pdf","news","content_read","https://www.erg.kz/files/%D0%9E%D0%B1%D0%B7%D0%BE%D1%80_%D0%9A%D0%A3_%D0%93%D0%9C%D0%9A_%D0%92%D0%A1_31.07.2025_RU.pdf","Обзор КУ ГМК: новые участники, партнёры и практики. Не считать каждым заказом.","Публичные HTML/PDF, история версий; сохранить raw до квалификации; API не установлен.","Доступ и полноту автоматического сбора проверить отдельно.","not_checked_here",""
"CU-SRC-0367","CU-0187","main_200","BI University — Сайт / описание структуры","https://www.biu.kz/","university_site","content_read","https://biu.kz/us","Программы и изменения учебной структуры, объявления о партнёрстве, ссылки на преподавателей и закупки","Публичные HTML/PDF: периодическая загрузка с историей версий; навигационные ссылки раскрыть отдельно. API не подтверждён.","Открытый адрес найден; работа автоматического сборщика не проверялась.","not_checked_here",""
"CU-SRC-0368","CU-0187","main_200","BI University — Партнерство","https://biu.kz/us","partners","search_index","https://biu.kz/us","Модель работы и партнёры программ","Публичные HTML/PDF, история версий; сохранить raw до квалификации; API не установлен.","Доступ и полноту автоматического сбора проверить отдельно.","not_checked_here",""
"CU-SRC-0369","CU-0187","main_200","BI University — Контакты","https://www.biu.kz/","contacts","content_read","https://www.biu.kz/","Контакты директора, заместителей и отдела развития; публичные роли перед обращением перепроверить.","Публичные HTML/PDF, история версий; сохранить raw до квалификации; API не установлен.","Доступ и полноту автоматического сбора проверить отдельно.","not_checked_here",""
"CU-SRC-0370","CU-0188","main_200","Корпоративный университет Qarmet — Сайт / описание структуры","https://qarmet.kz/ru/","university_site","content_read","https://qarmet.kz/ru/","Программы и изменения учебной структуры, объявления о партнёрстве, ссылки на преподавателей и закупки","Публичные HTML/PDF: периодическая загрузка с историей версий; навигационные ссылки раскрыть отдельно. API не подтверждён.","Открытый адрес найден; работа автоматического сборщика не проверялась.","not_checked_here",""
"CU-SRC-0371","CU-0188","main_200","Корпоративный университет Qarmet — Вакансии","https://job.qarmet.kz/","careers","search_index","https://qarmet.kz/ru/","Вакансии методистов, тренеров и L&D как сигналы расширения; ссылка с официального сайта.","Публичные HTML/PDF, история версий; сохранить raw до квалификации; API не установлен.","Доступ и полноту автоматического сбора проверить отдельно.","not_checked_here",""
"CU-SRC-0372","CU-0189","main_200","Корпоративный университет QazTehna — Сайт / описание структуры","https://university.qaztehna.kz/","university_site","search_index","https://university.qaztehna.kz/ob-universitete/","Программы и изменения учебной структуры, объявления о партнёрстве, ссылки на преподавателей и закупки","Публичные HTML/PDF: периодическая загрузка с историей версий; навигационные ссылки раскрыть отдельно. API не подтверждён.","Открытый адрес найден; работа автоматического сборщика не проверялась.","not_checked_here",""
"CU-SRC-0373","CU-0189","main_200","Корпоративный университет QazTehna — Новости","https://university.qaztehna.kz/","news","search_index","https://university.qaztehna.kz/","Новости, образовательные партнёры и новые программы","Публичные HTML/PDF, история версий; сохранить raw до квалификации; API не установлен.","Доступ и полноту автоматического сбора проверить отдельно.","not_checked_here",""
"CU-SRC-0374","CU-0190","main_200","Корпоративный университет АО «КазНИИСА» — Сайт / описание структуры","https://kazniisa.kz/centres/corporate-university","university_site","search_index","https://kazniisa.kz/centres/corporate-university","Программы и изменения учебной структуры, объявления о партнёрстве, ссылки на преподавателей и закупки","Публичные HTML/PDF: периодическая загрузка с историей версий; навигационные ссылки раскрыть отдельно. API не подтверждён.","Открытый адрес найден; работа автоматического сборщика не проверялась.","not_checked_here",""
"CU-SRC-0375","CU-0191","main_200","Корпоративный университет АҚҚУ — Сайт / описание структуры","https://alina.kz/akku/","university_site","search_index","https://alina.kz/akku/","Программы и изменения учебной структуры, объявления о партнёрстве, ссылки на преподавателей и закупки","Публичные HTML/PDF: периодическая загрузка с историей версий; навигационные ссылки раскрыть отдельно. API не подтверждён.","Открытый адрес найден; работа автоматического сборщика не проверялась.","not_checked_here",""
"CU-SRC-0376","CU-0192","main_200","Казахстанский ядерный университет — Сайт / описание структуры","https://knu.kazatomprom.kz/ru","university_site","content_read","https://iht.kazatomprom.kz/ru/subcontent/kazahstanskiy-yadernyy-universitet-40","Программы и изменения учебной структуры, объявления о партнёрстве, ссылки на преподавателей и закупки","Публичные HTML/PDF: периодическая загрузка с историей версий; навигационные ссылки раскрыть отдельно. API не подтверждён.","Открытый адрес найден; работа автоматического сборщика не проверялась.","not_checked_here",""
"CU-SRC-0377","CU-0192","main_200","Казахстанский ядерный университет — Закупки","https://knu.kazatomprom.kz/ru/subsection/postavshchikam","procurement","content_read","https://knu.kazatomprom.kz/ru/subsection/postavshchikam","Раздел поставщикам; на открытой странице список закупок не виден — обнаружить реальный downstream-маршрут.","Публичные HTML/PDF, история версий; сохранить raw до квалификации; API не установлен.","Доступ и полноту автоматического сбора проверить отдельно.","not_checked_here",""
"CU-SRC-0378","CU-0192","main_200","Казахстанский ядерный университет — Программы","https://knu.kazatomprom.kz/ru/subsection/resheniya-dlya-vas","programs","content_read","https://knu.kazatomprom.kz/ru/subsection/resheniya-dlya-vas","Функциональные/академические программы и виртуальная школа","Публичные HTML/PDF, история версий; сохранить raw до квалификации; API не установлен.","Доступ и полноту автоматического сбора проверить отдельно.","not_checked_here",""
"CU-SRC-0379","CU-0192","main_200","Казахстанский ядерный университет — Новости","https://knu.kazatomprom.kz/ru/sub-news","news","content_read","https://knu.kazatomprom.kz/ru/sub-news","Новости КЯУ и группы, сохранять даже общекорпоративные публикации","Публичные HTML/PDF, история версий; сохранить raw до квалификации; API не установлен.","Доступ и полноту автоматического сбора проверить отдельно.","not_checked_here",""
"CU-SRC-0380","CU-0193","main_200","Корпоративный университет Управления трудовых ресурсов Казцинк — Сайт / описание структуры","https://www.kazzinc.com/eng/stazhirovka-i-karera","university_site","content_read","https://www.erg.kz/files/%D0%9E%D0%B1%D0%B7%D0%BE%D1%80_%D0%9A%D0%A3_%D0%93%D0%9C%D0%9A_%D0%92%D0%A1_31.07.2025_RU.pdf","Программы и изменения учебной структуры, объявления о партнёрстве, ссылки на преподавателей и закупки","Публичные HTML/PDF: периодическая загрузка с историей версий; навигационные ссылки раскрыть отдельно. API не подтверждён.","Открытый адрес найден; работа автоматического сборщика не проверялась.","not_checked_here",""
"CU-SRC-0381","CU-0194","reserve","Отдел обучения и развития персонала Казахмыс (система корпоративного обучения) — Сайт / описание структуры","https://www.kazakhmys.kz/ru","university_site","content_read","https://www.erg.kz/files/%D0%9E%D0%B1%D0%B7%D0%BE%D1%80_%D0%9A%D0%A3_%D0%93%D0%9C%D0%9A_%D0%92%D0%A1_31.07.2025_RU.pdf","Программы и изменения учебной структуры, объявления о партнёрстве, ссылки на преподавателей и закупки","Публичные HTML/PDF: периодическая загрузка с историей версий; навигационные ссылки раскрыть отдельно. API не подтверждён.","Открытый адрес найден; работа автоматического сборщика не проверялась.","not_checked_here",""
"CU-SRC-0382","CU-0195","main_200","Учебный центр АО «АК Алтыналмас» — Сайт / описание структуры","https://www.altynalmas.kz/blog/news/73","university_site","search_index","https://www.altynalmas.kz/blog/news/73","Программы и изменения учебной структуры, объявления о партнёрстве, ссылки на преподавателей и закупки","Публичные HTML/PDF: периодическая загрузка с историей версий; навигационные ссылки раскрыть отдельно. API не подтверждён.","Открытый адрес найден; работа автоматического сборщика не проверялась.","not_checked_here",""
"CU-SRC-0383","CU-0195","main_200","Учебный центр АО «АК Алтыналмас» — Новости","https://www.altynalmas.kz/blog/news/95","news","search_index","https://www.altynalmas.kz/blog/news/95","Развитие внутренней системы обучения и промышленной безопасности","Публичные HTML/PDF, история версий; сохранить raw до квалификации; API не установлен.","Доступ и полноту автоматического сбора проверить отдельно.","not_checked_here",""
"CU-SRC-0384","CU-0196","main_200","Центр оценки и развития персонала железнодорожного транспорта ҚТЖ — Сайт / описание структуры","https://edutransport.railways.kz/","university_site","content_read","https://edutransport.railways.kz/","Программы и изменения учебной структуры, объявления о партнёрстве, ссылки на преподавателей и закупки","Публичные HTML/PDF: периодическая загрузка с историей версий; навигационные ссылки раскрыть отдельно. API не подтверждён.","Открытый адрес найден; работа автоматического сборщика не проверялась.","not_checked_here",""
"CU-SRC-0385","CU-0196","main_200","Центр оценки и развития персонала железнодорожного транспорта ҚТЖ — Программы","https://edutransport.railways.kz/courses/branch/Taraz/","programs","search_index","https://edutransport.railways.kz/courses/branch/Taraz/","Региональные программы Таразского центра; дочерний канал одного источника, не новый КУ.","Публичные HTML/PDF, история версий; сохранить raw до квалификации; API не установлен.","Доступ и полноту автоматического сбора проверить отдельно.","not_checked_here",""
"CU-SRC-0386","CU-0196","main_200","Центр оценки и развития персонала железнодорожного транспорта ҚТЖ — Программы","https://edutransport.railways.kz/courses/branch/Karaganda/","programs","search_index","https://edutransport.railways.kz/courses/branch/Karaganda/","Региональные программы Карагандинского центра; сохранять покрытие всей сети.","Публичные HTML/PDF, история версий; сохранить raw до квалификации; API не установлен.","Доступ и полноту автоматического сбора проверить отдельно.","not_checked_here",""
"CU-SRC-0387","CU-0197","main_200","Корпоративный университет Казахтелеком / Дирекция «Академия инфокоммуникационных технологий» — Сайт / описание структуры","https://telecom.kz/ru/pages/11865/172287","university_site","search_index","https://ar2023.telecom.kz/ru/short-profile.html","Программы и изменения учебной структуры, объявления о партнёрстве, ссылки на преподавателей и закупки","Публичные HTML/PDF: периодическая загрузка с историей версий; навигационные ссылки раскрыть отдельно. API не подтверждён.","Открытый адрес найден; работа автоматического сборщика не проверялась.","not_checked_here",""
"CU-SRC-0388","CU-0197","main_200","Корпоративный университет Казахтелеком / Дирекция «Академия инфокоммуникационных технологий» — Новости","https://ar2024.telecom.kz/ru/workforce-size-and-structure.html","news","search_index","https://ar2024.telecom.kz/ru/workforce-size-and-structure.html","Изменения обучения и студенческой площадки","Публичные HTML/PDF, история версий; сохранить raw до квалификации; API не установлен.","Доступ и полноту автоматического сбора проверить отдельно.","not_checked_here",""
"CU-SRC-0389","CU-0197","main_200","Корпоративный университет Казахтелеком / Дирекция «Академия инфокоммуникационных технологий» — Программы","https://ar2022.telecom.kz/index.php/ru/priority-sustainable-development-goals.html","programs","search_index","https://ar2022.telecom.kz/index.php/ru/priority-sustainable-development-goals.html","Названия функциональных академий как маршруты раскрытия","Публичные HTML/PDF, история версий; сохранить raw до квалификации; API не установлен.","Доступ и полноту автоматического сбора проверить отдельно.","not_checked_here",""
"CU-SRC-0390","CU-0198","main_200","Учебный центр и направление развития компетенций НТЦ QazaqGaz — Сайт / описание структуры","https://qgrnd.kz/direction/or/","university_site","content_read","https://qgrnd.kz/direction/or/","Программы и изменения учебной структуры, объявления о партнёрстве, ссылки на преподавателей и закупки","Публичные HTML/PDF: периодическая загрузка с историей версий; навигационные ссылки раскрыть отдельно. API не подтверждён.","Открытый адрес найден; работа автоматического сборщика не проверялась.","not_checked_here",""
"CU-SRC-0391","CU-0198","main_200","Учебный центр и направление развития компетенций НТЦ QazaqGaz — Закупки","https://qgrnd.kz/purchase/","procurement","content_read","https://qgrnd.kz/purchase/","Публичные объявления о закупках НТЦ","Публичные HTML/PDF, история версий; сохранить raw до квалификации; API не установлен.","Доступ и полноту автоматического сбора проверить отдельно.","not_checked_here",""
"CU-SRC-0392","CU-0198","main_200","Учебный центр и направление развития компетенций НТЦ QazaqGaz — Программы","https://qgrnd.kz/education/","programs","content_read","https://qgrnd.kz/education/","Образовательные программы и ссылки на LMS","Публичные HTML/PDF, история версий; сохранить raw до квалификации; API не установлен.","Доступ и полноту автоматического сбора проверить отдельно.","not_checked_here",""
"CU-SRC-0393","CU-0199","main_200","Учебно-курсовой комбинат Интергаз Центральная Азия — Сайт / описание структуры","https://intergas.kz/ru/ukk/","university_site","search_index","https://intergas.kz/ru/ukk/","Программы и изменения учебной структуры, объявления о партнёрстве, ссылки на преподавателей и закупки","Публичные HTML/PDF: периодическая загрузка с историей версий; навигационные ссылки раскрыть отдельно. API не подтверждён.","Открытый адрес найден; работа автоматического сборщика не проверялась.","not_checked_here",""
"CU-SRC-0394","CU-0200","main_200","Air Astana Training Centre / Flight Training Centre — Сайт / описание структуры","https://ir.airastana.com/en/about-us/company-news/air-astana-commissions-new-flight-training-centre/","university_site","search_index","https://ir.airastana.com/en/about-us/company-news/air-astana-commissions-new-flight-training-centre/","Программы и изменения учебной структуры, объявления о партнёрстве, ссылки на преподавателей и закупки","Публичные HTML/PDF: периодическая загрузка с историей версий; навигационные ссылки раскрыть отдельно. API не подтверждён.","Открытый адрес найден; работа автоматического сборщика не проверялась.","not_checked_here",""
"CU-SRC-0395","CU-0200","main_200","Air Astana Training Centre / Flight Training Centre — Новости","https://ir.airastana.com/en/about-us/our-strategy/","news","search_index","https://ir.airastana.com/en/about-us/our-strategy/","Развитие собственного обучения и корпоративных компетенций","Публичные HTML/PDF, история версий; сохранить raw до квалификации; API не установлен.","Доступ и полноту автоматического сбора проверить отдельно.","not_checked_here",""
"CU-SRC-0396","CU-0201","main_200","Авиационный учебный центр SCAT — Сайт / описание структуры","https://www.scat.kz/ru/scat-aviation-training-center/","university_site","search_index","https://www.scat.kz/ru/scat-aviation-training-center/","Программы и изменения учебной структуры, объявления о партнёрстве, ссылки на преподавателей и закупки","Публичные HTML/PDF: периодическая загрузка с историей версий; навигационные ссылки раскрыть отдельно. API не подтверждён.","Открытый адрес найден; работа автоматического сборщика не проверялась.","not_checked_here",""
"CU-SRC-0397","CU-0202","main_200","Центр профессиональной подготовки Казаэронавигации — Сайт / описание структуры","https://training.ans.kz/","university_site","search_index","https://training.ans.kz/ru/about","Программы и изменения учебной структуры, объявления о партнёрстве, ссылки на преподавателей и закупки","Публичные HTML/PDF: периодическая загрузка с историей версий; навигационные ссылки раскрыть отдельно. API не подтверждён.","Открытый адрес найден; работа автоматического сборщика не проверялась.","not_checked_here",""
"CU-SRC-0398","CU-0202","main_200","Центр профессиональной подготовки Казаэронавигации — Программы","https://training.ans.kz/courses","programs","search_index","https://training.ans.kz/courses","Каталог включает подготовку инструкторов и методистов","Публичные HTML/PDF, история версий; сохранить raw до квалификации; API не установлен.","Доступ и полноту автоматического сбора проверить отдельно.","not_checked_here",""
"CU-SRC-0399","CU-0202","main_200","Центр профессиональной подготовки Казаэронавигации — Партнерство","https://ans.kz/ru/activities/PTC","partners","search_index","https://ans.kz/ru/activities/PTC","Конференции и партнёрства центра","Публичные HTML/PDF, история версий; сохранить raw до квалификации; API не установлен.","Доступ и полноту автоматического сбора проверить отдельно.","not_checked_here",""
"CU-SRC-0400","CU-0203","main_200","Airbus Helicopters Training Academy Kazakhstan — Сайт / описание структуры","https://www.airbus.com/en/products-services/helicopters/hcare-services/training-flight-operations/airbus-helicopters-training-academy-kazakhstan","university_site","search_index","https://www.airbus.com/en/products-services/helicopters/hcare-services/training-flight-operations/airbus-helicopters-training-academy-kazakhstan","Программы и изменения учебной структуры, объявления о партнёрстве, ссылки на преподавателей и закупки","Публичные HTML/PDF: периодическая загрузка с историей версий; навигационные ссылки раскрыть отдельно. API не подтверждён.","Открытый адрес найден; работа автоматического сборщика не проверялась.","not_checked_here",""
"CU-SRC-0401","CU-0203","main_200","Airbus Helicopters Training Academy Kazakhstan — Программы","https://eurocopterke.ke.kz/ru/company/production/1033/","programs","search_index","https://eurocopterke.ke.kz/ru/company/production/1033/","Программы местного учебного центра; старый домен сохранён","Публичные HTML/PDF, история версий; сохранить raw до квалификации; API не установлен.","Доступ и полноту автоматического сбора проверить отдельно.","not_checked_here",""
"CU-SRC-0402","CU-0204","main_200","Учебный центр КазТрансОйл в Актау — Сайт / описание структуры","https://kaztransoil.kz/ru/","university_site","search_index","https://www.kmg.kz/ru/press-center/press-releases/300-17-um/","Программы и изменения учебной структуры, объявления о партнёрстве, ссылки на преподавателей и закупки","Публичные HTML/PDF: периодическая загрузка с историей версий; навигационные ссылки раскрыть отдельно. API не подтверждён.","Открытый адрес найден; работа автоматического сборщика не проверялась.","not_checked_here",""
"CU-SRC-0403","CU-0205","main_200","Учебный центр KMG Automation — Сайт / описание структуры","https://www.kmga.kz/","university_site","content_read","https://www.kmga.kz/","Программы и изменения учебной структуры, объявления о партнёрстве, ссылки на преподавателей и закупки","Публичные HTML/PDF: периодическая загрузка с историей версий; навигационные ссылки раскрыть отдельно. API не подтверждён.","Открытый адрес найден; работа автоматического сборщика не проверялась.","not_checked_here",""
"CU-SRC-0404","CU-0206","main_200","Учебный центр ПНХЗ — Сайт / описание структуры","https://www.pnhz.kz/refinery/human_resources_policy/","university_site","search_index","https://www.pnhz.kz/refinery/human_resources_policy/","Программы и изменения учебной структуры, объявления о партнёрстве, ссылки на преподавателей и закупки","Публичные HTML/PDF: периодическая загрузка с историей версий; навигационные ссылки раскрыть отдельно. API не подтверждён.","Открытый адрес найден; работа автоматического сборщика не проверялась.","not_checked_here",""
"CU-SRC-0405","CU-0206","main_200","Учебный центр ПНХЗ — Новости","https://www.pnhz.kz/press_center/news/?PAGEN_1=4","news","search_index","https://www.pnhz.kz/press_center/news/?PAGEN_1=4","Новости учебного центра; стартовать с первой страницы и сохранять пагинацию, page4 — только найденный seed.","Публичные HTML/PDF, история версий; сохранить raw до квалификации; API не установлен.","Доступ и полноту автоматического сбора проверить отдельно.","not_checked_here",""
"CU-SRC-0406","CU-0207","main_200","Учебный центр Атырауского НПЗ — Сайт / описание структуры","https://www.anpz.kz/social_sphere/training/","university_site","search_index","https://anpz.kz/press_center/news/75937/invitation-to-partnership?PAGEN_1=106","Программы и изменения учебной структуры, объявления о партнёрстве, ссылки на преподавателей и закупки","Публичные HTML/PDF: периодическая загрузка с историей версий; навигационные ссылки раскрыть отдельно. API не подтверждён.","Открытый адрес найден; работа автоматического сборщика не проверялась.","not_checked_here",""
"CU-SRC-0407","CU-0208","main_200","Учебный центр Тенгизшевройл — Сайт / описание структуры","https://www.tengizchevroil.com/","university_site","search_index","https://kaztransoil.kz/ru/press-centre/novosti/3109-nefteprovodchiki-otmetili-vsemirnyy-den-ohrany-truda","Программы и изменения учебной структуры, объявления о партнёрстве, ссылки на преподавателей и закупки","Публичные HTML/PDF: периодическая загрузка с историей версий; навигационные ссылки раскрыть отдельно. API не подтверждён.","Открытый адрес найден; работа автоматического сборщика не проверялась.","not_checked_here",""
"CU-SRC-0408","CU-0208","main_200","Учебный центр Тенгизшевройл — Новости","https://www.tengizchevroil.com/ru/tco-news/detail/2026/05/15/the-results-of-the-training-program-for-unemployed-citizens-supported-by-tengizchevroil-were-summarized","news","search_index","https://www.tengizchevroil.com/ru/tco-news/detail/2026/05/15/the-results-of-the-training-program-for-unemployed-citizens-supported-by-tengizchevroil-were-summarized","Обучающие партнёры; социальные программы не смешивать с заказом на корпоративное обучение","Публичные HTML/PDF, история версий; сохранить raw до квалификации; API не установлен.","Доступ и полноту автоматического сбора проверить отдельно.","not_checked_here",""
"CU-SRC-0409","CU-0209","main_200","Учебный центр KPO (Аксай / Aliya Training Centre) — Сайт / описание структуры","https://www.kpo.kz/","university_site","search_index","https://www.kpo.kz/docs/sustainability_report_2023/en/025-energoeffektivnost.php","Программы и изменения учебной структуры, объявления о партнёрстве, ссылки на преподавателей и закупки","Публичные HTML/PDF: периодическая загрузка с историей версий; навигационные ссылки раскрыть отдельно. API не подтверждён.","Открытый адрес найден; работа автоматического сборщика не проверялась.","not_checked_here",""
"CU-SRC-0410","CU-0209","main_200","Учебный центр KPO (Аксай / Aliya Training Centre) — Вакансии","https://hr.kpo.kz/vacancy/586","careers","search_index","https://hr.kpo.kz/vacancy/586","Архивная вакансия подтверждает взаимодействие с учебным центром; раскрыть свежие вакансии без признания старой актуальной","Публичные HTML/PDF, история версий; сохранить raw до квалификации; API не установлен.","Доступ и полноту автоматического сбора проверить отдельно.","not_checked_here",""
"CU-SRC-0411","CU-0210","main_200","Atyrau Training Centre NCOC — Сайт / описание структуры","https://www.ncoc.kz/public/publications/ncoc/LocalContentBrochureRus.pdf","university_site","search_index","https://www.ncoc.kz/public/publications/ncoc/LocalContentBrochureRus.pdf","Программы и изменения учебной структуры, объявления о партнёрстве, ссылки на преподавателей и закупки","Публичные HTML/PDF: периодическая загрузка с историей версий; навигационные ссылки раскрыть отдельно. API не подтверждён.","Открытый адрес найден; работа автоматического сборщика не проверялась.","not_checked_here",""
"CU-SRC-0412","CU-0210","main_200","Atyrau Training Centre NCOC — Новости","https://www.ncoc.kz/en/sustainability/2020/reports","news","search_index","https://www.ncoc.kz/en/sustainability/2020/reports","Годовой отчёт также упоминает Atyrau Training Centre; раскрыть более новые отчёты","Публичные HTML/PDF, история версий; сохранить raw до квалификации; API не установлен.","Доступ и полноту автоматического сбора проверить отдельно.","not_checked_here",""
"CU-SRC-0413","CU-0210","main_200","Atyrau Training Centre NCOC — Новости","https://www.ncoc.kz/en/news/news-799","news","search_index","https://www.ncoc.kz/en/news/news-799","Мероприятия и контакты действующего учебного центра; перейти к актуальной ленте.","Публичные HTML/PDF, история версий; сохранить raw до квалификации; API не установлен.","Доступ и полноту автоматического сбора проверить отдельно.","not_checked_here",""
"CU-SRC-0414","CU-0211","reserve","Halyk Academy — корпоративный образовательный проект — Сайт / описание структуры","https://official.satbayev.university/ru/information-telecommunication-technologies/csam/laboratoriya-halyk-academy-satbayev-university","university_site","search_index","https://official.satbayev.university/ru/information-telecommunication-technologies/csam/laboratoriya-halyk-academy-satbayev-university","Программы и изменения учебной структуры, объявления о партнёрстве, ссылки на преподавателей и закупки","Публичные HTML/PDF: периодическая загрузка с историей версий; навигационные ссылки раскрыть отдельно. API не подтверждён.","Открытый адрес найден; работа автоматического сборщика не проверялась.","not_checked_here",""
"CU-SRC-0415","CU-0211","reserve","Halyk Academy — корпоративный образовательный проект — Вакансии","https://halykbank.kz/for-employees","careers","search_index","https://halykbank.kz/for-employees","Корпоративные программы развития и вакансии HR/L&D","Публичные HTML/PDF, история версий; сохранить raw до квалификации; API не установлен.","Доступ и полноту автоматического сбора проверить отдельно.","not_checked_here",""
"CU-SRC-0416","CU-0212","main_200","Freedom Academy — Сайт / описание структуры","https://freedomacademy.kz/","university_site","search_index","https://fbroker.kz/academy","Программы и изменения учебной структуры, объявления о партнёрстве, ссылки на преподавателей и закупки","Публичные HTML/PDF: периодическая загрузка с историей версий; навигационные ссылки раскрыть отдельно. API не подтверждён.","Открытый адрес найден; работа автоматического сборщика не проверялась.","not_checked_here",""
"CU-SRC-0417","CU-0212","main_200","Freedom Academy — Программы","https://freedomacademy.kz/corporate-education","programs","search_index","https://freedomacademy.kz/corporate-education","Корпоративное обучение, форматы и индивидуальные запросы","Публичные HTML/PDF, история версий; сохранить raw до квалификации; API не установлен.","Доступ и полноту автоматического сбора проверить отдельно.","not_checked_here",""
"CU-SRC-0418","CU-0213","reserve","Kolesa Академия — Сайт / описание структуры","https://kolesa.group/kz/education/academy","university_site","search_index","https://kolesa.group/kz/education/academy","Программы и изменения учебной структуры, объявления о партнёрстве, ссылки на преподавателей и закупки","Публичные HTML/PDF: периодическая загрузка с историей версий; навигационные ссылки раскрыть отдельно. API не подтверждён.","Открытый адрес найден; работа автоматического сборщика не проверялась.","not_checked_here",""
"CU-SRC-0419","CU-0214","reserve","Академия дистрибуции Allur — Сайт / описание структуры","https://hh.kz/employer/2374853","university_site","search_index","https://hh.kz/employer/2374853","Программы и изменения учебной структуры, объявления о партнёрстве, ссылки на преподавателей и закупки","Публичные HTML/PDF: периодическая загрузка с историей версий; навигационные ссылки раскрыть отдельно. API не подтверждён.","Открытый адрес найден; работа автоматического сборщика не проверялась.","not_checked_here",""
"CU-SRC-0420","CU-0215","main_200","Корпоративный учебный центр Казпочты — Сайт / описание структуры","https://qazpost.kz/ru","university_site","search_index","https://www.gov.kz/memleket/entities/adilet-atr/press/media/details/85334","Программы и изменения учебной структуры, объявления о партнёрстве, ссылки на преподавателей и закупки","Публичные HTML/PDF: периодическая загрузка с историей версий; навигационные ссылки раскрыть отдельно. API не подтверждён.","Открытый адрес найден; работа автоматического сборщика не проверялась.","not_checked_here",""
"CU-SRC-0421","CU-0216","reserve","Учебный центр Hyundai Trans Kazakhstan и Satbayev University — Сайт / описание структуры","https://astana-motors.kz/ru/news/satbayev-university-zhane-hyundai-trans-kazakhstan-mashina-zhasau-salasindagi-kasipkoy-kadrlardi-dayindap-zhatir-444","university_site","search_index","https://astana-motors.kz/ru/news/satbayev-university-zhane-hyundai-trans-kazakhstan-mashina-zhasau-salasindagi-kasipkoy-kadrlardi-dayindap-zhatir-444","Программы и изменения учебной структуры, объявления о партнёрстве, ссылки на преподавателей и закупки","Публичные HTML/PDF: периодическая загрузка с историей версий; навигационные ссылки раскрыть отдельно. API не подтверждён.","Открытый адрес найден; работа автоматического сборщика не проверялась.","not_checked_here",""
"CU-SRC-0422","CU-0217","reserve","Кентауский политехнический колледж Alageum Electric — Сайт / описание структуры","https://alageum.com/ru/predpriyatiya/ao-ktz","university_site","search_index","https://alageum.com/ru/predpriyatiya/ao-ktz","Программы и изменения учебной структуры, объявления о партнёрстве, ссылки на преподавателей и закупки","Публичные HTML/PDF: периодическая загрузка с историей версий; навигационные ссылки раскрыть отдельно. API не подтверждён.","Открытый адрес найден; работа автоматического сборщика не проверялась.","not_checked_here",""
"CU-SRC-0423","CU-0217","reserve","Кентауский политехнический колледж Alageum Electric — Новости","https://alageum.com/kz/novosti/kolledzh-ao-ktz-voshel-v-programmu-dorozhnoj-karty","news","search_index","https://alageum.com/kz/novosti/kolledzh-ao-ktz-voshel-v-programmu-dorozhnoj-karty","Развитие программ и образовательные партнёрства","Публичные HTML/PDF, история версий; сохранить raw до квалификации; API не установлен.","Доступ и полноту автоматического сбора проверить отдельно.","not_checked_here",""
"CU-SRC-0424","CU-0218","reserve","Отдел обучения / корпоративная учебная база Borusan Cat Казахстан — Сайт / описание структуры","https://www.borusancat.kz/ru/corporate/news/borusan-cat-education","university_site","search_index","https://www.borusancat.kz/ru/corporate/news/borusan-cat-education","Программы и изменения учебной структуры, объявления о партнёрстве, ссылки на преподавателей и закупки","Публичные HTML/PDF: периодическая загрузка с историей версий; навигационные ссылки раскрыть отдельно. API не подтверждён.","Открытый адрес найден; работа автоматического сборщика не проверялась.","not_checked_here",""
"CU-SRC-0425","CU-0218","reserve","Отдел обучения / корпоративная учебная база Borusan Cat Казахстан — Программы","https://www.borusancat.kz/ru/service/customer-training","programs","search_index","https://www.borusancat.kz/ru/service/customer-training","Клиентские обучающие программы","Публичные HTML/PDF, история версий; сохранить raw до квалификации; API не установлен.","Доступ и полноту автоматического сбора проверить отдельно.","not_checked_here",""
"CU-SRC-0426","CU-0218","reserve","Отдел обучения / корпоративная учебная база Borusan Cat Казахстан — Новости","https://www.borusancat.kz/ru/corporate/news/nastavnichestvo_2024","news","search_index","https://www.borusancat.kz/ru/corporate/news/nastavnichestvo_2024","Наставничество и развитие внутренних инструкторов","Публичные HTML/PDF, история версий; сохранить raw до квалификации; API не установлен.","Доступ и полноту автоматического сбора проверить отдельно.","not_checked_here",""
"CU-SRC-0427","CU-0219","main_200","PwC Академия Казахстан — Сайт / описание структуры","https://www.pwc.com/kz/ru/pwcacademy.html","university_site","search_index","https://www.pwc.com/kz/ru/pwcacademy.html","Программы и изменения учебной структуры, объявления о партнёрстве, ссылки на преподавателей и закупки","Публичные HTML/PDF: периодическая загрузка с историей версий; навигационные ссылки раскрыть отдельно. API не подтверждён.","Открытый адрес найден; работа автоматического сборщика не проверялась.","not_checked_here",""
"CU-SRC-0428","CU-0219","main_200","PwC Академия Казахстан — Программы","https://www.pwc.com/kz/ru/pwcacademy/korporativnyj-kouching-dlja-biznesa.html","programs","search_index","https://www.pwc.com/kz/ru/pwcacademy/korporativnyj-kouching-dlja-biznesa.html","Совместные программы коучинга и подготовки менеджеров","Публичные HTML/PDF, история версий; сохранить raw до квалификации; API не установлен.","Доступ и полноту автоматического сбора проверить отдельно.","not_checked_here",""
"CU-SRC-0429","CU-0219","main_200","PwC Академия Казахстан — Новости","https://www.pwc.com/kz/ru/pwc-news/what-new/spring-2024.html","news","search_index","https://www.pwc.com/kz/ru/pwc-news/what-new/spring-2024.html","Архив расписания как образец сигнала; обнаружить текущий календарь","Публичные HTML/PDF, история версий; сохранить raw до квалификации; API не установлен.","Доступ и полноту автоматического сбора проверить отдельно.","not_checked_here",""
"CU-SRC-0430","CU-0220","main_200","AIFC Academy — Академия МФЦА — Сайт / описание структуры","https://academy.aifc.kz/?lang=ru","university_site","search_index","https://academy.aifc.kz/en/o-nas/","Программы и изменения учебной структуры, объявления о партнёрстве, ссылки на преподавателей и закупки","Публичные HTML/PDF: периодическая загрузка с историей версий; навигационные ссылки раскрыть отдельно. API не подтверждён.","Открытый адрес найден; работа автоматического сборщика не проверялась.","not_checked_here",""
"CU-SRC-0431","CU-0221","reserve","KASE Academy — Сайт / описание структуры","https://kase.kz/ru/investors/kase-academy","university_site","search_index","https://kase.kz/ru/investors/kase-academy","Программы и изменения учебной структуры, объявления о партнёрстве, ссылки на преподавателей и закупки","Публичные HTML/PDF: периодическая загрузка с историей версий; навигационные ссылки раскрыть отдельно. API не подтверждён.","Открытый адрес найден; работа автоматического сборщика не проверялась.","not_checked_here",""
"CU-SRC-0432","CU-0221","reserve","KASE Academy — Новости","https://kase.kz/ru/media-center/events/khx19sxwo5jg3pdu92f1aw6j","news","search_index","https://kase.kz/ru/media-center/events/khx19sxwo5jg3pdu92f1aw6j","Запуск LMS и новые образовательные продукты","Публичные HTML/PDF, история версий; сохранить raw до квалификации; API не установлен.","Доступ и полноту автоматического сбора проверить отдельно.","not_checked_here",""
"CU-SRC-0433","CU-0221","reserve","KASE Academy — Программы","https://kase.kz/en/media-center/events/s3irqw5usdj89lat40h3g2vu","programs","search_index","https://kase.kz/en/media-center/events/s3irqw5usdj89lat40h3g2vu","Пример семинара для бизнеса с независимым экспертом — обнаружить следующие программы","Публичные HTML/PDF, история версий; сохранить raw до квалификации; API не установлен.","Доступ и полноту автоматического сбора проверить отдельно.","not_checked_here",""
"CU-SRC-0434","CU-0222","main_200","Учебно-методический центр Казфосфат — Сайт / описание структуры","https://www.kpp.kz/ru/about/training-and-teaching-activity?id=9","university_site","content_read","https://www.kpp.kz/ru/about/training-and-teaching-activity?id=9","Программы и изменения учебной структуры, объявления о партнёрстве, ссылки на преподавателей и закупки","Публичные HTML/PDF: периодическая загрузка с историей версий; навигационные ссылки раскрыть отдельно. API не подтверждён.","Открытый адрес найден; работа автоматического сборщика не проверялась.","not_checked_here",""
"CU-SRC-0435","CU-0223","main_200","Центр подготовки и переподготовки кадров Технологического колледжа корпорации Казахмыс — Сайт / описание структуры","https://tkksatpaev.edu.kz/tsentr-podgotovki-i-perepodgotovki-kadrov/","university_site","search_index","https://tkksatpaev.edu.kz/tsentr-podgotovki-i-perepodgotovki-kadrov/","Программы и изменения учебной структуры, объявления о партнёрстве, ссылки на преподавателей и закупки","Публичные HTML/PDF: периодическая загрузка с историей версий; навигационные ссылки раскрыть отдельно. API не подтверждён.","Открытый адрес найден; работа автоматического сборщика не проверялась.","not_checked_here",""
"CU-SRC-0436","CU-0224","main_200","Центр подготовки и переподготовки кадров Политехнического колледжа корпорации Казахмыс — Сайт / описание структуры","https://ptk-kazakhmys.edu.kz/divisions/","university_site","search_index","https://ptk-kazakhmys.edu.kz/about/","Программы и изменения учебной структуры, объявления о партнёрстве, ссылки на преподавателей и закупки","Публичные HTML/PDF: периодическая загрузка с историей версий; навигационные ссылки раскрыть отдельно. API не подтверждён.","Открытый адрес найден; работа автоматического сборщика не проверялась.","not_checked_here",""
"CU-SRC-0437","CU-0224","main_200","Центр подготовки и переподготовки кадров Политехнического колледжа корпорации Казахмыс — Программы","https://ptk-kazakhmys.edu.kz/education/","programs","search_index","https://ptk-kazakhmys.edu.kz/education/","Программы, новые компетенции и партнёрские потребности","Публичные HTML/PDF, история версий; сохранить raw до квалификации; API не установлен.","Доступ и полноту автоматического сбора проверить отдельно.","not_checked_here",""
"CU-SRC-0438","CU-0225","main_200","Forte Academy — Корпоративная академия ForteBank — Сайт / описание структуры","https://career.forte.kz/ru/humanity","university_site","search_index","https://career.forte.kz/ru/humanity","Программы и изменения учебной структуры, объявления о партнёрстве, ссылки на преподавателей и закупки","Публичные HTML/PDF: периодическая загрузка с историей версий; навигационные ссылки раскрыть отдельно. API не подтверждён.","Открытый адрес найден; работа автоматического сборщика не проверялась.","not_checked_here",""
"CU-SRC-0439","CU-0226","reserve","bcc academy — Сайт / описание структуры","https://www.bcc.kz/career/","university_site","search_index","https://www.bcc.kz/career/","Программы и изменения учебной структуры, объявления о партнёрстве, ссылки на преподавателей и закупки","Публичные HTML/PDF: периодическая загрузка с историей версий; навигационные ссылки раскрыть отдельно. API не подтверждён.","Открытый адрес найден; работа автоматического сборщика не проверялась.","not_checked_here",""
"CU-SRC-0440","CU-0226","reserve","bcc academy — Новости","https://www.bcc.kz/about/press-center/news/bcc-edu-kdif-academy/","news","search_index","https://www.bcc.kz/about/press-center/news/bcc-edu-kdif-academy/","Пример нового внешнего партнёрства в обучении персонала; не путать bcc academy с KDIF Academy.","Публичные HTML/PDF, история версий; сохранить raw до квалификации; API не установлен.","Доступ и полноту автоматического сбора проверить отдельно.","not_checked_here",""
"CU-SRC-0441","CU-0227","reserve","Home Credit University Kazakhstan — Сайт / описание структуры","https://home.kz/press-center/news/ithub-novosty","university_site","content_read","https://home.kz/press-center/news/ithub-novosty","Программы и изменения учебной структуры, объявления о партнёрстве, ссылки на преподавателей и закупки","Публичные HTML/PDF: периодическая загрузка с историей версий; навигационные ссылки раскрыть отдельно. API не подтверждён.","Открытый адрес найден; работа автоматического сборщика не проверялась.","not_checked_here",""
"CU-SRC-0442","CU-0228","reserve","KMGE School — корпоративная программа подготовки специалистов — Сайт / описание структуры","https://www.kmge.kz/kmge-school/","university_site","search_index","https://ar2025.kmg.kz/ru/strategic-report/ensuring-sustainable-development/social-responsibility","Программы и изменения учебной структуры, объявления о партнёрстве, ссылки на преподавателей и закупки","Публичные HTML/PDF: периодическая загрузка с историей версий; навигационные ссылки раскрыть отдельно. API не подтверждён.","Открытый адрес найден; работа автоматического сборщика не проверялась.","not_checked_here",""
"CU-SRC-0443","CU-0229","reserve","Halyk Training Center — исторический корпоративный учебный центр — Сайт / описание структуры","https://halykbank.kz/for-employees","university_site","search_index","https://www.pmclub.kz/halykcenter","Программы и изменения учебной структуры, объявления о партнёрстве, ссылки на преподавателей и закупки","Публичные HTML/PDF: периодическая загрузка с историей версий; навигационные ссылки раскрыть отдельно. API не подтверждён.","Открытый адрес найден; работа автоматического сборщика не проверялась.","not_checked_here",""
"CU-SRC-0444","CU-0230","reserve","KDIF Academy — отраслевая программа Фонда гарантирования депозитов — Сайт / описание структуры","https://kdif.kz/press-tsentr/press-relizy/kdif-academy-x-bcc","university_site","search_index","https://kdif.kz/press-tsentr/press-relizy/kdif-academy-x-bcc","Программы и изменения учебной структуры, объявления о партнёрстве, ссылки на преподавателей и закупки","Публичные HTML/PDF: периодическая загрузка с историей версий; навигационные ссылки раскрыть отдельно. API не подтверждён.","Открытый адрес найден; работа автоматического сборщика не проверялась.","not_checked_here",""
"CU-SRC-0445","CU-0231","main_200","Корпоративный университет Группы «Эталон» — Новости","https://projects.1prime.ru/vpered/natalia_tanaeva/","news","content_read","https://projects.1prime.ru/vpered/natalia_tanaeva/","Новые программы и планы обучения, изменения образовательных направлений, партнёры, приглашения внешних преподавателей, потребность в цифровом контенте.","Проверить открытые HTML-страницы и документы; собирать изменения, ссылки и вложения с сохранением версий. API/RSS не подтверждены.","Публичный информационный маршрут; работоспособность автоматического сборщика не проверялась.","not_checked_here",""
"CU-SRC-0446","CU-0231","main_200","Корпоративный университет Группы «Эталон» — Контакты","https://www.etalongroup.com/contacts/","contacts","search_index","https://www.etalongroup.com/contacts/","Официальные точки входа компании; поиск ответственного за корпоративное обучение.","Публичные страницы и документы; проверка изменений и ссылок, сохранение первичного текста и версий вложений. API/RSS не подтверждены.","Публичный маршрут; автоматический сбор не испытан.","not_checked_here",""
"CU-SRC-0447","CU-0232","main_200","Корпоративный учебный центр ГК «А101» — Новости","https://a101.ru/company/media/news/korporativnoe-obuchenie-v-gk-a101-vyjdet-na-novyj-uroven-so-sberuniversitetom/","news","content_read","https://a101.ru/company/media/news/korporativnoe-obuchenie-v-gk-a101-vyjdet-na-novyj-uroven-so-sberuniversitetom/","Новые программы и планы обучения, изменения образовательных направлений, партнёры, приглашения внешних преподавателей, потребность в цифровом контенте.","Проверить открытые HTML-страницы и документы; собирать изменения, ссылки и вложения с сохранением версий. API/RSS не подтверждены.","Публичный информационный маршрут; работоспособность автоматического сборщика не проверялась.","not_checked_here",""
"CU-SRC-0448","CU-0232","main_200","Корпоративный учебный центр ГК «А101» — Партнерство","https://sberuniversity.ru/news/SberUniversitet-i-GK-A101-zaklyuchili-soglashenie-o-strategicheskom-partnerstve-v-sfere-obrazovaniya/","partners","search_index","https://sberuniversity.ru/news/SberUniversitet-i-GK-A101-zaklyuchili-soglashenie-o-strategicheskom-partnerstve-v-sfere-obrazovaniya/","Образовательные партнёры, новые программы и направления внешнего обучения; действующее партнёрство не равно открытой закупке.","Публичные страницы и документы; проверка изменений и ссылок, сохранение первичного текста и версий вложений. API/RSS не подтверждены.","Публичный маршрут; автоматический сбор не испытан.","not_checked_here",""
"CU-SRC-0449","CU-0233","main_200","Учебный центр АО «Мосводоканал» — Новости","https://mosvodokanal.ru/press/news/8824","news","search_index","https://mosvodokanal.ru/press/news/8824","Новые программы и планы обучения, изменения образовательных направлений, партнёры, приглашения внешних преподавателей, потребность в цифровом контенте.","Проверить открытые HTML-страницы и документы; собирать изменения, ссылки и вложения с сохранением версий. API/RSS не подтверждены.","Публичный информационный маршрут; работоспособность автоматического сборщика не проверялась.","not_checked_here",""
"CU-SRC-0450","CU-0233","main_200","Учебный центр АО «Мосводоканал» — Новости","https://www.mosvodokanal.ru/press/video/8825","news","search_index","https://www.mosvodokanal.ru/press/video/8825","Учебная инфраструктура и новые направления; перейти к текущей ленте компании.","Публичные страницы и документы; проверка изменений и ссылок, сохранение первичного текста и версий вложений. API/RSS не подтверждены.","Публичный маршрут; автоматический сбор не испытан.","not_checked_here",""
"CU-SRC-0451","CU-0234","reserve","Медицинская академия МЕДСИ — Сайт / описание структуры","https://medsi.ru/academy/","university_site","content_read","https://medsi.ru/academy/","Новые программы и планы обучения, изменения образовательных направлений, партнёры, приглашения внешних преподавателей, потребность в цифровом контенте.","Проверить открытые HTML-страницы и документы; собирать изменения, ссылки и вложения с сохранением версий. API/RSS не подтверждены.","Публичный информационный маршрут; работоспособность автоматического сборщика не проверялась.","not_checked_here",""
"CU-SRC-0452","CU-0234","reserve","Медицинская академия МЕДСИ — Новости","https://medsi.ru/about/medacademy/","news","search_index","https://medsi.ru/about/medacademy/","Календарь мероприятий Академии, организаторы, образовательные партнёры и форматы.","Публичные страницы и документы; проверка изменений и ссылок, сохранение первичного текста и версий вложений. API/RSS не подтверждены.","Публичный маршрут; автоматический сбор не испытан.","not_checked_here",""
"CU-SRC-0453","CU-0235","main_200","Корпоративный учебный центр «СМ-Клиника» — Сайт / описание структуры","https://sm.org.ru/preimushchestva/obuchenie","university_site","content_read","https://sm.org.ru/preimushchestva/obuchenie","Новые программы и планы обучения, изменения образовательных направлений, партнёры, приглашения внешних преподавателей, потребность в цифровом контенте.","Проверить открытые HTML-страницы и документы; собирать изменения, ссылки и вложения с сохранением версий. API/RSS не подтверждены.","Публичный информационный маршрут; работоспособность автоматического сборщика не проверялась.","not_checked_here",""
"CU-SRC-0454","CU-0235","main_200","Корпоративный учебный центр «СМ-Клиника» — Вакансии","https://www.smclinic.ru/about/vakansii/vrach-kdl/","careers","search_index","https://www.smclinic.ru/about/vakansii/vrach-kdl/","Официальная вакансия подтверждает корпоративный УЦ; использовать кадровые изменения как косвенный сигнал.","Публичные страницы и документы; проверка изменений и ссылок, сохранение первичного текста и версий вложений. API/RSS не подтверждены.","Публичный маршрут; автоматический сбор не испытан.","not_checked_here",""
"CU-SRC-0455","CU-0235","main_200","Корпоративный учебный центр «СМ-Клиника» — Программы","https://vp-smspb.ru/","programs","search_index","https://vp-smspb.ru/","Публичная часть внутреннего учебного портала СМ-Клиника Северо-Запад; связанный канал, не отдельный КУ без проверки.","Публичные страницы и документы; проверка изменений и ссылок, сохранение первичного текста и версий вложений. API/RSS не подтверждены.","Публичный маршрут; автоматический сбор не испытан.","not_checked_here",""
"CU-SRC-0456","CU-0236","reserve","Высшая медицинская школа (учебный центр ИНВИТРО) — Сайт / описание структуры","https://www.invitro.ru/zhukovka/about/news/13171/","university_site","search_index","https://www.invitro.ru/zhukovka/about/news/13171/","Новые программы и планы обучения, изменения образовательных направлений, партнёры, приглашения внешних преподавателей, потребность в цифровом контенте.","Проверить открытые HTML-страницы и документы; собирать изменения, ссылки и вложения с сохранением версий. API/RSS не подтверждены.","Публичный информационный маршрут; работоспособность автоматического сборщика не проверялась.","not_checked_here",""
"CU-SRC-0457","CU-0236","reserve","Высшая медицинская школа (учебный центр ИНВИТРО) — Партнерство","https://www.invitro.by/medical-institutions/centrvmsh.php","partners","search_index","https://www.invitro.by/medical-institutions/centrvmsh.php","Связанная официальная страница ИНВИТРО о ВМШ; география канала BY не означает отдельный белорусский КУ.","Публичные страницы и документы; проверка изменений и ссылок, сохранение первичного текста и версий вложений. API/RSS не подтверждены.","Публичный маршрут; автоматический сбор не испытан.","not_checked_here",""
"CU-SRC-0458","CU-0237","reserve","Учебный центр Гемотест — Сайт / описание структуры","https://teachbase.gemotest.ru/login/briliant","university_site","content_read","https://teachbase.gemotest.ru/login/briliant","Новые программы и планы обучения, изменения образовательных направлений, партнёры, приглашения внешних преподавателей, потребность в цифровом контенте.","Проверить открытые HTML-страницы и документы; собирать изменения, ссылки и вложения с сохранением версий. API/RSS не подтверждены.","Наблюдается форма входа. Автоматизация закрытого содержания возможна только через предоставленный разрешённый доступ; публичные новости и закупочные маршруты искать отдельно.","not_checked_here",""
"CU-SRC-0459","CU-0238","reserve","«Мать и дитя» — Учебный центр — Новости","https://www.mcclinics.ru/upload/news_files/%D0%93%D0%BE%D0%B4%D0%BE%D0%B2%D0%BE%D0%B9%20%D0%BE%D1%82%D1%87%D0%B5%D1%82%202025_%D1%84%D0%B8%D0%BD%D0%B0%D0%BB.pdf","news","search_index","https://www.mcclinics.ru/upload/news_files/%D0%93%D0%BE%D0%B4%D0%BE%D0%B2%D0%BE%D0%B9%20%D0%BE%D1%82%D1%87%D0%B5%D1%82%202025_%D1%84%D0%B8%D0%BD%D0%B0%D0%BB.pdf","Новые программы и планы обучения, изменения образовательных направлений, партнёры, приглашения внешних преподавателей, потребность в цифровом контенте.","Проверить открытые HTML-страницы и документы; собирать изменения, ссылки и вложения с сохранением версий. API/RSS не подтверждены.","Публичный информационный маршрут; работоспособность автоматического сборщика не проверялась.","not_checked_here",""
"CU-SRC-0460","CU-0239","main_200","Учебный центр ПАО «МОЭК» — Сайт / описание структуры","https://www.moek.ru/career/uchebnyj-tsentr/","university_site","content_read","https://www.moek.ru/career/uchebnyj-tsentr/","Новые программы и планы обучения, изменения образовательных направлений, партнёры, приглашения внешних преподавателей, потребность в цифровом контенте.","Проверить открытые HTML-страницы и документы; собирать изменения, ссылки и вложения с сохранением версий. API/RSS не подтверждены.","Публичный информационный маршрут; работоспособность автоматического сборщика не проверялась.","not_checked_here",""
"CU-SRC-0461","CU-0239","main_200","Учебный центр ПАО «МОЭК» — Контакты","https://www.moek.ru/career/uchebnyj-tsentr/struktura-i-organy-upravleniya/","contacts","search_index","https://www.moek.ru/career/uchebnyj-tsentr/struktura-i-organy-upravleniya/","Руководство и учебно-методическая группа; контактный маршрут образовательного партнёрства.","Публичные страницы и документы; проверка изменений и ссылок, сохранение первичного текста и версий вложений. API/RSS не подтверждены.","Публичный маршрут; автоматический сбор не испытан.","not_checked_here",""
"CU-SRC-0462","CU-0239","main_200","Учебный центр ПАО «МОЭК» — Программы","https://www.moek.ru/career/uchebnyj-tsentr/dokumenty/","programs","search_index","https://www.moek.ru/career/uchebnyj-tsentr/dokumenty/","Изменения образовательных документов и правил обучения; УЦ обучает собственных работников, продажи слушателям не путать с закупками провайдера.","Публичные страницы и документы; проверка изменений и ссылок, сохранение первичного текста и версий вложений. API/RSS не подтверждены.","Публичный маршрут; автоматический сбор не испытан.","not_checked_here",""
"CU-SRC-0463","CU-0239","main_200","Учебный центр ПАО «МОЭК» — Закупки","https://tenders.gazprom.ru/","procurement","search_index","https://tenders.gazprom.ru/","Обучение и образовательный контент по названию конкретного общества, старым названиям и всем тематическим синонимам; общегрупповой маршрут, наличие закупок именно этого УЦ не установлено.","Открытая витрина и официальные переходы к ЭТП ГПБ и порталу контрагентов; сохранять закрытые/недоступные маршруты в очереди.","Официальный сайт предупреждает об ограниченном раскрытии закупочной информации. Регистрация может требоваться; нулевой результат не означает отсутствия потребности.","not_checked_here","MISB-045"
"CU-SRC-0464","CU-0240","main_200","Учебный центр МОСГАЗ — Сайт / описание структуры","https://edu.mos-gaz.ru/about/common","university_site","content_read","https://edu.mos-gaz.ru/about/common","Новые программы и планы обучения, изменения образовательных направлений, партнёры, приглашения внешних преподавателей, потребность в цифровом контенте.","Проверить открытые HTML-страницы и документы; собирать изменения, ссылки и вложения с сохранением версий. API/RSS не подтверждены.","Публичный информационный маршрут; работоспособность автоматического сборщика не проверялась.","not_checked_here",""
"CU-SRC-0465","CU-0240","main_200","Учебный центр МОСГАЗ — Контакты","https://edu.mos-gaz.ru/about/structure/","contacts","search_index","https://edu.mos-gaz.ru/about/structure/","Руководство и преподавательский состав; возможное методическое/преподавательское партнёрство.","Публичные страницы и документы; проверка изменений и ссылок, сохранение первичного текста и версий вложений. API/RSS не подтверждены.","Публичный маршрут; автоматический сбор не испытан.","not_checked_here",""
"CU-SRC-0466","CU-0240","main_200","Учебный центр МОСГАЗ — Программы","https://edu.mos-gaz.ru/","programs","search_index","https://edu.mos-gaz.ru/","Каталог программ и новые форматы обучения руководителей и специалистов.","Публичные страницы и документы; проверка изменений и ссылок, сохранение первичного текста и версий вложений. API/RSS не подтверждены.","Публичный маршрут; автоматический сбор не испытан.","not_checked_here",""
"CU-SRC-0467","CU-0241","reserve","Учебный центр «ЛАНЦЕТЪ» при Институте пластической хирургии и косметологии — Сайт / описание структуры","https://edulancet.com/","university_site","content_read","https://edulancet.com/","Новые программы и планы обучения, изменения образовательных направлений, партнёры, приглашения внешних преподавателей, потребность в цифровом контенте.","Проверить открытые HTML-страницы и документы; собирать изменения, ссылки и вложения с сохранением версий. API/RSS не подтверждены.","Публичный информационный маршрут; работоспособность автоматического сборщика не проверялась.","not_checked_here",""
"CU-SRC-0468","CU-0242","main_200","Учебный центр лабораторной службы «Хеликс» — Новости","https://expertnw.com/obshchestvo/pravila-igry-v-epokhu-hr/","news","search_index","https://expertnw.com/obshchestvo/pravila-igry-v-epokhu-hr/","Новые программы и планы обучения, изменения образовательных направлений, партнёры, приглашения внешних преподавателей, потребность в цифровом контенте.","Проверить открытые HTML-страницы и документы; собирать изменения, ссылки и вложения с сохранением версий. API/RSS не подтверждены.","Публичный информационный маршрут; работоспособность автоматического сборщика не проверялась.","not_checked_here",""
"CU-SRC-0469","CU-0242","main_200","Учебный центр лабораторной службы «Хеликс» — Соцсеть","https://t.me/UCHELIX","social","candidate","https://t.me/s/lab2doc?before=258","Анонсы вебинаров для сотрудников и партнёров, управление и сервис.","Публичные страницы и документы; проверка изменений и ссылок, сохранение первичного текста и версий вложений. API/RSS не подтверждены.","Целевое превью не прочитано; подтвердить официальный канал до подключения.","not_checked_here",""
"CU-SRC-0470","CU-0243","reserve","Академия Группы «Черкизово» — кандидат на подтверждение действующего канала — Партнерство","https://id.hse.ru/data/2025/06/30/1992802910/%D0%BA%D0%BE%D1%80%D0%BF_%D1%83%D0%BD_2024_%D1%81%D0%B0%D0%B9%D1%82.pdf","partners","candidate","https://id.hse.ru/data/2025/06/30/1992802910/%D0%BA%D0%BE%D1%80%D0%BF_%D1%83%D0%BD_2024_%D1%81%D0%B0%D0%B9%D1%82.pdf","Новые программы и планы обучения, изменения образовательных направлений, партнёры, приглашения внешних преподавателей, потребность в цифровом контенте.","Проверить открытые HTML-страницы и документы; собирать изменения, ссылки и вложения с сохранением версий. API/RSS не подтверждены.","Публичный информационный маршрут; работоспособность автоматического сборщика не проверялась.","not_checked_here",""
"CU-SRC-0471","CU-0244","reserve","Водная академия Водоканала Санкт-Петербурга — исторический след — Новости","https://www.gov.spb.ru/gov/otrasl/ingen/news/89137/","news","candidate","https://www.gov.spb.ru/gov/otrasl/ingen/news/89137/","Новые программы и планы обучения, изменения образовательных направлений, партнёры, приглашения внешних преподавателей, потребность в цифровом контенте.","Проверить открытые HTML-страницы и документы; собирать изменения, ссылки и вложения с сохранением версий. API/RSS не подтверждены.","Публичный информационный маршрут; работоспособность автоматического сборщика не проверялась.","not_checked_here",""
"CU-SRC-0472","CU-0245","main_200","Эн+ Университет — Сайт / описание структуры","https://univer.enplus.ru/about/information/basic-information/","university_site","content_read","https://univer.enplus.ru/about/information/basic-information/","Новые программы, корпоративные проекты, запросы на экспертов и разработку контента, образовательные документы, контакты и ссылки на дочерние каналы","Периодически проверять публичный HTML и ссылки; сохранять исходные страницы и версии PDF перед классификацией. На этапе обнаружения сохранять все релевантные сигналы, даже вероятные дубли.","Публичная страница прочитана; работа автоматического сборщика и полнота получения отдельно не проверялись.","not_checked_here",""
"CU-SRC-0473","CU-0246","main_200","МИТТУ — корпоративный учебный центр ПАО «КАМАЗ» — Сайт / описание структуры","https://www.mittu.ru/","university_site","content_read","https://www.mittu.ru/","Новые программы, корпоративные проекты, запросы на экспертов и разработку контента, образовательные документы, контакты и ссылки на дочерние каналы","Периодически проверять публичный HTML и ссылки; сохранять исходные страницы и версии PDF перед классификацией. На этапе обнаружения сохранять все релевантные сигналы, даже вероятные дубли.","Публичная страница прочитана; работа автоматического сборщика и полнота получения отдельно не проверялись.","not_checked_here",""
"CU-SRC-0474","CU-0247","main_200","Университет Группы «АВТОВАЗ» — Сайт / описание структуры","https://cu-avtovaz.ru/","university_site","content_read","https://cu-avtovaz.ru/","Новые программы, корпоративные проекты, запросы на экспертов и разработку контента, образовательные документы, контакты и ссылки на дочерние каналы","Периодически проверять публичный HTML и ссылки; сохранять исходные страницы и версии PDF перед классификацией. На этапе обнаружения сохранять все релевантные сигналы, даже вероятные дубли.","Содержание публичной главной прочитано; повторное открытие вернуло 503. Для автоматизации предусмотреть повторные попытки и сохранение последней удачной версии; сборщик не проверялся.","not_checked_here",""