"source_id","source_name","source_url","source_class","source_class_v3","source_class_label","source_category","geography","country_codes","signal_types","source_roles","commercial_route_label","commercial_route","buyer_role","need_signal","service_alignment","search_markers","collection_proposal","access_note","cost_note","verification_status","evidence_url","evidence_summary","checked_at","source_identity_status","connector_state","priority_wave","do_not_drop","next_action","readiness_gap","discovery_method","source_generation"
"MISB-001","ЕИС: извещения, планы и история контрактов","https://zakupki.gov.ru/epz/order/extendedsearch/results.html","C01","C01","Государственные и универсальные ЭТП","Государственные закупки","РФ","RU","D","D","Тендерная процедура","Карточка → все приложения → заказчик → способ подачи","HR/L&D, закупки, финансовая, юридическая и техническая дирекция","Извещение, запрос КП, план закупок или повторная закупка обучения специалистов и руководителей","Корпоративные семинары, ДПО, электронные курсы, деловые конференции","(обучение OR семинар OR тренинг OR повышение квалификации OR вебинар OR электронный курс OR стратегическая сессия) + тема/роль; исключения проверять по лотам","Мониторинг открытой поисковой выдачи и документов либо лицензированный агрегатор; частота 1–2 раза в день; API/RSS не подтверждены","Публичная часть; документы/выгрузка могут зависеть от действующих ограничений","Публичный просмотр 0 ₽; доступ к данным через посредника оплачивается отдельно","search_index","https://zakupki.gov.ru/epz/main/public/home.html","Официальная поисковая выдача подтверждает ЕИС 44-ФЗ и 223-ФЗ; массовый API не подтвержден","2026-10-01","not_separately_checked","not_checked_here","1","true","Сопоставить с существующими сборщиками; проверить разделы, пагинацию, документы и ссылки на новые каналы. Сохранить сырые наблюдения до оценки релевантности.","Проверить действующий маршрут, доступный корпус и инкрементальный сбор; связать с текущим проектом.","Сохранен из исходного классификатора v1; проверить дополнительные разделы, каналы и связанные организации.","baseline_v1"
"MISB-002","Портал поставщиков Москвы","https://zakupki.mos.ru/","C01","C01","Государственные и универсальные ЭТП","Малые закупки и запросы потребностей","РФ","RU","D","D","Тендерная процедура","Карточка → все приложения → заказчик → способ подачи","Московские и подключенные региональные заказчики","Котировочная сессия, запрос потребности, закупка малого объема","Короткие семинары, вебинары, повышение квалификации отдельной группы","(обучение OR семинар OR тренинг OR повышение квалификации OR вебинар OR электронный курс OR стратегическая сессия) + тема/роль; исключения проверять по лотам","Штатные приглашения по категориям после авторизации + импорт почты; публичные карточки/поиск для проверки","Публичная витрина; личный кабинет для приглашений и оферт","Открытые страницы 0 ₽; стоимость участия отдельно проверить","search_index","https://t.me/s/Supplier_Portal?before=1240","Официальный канал описывает подписку после авторизации на приглашения в сессии и закупки по потребностям","2026-10-01","not_separately_checked","not_checked_here","1","true","Сопоставить с существующими сборщиками; проверить разделы, пагинацию, документы и ссылки на новые каналы. Сохранить сырые наблюдения до оценки релевантности.","Проверить действующий маршрут, доступный корпус и инкрементальный сбор; связать с текущим проектом.","Сохранен из исходного классификатора v1; проверить дополнительные разделы, каналы и связанные организации.","baseline_v1"
"MISB-003","Росэлторг: корпоративные секции","https://www.roseltorg.ru/","C01","C01","Государственные и универсальные ЭТП","Электронные торговые площадки","РФ","RU","D","D","Тендерная процедура","Карточка → все приложения → заказчик → способ подачи","Корпорации, в том числе РусГидро, Интер РАО, Ростех","Извещение, запрос КП, план закупок или повторная закупка обучения специалистов и руководителей","Корпоративные семинары, ДПО, электронные курсы, деловые конференции","(обучение OR семинар OR тренинг OR повышение квалификации OR вебинар OR электронный курс OR стратегическая сессия) + тема/роль; исключения проверять по лотам","Мониторинг открытой поисковой выдачи и документов либо лицензированный агрегатор; частота 1–2 раза в день; API/RSS не подтверждены","Открытые карточки; закрытые документы и участие по кабинету","Открытая витрина — без покупки подписки; участие, ЭП и дополнительные сервисы отдельно, тариф не проверен","search_index","https://www.roseltorg.ru/for-suppliers","Официальная инструкция разделяет корпоративную секцию и секции крупных заказчиков","2026-10-01","not_separately_checked","not_checked_here","1","true","Сопоставить с существующими сборщиками; проверить разделы, пагинацию, документы и ссылки на новые каналы. Сохранить сырые наблюдения до оценки релевантности.","Проверить действующий маршрут, доступный корпус и инкрементальный сбор; связать с текущим проектом.","Сохранен из исходного классификатора v1; проверить дополнительные разделы, каналы и связанные организации.","baseline_v1"
"MISB-004","РТС-тендер","https://www.rts-tender.ru/","C01","C01","Государственные и универсальные ЭТП","Электронные торговые площадки","РФ","RU","D","D","Тендерная процедура","Карточка → все приложения → заказчик → способ подачи","Госучреждения, госкомпании, коммерческие заказчики","Извещение, запрос КП, план закупок или повторная закупка обучения специалистов и руководителей","Корпоративные семинары, ДПО, электронные курсы, деловые конференции","(обучение OR семинар OR тренинг OR повышение квалификации OR вебинар OR электронный курс OR стратегическая сессия) + тема/роль; исключения проверять по лотам","Мониторинг открытой поисковой выдачи и документов либо лицензированный агрегатор; частота 1–2 раза в день; API/RSS не подтверждены","Публичные извещения; функциональность подачи требует кабинета","Открытая витрина — без покупки подписки; участие, ЭП и дополнительные сервисы отдельно, тариф не проверен","search_index","https://rosseti-zakupki.ru/purchases/informatsiya-o-zakupkochnoy-de/zakupki-opublikovannye-v-eis/","Официальный закупочный канал Россетей подтверждает использование РТС и регистрацию участников","2026-10-01","not_separately_checked","not_checked_here","1","true","Сопоставить с существующими сборщиками; проверить разделы, пагинацию, документы и ссылки на новые каналы. Сохранить сырые наблюдения до оценки релевантности.","Проверить действующий маршрут, доступный корпус и инкрементальный сбор; связать с текущим проектом.","Сохранен из исходного классификатора v1; проверить дополнительные разделы, каналы и связанные организации.","baseline_v1"
"MISB-005","ЭТП ГПБ","https://etpgpb.ru/","C01","C01","Государственные и универсальные ЭТП","Электронные торговые площадки","РФ","RU","D","D","Тендерная процедура","Карточка → все приложения → заказчик → способ подачи","Группа Газпром, НОВАТЭК и прочие заказчики","Извещение, запрос КП, план закупок или повторная закупка обучения специалистов и руководителей","Обучение руководителей/специалистов, электронные курсы","(обучение OR семинар OR тренинг OR повышение квалификации OR вебинар OR электронный курс OR стратегическая сессия) + тема/роль; исключения проверять по лотам","Мониторинг открытой поисковой выдачи и документов либо лицензированный агрегатор; частота 1–2 раза в день; API/RSS не подтверждены","Открытый поиск; регистрация для полного взаимодействия","Открытая витрина — без покупки подписки; участие, ЭП и дополнительные сервисы отдельно, тариф не проверен","search_index","https://etpgpb.ru/","Официальная выдача подтверждает поиск торгов и секции 223-ФЗ/корпоративных закупок","2026-10-01","not_separately_checked","not_checked_here","1","true","Сопоставить с существующими сборщиками; проверить разделы, пагинацию, документы и ссылки на новые каналы. Сохранить сырые наблюдения до оценки релевантности.","Проверить действующий маршрут, доступный корпус и инкрементальный сбор; связать с текущим проектом.","Сохранен из исходного классификатора v1; проверить дополнительные разделы, каналы и связанные организации.","baseline_v1"
"MISB-006","B2B-Center: коммерческие процедуры","https://www.b2b-center.ru/search/","C01","C01","Государственные и универсальные ЭТП","Электронные торговые площадки","РФ","RU","D","D","Тендерная процедура","Карточка → все приложения → заказчик → способ подачи","Промышленные холдинги и коммерческие компании","Извещение, запрос КП, план закупок или повторная закупка обучения специалистов и руководителей","Тренинги ИТР, HR, финансы, МТО, электронные курсы","(обучение OR семинар OR тренинг OR повышение квалификации OR вебинар OR электронный курс OR стратегическая сессия) + тема/роль; исключения проверять по лотам","Мониторинг открытой поисковой выдачи и документов либо лицензированный агрегатор; частота 1–2 раза в день; API/RSS не подтверждены","Открытый поиск; кабинет для участия","Открытая витрина — без покупки подписки; участие, ЭП и дополнительные сервисы отдельно, тариф не проверен","search_index","https://www.b2b-center.ru/search-tender/tendery-obuchenie/","Индексируется закупка обучения ИТР методам статистического анализа Minitab; широкий поиск содержит и поставки техники с обучением","2026-10-01","not_separately_checked","not_checked_here","1","true","Сопоставить с существующими сборщиками; проверить разделы, пагинацию, документы и ссылки на новые каналы. Сохранить сырые наблюдения до оценки релевантности.","Проверить действующий маршрут, доступный корпус и инкрементальный сбор; связать с текущим проектом.","Сохранен из исходного классификатора v1; проверить дополнительные разделы, каналы и связанные организации.","baseline_v1"
"MISB-007","Росатом: отраслевой закупочный портал","https://zakupki.rosatom.ru/","C02","C02","Корпоративные закупки и квалификация","Корпоративные закупочные каналы","РФ","RU","D","D","Корпоративный поставщик","Корпоративная страница → кабинет → категории услуг → дочерние общества","Организатор и конкретное предприятие атомной отрасли","Закупки отрасли, предварительные потребности и документация","Обучение управлению, закупкам, финансам, HR, разработка курсов","Обучение; развитие компетенций; электронный учебный курс; семинар; стратегическая сессия","Витрина и официальные ЭТП Фабрикант/Росэлторг/другие из карточки; API/RSS не подтверждены","При проверке получена WAF-блокировка; публичный портал подтвержден поиском","Открытая информация — 0 ₽; стоимость участия/аккредитации отдельно, актуальный тариф не подтвержден","search_index","https://zakupki.rosatom.ru/","Официальная страница подтверждена; исследовательский инструмент увидел сообщение Web Application Firewall","2026-10-01","not_separately_checked","not_checked_here","1","true","Сопоставить с существующим проектом; проверить кабинет/регистрацию и штатные уведомления. Если доступ блокирует работу, зарегистрировать ограничение и запасной маршрут.","Проверить действующий маршрут, доступный корпус и инкрементальный сбор; связать с текущим проектом.","Сохранен из исходного классификатора v1; проверить дополнительные разделы, каналы и связанные организации.","baseline_v1"
"MISB-008","Роснефть: закупки группы и дочерних обществ","https://zakupki.rosneft.ru/","C02","C02","Корпоративные закупки и квалификация","Корпоративные закупочные каналы","РФ","RU","D","D","Корпоративный поставщик","Корпоративная страница → кабинет → категории услуг → дочерние общества","Обучение персонала и закупки конкретного юрлица группы","Потребность конкретного ДО, план/извещение и ТЗ образовательной услуги","Семинары HR, право, налоги, МТО, недра, экология, капстрой","Образовательные услуги; семинар; повышение квалификации; развитие компетенций; электронный курс","Контроль открытых списков/документов; переход на секцию Роснефти ТЭК-Торг; первичный номер сохранять","Открытый сайт; для электронной заявки регистрация в секции и ЭП","Открытая информация — 0 ₽; стоимость участия/аккредитации отдельно, актуальный тариф не подтвержден","search_index","https://zakupki.rosneft.ru/","Официальный портал прямо описывает закупки Роснефти/ДО и ссылку https://www.tektorg.ru/rosneft/","2026-10-01","not_separately_checked","not_checked_here","1","true","Сопоставить с существующими сборщиками; проверить разделы, пагинацию, документы и ссылки на новые каналы. Сохранить сырые наблюдения до оценки релевантности.","Проверить действующий маршрут, доступный корпус и инкрементальный сбор; связать с текущим проектом.","Сохранен из исходного классификатора v1; проверить дополнительные разделы, каналы и связанные организации.","baseline_v1"
"MISB-009","Самрук-Қазына: портал закупок","https://zakup.sk.kz/","C02","C02","Корпоративные закупки и квалификация","Корпоративные закупки","Казахстан","KZ","D","D","Корпоративный поставщик","Корпоративная страница → кабинет → категории услуг → дочерние общества","КМГ, QazaqGaz, KEGOC, Казатомпром, Самрук-Энерго и другие компании фонда","Закупки и предварительная квалификация предприятий фонда","Управленческие семинары, финансы, закупки, экологическая и проектная компетентность","(обучение OR семинар OR тренинг OR повышение квалификации OR вебинар OR электронный курс OR стратегическая сессия) + тема/роль; исключения проверять по лотам","Динамический портал; штатный поиск/кабинет, выгрузка по согласованному доступу; API/RSS не подтверждены","Сайт требует JavaScript; полноценный доступ проверяется после регистрации","Публичный вход 0 ₽; условия участия/квалификации отдельно, тариф не подтвержден","content_read","https://zakup.sk.kz/","Открыта оболочка официального портала электронных закупок АО ФНБ Самрук-Қазына; для просмотра нужен JS","2026-10-01","not_separately_checked","not_checked_here","1","true","Сопоставить с существующим проектом; проверить кабинет/регистрацию и штатные уведомления. Если доступ блокирует работу, зарегистрировать ограничение и запасной маршрут.","Проверить действующий маршрут, доступный корпус и инкрементальный сбор; связать с текущим проектом.","Сохранен из исходного классификатора v1; проверить дополнительные разделы, каналы и связанные организации.","baseline_v1"
"MISB-010","TenderGuru: единый агрегатор + API","https://www.tenderguru.ru/","C03","C03","Агрегаторы закупок","Агрегаторы и API","РФ, Беларусь, Казахстан, Кыргызстан и другие страны","RU; BY; KZ; KG","D","D","Агрегатор","Результат поиска → исходный номер → первоисточник → документы","HR/L&D, закупки, финансовая, юридическая и техническая дирекция","Новые извещения, планы и найденные тендеры в одной интеграции","Корпоративные семинары, ДПО, электронные курсы, деловые конференции","(обучение OR семинар OR тренинг OR повышение квалификации OR вебинар OR электронный курс OR стратегическая сессия) + тема/роль; исключения проверять по лотам","Документированный API 2.3 JSON/XML/CSV; сначала 1 000 бесплатных запросов/мес, затем фильтрованные дельты; первоисточник сохранять","API документирован; часть полей бесплатного доступа ограничена","Стандарт 12 900 ₽/6 мес = 2 150 ₽/мес; 30 000 API-запросов/мес; аванс превышает 10 000 ₽","content_read","https://www.tenderguru.ru/api","API и лимиты подтверждены; тарифы: https://www.tenderguru.ru/tariffs; проверка 01.10.2026","2026-10-01","not_separately_checked","not_checked_here","1","true","Сопоставить с существующими сборщиками; проверить разделы, пагинацию, документы и ссылки на новые каналы. Сохранить сырые наблюдения до оценки релевантности.","Проверить действующий маршрут, доступный корпус и инкрементальный сбор; связать с текущим проектом.","Сохранен из исходного классификатора v1; проверить дополнительные разделы, каналы и связанные организации.","baseline_v1"
"MISB-011","ТРЕБУЕТСЯ / экосистема «Лучшие спикеры»","https://trebuetsya.ru/zaprosy/","C04","C04","Биржи HR, спикеров и проектных услуг","Запросы на спикеров","РФ; русскоязычные компании","RU","D","D","Биржа проектов","Лента → карточка → штатный отклик → уточнение конечного покупателя","Продюсер образовательной программы, корпоративный университет, event-менеджер","Ищут внешнего лектора, тренера, эксперта на деловую программу","Право, HR, управление, закупки; деловые лекции и семинары","требуется спикер | бизнес-тренер | трудовое право | корпоративный университет","Мониторинг новых публичных страниц по ключевым словам; после проверки условий площадки и теста доступности. API/RSS не подтверждены.","Открытые страницы; ответ после регистрации","0 ₽ открытые запросы; ранний доступ с контактами платный, цену уточнить","search_index","https://trebuetsya.ru/","На сайте найдены реальные запросы: спикер по трудовому праву и двухдневный тренинг для корпоративного университета Приморья.","2026-10-01","not_separately_checked","not_checked_here","1","true","Сопоставить с существующими сборщиками; проверить разделы, пагинацию, документы и ссылки на новые каналы. Сохранить сырые наблюдения до оценки релевантности.","Проверить действующий маршрут, доступный корпус и инкрементальный сбор; связать с текущим проектом.","Сохранен из исходного классификатора v1; проверить дополнительные разделы, каналы и связанные организации.","baseline_v1"
"MISB-012","Хедлайнер — запросы организаторов","https://hedlayner.ru/","C04","C04","Биржи HR, спикеров и проектных услуг","Запросы на спикеров","РФ; русскоязычные компании","RU","D","D","Биржа проектов","Лента → карточка → штатный отклик → уточнение конечного покупателя","Компания-организатор, HR, продюсер форума","Организатор публикует запрос с темой и условиями, спикер откликается","Экспертные лекции, тренинги руководителей, короткие бизнес-семинары","гонорар | корпоративное | семинар | преподаватель | закупки | финансы","Мониторинг новых публичных страниц по ключевым словам; после проверки условий площадки и теста доступности. API/RSS не подтверждены.","Открытые страницы; ответ после регистрации","0 ₽ ограниченный тариф; платный «Спикер» 3000 ₽; «Агентство» 15000 ₽/мес Период тарифа «Спикер» 3000 ₽ и доступ института уточнить перед оплатой.","content_read","https://hedlayner.ru/tarify/","Официальные тарифы: бесплатный — до 3 откликов/мес с задержкой 48 ч, без чатов; «Спикер» 3000 ₽, до 2 профилей; «Агентство» 15000 ₽/мес.","2026-10-01","not_separately_checked","not_checked_here","1","true","Сопоставить с существующими сборщиками; проверить разделы, пагинацию, документы и ссылки на новые каналы. Сохранить сырые наблюдения до оценки релевантности.","Проверить действующий маршрут, доступный корпус и инкрементальный сбор; связать с текущим проектом.","Сохранен из исходного классификатора v1; проверить дополнительные разделы, каналы и связанные организации.","baseline_v1"
"MISB-013","HRTime — заказы на обучение и развитие","https://hrtime.ru/","C04","C04","Биржи HR, спикеров и проектных услуг","Биржи корпоративных услуг","РФ; русскоязычные компании","RU","D","D","Биржа проектов","Лента → карточка → штатный отклик → уточнение конечного покупателя","HRD, T&D, собственник, организатор конференции","Заказчик ищет тренера/спикера и указывает задачу, срок, бюджет","Корпоративные семинары, управленческие тренинги, обучение HR, стратсессии","обучение персонала | тренинг | семинар | стратегическая сессия | разработка курса","Мониторинг новых публичных страниц по ключевым словам; после проверки условий площадки и теста доступности. API/RSS не подтверждены.","Открытые страницы; ответ после регистрации","0 ₽ за публичные карточки; тариф исполнителя отдельно не подтверждён","content_read","https://hrtime.ru/proekt/spiker-na-konferentsiiu-po-teme-formirovaniia-komandy-172255/","Проверена карточка заказа: выступление 29 октября в Сочи; темы — команды, удержание талантов, вовлечённость; бюджет 50–180 тыс. ₽. Рядом опубликованы другие заказы 25–29 сентября 2026.","2026-10-01","not_separately_checked","not_checked_here","1","true","Сопоставить с существующими сборщиками; проверить разделы, пагинацию, документы и ссылки на новые каналы. Сохранить сырые наблюдения до оценки релевантности.","Проверить действующий маршрут, доступный корпус и инкрементальный сбор; связать с текущим проектом.","Сохранен из исходного классификатора v1; проверить дополнительные разделы, каналы и связанные организации.","baseline_v1"
"MISB-014","iSpring Professional — каталог экспертов","https://www.ispringacademy.ru/ispring-experts","C04","C04","Биржи HR, спикеров и проектных услуг","Входящие заказы через витрину экспертов","РФ; русскоязычные компании","RU","R","R","Биржа проектов","Лента → карточка → штатный отклик → уточнение конечного покупателя","Корпоративный L&D, заказчик учебного контента","Компания выбирает сертифицированного специалиста для курса или программы","Электронные курсы и методология корпоративного обучения","разработка курса | программа обучения | корпоративный | iSpring","Обновлять справочные записи раз в месяц. Сначала проверить условия регистрации/партнерства и доступ МИСБ. После подключения использовать штатные уведомления или ручной импорт в CRM. Публичная автоматическая лента заказов не подтверждена.","Открытые страницы; ответ после регистрации","Чтение 0 ₽; условия сертификации и включения уточнить","content_read","https://www.ispringacademy.ru/ispring-experts","Официальный каталог прямо предназначен для поиска исполнителей разработки курсов, программ обучения и настройки СДО.","2026-10-01","not_separately_checked","not_checked_here","1","true","Сопоставить с существующим проектом; проверить кабинет/регистрацию и штатные уведомления. Если доступ блокирует работу, зарегистрировать ограничение и запасной маршрут.","Проверить действующий маршрут, доступный корпус и инкрементальный сбор; связать с текущим проектом.","Сохранен из исходного классификатора v1; проверить дополнительные разделы, каналы и связанные организации.","baseline_v1"
"MISB-015","СПИКЕРСКАЯ","https://t.me/s/speakers_l","C05","C05","Telegram и социальные сообщества","Запросы на спикеров","РФ; русскоязычные компании","RU","D","D","Сообщество","Пост → ветка комментариев → автор → связанная организация","Корпоративный заказчик, образовательный продюсер","Прямые заявки от корпораций и организаторов с темой, аудиторией и гонораром","Обучающие выступления, бизнес-интенсивы, корпоративные лекции","есть гонорар | ищем корпоративного тренера | преподаватель | дистанционная лекция","Публичная веб-лента там, где доступна; иначе разрешённый экспорт участником/пересылка менеджером в приёмный бот. Бот не получает произвольную историю чужих чатов.","Публичный Telegram; для чатов вступление по правилам администратора","0 ₽ открытые анонсы; VIP 5000 ₽, период требует уточнения","search_index","https://t.me/s/speakers_l?after=4992","Открытая лента описывает заявки, включая дистанционные лекции; объявлена подписка 5000 ₽ на контакты запросов с гонораром и ранний доступ.","2026-10-01","not_separately_checked","not_checked_here","1","true","Сопоставить с существующими сборщиками; проверить разделы, пагинацию, документы и ссылки на новые каналы. Сохранить сырые наблюдения до оценки релевантности.","Проверить действующий маршрут, доступный корпус и инкрементальный сбор; связать с текущим проектом.","Сохранен из исходного классификатора v1; проверить дополнительные разделы, каналы и связанные организации.","baseline_v1"
"MISB-016","Тренер тренеру — поиск экспертов","https://t.me/edu_feed","C05","C05","Telegram и социальные сообщества","Нишевые тренерские сообщества","РФ; русскоязычные компании","RU","D","D","Сообщество","Пост → ветка комментариев → автор → связанная организация","Тренинговый провайдер, HR, руководитель программы","Поиск тренера на проект обучения и партнёрство","Управленческие тренинги, корпоративные семинары","проект | корпоративный | тренинг | долгосрочное сотрудничество","Публичная веб-лента там, где доступна; иначе разрешённый экспорт участником/пересылка менеджером в приёмный бот. Бот не получает произвольную историю чужих чатов.","Публичный Telegram; для чатов вступление по правилам администратора","0 ₽ за чтение открытого канала","search_index","https://t.me/s/edu_feed?before=41&q=%23%D1%82%D1%80%D0%B5%D0%BD%D0%B5%D1%80","Индексируемые публикации содержат приглашения к долгосрочному сотрудничеству на проектах обучения; описан обмен между тренерами, HR и работодателями.","2026-10-01","not_separately_checked","not_checked_here","1","true","Сопоставить с существующими сборщиками; проверить разделы, пагинацию, документы и ссылки на новые каналы. Сохранить сырые наблюдения до оценки релевантности.","Проверить действующий маршрут, доступный корпус и инкрементальный сбор; связать с текущим проектом.","Сохранен из исходного классификатора v1; проверить дополнительные разделы, каналы и связанные организации.","baseline_v1"
"MISB-017","Digital Learning — DL Marketplace","https://t.me/dl_marketplace","C05","C05","Telegram и социальные сообщества","Сообщества L&D и e-learning","РФ; русскоязычные компании","RU","D","D","Сообщество","Пост → ветка комментариев → автор → связанная организация","Руководитель L&D, методолог, корпоративный университет","Вакансии и заказы на разработку учебных решений","Электронные курсы, методология, интерактивные модули, обучение менеджеров","ищем разработчика | проект | iSpring | SCORM | методолог | курс под ключ","Публичная веб-лента там, где доступна; иначе разрешённый экспорт участником/пересылка менеджером в приёмный бот. Бот не получает произвольную историю чужих чатов.","Публичный Telegram; для чатов вступление по правилам администратора","0 ₽ за чтение открытого канала","content_read","https://digital-learning.ru/vozmozhnosti-dlya-uchastnikov-soobshhestva-digital-learning/","Официальный сайт прямо называет DL-Marketplace каналом вакансий и заказов; ссылка на чат подтверждена. Публикация вакансий/резюме бесплатна.","2026-10-01","not_separately_checked","not_checked_here","1","true","Сопоставить с существующими сборщиками; проверить разделы, пагинацию, документы и ссылки на новые каналы. Сохранить сырые наблюдения до оценки релевантности.","Проверить действующий маршрут, доступный корпус и инкрементальный сбор; связать с текущим проектом.","Сохранен из исходного классификатора v1; проверить дополнительные разделы, каналы и связанные организации.","baseline_v1"
"MISB-018","Ассоциация директоров по закупкам — CPO Club","https://cpoclub.ru/","C07","C07","Функциональные ассоциации","Профессиональные закупочные сообщества","РФ","RU","P","P","Функциональная ассоциация","Комитет → план мероприятий → организатор → предложение учебного модуля","Дирекция клуба → CPO/руководитель методологии закупок","Обсуждение закупочной трансформации и кейсы CPO крупнейших компаний.","Категорийный менеджмент, переговоры, управление поставщиками, закупки и МТО","категорийное управление | закупочная функция | обучение закупщиков | поставщики","Мониторинг открытых HTML-анонсов/новостей 1–2 раза в неделю; извлечение компании, подразделения, темы, даты и ссылки; API/RSS не подтверждены.","Открытые страницы; участие в мероприятиях, членство и закрытые материалы отдельно.","Плата за чтение публичной страницы не заявлена. Членство, билеты, контакты и условия автоматического сбора проверяются отдельно; в план не включены.","search_index","https://cpoclub.ru/","Поиск подтверждает официальный сайт профессионального сообщества директоров по закупкам.","2026-10-01","not_separately_checked","not_checked_here","1","true","Сопоставить с существующим проектом; проверить кабинет/регистрацию и штатные уведомления. Если доступ блокирует работу, зарегистрировать ограничение и запасной маршрут.","Проверить действующий маршрут, доступный корпус и инкрементальный сбор; связать с текущим проектом.","Сохранен из исходного классификатора v1; проверить дополнительные разделы, каналы и связанные организации.","baseline_v1"
"MISB-019","Ассоциация корпоративных казначеев","https://corptreasury.ru/all/news/","C07","C07","Функциональные ассоциации","Профессиональные финансовые сообщества","РФ","RU","P","P","Функциональная ассоциация","Комитет → план мероприятий → организатор → предложение учебного модуля","Комитет по обучению/партнерам → корпоративный казначей названной компании","Тематические фокус-группы, стандарты и номинанты премии позволяют выявлять казначейские преобразования.","Ликвидность, платежи, управление рисками, казначейство и ИИ","централизация | ликвидность | дебиторская задолженность | ИИ | сертификация","Мониторинг открытых HTML-анонсов/новостей 1–2 раза в неделю; извлечение компании, подразделения, темы, даты и ссылки; API/RSS не подтверждены.","Открытые страницы; участие в мероприятиях, членство и закрытые материалы отдельно.","Плата за чтение публичной страницы не заявлена. Членство, билеты, контакты и условия автоматического сбора проверяются отдельно; в план не включены.","content_read","https://corptreasury.ru/about/%D1%81ommittees/","Комитеты прямо предусматривают обучение, сертификацию, связи с образовательными организациями и фокус-группы с партнерами.","2026-10-01","not_separately_checked","not_checked_here","1","true","Сопоставить с существующими сборщиками; проверить разделы, пагинацию, документы и ссылки на новые каналы. Сохранить сырые наблюдения до оценки релевантности.","Проверить действующий маршрут, доступный корпус и инкрементальный сбор; связать с текущим проектом.","Сохранен из исходного классификатора v1; проверить дополнительные разделы, каналы и связанные организации.","baseline_v1"
"MISB-020","Ассоциация профессионалов по управлению закупками — APPM","https://appminfo.ru/","C07","C07","Функциональные ассоциации","Профессиональные закупочные сообщества","РФ","RU","P","P","Функциональная ассоциация","Комитет → план мероприятий → организатор → предложение учебного модуля","Дирекция ассоциации → руководители закупок компаний участников","Анонсы семинаров и реальные закупочные кейсы помогают сформировать гипотезы о темах.","Корпоративные закупки, переговоры и управление цепями поставок","корпоративные закупки | стратегия | процессы | семинар | менеджеры","Мониторинг открытых HTML-анонсов/новостей 1–2 раза в неделю; извлечение компании, подразделения, темы, даты и ссылки; API/RSS не подтверждены.","Открытые страницы; участие в мероприятиях, членство и закрытые материалы отдельно.","Плата за чтение публичной страницы не заявлена. Членство, билеты, контакты и условия автоматического сбора проверяются отдельно; в план не включены.","search_index","https://appminfo.ru/","Официальный сайт сообщает о семинарах, конференциях и курсах для менеджеров и руководителей.","2026-10-01","not_separately_checked","not_checked_here","1","true","Сопоставить с существующими сборщиками; проверить разделы, пагинацию, документы и ссылки на новые каналы. Сохранить сырые наблюдения до оценки релевантности.","Проверить действующий маршрут, доступный корпус и инкрементальный сбор; связать с текущим проектом.","Сохранен из исходного классификатора v1; проверить дополнительные разделы, каналы и связанные организации.","baseline_v1"
"MISB-021","Ассоциация специалистов в сфере управления документами — АСУД","https://assud.ru/","C07","C07","Функциональные ассоциации","Документооборот и архивы","РФ","RU","P","P","Функциональная ассоциация","Комитет → план мероприятий → организатор → предложение учебного модуля","Дирекция АСУД → руководитель управления документационного обеспечения","Обсуждение перехода на электронные архивы, новые требования к документационному обеспечению.","Делопроизводство, электронный архив, ЭДО и локальные документы","электронный архив | документооборот | номенклатура дел | локальные акты","Мониторинг открытых HTML-анонсов/новостей 1–2 раза в неделю; извлечение компании, подразделения, темы, даты и ссылки; API/RSS не подтверждены.","Открытые страницы; участие в мероприятиях, членство и закрытые материалы отдельно.","Плата за чтение публичной страницы не заявлена. Членство, билеты, контакты и условия автоматического сбора проверяются отдельно; в план не включены.","content_read","https://assud.ru/","На странице есть реестр членов, мероприятия, форум АРХИВЫ и направления обучения/развития.","2026-10-01","not_separately_checked","not_checked_here","1","true","Сопоставить с существующими сборщиками; проверить разделы, пагинацию, документы и ссылки на новые каналы. Сохранить сырые наблюдения до оценки релевантности.","Проверить действующий маршрут, доступный корпус и инкрементальный сбор; связать с текущим проектом.","Сохранен из исходного классификатора v1; проверить дополнительные разделы, каналы и связанные организации.","baseline_v1"
"MISB-022","Объединение корпоративных юристов — ОКЮР","https://www.rcca.com.ru/news/action.shtml","C07","C07","Функциональные ассоциации","Профессиональные юридические сообщества","РФ","RU","I","I","Функциональная ассоциация","Комитет → план мероприятий → организатор → предложение учебного модуля","Руководитель юридической службы из программы → официальный корпоративный канал","Публичный кейс изменения юридической функции или сложного правового вопроса конкретной компании.","Корпоративное право, договоры, комплаенс, трудовое право","юридическая функция | комплаенс | корпоративное право | антимонопольный | ИИ","Мониторинг открытых HTML-анонсов/новостей 1–2 раза в неделю; извлечение компании, подразделения, темы, даты и ссылки; API/RSS не подтверждены.","Открытые страницы; участие в мероприятиях, членство и закрытые материалы отдельно.","Плата за чтение публичной страницы не заявлена. Членство, билеты, контакты и условия автоматического сбора проверяются отдельно; в план не включены.","search_index","https://www.rcca.com.ru/news/action.shtml","Открытый архив мероприятий содержит антимонопольную тематику, применение ИИ юристами и корпоративное право.","2026-10-01","not_separately_checked","not_checked_here","1","true","Сопоставить с существующими сборщиками; проверить разделы, пагинацию, документы и ссылки на новые каналы. Сохранить сырые наблюдения до оценки релевантности.","Проверить действующий маршрут, доступный корпус и инкрементальный сбор; связать с текущим проектом.","Сохранен из исходного классификатора v1; проверить дополнительные разделы, каналы и связанные организации.","baseline_v1"
"MISB-023","Федеральный центр компетенций — Производительность.РФ","https://pptrf.ru/","C09","C09","Палаты, МСП, экспорт, производительность","Центры производительности","РФ","RU","I","I","Региональный оператор","Оператор → план программы → закупки/отбор тренеров → участники","Руководитель проекта/HR названного предприятия → директор по развитию","Предприятие вступило в проект или закончило пилот и готовит тиражирование. Предприятие завершает пилот и собирается тиражировать изменения на офисные/управленческие процессы","Бережливое управление для руководителей, управление изменениями, экономический анализ","тиражирование | бережливое | вступило в проект | руководители | производительность","Мониторинг открытых HTML-анонсов/новостей 1–2 раза в неделю; извлечение компании, подразделения, темы, даты и ссылки; API/RSS не подтверждены.","Открытые страницы; участие в мероприятиях, членство и закрытые материалы отдельно.","Плата за чтение публичной страницы не заявлена. Членство, билеты, контакты и условия автоматического сбора проверяются отдельно; в план не включены.","search_index","https://pptrf.ru/","Официальный сайт содержит новости, кейсы предприятий, журнал и подписку на рассылку.","2026-10-01","not_separately_checked","not_checked_here","1","true","Сопоставить с существующими сборщиками; проверить разделы, пагинацию, документы и ссылки на новые каналы. Сохранить сырые наблюдения до оценки релевантности.","Проверить действующий маршрут, доступный корпус и инкрементальный сбор; связать с текущим проектом.","Сохранен из исходного классификатора v1; проверить дополнительные разделы, каналы и связанные организации.","baseline_v1"
"MISB-024","МАЙНЕКС Россия — форум и Горный клуб","https://minexrussia.ru/","C10","C10","Конференции, премии и клубы","Отраслевые конференции и премии","РФ","RU","I","I","Организатор конференции","Программа → продюсер → экспертная заявка → учебный блок/модерация","Спикер предприятия → руководитель службы/HR недропользователя","Доклад добывающей компании о развитии проекта, регулировании или кадровых изменениях.","Право недр, экология, управление проектами, финансы добычи","недропользование | управление | проект | экология | кадры","Мониторинг открытых HTML-анонсов/новостей 1–2 раза в неделю; извлечение компании, подразделения, темы, даты и ссылки; API/RSS не подтверждены.","Открытые страницы; участие в мероприятиях, членство и закрытые материалы отдельно.","Плата за чтение публичной страницы не заявлена. Членство, билеты, контакты и условия автоматического сбора проверяются отдельно; в план не включены.","search_index","https://minexrussia.ru/","Официальный сайт представляет горный форум, выставку и Горный клуб с отраслевой программой.","2026-10-01","not_separately_checked","not_checked_here","1","true","Сопоставить с существующими сборщиками; проверить разделы, пагинацию, документы и ссылки на новые каналы. Сохранить сырые наблюдения до оценки релевантности.","Проверить действующий маршрут, доступный корпус и инкрементальный сбор; связать с текущим проектом.","Сохранен из исходного классификатора v1; проверить дополнительные разделы, каналы и связанные организации.","baseline_v1"
"MISB-025","CFO Russia — кейсы финансовых и закупочных функций","https://www.cfo-russia.ru/","C10","C10","Конференции, премии и клубы","Отраслевые конференции и премии","РФ","RU","I","I","Организатор конференции","Программа → продюсер → экспертная заявка → учебный блок/модерация","Именной функциональный руководитель → официальный канал компании","Именной кейс компании о внедрении казначейства, ОЦО, ЭДО или закупочной трансформации.","Финансы, казначейство, учет, закупки, управление изменениями","централизация | трансформация | внедрение | казначейство | ОЦО | закупки","Мониторинг открытых HTML-анонсов/новостей 1–2 раза в неделю; извлечение компании, подразделения, темы, даты и ссылки; API/RSS не подтверждены.","Открытые страницы; участие в мероприятиях, членство и закрытые материалы отдельно.","Плата за чтение публичной страницы не заявлена. Членство, билеты, контакты и условия автоматического сбора проверяются отдельно; в план не включены.","search_index","https://www.cfo-russia.ru/","Портал публикует программы конференций, интервью спикеров и отчеты по финансовым/закупочным изменениям.","2026-10-01","not_separately_checked","not_checked_here","1","true","Сопоставить с существующими сборщиками; проверить разделы, пагинацию, документы и ссылки на новые каналы. Сохранить сырые наблюдения до оценки релевантности.","Проверить действующий маршрут, доступный корпус и инкрементальный сбор; связать с текущим проектом.","Сохранен из исходного классификатора v1; проверить дополнительные разделы, каналы и связанные организации.","baseline_v1"
"MISB-026","HeadHunter — задачи в вакансиях L&D и корпоративных функций","https://hh.ru/","C11","C11","Вакансии и спрос на компетенции","Вакансии как описание будущих задач","РФ","RU","I","I","Вакансия","Вакансия → работодатель → задачи → проверка возможности внешнего подряда","HRD, руководитель обучения, руководитель функции","Создать систему обучения, подготовить кадровый резерв, привлечь внешних тренеров; особенно вакансия после открытия нового подразделения","Корпоративные семинары; управленческий резерв; разработка электронных курсов","(""обучение и развитие"" OR ""корпоративный университет"") AND (""с нуля"" OR ""провайдер"" OR ""внешних"")","Официальный API /vacancies с поиском по тексту и датам; регистрация приложения/токен и правила API; без резюме","Публичные вакансии; API по условиям HH, ограничения и авторизацию проверить перед запуском","Публичное чтение 0 ₽; применимость бесплатного API к этому сценарию согласовать по условиям HH","content_read","https://api.hh.ru/openapi/redoc","Официальная документация описывает поиск вакансий; в публичных вакансиях встречается построение обучения с нуля","2026-10-01","not_separately_checked","not_checked_here","1","true","Сопоставить с существующими сборщиками; проверить разделы, пагинацию, документы и ссылки на новые каналы. Сохранить сырые наблюдения до оценки релевантности.","Проверить действующий маршрут, доступный корпус и инкрементальный сбор; связать с текущим проектом.","Сохранен из исходного классификатора v1; проверить дополнительные разделы, каналы и связанные организации.","baseline_v1"
"MISB-027","1С — истории успеха и будущие этапы внедрения","https://v8.1c.ru/metod/tag-istorii-uspekha/","C13","C13","Внедрения ERP, ЭДО и LMS","Цифровая трансформация как повод для обучения","РФ","RU","I","I","Внедрение цифровой системы","Кейс → заказчик + интегратор → учебная часть → партнерский маршрут","CFO, руководитель учета/казначейства, руководитель проекта","Компания мигрирует с зарубежной ERP или меняет казначейство, учет и бюджетирование; в кейсе есть планы развития","Финансы/управленческий учет; бюджетирование; закупки; обучение новым бизнес-процессам","""истории успеха"" + (""миграция"" OR ""планы"" OR ""следующий этап"")","Публичные кейсы, PDF/видео описания; извлечение проблем, руководителей и будущих этапов","Публичное чтение; API/RSS и разрешение массового сбора не подтверждены","0 ₽ за публичное чтение; работа сборщика входит в общий бюджет","search_index","https://v8.1c.ru/metod/tag-istorii-uspekha/","Публичный раздел содержит истории клиентов и материалы о миграции с зарубежной ERP на 1С","2026-10-01","not_separately_checked","not_checked_here","1","true","Сопоставить с существующими сборщиками; проверить разделы, пагинацию, документы и ссылки на новые каналы. Сохранить сырые наблюдения до оценки релевантности.","Проверить действующий маршрут, доступный корпус и инкрементальный сбор; связать с текущим проектом.","Сохранен из исходного классификатора v1; проверить дополнительные разделы, каналы и связанные организации.","baseline_v1"
"MISB-028","Directum — корпоративные проекты и Directum Awards","https://club.directum.ru/awards","C13","C13","Внедрения ERP, ЭДО и LMS","Цифровая трансформация как повод для обучения","РФ","RU","I","I","Внедрение цифровой системы","Кейс → заказчик + интегратор → учебная часть → партнерский маршрут","HRD, руководитель документооборота, юристы, PMO","Компания внедряет КЭДО/электронное подписание; в кейсе раскрыта проблема или план следующей очереди","Трудовое право и КЭДО; электронные документы; управление проектами","""КЭДО"" OR ""планы"" OR ""кадровых процессов""","Публичные карточки кейсов/конкурса; дата публикации и раздел «планы»; одна компания-проект одна запись","Публичное чтение; API/RSS и разрешение массового сбора не подтверждены","0 ₽ за публичное чтение; работа сборщика входит в общий бюджет","search_index","https://club.directum.ru/awards?from=banner","Официальный конкурс содержит кейсы ТМК, ТИТАН-2 и других компаний с описанием задач цифровизации","2026-10-01","not_separately_checked","not_checked_here","1","true","Сопоставить с существующими сборщиками; проверить разделы, пагинацию, документы и ссылки на новые каналы. Сохранить сырые наблюдения до оценки релевантности.","Проверить действующий маршрут, доступный корпус и инкрементальный сбор; связать с текущим проектом.","Сохранен из исходного классификатора v1; проверить дополнительные разделы, каналы и связанные организации.","baseline_v1"
"MISB-029","TAdviser — карточки корпоративных IT-проектов","https://www.tadviser.ru/","C13","C13","Внедрения ERP, ЭДО и LMS","Цифровая трансформация как повод для обучения","РФ","RU","I","I","Внедрение цифровой системы","Кейс → заказчик + интегратор → учебная часть → партнерский маршрут","Заказчик HR/финансы/документооборот, владелец внедряемого процесса","Запуск LMS/ERP/КЭДО или следующая очередь внедрения в названной компании","Электронные курсы; управление изменениями; КЭДО и документооборот; финансовые/закупочные процессы","""Проект"" AND (""LMS"" OR ""КЭДО"" OR ""ERP"") + ""планируется""","Поисковая выдача/доступные карточки; подтверждать у заказчика или вендора; не обходить ограничения","Публичный индекс; прямое открытие основной страницы вернуло 403","0 ₽ за публичное чтение; работа сборщика входит в общий бюджет","search_index","https://www.tadviser.ru/index.php/%D0%9F%D1%80%D0%BE%D0%B5%D0%BA%D1%82%3A%D0%A3%D1%80%D0%B0%D0%BB%D1%81%D0%B8%D0%B1_%D0%A4%D0%9A_%28WebTutor%29)","Найдена карточка корпоративного проекта Уралсиба, содержащая историю трансформации учебного портала в 2026","2026-10-01","not_separately_checked","not_checked_here","1","true","Сопоставить с существующими сборщиками; проверить разделы, пагинацию, документы и ссылки на новые каналы. Сохранить сырые наблюдения до оценки релевантности.","Проверить действующий маршрут, доступный корпус и инкрементальный сбор; связать с текущим проектом.","Сохранен из исходного классификатора v1; проверить дополнительные разделы, каналы и связанные организации.","baseline_v1"
"MISB-030","Ассоциация индустриальных парков России","https://indparks.ru/","C14","C14","Инвестиции, ОЭЗ, кластеры и проекты","Кластеры, парки и ОЭЗ","РФ","RU","P","P","Инвестиционный проект","Проект → оператор/резидент → функциональные службы → подготовка команды","Куратор комитета → управляющая компания парка → несколько резидентов","Комитет сопровождения резидентов обсуждает общие проблемы УК и предприятий.","Договоры аренды/земля, операционное управление, HR, корпоративное обучение","резиденты | кадры и образование | правовое регулирование | регламенты","Мониторинг открытых HTML-анонсов/новостей 1–2 раза в неделю; извлечение компании, подразделения, темы, даты и ссылки; API/RSS не подтверждены.","Открытые страницы; участие в мероприятиях, членство и закрытые материалы отдельно.","Плата за чтение публичной страницы не заявлена. Членство, билеты, контакты и условия автоматического сбора проверяются отдельно; в план не включены.","content_read","https://indparks.ru/press/news/aiprossii-zapuskaet-komitet-po-soprovozhdeniyu-rezidentov-/","Комитет прямо предусматривает коллективные тренинги, стажировки и образовательные треки; темы 2026 включают кадры и договоры.","2026-10-01","not_separately_checked","not_checked_here","1","true","Сопоставить с существующими сборщиками; проверить разделы, пагинацию, документы и ссылки на новые каналы. Сохранить сырые наблюдения до оценки релевантности.","Проверить действующий маршрут, доступный корпус и инкрементальный сбор; связать с текущим проектом.","Сохранен из исходного классификатора v1; проверить дополнительные разделы, каналы и связанные организации.","baseline_v1"
"MISB-031","Фонд развития промышленности — профинансированные проекты и новости","https://frprf.ru/","C14","C14","Инвестиции, ОЭЗ, кластеры и проекты","Инвестиции и новые производства","РФ","RU","I","I","Инвестиционный проект","Проект → оператор/резидент → функциональные службы → подготовка команды","Директор проекта, финансовый директор, HR","Одобрен заем или запускается производственный проект: формируются проектная команда, закупки, отчетность и управление рисками","Управление капстроительством; закупки/МТО; бюджетирование; управление проектами","""профинансировал"" OR ""одобрил"" OR ""новое производство"" + отрасль","Проверка новых публичных страниц 1 раз в неделю; извлечение компании, даты и цитаты о будущем этапе; контроль изменений","Публичные новости индексируются; прямое открытие раздела проектов вернуло 403","0 ₽ за публичное чтение; работа сборщика входит в общий бюджет","search_index","https://frprf.ru/press-tsentr/novosti/frp-s-2025-goda-profinansiroval-bolee-300-novykh-promyshlennykh-proektov/","Официальная новость подтверждает публикацию сведений о новых профинансированных промышленных проектах","2026-10-01","not_separately_checked","not_checked_here","1","true","Сопоставить с существующими сборщиками; проверить разделы, пагинацию, документы и ссылки на новые каналы. Сохранить сырые наблюдения до оценки релевантности.","Проверить действующий маршрут, доступный корпус и инкрементальный сбор; связать с текущим проектом.","Сохранен из исходного классификатора v1; проверить дополнительные разделы, каналы и связанные организации.","baseline_v1"
"MISB-032","БУТБ: электронная торговая площадка закупок","https://zakupki.butb.by/auctions/index.html","C01","C01","Государственные и универсальные ЭТП","Государственные и корпоративные закупки","Беларусь","BY","D","D","Тендерная процедура","Карточка → все приложения → заказчик → способ подачи","Белорусские предприятия/заказчики","Электронная закупка за собственные средства, запрос изучения конъюнктуры рынка","Обучение специалистов и руководителей","(обучение OR семинар OR тренинг OR повышение квалификации OR вебинар OR электронный курс OR стратегическая сессия) + тема/роль; исключения проверять по лотам","Мониторинг открытой поисковой выдачи и документов либо лицензированный агрегатор; частота 1–2 раза в день; API/RSS не подтверждены","Открытая часть; для работы ЭП и аккредитация","Публичная часть 0 ₽; для нерезидентов плата оператора по отдельному прейскуранту, сумма не проверена","content_read","https://zakupki.butb.by/auctions/index.html","Открыта страница: с 11.07.2026 новые процедуры собственных средств в электронном формате; запросы конъюнктуры могут размещаться на ЭТП","2026-10-01","not_separately_checked","not_checked_here","2","true","Сопоставить с существующими сборщиками; проверить разделы, пагинацию, документы и ссылки на новые каналы. Сохранить сырые наблюдения до оценки релевантности.","Проверить действующий маршрут, доступный корпус и инкрементальный сбор; связать с текущим проектом.","Сохранен из исходного классификатора v1; проверить дополнительные разделы, каналы и связанные организации.","baseline_v1"
"MISB-033","Госзакупки Кыргызской Республики","https://zakupki.gov.kg/popp/","C01","C01","Государственные и универсальные ЭТП","Государственные закупки","Кыргызстан","KG","D","D","Тендерная процедура","Карточка → все приложения → заказчик → способ подачи","Госучреждения и организации Кыргызстана","Закупки семинаров, обучения специалистов и управленческих программ","ДПО, вебинары, тренинги специалистов","(обучение OR семинар OR тренинг OR повышение квалификации OR вебинар OR электронный курс OR стратегическая сессия) + тема/роль; исключения проверять по лотам","Публичный поиск; одновременно проверять миграцию на goszakupki.okmot.kg; API/RSS не подтверждены","Поиск/категории доступны; кабинет для участия","Открытый просмотр 0 ₽; условия участия и ЭП отдельно","content_read","https://zakupki.gov.kg/popp/","Открыты поиск, планы, договоры, категория образования; официальная ссылка на новый портал и сообщение о запуске 10.07.2026","2026-10-01","not_separately_checked","not_checked_here","2","true","Сопоставить с существующими сборщиками; проверить разделы, пагинацию, документы и ссылки на новые каналы. Сохранить сырые наблюдения до оценки релевантности.","Проверить действующий маршрут, доступный корпус и инкрементальный сбор; связать с текущим проектом.","Сохранен из исходного классификатора v1; проверить дополнительные разделы, каналы и связанные организации.","baseline_v1"
"MISB-034","ЕАТ «Берёзка»","https://agregatoreat.ru/","C01","C01","Государственные и универсальные ЭТП","Малые закупки и запросы потребностей","РФ","RU","D","D","Тендерная процедура","Карточка → все приложения → заказчик → способ подачи","Федеральные/иные заказчики малых закупок","Малая закупка конкретного курса; выбор из каталога образовательных услуг","Короткие курсы повышения квалификации, вебинары","(обучение OR семинар OR тренинг OR повышение квалификации OR вебинар OR электронный курс OR стратегическая сессия) + тема/роль; исключения проверять по лотам","Каталог и закупочные сессии; разрешенный агрегатор/штатные уведомления; API не подтвержден","При проверке инструмент получил CAPTCHA; доступность и кабинет нужно проверить","Просмотр открытых сведений без покупки агрегатора; тариф участия отдельно","search_index","https://www.roszakupki.ru/education/detail.php?ID=6611","Образовательный институт указывает возможность заказа курса через номер программы в «Берёзке»; официальный вход ответил CAPTCHA","2026-10-01","not_separately_checked","not_checked_here","2","true","Сопоставить с существующим проектом; проверить кабинет/регистрацию и штатные уведомления. Если доступ блокирует работу, зарегистрировать ограничение и запасной маршрут.","Проверить действующий маршрут, доступный корпус и инкрементальный сбор; связать с текущим проектом.","Сохранен из исходного классификатора v1; проверить дополнительные разделы, каналы и связанные организации.","baseline_v1"
"MISB-035","Единая платформа закупок Казахстана","https://zakup.gov.kz/","C01","C01","Государственные и универсальные ЭТП","Государственные закупки","Казахстан","KZ","D","D","Тендерная процедура","Карточка → все приложения → заказчик → способ подачи","Госучреждения и другие заказчики платформы","Извещение, запрос КП, план закупок или повторная закупка обучения специалистов и руководителей","Корпоративное и ведомственное обучение специалистов","(обучение OR семинар OR тренинг OR повышение квалификации OR вебинар OR электронный курс OR стратегическая сессия) + тема/роль; исключения проверять по лотам","Публичный поиск новой платформы; старую историю сверять в old.goszakup.gov.kz; документированный API старой платформы не считать проверенным для новой","Публичные реестры; кабинет/местная ЭП для участия","Просмотр открытой части 0 ₽; участие/ЭП и условия нерезидентов отдельно","search_index","https://www.goszakup.gov.kz/ru/announce/index/3507689","Официальный результат сообщает ввод новой платформы и авторизации через zakup.gov.kz с 31.08.2026","2026-10-01","not_separately_checked","not_checked_here","2","true","Сопоставить с существующими сборщиками; проверить разделы, пагинацию, документы и ссылки на новые каналы. Сохранить сырые наблюдения до оценки релевантности.","Проверить действующий маршрут, доступный корпус и инкрементальный сбор; связать с текущим проектом.","Сохранен из исходного классификатора v1; проверить дополнительные разделы, каналы и связанные организации.","baseline_v1"
"MISB-036","Сбер А / Сбербанк-АСТ","https://www.sberbank-ast.ru/","C01","C01","Государственные и универсальные ЭТП","Электронные торговые площадки","РФ","RU","D","D","Тендерная процедура","Карточка → все приложения → заказчик → способ подачи","Госзаказчики и корпоративные секции","Извещение, запрос КП, план закупок или повторная закупка обучения специалистов и руководителей","Корпоративные семинары, ДПО, электронные курсы, деловые конференции","(обучение OR семинар OR тренинг OR повышение квалификации OR вебинар OR электронный курс OR стратегическая сессия) + тема/роль; исключения проверять по лотам","Мониторинг открытой поисковой выдачи и документов либо лицензированный агрегатор; частота 1–2 раза в день; API/RSS не подтверждены","Открытые извещения; документы и участие зависят от секции","Открытая витрина — без покупки подписки; участие, ЭП и дополнительные сервисы отдельно, тариф не проверен","search_index","https://psi.sberbank-ast.ru/","Официальный домен в индексе содержит раздел закупок и описание площадки; основной вход при открытии дал timeout","2026-10-01","not_separately_checked","not_checked_here","2","true","Сопоставить с существующими сборщиками; проверить разделы, пагинацию, документы и ссылки на новые каналы. Сохранить сырые наблюдения до оценки релевантности.","Проверить действующий маршрут, доступный корпус и инкрементальный сбор; связать с текущим проектом.","Сохранен из исходного классификатора v1; проверить дополнительные разделы, каналы и связанные организации.","baseline_v1"
"MISB-037","ТЭК-Торг","https://www.tektorg.ru/","C01","C01","Государственные и универсальные ЭТП","Электронные торговые площадки","РФ","RU","D","D","Тендерная процедура","Карточка → все приложения → заказчик → способ подачи","Роснефть и другие корпоративные/государственные заказчики","Извещение, запрос КП, план закупок или повторная закупка обучения специалистов и руководителей","Семинары для специалистов нефтегаза, экология/недра, закупки, капстрой","(обучение OR семинар OR тренинг OR повышение квалификации OR вебинар OR электронный курс OR стратегическая сессия) + тема/роль; исключения проверять по лотам","Мониторинг открытой поисковой выдачи и документов либо лицензированный агрегатор; частота 1–2 раза в день; API/RSS не подтверждены","Публичные извещения; регистрация и ЭП для участия","Открытая витрина — без покупки подписки; участие, ЭП и дополнительные сервисы отдельно, тариф не проверен","search_index","https://www.rosneft.ru/Development/Zakupki_tovarov_rabot_i_uslug/","Роснефть прямо называет ТЭК-Торг каналом конкурентных электронных закупок","2026-10-01","not_separately_checked","not_checked_here","2","true","Сопоставить с существующими сборщиками; проверить разделы, пагинацию, документы и ссылки на новые каналы. Сохранить сырые наблюдения до оценки релевантности.","Проверить действующий маршрут, доступный корпус и инкрементальный сбор; связать с текущим проектом.","Сохранен из исходного классификатора v1; проверить дополнительные разделы, каналы и связанные организации.","baseline_v1"
"MISB-038","Фабрикант","https://www.fabrikant.ru/","C01","C01","Государственные и универсальные ЭТП","Электронные торговые площадки","РФ","RU","D","D","Тендерная процедура","Карточка → все приложения → заказчик → способ подачи","Государственные и корпоративные заказчики","Извещение, запрос КП, план закупок или повторная закупка обучения специалистов и руководителей","Корпоративные семинары, ДПО, электронные курсы, деловые конференции","(обучение OR семинар OR тренинг OR повышение квалификации OR вебинар OR электронный курс OR стратегическая сессия) + тема/роль; исключения проверять по лотам","Мониторинг открытой поисковой выдачи и документов либо лицензированный агрегатор; частота 1–2 раза в день; API/RSS не подтверждены","Открытая витрина; участие по регламенту секции","Открытая витрина — без покупки подписки; участие, ЭП и дополнительные сервисы отдельно, тариф не проверен","content_read","https://www.fabrikant.ru/","Открыта страница с поиском по словам/ИНН, закупками и отдельными тарифами участия","2026-10-01","not_separately_checked","not_checked_here","2","true","Сопоставить с существующими сборщиками; проверить разделы, пагинацию, документы и ссылки на новые каналы. Сохранить сырые наблюдения до оценки релевантности.","Проверить действующий маршрут, доступный корпус и инкрементальный сбор; связать с текущим проектом.","Сохранен из исходного классификатора v1; проверить дополнительные разделы, каналы и связанные организации.","baseline_v1"
"MISB-039","Bidzaar","https://bidzaar.com/","C01","C01","Государственные и универсальные ЭТП","Электронные торговые площадки","РФ","RU","D","D","Тендерная процедура","Карточка → все приложения → заказчик → способ подачи","Частный корпоративный заказчик","Коммерческий тендер на корпоративное обучение","Тренинги, дистанционные программы, электронные курсы","(обучение OR семинар OR тренинг OR повышение квалификации OR вебинар OR электронный курс OR стратегическая сессия) + тема/роль; исключения проверять по лотам","Индексируемые публичные карточки + кабинет/штатные уведомления, если доступны; API не подтвержден","Открытая карточка в индексе; основной сайт не получен инструментом","Просмотр индексируемых анонсов 0 ₽; тариф полного доступа/участия не подтвержден","search_index","https://bidzaar.com/app/process/light/07a39f58-e243-4708-80e0-cee8bbb3e2b4","Найдена официальная историческая карточка «Полный объем обязательных тренингов для сотрудников компании» с тегами корпоративного/дистанционного обучения","2026-10-01","not_separately_checked","not_checked_here","2","true","Сопоставить с существующими сборщиками; проверить разделы, пагинацию, документы и ссылки на новые каналы. Сохранить сырые наблюдения до оценки релевантности.","Проверить действующий маршрут, доступный корпус и инкрементальный сбор; связать с текущим проектом.","Сохранен из исходного классификатора v1; проверить дополнительные разделы, каналы и связанные организации.","baseline_v1"
"MISB-040","goszakupki.by","https://goszakupki.by/","C01","C01","Государственные и универсальные ЭТП","Государственные закупки","Беларусь","BY","D","D","Тендерная процедура","Карточка → все приложения → заказчик → способ подачи","Государственные и иные заказчики Беларуси","Извещение, запрос КП, план закупок или повторная закупка обучения специалистов и руководителей","Повышение квалификации, семинары для HR, финансов и закупок","(обучение OR семинар OR тренинг OR повышение квалификации OR вебинар OR электронный курс OR стратегическая сессия) + тема/роль; исключения проверять по лотам","Мониторинг открытой поисковой выдачи и документов либо лицензированный агрегатор; частота 1–2 раза в день; API/RSS не подтверждены","Публичная витрина; для участия кабинет/аккредитация","Публичные сведения без покупки агрегатора; плата оператора/ЭП отдельно","search_index","https://goszakupki.by/","Официальная поисковая выдача подтверждает ЭТП Национального центра поддержки экспорта, 2011–2026","2026-10-01","not_separately_checked","not_checked_here","2","true","Сопоставить с существующими сборщиками; проверить разделы, пагинацию, документы и ссылки на новые каналы. Сохранить сырые наблюдения до оценки релевантности.","Проверить действующий маршрут, доступный корпус и инкрементальный сбор; связать с текущим проектом.","Сохранен из исходного классификатора v1; проверить дополнительные разделы, каналы и связанные организации.","baseline_v1"
"MISB-041","ICETRADE: ИС «Тендеры»","https://icetrade.by/","C01","C01","Государственные и универсальные ЭТП","Государственные и корпоративные закупки","Беларусь","BY","D","D","Тендерная процедура","Карточка → все приложения → заказчик → способ подачи","Белорусские предприятия и организации","Потребности предприятий за счет собственных средств","ДПО специалистов, корпоративные семинары и конференции","(обучение OR семинар OR тренинг OR повышение квалификации OR вебинар OR электронный курс OR стратегическая сессия) + тема/роль; исключения проверять по лотам","Публичная лента и документы после технической проверки; альтернативно покрытие лицензированного агрегатора","Публичный информационный ресурс; глубина бесплатных функций требует проверки","Открытые анонсы 0 ₽; подписка/сервисы и участие отдельно","search_index","https://czech.mfa.gov.by/ru/trade_place/2/","Официальная страница посольства Беларуси подтверждает icetrade.by как ресурс закупок за счет собственных средств","2026-10-01","not_separately_checked","not_checked_here","2","true","Сопоставить с существующими сборщиками; проверить разделы, пагинацию, документы и ссылки на новые каналы. Сохранить сырые наблюдения до оценки релевантности.","Проверить действующий маршрут, доступный корпус и инкрементальный сбор; связать с текущим проектом.","Сохранен из исходного классификатора v1; проверить дополнительные разделы, каналы и связанные организации.","baseline_v1"
"MISB-042","OTC: закупки, малые закупки и запросы КП","https://otc.ru/search/zakaz","C01","C01","Государственные и универсальные ЭТП","Электронные торговые площадки","РФ","RU","D","D","Тендерная процедура","Карточка → все приложения → заказчик → способ подачи","Бюджетные и коммерческие организации","Запрос КП до торгов, малая закупка, прямая потребность в образовательной услуге","Корпоративные семинары, ДПО, электронные курсы, деловые конференции","(обучение OR семинар OR тренинг OR повышение квалификации OR вебинар OR электронный курс OR стратегическая сессия) + тема/роль; исключения проверять по лотам","Открытая выдача + штатные уведомления на email после настройки; импорт писем в монитор","Поиск открыт; рассылка и кабинет требуют регистрации","Публичный просмотр 0 ₽; состав платных функций/участие проверить","search_index","https://spb.otc.ru/buy/","Официальная выдача показывает поиск запросов коммерческих предложений и email-рассылку","2026-10-01","not_separately_checked","not_checked_here","2","true","Сопоставить с существующими сборщиками; проверить разделы, пагинацию, документы и ссылки на новые каналы. Сохранить сырые наблюдения до оценки релевантности.","Проверить действующий маршрут, доступный корпус и инкрементальный сбор; связать с текущим проектом.","Сохранен из исходного классификатора v1; проверить дополнительные разделы, каналы и связанные организации.","baseline_v1"
"MISB-043","Tizilim: закупки недропользователей","https://public.tizilim.gov.kz/","C01","C01","Государственные и универсальные ЭТП","Отраслевые закупки","Казахстан","KZ","D","D","Тендерная процедура","Карточка → все приложения → заказчик → способ подачи","Недропользователи и горнодобывающие компании","Закупки работ/услуг недропользователей, в том числе подготовка специалистов","Недропользование, экология, управление проектами, МТО","(обучение OR семинар OR тренинг OR повышение квалификации OR вебинар OR электронный курс OR стратегическая сессия) + тема/роль; исключения проверять по лотам","Мониторинг публичного реестра после проверки нового маршрута; API не подтвержден","Публичная часть и регистрация для операций","Открытые страницы 0 ₽; платность операций не подтверждена","search_index","https://public.tizilim.gov.kz/ru/pages/news","Официальные новости в индексе описывают переход от reestr.nadloc.kz и сохранение отдельных функций старого реестра","2026-10-01","not_separately_checked","not_checked_here","2","true","Сопоставить с существующими сборщиками; проверить разделы, пагинацию, документы и ссылки на новые каналы. Сохранить сырые наблюдения до оценки релевантности.","Проверить действующий маршрут, доступный корпус и инкрементальный сбор; связать с текущим проектом.","Сохранен из исходного классификатора v1; проверить дополнительные разделы, каналы и связанные организации.","baseline_v1"
"MISB-044","АЛРОСА: анонсы, планы и партнерство с МСП","https://alrosa.ru/buy/procurement-information/","C02","C02","Корпоративные закупки и квалификация","Корпоративные закупочные каналы","РФ","RU","D","D","Корпоративный поставщик","Корпоративная страница → кабинет → категории услуг → дочерние общества","Профильное подразделение и закупки АЛРОСА","Ранний анонс закупки, план и квалификация исполнителя","Семинары по недрам/экологии, HR, закупкам, управлению и финансам","Обучение; семинар; повышение квалификации; кадровый резерв; электронные курсы","Публичные анонсы и документы; контроль изменений XLSX планов; официальная программа МСП","Открытая информация; участие по правилам процедуры","Открытая информация — 0 ₽; стоимость участия/аккредитации отдельно, актуальный тариф не подтвержден","search_index","https://alrosa.ru/buy/procurement-information/","Официальный индекс содержит анонсы закупок; раздел /buy/work-subjects/ описывает программу потенциальных поставщиков МСП","2026-10-01","not_separately_checked","not_checked_here","2","true","Сопоставить с существующими сборщиками; проверить разделы, пагинацию, документы и ссылки на новые каналы. Сохранить сырые наблюдения до оценки релевантности.","Проверить действующий маршрут, доступный корпус и инкрементальный сбор; связать с текущим проектом.","Сохранен из исходного классификатора v1; проверить дополнительные разделы, каналы и связанные организации.","baseline_v1"
"MISB-045","Газпром: закупки и портал контрагентов","https://tenders.gazprom.ru/","C02","C02","Корпоративные закупки и квалификация","Корпоративные закупочные каналы","РФ","RU","D","D","Корпоративный поставщик","Корпоративная страница → кабинет → категории услуг → дочерние общества","ПАО Газпром и дочерние общества","Открытая потребность плюс приглашения зарегистрированным контрагентам","ДПО специалистов и руководителей, МТО, финансы, право, экология","Обучение руководителей; образовательные услуги; семинар; вебинар; профессиональное развитие","Открытые объявления на ЭТП ГПБ; регистрация категорий услуг через https://asez.zakupki.gazprom.ru/ и импорт полученных приглашений","Витрина открыта; портал контрагентов требует регистрации","Открытая информация — 0 ₽; стоимость участия/аккредитации отдельно, актуальный тариф не подтвержден","search_index","https://asez.zakupki.gazprom.ru/","Официальный портал предлагает представить информацию о компании и получать приглашения на закупки","2026-10-01","not_separately_checked","not_checked_here","2","true","Сопоставить с существующим проектом; проверить кабинет/регистрацию и штатные уведомления. Если доступ блокирует работу, зарегистрировать ограничение и запасной маршрут.","Проверить действующий маршрут, доступный корпус и инкрементальный сбор; связать с текущим проектом.","Сохранен из исходного классификатора v1; проверить дополнительные разделы, каналы и связанные организации.","baseline_v1"
"MISB-046","Интер РАО: EnergyHub и ранние потребности","https://energyhub.roseltorg.ru/","C02","C02","Корпоративные закупки и квалификация","Корпоративные закупочные каналы","РФ","RU","D","D","Корпоративный поставщик","Корпоративная страница → кабинет → категории услуг → дочерние общества","Функциональные заказчики компаний Интер РАО","Сводная потребность, несостоявшиеся закупки и презентационное окно до тендера","Обучение закупщиков и руководителей, управленческие программы, цифровые учебные продукты","Обучение; развитие персонала; управление; электронный курс; стратегическая сессия","Публичные разделы сводной потребности/несостоявшихся закупок; отдельно разовая регистрация и презентация МИСБ","Открытая витрина потребностей; заявки/аккредитация по форме","Открытая информация — 0 ₽; стоимость участия/аккредитации отдельно, актуальный тариф не подтвержден","content_read","https://energyhub.roseltorg.ru/","Открыта страница: сводная потребность ТРУ, несостоявшиеся закупки, презентационное окно, аккредитация и поиск партнеров","2026-10-01","not_separately_checked","not_checked_here","2","true","Сопоставить с существующими сборщиками; проверить разделы, пагинацию, документы и ссылки на новые каналы. Сохранить сырые наблюдения до оценки релевантности.","Проверить действующий маршрут, доступный корпус и инкрементальный сбор; связать с текущим проектом.","Сохранен из исходного классификатора v1; проверить дополнительные разделы, каналы и связанные организации.","baseline_v1"
"MISB-047","ЛУКОЙЛ: единая база тендеров","https://lukoil.ru/Company/Tendersandauctions/Tenders","C02","C02","Корпоративные закупки и квалификация","Корпоративные закупочные каналы","РФ","RU","D","D","Корпоративный поставщик","Корпоративная страница → кабинет → категории услуг → дочерние общества","Центральные функции и общества ЛУКОЙЛ","Тендер группы и приглашение квалифицированному контрагенту","Семинары специалистов, экологическое/правовое обучение, проектное управление","Обучение; повышение квалификации; семинар; электронные курсы; тренинг","Публичная база по разделу услуг + кабинет контрагента https://lukoil.ru/Company/contractorpa; документы по карточке","Открытая база; участие через кабинет/ИСУ Снабжение","Открытая информация — 0 ₽; стоимость участия/аккредитации отдельно, актуальный тариф не подтвержден","search_index","https://lukoil.ru/Company/Tendersandauctions/Tenders?tab=2","Официальная страница содержит текущие тендеры и указание на автоматизированную систему тендерных процедур","2026-10-01","not_separately_checked","not_checked_here","2","true","Сопоставить с существующими сборщиками; проверить разделы, пагинацию, документы и ссылки на новые каналы. Сохранить сырые наблюдения до оценки релевантности.","Проверить действующий маршрут, доступный корпус и инкрементальный сбор; связать с текущим проектом.","Сохранен из исходного классификатора v1; проверить дополнительные разделы, каналы и связанные организации.","baseline_v1"
"MISB-048","ММК: портал для поставщиков","https://mmk.ru/ru/for-suppliers/","C02","C02","Корпоративные закупки и квалификация","Корпоративные закупочные каналы","РФ","RU","P","P","Корпоративный поставщик","Корпоративная страница → кабинет → категории услуг → дочерние общества","Функция закупок услуг и развития персонала ММК","Потребности/конкурентные проработки и обращение поставщика услуг","Бережливое производство для руководителей, HR, МТО, финансы, право","Обучение специалистов; семинар; повышение квалификации; развитие руководителей","Официальный вход для поставщиков, затем разрешенные уведомления кабинета; API не подтвержден","Публичные инструкции; детали ЭТП после регистрации","Открытая информация — 0 ₽; стоимость участия/аккредитации отдельно, актуальный тариф не подтвержден","search_index","https://mmk.ru/ru/for-suppliers/","Официальный результат описывает предложения по ЭТП, конкурентным проработкам, договорам и платежам","2026-10-01","not_separately_checked","not_checked_here","2","true","Сопоставить с существующим проектом; проверить кабинет/регистрацию и штатные уведомления. Если доступ блокирует работу, зарегистрировать ограничение и запасной маршрут.","Проверить действующий маршрут, доступный корпус и инкрементальный сбор; связать с текущим проектом.","Сохранен из исходного классификатора v1; проверить дополнительные разделы, каналы и связанные организации.","baseline_v1"
"MISB-049","НЛМК: поставщики/подрядчики и SRM","https://www.nlmk.com/ru/for-suppliers-and-contractors/","C02","C02","Корпоративные закупки и квалификация","Корпоративные закупочные каналы","РФ","RU","P","P","Корпоративный поставщик","Корпоративная страница → кабинет → категории услуг → дочерние общества","Закупки соответствующей категории/HR группы НЛМК","Квалификация в нужной категории и приглашения на конкурсные процедуры","HR, финансы, МТО, проектное управление, обучение руководителей","Образовательные услуги; корпоративное обучение; семинар; электронные курсы","Квалификация и подписка на приглашения в SRM; открытая документация/плановые изменения","Публичные инструкции; для закупок регистрация и квалификация","Открытая информация — 0 ₽; стоимость участия/аккредитации отдельно, актуальный тариф не подтвержден","search_index","https://nlmk.com/ru/suppliers/frequently-asked-questions/","Официальные ответы описывают квалификацию и получение приглашений по электронной почте","2026-10-01","not_separately_checked","not_checked_here","2","true","Сопоставить с существующим проектом; проверить кабинет/регистрацию и штатные уведомления. Если доступ блокирует работу, зарегистрировать ограничение и запасной маршрут.","Проверить действующий маршрут, доступный корпус и инкрементальный сбор; связать с текущим проектом.","Сохранен из исходного классификатора v1; проверить дополнительные разделы, каналы и связанные организации.","baseline_v1"
"MISB-050","НОВАТЭК: закупки работ и услуг","https://www.novatek.ru/ru/about/tenders/service/","C02","C02","Корпоративные закупки и квалификация","Корпоративные закупочные каналы","РФ","RU","D","D","Корпоративный поставщик","Корпоративная страница → кабинет → категории услуг → дочерние общества","Заказчик, указанный в каждой процедуре группы","Открытые процедуры и сбор оферт обществ группы","Семинары по недрам, экологии, МТО, финансам, праву и управлению","Образовательные услуги; семинар; обучение специалистов; конференция","Публичный список и документы раз в сутки; переходы на ЭТП ГПБ сохранять в одной карточке","Список открыт; требования участия указаны в оферте/карточке","Открытая информация — 0 ₽; стоимость участия/аккредитации отдельно, актуальный тариф не подтвержден","search_index","https://www.novatek.ru/ru/about/tenders/service/","Официальная страница содержит заказчиков, даты начала и окончания сбора оферт; отдельные карточки ссылаются на etp.gpb.ru","2026-10-01","not_separately_checked","not_checked_here","2","true","Сопоставить с существующими сборщиками; проверить разделы, пагинацию, документы и ссылки на новые каналы. Сохранить сырые наблюдения до оценки релевантности.","Проверить действующий маршрут, доступный корпус и инкрементальный сбор; связать с текущим проектом.","Сохранен из исходного классификатора v1; проверить дополнительные разделы, каналы и связанные организации.","baseline_v1"
"MISB-051","Норникель: поставщики и SRM","https://nornickel.ru/suppliers/become-supplier/","C02","C02","Корпоративные закупки и квалификация","Корпоративные закупочные каналы","РФ","RU","D","D","Корпоративный поставщик","Корпоративная страница → кабинет → категории услуг → дочерние общества","Категорийный закупщик/HR соответствующего дивизиона","Плановая потребность, анонс/приглашение и общение с закупками в SRM","Корпоративное обучение руководителей/специалистов, электронные курсы","Образовательные услуги; повышение квалификации; тренинг; электронный курс","SRM после регистрации + публичные анонсы; Telegram дивизионов брать только по официальным ссылкам","Регистрация в SRM; публичная инструкция","Открытая информация — 0 ₽; стоимость участия/аккредитации отдельно, актуальный тариф не подтвержден","search_index","https://nornickel.ru/suppliers/become-supplier/","Официальная страница описывает доступ к закупочным процедурам и общение со специалистами в SRM; отчет 2024 подтверждает каналы анонсов","2026-10-01","not_separately_checked","not_checked_here","2","true","Сопоставить с существующим проектом; проверить кабинет/регистрацию и штатные уведомления. Если доступ блокирует работу, зарегистрировать ограничение и запасной маршрут.","Проверить действующий маршрут, доступный корпус и инкрементальный сбор; связать с текущим проектом.","Сохранен из исходного классификатора v1; проверить дополнительные разделы, каналы и связанные организации.","baseline_v1"
"MISB-052","Россети: корпоративный закупочный портал","https://rosseti-zakupki.ru/","C02","C02","Корпоративные закупки и квалификация","Корпоративные закупочные каналы","РФ","RU","D","D","Корпоративный поставщик","Корпоративная страница → кабинет → категории услуг → дочерние общества","Россети и соответствующее ДЗО","Публикации/анонсы закупок и каналы обществ группы","Обучение специалистов закупок, HR, экономики, юристов и капстроя","Повышение квалификации; обучение ИТР; семинар; кадровый резерв","Публичный портал и ссылки на ЭТП; дополнять список ИНН обществ, не создавать зеркальные лиды","Открытая информация; для участия отдельная регистрация на ЭТП","Открытая информация — 0 ₽; стоимость участия/аккредитации отдельно, актуальный тариф не подтвержден","search_index","https://rosseti-zakupki.ru/purchases/informatsiya-o-zakupkochnoy-de/zakupki-opublikovannye-v-eis/","Официальный портал содержит раздел закупок, опубликованных в ЕИС, и инструкции по РТС-тендер","2026-10-01","not_separately_checked","not_checked_here","2","true","Сопоставить с существующими сборщиками; проверить разделы, пагинацию, документы и ссылки на новые каналы. Сохранить сырые наблюдения до оценки релевантности.","Проверить действующий маршрут, доступный корпус и инкрементальный сбор; связать с текущим проектом.","Сохранен из исходного классификатора v1; проверить дополнительные разделы, каналы и связанные организации.","baseline_v1"
"MISB-053","РусГидро: закупочная секция группы","https://www.roseltorg.ru/personal/rushydro","C02","C02","Корпоративные закупки и квалификация","Корпоративные закупочные каналы","РФ","RU","D","D","Корпоративный поставщик","Корпоративная страница → кабинет → категории услуг → дочерние общества","РусГидро и компании группы","Закупки группы и планируемые потребности отдельных заказчиков","Повышение квалификации руководителей/специалистов, МТО, экология, капстрой","Обучение; повышение квалификации; семинар; электронный курс","Корпоративная секция Росэлторга + планы на dp.rushydro.ru; сравнение версий опубликованных файлов","Открытый вход и инструкции; часть функциональности в кабинете","Открытая информация — 0 ₽; стоимость участия/аккредитации отдельно, актуальный тариф не подтвержден","search_index","https://www.roseltorg.ru/personal/rushydro","Официальная страница Росэлторга подтверждает закупочную секцию группы РусГидро","2026-10-01","not_separately_checked","not_checked_here","2","true","Сопоставить с существующими сборщиками; проверить разделы, пагинацию, документы и ссылки на новые каналы. Сохранить сырые наблюдения до оценки релевантности.","Проверить действующий маршрут, доступный корпус и инкрементальный сбор; связать с текущим проектом.","Сохранен из исходного классификатора v1; проверить дополнительные разделы, каналы и связанные организации.","baseline_v1"
"MISB-054","Северсталь: портал поставщиков и подрядчиков","https://suppliers.severstal.com/","C02","C02","Корпоративные закупки и квалификация","Корпоративные закупочные каналы","РФ","RU","P","P","Корпоративный поставщик","Корпоративная страница → кабинет → категории услуг → дочерние общества","Закупки услуг/HR/L&D группы Северсталь","Предквалификация и приглашения в закупках услуг","Корпоративные управленческие программы, обучение специалистов, электронные курсы","Корпоративное обучение; развитие руководителей; обучение специалистов; разработка курсов","Зарегистрировать категорию услуг в SRM; импорт штатных приглашений после согласованного доступа","Официальный портал SRM; прямое чтение инструментом получило 403","Открытая информация — 0 ₽; стоимость участия/аккредитации отдельно, актуальный тариф не подтвержден","search_index","https://suppliers.severstal.com/","Официальная поисковая выдача прямо указывает электронные закупки группы через SAP SRM","2026-10-01","not_separately_checked","not_checked_here","2","true","Сопоставить с существующим проектом; проверить кабинет/регистрацию и штатные уведомления. Если доступ блокирует работу, зарегистрировать ограничение и запасной маршрут.","Проверить действующий маршрут, доступный корпус и инкрементальный сбор; связать с текущим проектом.","Сохранен из исходного классификатора v1; проверить дополнительные разделы, каналы и связанные организации.","baseline_v1"
"MISB-055","СИБУР: услуги, планы и квалификация","https://www.sibur.ru/ru/procurement/","C02","C02","Корпоративные закупки и квалификация","Корпоративные закупочные каналы","РФ","RU","D","D","Корпоративный поставщик","Корпоративная страница → кабинет → категории услуг → дочерние общества","Функция закупок услуг и HR/L&D СИБУР","Планы, актуальные процедуры и квалификация поставщиков услуг","Управленческие семинары, повышение квалификации функциональных специалистов, e-learning","Образовательные услуги; тренинг; развитие компетенций; электронные курсы","Публичные процедуры и файлы планов + квалификация SRM; дополнительный Telegram @siburholdingprocurement как канал того же источника","Открытые планы/контакты; заявки среди квалифицированных поставщиков","Открытая информация — 0 ₽; стоимость участия/аккредитации отдельно, актуальный тариф не подтвержден","search_index","https://www.sibur.ru/ru/procurement/start/","Официальная инструкция содержит процедуру квалификации; /procedure/ называет SAP SRM площадкой закупок работ/услуг, /procurement/ содержит план 2026 XLSX","2026-10-01","not_separately_checked","not_checked_here","2","true","Сопоставить с существующими сборщиками; проверить разделы, пагинацию, документы и ссылки на новые каналы. Сохранить сырые наблюдения до оценки релевантности.","Проверить действующий маршрут, доступный корпус и инкрементальный сбор; связать с текущим проектом.","Сохранен из исходного классификатора v1; проверить дополнительные разделы, каналы и связанные организации.","baseline_v1"
"MISB-056","Сургутнефтегаз: система взаимодействия с поставщиками","https://www.surgutneftegas.ru/procurement/","C02","C02","Корпоративные закупки и квалификация","Корпоративные закупочные каналы","РФ","RU","P","P","Корпоративный поставщик","Корпоративная страница → кабинет → категории услуг → дочерние общества","Профильная служба/организатор закупки Сургутнефтегаза","Анкета поставщика и доступ к релевантным конкурсам","Профильные семинары нефтегазовых специалистов, финансы, право, HR","Образовательные услуги; повышение квалификации руководителей; семинар","Регистрация анкеты; далее разрешенные уведомления и кабинет, вручную проверить категорию образовательных услуг","Официальная страница, регистрация анкеты, вход в систему","Открытая информация — 0 ₽; стоимость участия/аккредитации отдельно, актуальный тариф не подтвержден","search_index","https://www.surgutneftegas.ru/procurement/","В индексе официальной страницы представлены система поставщиков, краткий порядок конкурсов, анкета и вход","2026-10-01","not_separately_checked","not_checked_here","2","true","Сопоставить с существующим проектом; проверить кабинет/регистрацию и штатные уведомления. Если доступ блокирует работу, зарегистрировать ограничение и запасной маршрут.","Проверить действующий маршрут, доступный корпус и инкрементальный сбор; связать с текущим проектом.","Сохранен из исходного классификатора v1; проверить дополнительные разделы, каналы и связанные организации.","baseline_v1"
"MISB-057","Татнефть: центр закупок и ТЗП","https://www.tatneft.ru/zakupki/center_zakupok","C02","C02","Корпоративные закупки и квалификация","Корпоративные закупочные каналы","РФ","RU","D","D","Корпоративный поставщик","Корпоративная страница → кабинет → категории услуг → дочерние общества","Центр закупок и общества Татнефти","Лоты услуг группы и планируемая потребность","Управленческие семинары, бережливое производство для ИТР, финансы, закупки","Обучение ИТР; руководители; семинар; программа развития; корпоративное обучение","Переходы из центра закупок на etp.tatneft.ru и B2B-Center; отдельный аудит актуального плана; API не подтвержден","Центр закупок открыт; участие требует регистрации на названных площадках","Открытая информация — 0 ₽; стоимость участия/аккредитации отдельно, актуальный тариф не подтвержден","search_index","https://www.tatneft.ru/zakupki/center_zakupok","Официальная страница называет основной etp.tatneft.ru и B2B-Center; услуги есть в классе заказа ТЗП","2026-10-01","not_separately_checked","not_checked_here","2","true","Сопоставить с существующими сборщиками; проверить разделы, пагинацию, документы и ссылки на новые каналы. Сохранить сырые наблюдения до оценки релевантности.","Проверить действующий маршрут, доступный корпус и инкрементальный сбор; связать с текущим проектом.","Сохранен из исходного классификатора v1; проверить дополнительные разделы, каналы и связанные организации.","baseline_v1"
"MISB-058","ERG: портал закупок и аттестация поставщиков","https://torgi.erg.kz/home","C02","C02","Корпоративные закупки и квалификация","Корпоративные закупочные каналы","Казахстан","KZ","D","D","Корпоративный поставщик","Корпоративная страница → кабинет → категории услуг → дочерние общества","Предприятия Евразийской группы в Казахстане","Конкурентные закупки предприятий и аттестация поставщиков","Семинары управленцев, МТО, финансы, экология и недра","Обучение специалистов; семинар; тренинг; повышение квалификации","Официальный портал, регистрация/аттестация, штатные приглашения; публичный API не подтвержден","Для взаимодействия регистрация и аттестация; открытая информация о закупочной системе","Открытая информация — 0 ₽; стоимость участия/аккредитации отдельно, актуальный тариф не подтвержден","search_index","https://www.erg.kz/ru/news/show/3212","Официальная новость ERG дает точный адрес torgi.erg.kz/home и описывает регистрацию, аттестацию, участие","2026-10-01","not_separately_checked","not_checked_here","2","true","Сопоставить с существующим проектом; проверить кабинет/регистрацию и штатные уведомления. Если доступ блокирует работу, зарегистрировать ограничение и запасной маршрут.","Проверить действующий маршрут, доступный корпус и инкрементальный сбор; связать с текущим проектом.","Сохранен из исходного классификатора v1; проверить дополнительные разделы, каналы и связанные организации.","baseline_v1"
"MISB-059","Qarmet Partners: закупки группы","https://qpartners.kz/public/buys","C02","C02","Корпоративные закупки и квалификация","Корпоративные закупочные каналы","Казахстан","KZ","D","D","Корпоративный поставщик","Корпоративная страница → кабинет → категории услуг → дочерние общества","Закупки/HR АО Qarmet","Открытая процедура с организатором, сроками и документами","Развитие управленческих и функциональных компетенций","Обучение; повышение квалификации; тренинг; семинар; разработка курсов","Мониторинг публичного списка и карточек; структурирование по номеру лота; API/RSS не подтверждены","Публичные карточки индексируются; регистрация для участия","Открытая информация — 0 ₽; стоимость участия/аккредитации отдельно, актуальный тариф не подтвержден","search_index","https://qpartners.kz/public/buys","Официальная выдача Qarmet Partners показывает список закупок, заказчика Qarmet и контакты поддержки","2026-10-01","not_separately_checked","not_checked_here","2","true","Сопоставить с существующими сборщиками; проверить разделы, пагинацию, документы и ссылки на новые каналы. Сохранить сырые наблюдения до оценки релевантности.","Проверить действующий маршрут, доступный корпус и инкрементальный сбор; связать с текущим проектом.","Сохранен из исходного классификатора v1; проверить дополнительные разделы, каналы и связанные организации.","baseline_v1"
"MISB-060","Тендерплан: агрегатор и API","https://tenderplan.ru/","C03","C03","Агрегаторы закупок","Агрегаторы и API","РФ; отдельный продукт Казахстан","RU; KZ","D","D","Агрегатор","Результат поиска → исходный номер → первоисточник → документы","HR/L&D, закупки, финансовая, юридическая и техническая дирекция","Поиск и контроль изменений закупок, планы и история заказчика","Корпоративные семинары, ДПО, электронные курсы, деловые конференции","(обучение OR семинар OR тренинг OR повышение квалификации OR вебинар OR электронный курс OR стратегическая сессия) + тема/роль; исключения проверять по лотам","Документированный API с серверным access_token; перед оплатой проверить нужные методы и квоты","Официальная документация API доступна; требуется токен","Тариф не подтвержден: страница rates не отдала числовые цены; покупать только альтернативой, не вторым агрегатором","search_index","https://tenderplan.ru/api/doc/","Официальный Swagger в поиске подтверждает API и требование серверного ключа; rates открыта без числовой цены","2026-10-01","not_separately_checked","not_checked_here","2","true","Сопоставить с существующими сборщиками; проверить разделы, пагинацию, документы и ссылки на новые каналы. Сохранить сырые наблюдения до оценки релевантности.","Проверить действующий маршрут, доступный корпус и инкрементальный сбор; связать с текущим проектом.","Сохранен из исходного классификатора v1; проверить дополнительные разделы, каналы и связанные организации.","baseline_v1"
"MISB-061","Ассоциация бизнес-тренеров — подбор экспертов","https://konkurs.biznes-trainer.ru/uslugi","C04","C04","Биржи HR, спикеров и проектных услуг","Партнёры — профессиональные ассоциации","РФ; русскоязычные компании","RU","P","P","Биржа проектов","Лента → карточка → штатный отклик → уточнение конечного покупателя","Ассоциация как распределитель запроса; HR компании","Ассоциация принимает запросы компаний и рекомендует сертифицированных экспертов","Корпоративные семинары, развитие руководителей, методические программы","подбор тренера | семинар руководителей | корпоративное обучение","Сначала проверить условия регистрации/партнерства и доступ МИСБ. После подключения использовать штатные уведомления или ручной импорт в CRM. Публичная автоматическая лента заказов не подтверждена.","Открытые страницы; ответ после регистрации","Условия членства/сертификации запросить; в базовый бюджет не заложено","content_read","https://konkurs.biznes-trainer.ru/uslugi","Официальная страница описывает запрос по email, подбор из реестра и прямые договоры заказчика с выбранными экспертами.","2026-10-01","not_separately_checked","not_checked_here","2","true","Сопоставить с существующим проектом; проверить кабинет/регистрацию и штатные уведомления. Если доступ блокирует работу, зарегистрировать ограничение и запасной маршрут.","Проверить действующий маршрут, доступный корпус и инкрементальный сбор; связать с текущим проектом.","Сохранен из исходного классификатора v1; проверить дополнительные разделы, каналы и связанные организации.","baseline_v1"
"MISB-062","ГАРАНТ — клуб профессионалов","https://forum.garant.ru/","C04","C04","Биржи HR, спикеров и проектных услуг","Профессиональные вопросы и боли","РФ; русскоязычные компании","RU","I","I","Биржа проектов","Лента → карточка → штатный отклик → уточнение конечного покупателя","Юридическая/финансовая/кадровая служба","Юристы, кадровики, финансисты и закупщики обсуждают прикладную проблему","Корпоративное право, трудовое право, налоги, закупки","223-ФЗ | 44-ФЗ | кадровый | договор | корпоративный | НДС","Мониторинг новых публичных страниц по ключевым словам; после проверки условий площадки и теста доступности. API/RSS не подтверждены.","Открытые страницы; ответ после регистрации","0 ₽ за просмотр; платные опции не включены в бюджет","content_read","https://forum.garant.ru/","Проверены отдельные разделы юристов, финансистов, кадровиков и участников госзакупок; последние сообщения датированы 2026 годом.","2026-10-01","not_separately_checked","not_checked_here","2","true","Сопоставить с существующими сборщиками; проверить разделы, пагинацию, документы и ссылки на новые каналы. Сохранить сырые наблюдения до оценки релевантности.","Проверить действующий маршрут, доступный корпус и инкрементальный сбор; связать с текущим проектом.","Сохранен из исходного классификатора v1; проверить дополнительные разделы, каналы и связанные организации.","baseline_v1"
"MISB-063","Профи.ру — бизнес-тренеры","https://profi.ru/registration/buhgaltery_i_yuristy/business-trainer/","C04","C04","Биржи HR, спикеров и проектных услуг","Маркетплейсы услуг","РФ; русскоязычные компании","RU","D","D","Биржа проектов","Лента → карточка → штатный отклик → уточнение конечного покупателя","Владелец МСП, HR","Заказ клиента на бизнес-тренинг с выбором исполнителя","Тренинги руководителей, переговоры, деловые навыки","корпоративный тренинг | руководители | переговоры | группа сотрудников","URL ведет на регистрацию исполнителя. После регистрации проверить кабинет и штатные уведомления о заказах. Открытая автоматическая лента не подтверждена.","Открытые страницы; ответ после регистрации","Просмотр/регистрация по правилам сервиса; стоимость откликов/комиссий индивидуальна, лимит теста ≤1500 ₽/мес","search_index","https://profi.ru/registration/buhgaltery_i_yuristy/business-trainer/","Официальная страница для бизнес-тренеров предлагает выбирать заказы и содержит отзывы исполнителей о платных предложениях клиентам.","2026-10-01","not_separately_checked","not_checked_here","2","true","Сопоставить с существующими сборщиками; проверить разделы, пагинацию, документы и ссылки на новые каналы. Сохранить сырые наблюдения до оценки релевантности.","Проверить действующий маршрут, доступный корпус и инкрементальный сбор; связать с текущим проектом.","Сохранен из исходного классификатора v1; проверить дополнительные разделы, каналы и связанные организации.","baseline_v1"
"MISB-064","FL.ru — лента проектов","https://www.fl.ru/projects/","C04","C04","Биржи HR, спикеров и проектных услуг","Биржи проектных работ","РФ; русскоязычные компании","RU","D","D","Биржа проектов","Лента → карточка → штатный отклик → уточнение конечного покупателя","Компания, образовательный провайдер","Заказчик размещает ТЗ на разработку курса","Электронные курсы, учебные презентации, образовательный контент","SCORM | разработка курса | учебные материалы | обучение сотрудников","Мониторинг новых публичных страниц по ключевым словам; после проверки условий площадки и теста доступности. API/RSS не подтверждены.","Открытые страницы; ответ после регистрации","0 ₽ за просмотр; платные опции не включены в бюджет","search_index","https://www.fl.ru/projects/5516091/razrabotka-kursa-kompyuternaya-gramotnost--iskusstvennyiy-intellekt.html","Найден проект 31.07.2026 на разработку курса компьютерной грамотности и ИИ; отдельные архивные проекты требовали SCORM.","2026-10-01","not_separately_checked","not_checked_here","2","true","Сопоставить с существующими сборщиками; проверить разделы, пагинацию, документы и ссылки на новые каналы. Сохранить сырые наблюдения до оценки релевантности.","Проверить действующий маршрут, доступный корпус и инкрементальный сбор; связать с текущим проектом.","Сохранен из исходного классификатора v1; проверить дополнительные разделы, каналы и связанные организации.","baseline_v1"
"MISB-065","Freelance.ru — задания и проекты","https://freelance.ru/task","C04","C04","Биржи HR, спикеров и проектных услуг","Биржи проектных работ","РФ; русскоязычные компании","RU","D","D","Биржа проектов","Лента → карточка → штатный отклик → уточнение конечного покупателя","Бизнес-заказчик, продюсер образовательного проекта","Проектные задания на обучение, наставничество и материалы","Разработка электронных курсов, методических комплектов, учебных презентаций","обучение сотрудников | обучающий курс | методолог | учебный | SCORM","Мониторинг новых публичных страниц по ключевым словам; после проверки условий площадки и теста доступности. API/RSS не подтверждены.","Открытые страницы; ответ после регистрации","0 ₽ за просмотр; платные опции не включены в бюджет","search_index","https://freelance.ru/task","Действующая биржа имеет категорию «Обучение и наставничество» и поиск по заданиям.","2026-10-01","not_separately_checked","not_checked_here","2","true","Сопоставить с существующими сборщиками; проверить разделы, пагинацию, документы и ссылки на новые каналы. Сохранить сырые наблюдения до оценки релевантности.","Проверить действующий маршрут, доступный корпус и инкрементальный сбор; связать с текущим проектом.","Сохранен из исходного классификатора v1; проверить дополнительные разделы, каналы и связанные организации.","baseline_v1"
"MISB-066","HUBSpeakers — бюро спикеров","https://hubspeakers.ru/","C04","C04","Биржи HR, спикеров и проектных услуг","Партнёры — спикерские бюро","РФ; русскоязычные компании","RU","P","P","Биржа проектов","Лента → карточка → штатный отклик → уточнение конечного покупателя","Продюсер бюро, организатор делового события","Бюро получает корпоративные запросы и нуждается в подходящем эксперте","Корпоративные семинары и выступления по управлению, HR, финансам","корпоративное обучение | деловая программа | бизнес-конференция","Сначала проверить условия регистрации/партнерства и доступ МИСБ. После подключения использовать штатные уведомления или ручной импорт в CRM. Публичная автоматическая лента заказов не подтверждена.","Открытые страницы; ответ после регистрации","Переговоры бесплатно; комиссия/условия сотрудничества индивидуальны","search_index","https://hubspeakers.ru/magazine/spikerov-bolshe-chem-mest-na-stsene-kak-peregrelsya-ryinok-vyistuplenij/","Статья самого бюро 2026 года подтверждает получение запросов от организаторов и смещение спроса к практическому содержанию.","2026-10-01","not_separately_checked","not_checked_here","2","true","Сопоставить с существующим проектом; проверить кабинет/регистрацию и штатные уведомления. Если доступ блокирует работу, зарегистрировать ограничение и запасной маршрут.","Проверить действующий маршрут, доступный корпус и инкрементальный сбор; связать с текущим проектом.","Сохранен из исходного классификатора v1; проверить дополнительные разделы, каналы и связанные организации.","baseline_v1"
"MISB-067","Teachbase — партнёрская программа","https://teachbase.ru/partnerskaya-programma-teachbase/","C04","C04","Биржи HR, спикеров и проектных услуг","Партнёры — платформы обучения","РФ; русскоязычные компании","RU","P","P","Биржа проектов","Лента → карточка → штатный отклик → уточнение конечного покупателя","Партнёрский менеджер LMS; корпоративный L&D","Клиенты LMS нуждаются в методологии и учебном контенте","Разработка электронных курсов и корпоративных программ","разработка контента | библиотека курсов | партнер | корпоративный университет","Сначала проверить условия регистрации/партнерства и доступ МИСБ. После подключения использовать штатные уведомления или ручной импорт в CRM. Публичная автоматическая лента заказов не подтверждена.","Открытые страницы; ответ после регистрации","Заявка на партнёрство без опубликованного взноса; условия индивидуальны","search_index","https://teachbase.ru/partnerskaya-programma-teachbase/","Официальная программа предусматривает совместный маркетинг и работу с клиентами; у платформы есть библиотека курсов и разработка контента.","2026-10-01","not_separately_checked","not_checked_here","2","true","Сопоставить с существующим проектом; проверить кабинет/регистрацию и штатные уведомления. Если доступ блокирует работу, зарегистрировать ограничение и запасной маршрут.","Проверить действующий маршрут, доступный корпус и инкрементальный сбор; связать с текущим проектом.","Сохранен из исходного классификатора v1; проверить дополнительные разделы, каналы и связанные организации.","baseline_v1"
"MISB-068","Злой HR","https://t.me/s/zloihr","C05","C05","Telegram и социальные сообщества","Сообщества HR","РФ; русскоязычные компании","RU","D","D","Сообщество","Пост → ветка комментариев → автор → связанная организация","HR-менеджер компании, HRD","Участники ищут поставщика услуги, рекомендуемого тренера или решение HR-задачи","HR, кадровое право, подбор для HR, обучение руководителей","порекомендуйте тренера | ищу тренеров | обучение сотрудников | запрос на услуги","Публичная веб-лента там, где доступна; иначе разрешённый экспорт участником/пересылка менеджером в приёмный бот. Бот не получает произвольную историю чужих чатов.","Публичный Telegram; для чатов вступление по правилам администратора","0 ₽ за чтение открытого канала","content_read","https://t.me/s/zloihr","В открытой ленте есть регулярная рубрика, разрешающая запросы на услуги и рекомендации компаний. Поиск также нашёл запрос тренеров по B2B-продажам для сельхозсектора.","2026-10-01","not_separately_checked","not_checked_here","2","true","Сопоставить с существующими сборщиками; проверить разделы, пагинацию, документы и ссылки на новые каналы. Сохранить сырые наблюдения до оценки релевантности.","Проверить действующий маршрут, доступный корпус и инкрементальный сбор; связать с текущим проектом.","Сохранен из исходного классификатора v1; проверить дополнительные разделы, каналы и связанные организации.","baseline_v1"
"MISB-069","Digital Learning — основной профессиональный чат","https://t.me/npsonline","C05","C05","Telegram и социальные сообщества","Сообщества L&D и e-learning","РФ; русскоязычные компании","RU","I","I","Сообщество","Пост → ветка комментариев → автор → связанная организация","Руководитель L&D/корпоративного университета","L&D обсуждает внедрение, выбор решения, методологические проблемы","Электронные курсы, система корпоративного обучения","ищем подрядчика | нужен курс | внедряем | разработка | методология","Публичная веб-лента там, где доступна; иначе разрешённый экспорт участником/пересылка менеджером в приёмный бот. Бот не получает произвольную историю чужих чатов.","Публичный Telegram; для чатов вступление по правилам администратора","0 ₽ за чтение открытого канала","search_index","https://t.me/dl_marketplace","Карточка DL-Marketplace подтверждает основной чат @npsonline; обзор iSpring описывает обсуждение методологии и разработки курсов.","2026-10-01","not_separately_checked","not_checked_here","2","true","Сопоставить с существующими сборщиками; проверить разделы, пагинацию, документы и ссылки на новые каналы. Сохранить сырые наблюдения до оценки релевантности.","Проверить действующий маршрут, доступный корпус и инкрементальный сбор; связать с текущим проектом.","Сохранен из исходного классификатора v1; проверить дополнительные разделы, каналы и связанные организации.","baseline_v1"
"MISB-070","EdMarket Club — вакансии, партнёры, эксперты","https://t.me/edmarketclubjob","C05","C05","Telegram и социальные сообщества","Сообщества EdTech","РФ; русскоязычные компании","RU","I","I","Сообщество","Пост → ветка комментариев → автор → связанная организация","EdTech-компания, учебный центр, продюсер","Поиск партнёра/эксперта или команды для образовательного проекта","Разработка курсов и программ для взрослых, методическое производство","эксперт | партнер | методолог | корпоративный | SCORM | ДПО","Публичная веб-лента там, где доступна; иначе разрешённый экспорт участником/пересылка менеджером в приёмный бот. Бот не получает произвольную историю чужих чатов.","Публичный Telegram; для чатов вступление по правилам администратора","0 ₽ за чтение открытого канала","content_read","https://t.me/edmarketclubjob","Проверенное описание группы прямо включает поиск работы, сотрудников, партнёров, экспертов и стажировок в EdTech.","2026-10-01","not_separately_checked","not_checked_here","2","true","Сопоставить с существующими сборщиками; проверить разделы, пагинацию, документы и ссылки на новые каналы. Сохранить сырые наблюдения до оценки релевантности.","Проверить действующий маршрут, доступный корпус и инкрементальный сбор; связать с текущим проектом.","Сохранен из исходного классификатора v1; проверить дополнительные разделы, каналы и связанные организации.","baseline_v1"
"MISB-071","HR[хаб] вакансии","https://t.me/s/hrhubvacancy","C05","C05","Telegram и социальные сообщества","Вакансии как сигнал проектов обучения","РФ; русскоязычные компании","RU","I","I","Сообщество","Пост → ветка комментариев → автор → связанная организация","HRD, руководитель T&D, образовательный проект","Компания ищет L&D-партнёра, методолога, руководителя образовательных проектов","Корпоративные программы, кадровый резерв, электронные курсы","T&D-партнер | корпоративный университет | разработка программ | фасилитация","Публичная веб-лента там, где доступна; иначе разрешённый экспорт участником/пересылка менеджером в приёмный бот. Бот не получает произвольную историю чужих чатов.","Публичный Telegram; для чатов вступление по правилам администратора","0 ₽ за чтение открытого канала","search_index","https://t.me/s/hrhubvacancy?before=3659","В ленте найден поиск партнёра по обучению и менеджера образовательных проектов для Северстали; обязанности включают программы развития и сессии.","2026-10-01","not_separately_checked","not_checked_here","2","true","Сопоставить с существующими сборщиками; проверить разделы, пагинацию, документы и ссылки на новые каналы. Сохранить сырые наблюдения до оценки релевантности.","Проверить действующий маршрут, доступный корпус и инкрементальный сбор; связать с текущим проектом.","Сохранен из исходного классификатора v1; проверить дополнительные разделы, каналы и связанные организации.","baseline_v1"
"MISB-072","Бухонлайн — форум","https://www.buhonline.ru/forum/","C06","C06","Профессиональные форумы и медиа","Профессиональные вопросы и боли","РФ; русскоязычные компании","RU","I","I","Профессиональное медиа","Публикация → компания → функциональный владелец → гипотеза программы","Бухгалтер/главбух компании","Компания переходит на новый учётный порядок и сталкивается с ошибками","Налоги, бухгалтерский учёт, документооборот","УПД | счет-фактура | НДС | переход | обучение","Мониторинг новых публичных страниц по ключевым словам; после проверки условий площадки и теста доступности. API/RSS не подтверждены.","Открытые страницы; ответ после регистрации","0 ₽ за просмотр; платные опции не включены в бюджет","search_index","https://www.buhonline.ru/forum/index?g=posts&t=858160","Найден реальный вопрос ООО о документах при переходе на НДС в 2026 году.","2026-10-01","not_separately_checked","not_checked_here","2","true","Сопоставить с существующими сборщиками; проверить разделы, пагинацию, документы и ссылки на новые каналы. Сохранить сырые наблюдения до оценки релевантности.","Проверить действующий маршрут, доступный корпус и инкрементальный сбор; связать с текущим проектом.","Сохранен из исходного классификатора v1; проверить дополнительные разделы, каналы и связанные организации.","baseline_v1"
"MISB-073","Интеграл — форум экологов","https://forum.integral.ru/","C06","C06","Профессиональные форумы и медиа","Нишевые профессиональные сообщества","РФ; русскоязычные компании","RU","I","I","Профессиональное медиа","Публикация → компания → функциональный владелец → гипотеза программы","Эколог предприятия, начальник экологической службы","Промышленный эколог ищет решение по природоохранной документации","Экология предприятия, ПЭК, НВОС, КЭР, отходы и недропользование","КЭР | ПЭК | НВОС | отчетность | недра | обучение","Мониторинг новых публичных страниц по ключевым словам; после проверки условий площадки и теста доступности. API/RSS не подтверждены.","Открытые страницы; ответ после регистрации","0 ₽ за просмотр; платные опции не включены в бюджет","search_index","https://integral.ru/club","Официальный сайт подтверждает форум и его разделы нормативно-методических вопросов охраны окружающей среды.","2026-10-01","not_separately_checked","not_checked_here","2","true","Сопоставить с существующими сборщиками; проверить разделы, пагинацию, документы и ссылки на новые каналы. Сохранить сырые наблюдения до оценки релевантности.","Проверить действующий маршрут, доступный корпус и инкрементальный сбор; связать с текущим проектом.","Сохранен из исходного классификатора v1; проверить дополнительные разделы, каналы и связанные организации.","baseline_v1"
"MISB-074","Кадровик-практик — профессиональный форум","https://www.kadrovik-praktik.ru/communication/forum/","C06","C06","Профессиональные форумы и медиа","Профессиональные вопросы и боли","РФ; русскоязычные компании","RU","I","I","Профессиональное медиа","Публикация → компания → функциональный владелец → гипотеза программы","Руководитель кадровой службы, кадровик","Практическая сложность кадрового учёта и трудовых процедур","Кадровое делопроизводство, трудовое право, HR","воинский учет | трудовой договор | суммированный учет | обучение | проверка ГИТ","Мониторинг новых публичных страниц по ключевым словам; после проверки условий площадки и теста доступности. API/RSS не подтверждены.","Открытые страницы; ответ после регистрации","0 ₽ за просмотр; платные опции не включены в бюджет","search_index","https://www.kadrovik-praktik.ru/communication/forum/","Официальный форум объединяет кадровиков; есть разделы кадрового делопроизводства, 1С и поиск работы.","2026-10-01","not_separately_checked","not_checked_here","2","true","Сопоставить с существующими сборщиками; проверить разделы, пагинацию, документы и ссылки на новые каналы. Сохранить сырые наблюдения до оценки релевантности.","Проверить действующий маршрут, доступный корпус и инкрементальный сбор; связать с текущим проектом.","Сохранен из исходного классификатора v1; проверить дополнительные разделы, каналы и связанные организации.","baseline_v1"
"MISB-075","Клерк.Сообщество","https://club.klerk.ru/latest","C06","C06","Профессиональные форумы и медиа","Профессиональные вопросы и боли","РФ; русскоязычные компании","RU","I","I","Профессиональное медиа","Публикация → компания → функциональный владелец → гипотеза программы","Главбух, финансовая служба","Бухгалтер/финансист обсуждает незнакомую процедуру или новый режим учёта","Налоги, бухгалтерский учёт, ЭДО, кадровое право","НДС | ЭТрН | ФСБУ | не понимаем | обучение бухгалтеров","Мониторинг новых публичных страниц по ключевым словам; после проверки условий площадки и теста доступности. API/RSS не подтверждены.","Открытые страницы; ответ после регистрации","0 ₽ за просмотр; платные опции не включены в бюджет","search_index","https://club.klerk.ru/latest","Проверена активная лента сентября 2026, включая вопросы по электронным перевозочным документам, НДС и учёту.","2026-10-01","not_separately_checked","not_checked_here","2","true","Сопоставить с существующими сборщиками; проверить разделы, пагинацию, документы и ссылки на новые каналы. Сохранить сырые наблюдения до оценки релевантности.","Проверить действующий маршрут, доступный корпус и инкрементальный сбор; связать с текущим проектом.","Сохранен из исходного классификатора v1; проверить дополнительные разделы, каналы и связанные организации.","baseline_v1"
"MISB-076","Audit-it — форум","https://www.audit-it.ru/forum/","C06","C06","Профессиональные форумы и медиа","Профессиональные вопросы и боли","РФ; русскоязычные компании","RU","I","I","Профессиональное медиа","Публикация → компания → функциональный владелец → гипотеза программы","Главбух, аудитор, финансовый директор","Практические сложности налогообложения, аудита и отчётности","Налоги, финансовый учёт, внутренний контроль","НДС | аудит | отчетность | ФСБУ | внутренний контроль","Мониторинг новых публичных страниц по ключевым словам; после проверки условий площадки и теста доступности. API/RSS не подтверждены.","Открытые страницы; ответ после регистрации","0 ₽ за просмотр; платные опции не включены в бюджет","search_index","https://www.audit-it.ru/forum/","Подтверждены тематические разделы и обсуждения 2026 года по НДС, отчётности и ответственности аудитора.","2026-10-01","not_separately_checked","not_checked_here","2","true","Сопоставить с существующими сборщиками; проверить разделы, пагинацию, документы и ссылки на новые каналы. Сохранить сырые наблюдения до оценки релевантности.","Проверить действующий маршрут, доступный корпус и инкрементальный сбор; связать с текущим проектом.","Сохранен из исходного классификатора v1; проверить дополнительные разделы, каналы и связанные организации.","baseline_v1"
"MISB-077","Executive.ru — сообщество менеджеров","https://www.e-xecutive.ru/community","C06","C06","Профессиональные форумы и медиа","Профессиональные вопросы и боли","РФ; русскоязычные компании","RU","I","I","Профессиональное медиа","Публикация → компания → функциональный владелец → гипотеза программы","Руководитель компании/функции, L&D","Руководители и L&D обсуждают свои управленческие проблемы","Управление, стратсессии, HR, финансы, корпоративное обучение","нужен тренинг | как обучить | управленческая команда | корпоративное обучение","Мониторинг новых публичных страниц по ключевым словам; после проверки условий площадки и теста доступности. API/RSS не подтверждены.","Открытые страницы; ответ после регистрации","0 ₽ за просмотр; платные опции не включены в бюджет","search_index","https://www.e-xecutive.ru/education/korporativnoe-obuchenie","Специальная рубрика адресована L&D и тренерам, проводящим программы по заказу компаний; есть комментарии и профили участников.","2026-10-01","not_separately_checked","not_checked_here","2","true","Сопоставить с существующими сборщиками; проверить разделы, пагинацию, документы и ссылки на новые каналы. Сохранить сырые наблюдения до оценки релевантности.","Проверить действующий маршрут, доступный корпус и инкрементальный сбор; связать с текущим проектом.","Сохранен из исходного классификатора v1; проверить дополнительные разделы, каналы и связанные организации.","baseline_v1"
"MISB-078","Ассоциация менеджеров — комитеты","https://amr.ru/committees/","C07","C07","Функциональные ассоциации","Профессиональные управленческие сообщества","РФ","RU","P","P","Функциональная ассоциация","Комитет → план мероприятий → организатор → предложение учебного модуля","Дирекция комитета → руководители функций компаний-участников","Заседание функционального комитета и публично сформулированная проблема компании.","HR, финансовое управление, право, корпоративное управление","комитет | человеческие ресурсы | развитие | компетенции | трансформация","Мониторинг открытых HTML-анонсов/новостей 1–2 раза в неделю; извлечение компании, подразделения, темы, даты и ссылки; API/RSS не подтверждены.","Открытые страницы; участие в мероприятиях, членство и закрытые материалы отдельно.","Плата за чтение публичной страницы не заявлена. Членство, билеты, контакты и условия автоматического сбора проверяются отдельно; в план не включены.","search_index","https://amr.ru/committees/","Комитет по человеческим ресурсам описывает профессиональное развитие менеджеров и обмен корпоративными практиками.","2026-10-01","not_separately_checked","not_checked_here","2","true","Сопоставить с существующими сборщиками; проверить разделы, пагинацию, документы и ссылки на новые каналы. Сохранить сырые наблюдения до оценки релевантности.","Проверить действующий маршрут, доступный корпус и инкрементальный сбор; связать с текущим проектом.","Сохранен из исходного классификатора v1; проверить дополнительные разделы, каналы и связанные организации.","baseline_v1"
"MISB-079","Ассоциация РОСЭУ — календарь ЭДО","https://xn--n1adei3c.xn--p1ai/information/calendar.php","C07","C07","Функциональные ассоциации","Электронный документооборот","РФ","RU","P","P","Функциональная ассоциация","Комитет → план мероприятий → организатор → предложение учебного модуля","Дирекция ассоциации/интегратор → заказчик внедрения и HR/юридическая функция","Новая тема календаря или проект внедрения КЭДО у компании/интегратора.","КЭДО, юридическая значимость электронных документов, электронная подпись","КЭДО | электронная подпись | внедрение | электронный документооборот","Мониторинг открытых HTML-анонсов/новостей 1–2 раза в неделю; извлечение компании, подразделения, темы, даты и ссылки; API/RSS не подтверждены.","Открытые страницы; участие в мероприятиях, членство и закрытые материалы отдельно.","Плата за чтение публичной страницы не заявлена. Членство, билеты, контакты и условия автоматического сбора проверяются отдельно; в план не включены.","search_index","https://xn--n1adei3c.xn--p1ai/information/calendar.php","Календарь отраслевых мероприятий принимает предложения по включению мероприятий через форму.","2026-10-01","not_separately_checked","not_checked_here","2","true","Сопоставить с существующими сборщиками; проверить разделы, пагинацию, документы и ссылки на новые каналы. Сохранить сырые наблюдения до оценки релевантности.","Проверить действующий маршрут, доступный корпус и инкрементальный сбор; связать с текущим проектом.","Сохранен из исходного классификатора v1; проверить дополнительные разделы, каналы и связанные организации.","baseline_v1"
"MISB-080","Ассоциация специалистов по развитию человеческого потенциала","https://ashrm.ru/","C07","C07","Функциональные ассоциации","Профессиональные HR-сообщества","РФ","RU","P","P","Функциональная ассоциация","Комитет → план мероприятий → организатор → предложение учебного модуля","Организатор/дирекция ассоциации → HR-директора предприятий, названных в отчетах","Повестка цифрового обучения, HR-стратегии и визитов на предприятия показывает круг HR-задач и компаний.","HR-управление; корпоративные семинары для руководителей; цифровое обучение","корпоративное обучение | HR-стратегия | внедрение | развитие руководителей","Мониторинг открытых HTML-анонсов/новостей 1–2 раза в неделю; извлечение компании, подразделения, темы, даты и ссылки; API/RSS не подтверждены.","Открытые страницы; участие в мероприятиях, членство и закрытые материалы отдельно.","Плата за чтение публичной страницы не заявлена. Членство, билеты, контакты и условия автоматического сбора проверяются отдельно; в план не включены.","search_index","https://ashrm.ru/","На сайте есть форумы по HR-стратегии и цифровизации корпоративного обучения, новости визитов на производство.","2026-10-01","not_separately_checked","not_checked_here","2","true","Сопоставить с существующими сборщиками; проверить разделы, пагинацию, документы и ссылки на новые каналы. Сохранить сырые наблюдения до оценки релевантности.","Проверить действующий маршрут, доступный корпус и инкрементальный сбор; связать с текущим проектом.","Сохранен из исходного классификатора v1; проверить дополнительные разделы, каналы и связанные организации.","baseline_v1"
"MISB-081","Институт внутренних аудиторов","https://www.iia-ru.ru/announce/","C07","C07","Функциональные ассоциации","Аудит, контроль и риск-менеджмент","РФ","RU","I","I","Функциональная ассоциация","Комитет → план мероприятий → организатор → предложение учебного модуля","Руководитель внутреннего аудита названной компании → HR/обучение","Создание клуба/новой практики и кейс компании по рискам или контролю.","Внутренний аудит, внутренний контроль, риск-менеджмент","ИТ-аудит | управление рисками | внутренний контроль | трансформация","Мониторинг открытых HTML-анонсов/новостей 1–2 раза в неделю; извлечение компании, подразделения, темы, даты и ссылки; API/RSS не подтверждены.","Открытые страницы; участие в мероприятиях, членство и закрытые материалы отдельно.","Плата за чтение публичной страницы не заявлена. Членство, билеты, контакты и условия автоматического сбора проверяются отдельно; в план не включены.","search_index","https://www.iia-ru.ru/announce/","Официальный сайт публикует анонсы, кейсы компаний и информацию о формировании Клуба ИТ-аудиторов.","2026-10-01","not_separately_checked","not_checked_here","2","true","Сопоставить с существующими сборщиками; проверить разделы, пагинацию, документы и ссылки на новые каналы. Сохранить сырые наблюдения до оценки релевантности.","Проверить действующий маршрут, доступный корпус и инкрементальный сбор; связать с текущим проектом.","Сохранен из исходного классификатора v1; проверить дополнительные разделы, каналы и связанные организации.","baseline_v1"
"MISB-082","Институт профессиональных бухгалтеров России","https://www.ipbr.org/","C07","C07","Функциональные ассоциации","Бухгалтерские профессиональные сообщества","РФ","RU","P","P","Функциональная ассоциация","Комитет → план мероприятий → организатор → предложение учебного модуля","Региональный институт/учебный партнер → главный бухгалтер корпоративного участника","Новые методические вопросы и региональные мероприятия помогают сформировать гипотезы о темах на обновление знаний.","Бухгалтерский учет, налоги, финансы, внутренний контроль","новый стандарт | налоговый консультант | главный бухгалтер | корпоративный бизнес-анализ","Мониторинг открытых HTML-анонсов/новостей 1–2 раза в неделю; извлечение компании, подразделения, темы, даты и ссылки; API/RSS не подтверждены.","Открытые страницы; участие в мероприятиях, членство и закрытые материалы отдельно.","Плата за чтение публичной страницы не заявлена. Членство, билеты, контакты и условия автоматического сбора проверяются отдельно; в план не включены.","search_index","https://www.ipbr.org/","На официальном сайте опубликованы профессиональные конкурсы, методические материалы и конференции.","2026-10-01","not_separately_checked","not_checked_here","2","true","Сопоставить с существующими сборщиками; проверить разделы, пагинацию, документы и ссылки на новые каналы. Сохранить сырые наблюдения до оценки релевантности.","Проверить действующий маршрут, доступный корпус и инкрементальный сбор; связать с текущим проектом.","Сохранен из исходного классификатора v1; проверить дополнительные разделы, каналы и связанные организации.","baseline_v1"
"MISB-083","Национальное объединение внутренних аудиторов и контролеров — НОВАК","https://nuiac.ru/","C07","C07","Функциональные ассоциации","Аудит, контроль и риск-менеджмент","РФ","RU","P","P","Функциональная ассоциация","Комитет → план мероприятий → организатор → предложение учебного модуля","Организатор/профильный комитет → корпоративные руководители контроля","Публичные программы и выступления по внутреннему контролю, налоговому мониторингу и ГОЗ.","Внутренний контроль, аудит, раздельный учет, риски","налоговый мониторинг | ГОЗ | внутренний контроль | риск-менеджмент","Мониторинг открытых HTML-анонсов/новостей 1–2 раза в неделю; извлечение компании, подразделения, темы, даты и ссылки; API/RSS не подтверждены.","Открытые страницы; участие в мероприятиях, членство и закрытые материалы отдельно.","Плата за чтение публичной страницы не заявлена. Членство, билеты, контакты и условия автоматического сбора проверяются отдельно; в план не включены.","search_index","https://nuiac.ru/ex_details","Официальная страница описывает объединение аудиторов, контролеров и риск-менеджеров и сотрудничество с корпорациями.","2026-10-01","not_separately_checked","not_checked_here","2","true","Сопоставить с существующими сборщиками; проверить разделы, пагинацию, документы и ссылки на новые каналы. Сохранить сырые наблюдения до оценки релевантности.","Проверить действующий маршрут, доступный корпус и инкрементальный сбор; связать с текущим проектом.","Сохранен из исходного классификатора v1; проверить дополнительные разделы, каналы и связанные организации.","baseline_v1"
"MISB-084","Национальное объединение корпоративных секретарей — НОКС","https://nokc.org.ru/sobytiya/","C07","C07","Функциональные ассоциации","Корпоративное управление и советы директоров","РФ","RU","I","I","Функциональная ассоциация","Комитет → план мероприятий → организатор → предложение учебного модуля","Корпоративный секретарь компании → руководитель юридического блока/HR","Изменения практик совета директоров, автоматизация аппарата СД, вакансии корпоративных секретарей.","Корпоративное управление, работа СД, корпоративные процедуры","совет директоров | корпоративный секретарь | ИИ | реорганизация | корпоративное управление","Мониторинг открытых HTML-анонсов/новостей 1–2 раза в неделю; извлечение компании, подразделения, темы, даты и ссылки; API/RSS не подтверждены.","Открытые страницы; участие в мероприятиях, членство и закрытые материалы отдельно.","Плата за чтение публичной страницы не заявлена. Членство, билеты, контакты и условия автоматического сбора проверяются отдельно; в план не включены.","search_index","https://nokc.org.ru/sobytiya/","События НОКС включают ответственность СД, стандарты корпоративного управления и рабочие группы ESG.","2026-10-01","not_separately_checked","not_checked_here","2","true","Сопоставить с существующими сборщиками; проверить разделы, пагинацию, документы и ссылки на новые каналы. Сохранить сырые наблюдения до оценки релевантности.","Проверить действующий маршрут, доступный корпус и инкрементальный сбор; связать с текущим проектом.","Сохранен из исходного классификатора v1; проверить дополнительные разделы, каналы и связанные организации.","baseline_v1"
"MISB-085","Экологический союз — корпоративные кейсы сертификации","https://ecounion.ru/press-tsentr/","C07","C07","Функциональные ассоциации","Экология и устойчивое развитие","РФ","RU","I","I","Функциональная ассоциация","Комитет → план мероприятий → организатор → предложение учебного модуля","Руководитель устойчивого развития/экологии компании из новости","Новая сертификация компании, внедрение Zero Waste или ответственных закупок.","Экологический менеджмент, экологические требования к закупкам, ESG","сертификация | Zero Waste | ответственные закупки | экологический менеджмент","Мониторинг открытых HTML-анонсов/новостей 1–2 раза в неделю; извлечение компании, подразделения, темы, даты и ссылки; API/RSS не подтверждены.","Открытые страницы; участие в мероприятиях, членство и закрытые материалы отдельно.","Плата за чтение публичной страницы не заявлена. Членство, билеты, контакты и условия автоматического сбора проверяются отдельно; в план не включены.","search_index","https://ecounion.ru/press-tsentr/","В новостях названы компании, прошедшие экологическую проверку, и деловые мероприятия по ответственным закупкам.","2026-10-01","not_separately_checked","not_checked_here","2","true","Сопоставить с существующими сборщиками; проверить разделы, пагинацию, документы и ссылки на новые каналы. Сохранить сырые наблюдения до оценки релевантности.","Проверить действующий маршрут, доступный корпус и инкрементальный сбор; связать с текущим проектом.","Сохранен из исходного классификатора v1; проверить дополнительные разделы, каналы и связанные организации.","baseline_v1"
"MISB-086","АСКАО — строительный комплекс атомной отрасли","https://xn--80aa3arm.xn--p1ai/","C08","C08","Отраслевые союзы и СРО","Узкие отраслевые объединения","РФ","RU","P","P","Отраслевой союз и СРО","Союз → комитет/члены → тема → организатор сборного обучения","Финансовый/HR-комитет ассоциации → компании-подрядчики","Финансовый или кадровый форум подрядчиков атомного строительства.","Финансы строительства, закупки, договоры, управленческие навыки","финансовый комитет | кадровый компас | технический заказчик | договоры","Мониторинг открытых HTML-анонсов/новостей 1–2 раза в неделю; извлечение компании, подразделения, темы, даты и ссылки; API/RSS не подтверждены.","Открытые страницы; участие в мероприятиях, членство и закрытые материалы отдельно.","Плата за чтение публичной страницы не заявлена. Членство, билеты, контакты и условия автоматического сбора проверяются отдельно; в план не включены.","search_index","https://xn--80aa3arm.xn--p1ai/","Официальная страница публикует новости отраслевых мероприятий и представляет объединение строительных организаций.","2026-10-01","not_separately_checked","not_checked_here","2","true","Сопоставить с существующим проектом; проверить кабинет/регистрацию и штатные уведомления. Если доступ блокирует работу, зарегистрировать ограничение и запасной маршрут.","Проверить действующий маршрут, доступный корпус и инкрементальный сбор; связать с текущим проектом.","Сохранен из исходного классификатора v1; проверить дополнительные разделы, каналы и связанные организации.","baseline_v1"
"MISB-087","Евразийский союз экспертов по недропользованию — ЕСОЭН","https://eues.ru/","C08","C08","Отраслевые союзы и СРО","Недропользование и геология","РФ","RU","P","P","Отраслевой союз и СРО","Союз → комитет/члены → тема → организатор сборного обучения","Дирекция/организатор → руководитель недропользования компании","Изменения требований к экспертизе и открытые обсуждения профессиональных дефицитов.","Право недропользования, управление проектами недропользования, отчетность","недропользование | экспертиза | законодательство | квалификация | конференция","Мониторинг открытых HTML-анонсов/новостей 1–2 раза в неделю; извлечение компании, подразделения, темы, даты и ссылки; API/RSS не подтверждены.","Открытые страницы; участие в мероприятиях, членство и закрытые материалы отдельно.","Плата за чтение публичной страницы не заявлена. Членство, билеты, контакты и условия автоматического сбора проверяются отдельно; в план не включены.","search_index","https://eues.ru/","На сайте есть образовательные программы, профильные конференции и контакты взаимодействия с экспертами.","2026-10-01","not_separately_checked","not_checked_here","2","true","Сопоставить с существующими сборщиками; проверить разделы, пагинацию, документы и ссылки на новые каналы. Сохранить сырые наблюдения до оценки релевантности.","Проверить действующий маршрут, доступный корпус и инкрементальный сбор; связать с текущим проектом.","Сохранен из исходного классификатора v1; проверить дополнительные разделы, каналы и связанные организации.","baseline_v1"
"MISB-088","Национальная ассоциация по экспертизе недр — НАЭН","https://naen.ru/","C08","C08","Отраслевые союзы и СРО","Недропользование и геология","РФ","RU","R","R","Отраслевой союз и СРО","Союз → комитет/члены → тема → организатор сборного обучения","Организация из материалов/членов → руководитель геологической службы/HR","Состав организаций, профессиональные публикации и темы недропользования.","Право недр, экологические требования, управленческие семинары","недропользование | регулирование | отчетность | конференция | экспертиза","Обновлять справочные записи раз в месяц. Мониторинг открытых HTML-анонсов/новостей после обнаружения изменений; извлечение компании, подразделения, темы, даты и ссылки; API/RSS не подтверждены.","Открытые страницы; участие в мероприятиях, членство и закрытые материалы отдельно.","Плата за чтение публичной страницы не заявлена. Членство, билеты, контакты и условия автоматического сбора проверяются отдельно; в план не включены.","search_index","https://naen.ru/","Официальный сайт объединяет организации отрасли и публикует новости, включая журнал Недропользование XXI век.","2026-10-01","not_separately_checked","not_checked_here","2","true","Сопоставить с существующими сборщиками; проверить разделы, пагинацию, документы и ссылки на новые каналы. Сохранить сырые наблюдения до оценки релевантности.","Проверить действующий маршрут, доступный корпус и инкрементальный сбор; связать с текущим проектом.","Сохранен из исходного классификатора v1; проверить дополнительные разделы, каналы и связанные организации.","baseline_v1"
"MISB-089","НОПРИЗ — мероприятия и новости","https://www.nopriz.ru/events/","C08","C08","Отраслевые союзы и СРО","Строительные объединения и СРО","РФ","RU","P","P","Отраслевой союз и СРО","Союз → комитет/члены → тема → организатор сборного обучения","Комитет/региональная СРО → директор проектной организации, ГИП","Дискуссия о ценообразовании, экспертизе или переходе проектировщиков на новую практику.","Управление проектированием и капстроем, договоры, стоимость строительства","стоимость строительства | экспертиза | управление проектом | нормативные изменения","Мониторинг открытых HTML-анонсов/новостей 1–2 раза в неделю; извлечение компании, подразделения, темы, даты и ссылки; API/RSS не подтверждены.","Открытые страницы; участие в мероприятиях, членство и закрытые материалы отдельно.","Плата за чтение публичной страницы не заявлена. Членство, билеты, контакты и условия автоматического сбора проверяются отдельно; в план не включены.","search_index","https://www.nopriz.ru/events/?COMP_ID=t_events&CUR_TAB=0&bxajaxid=&mode=nj&month=3&year=2026","В официальном календаре опубликованы программы по стоимости строительства и заседания профильных комитетов.","2026-10-01","not_separately_checked","not_checked_here","2","true","Сопоставить с существующими сборщиками; проверить разделы, пагинацию, документы и ссылки на новые каналы. Сохранить сырые наблюдения до оценки релевантности.","Проверить действующий маршрут, доступный корпус и инкрементальный сбор; связать с текущим проектом.","Сохранен из исходного классификатора v1; проверить дополнительные разделы, каналы и связанные организации.","baseline_v1"
"MISB-090","НОСТРОЙ — новости отрасли и СРО","https://nostroy.ru/company/news/","C08","C08","Отраслевые союзы и СРО","Строительные объединения и СРО","РФ","RU","P","P","Отраслевой союз и СРО","Союз → комитет/члены → тема → организатор сборного обучения","Руководитель региональной СРО → руководители строительных компаний","Региональная СРО обсуждает кадровые или регуляторные изменения с компаниями.","Управление строительством, договоры, сметы/стоимость, финансовый контроль","строительный контроль | ценообразование | кадровая политика | стратегическая сессия","Мониторинг открытых HTML-анонсов/новостей 1–2 раза в неделю; извлечение компании, подразделения, темы, даты и ссылки; API/RSS не подтверждены.","Открытые страницы; участие в мероприятиях, членство и закрытые материалы отдельно.","Плата за чтение публичной страницы не заявлена. Членство, билеты, контакты и условия автоматического сбора проверяются отдельно; в план не включены.","search_index","https://nostroy.ru/company/news/","Новости содержат кадровые и регуляторные вопросы строительных организаций и работу с региональными объединениями.","2026-10-01","not_separately_checked","not_checked_here","2","true","Сопоставить с существующими сборщиками; проверить разделы, пагинацию, документы и ссылки на новые каналы. Сохранить сырые наблюдения до оценки релевантности.","Проверить действующий маршрут, доступный корпус и инкрементальный сбор; связать с текущим проектом.","Сохранен из исходного классификатора v1; проверить дополнительные разделы, каналы и связанные организации.","baseline_v1"
"MISB-091","Российская ассоциация водоснабжения и водоотведения — РАВВ","https://raww.ru/","C08","C08","Отраслевые союзы и СРО","Узкие отраслевые объединения","РФ","RU","I","I","Отраслевой союз и СРО","Союз → комитет/члены → тема → организатор сборного обучения","Руководитель/юрист/эколог водоканала из новости → HR/обучение","Водоканалы обсуждают экологические платежи, инвестиционные программы, тарифы и договоры.","Экология, водопользование, финансы ЖКХ, договоры и закупки","водопользование | сбросы | тарифы | инвестиционная программа | договоры","Мониторинг открытых HTML-анонсов/новостей 1–2 раза в неделю; извлечение компании, подразделения, темы, даты и ссылки; API/RSS не подтверждены.","Открытые страницы; участие в мероприятиях, членство и закрытые материалы отдельно.","Плата за чтение публичной страницы не заявлена. Членство, билеты, контакты и условия автоматического сбора проверяются отдельно; в план не включены.","content_read","https://raww.ru/","Официальный сайт содержит отраслевую позицию по ущербу водным объектам и новости ассоциации.","2026-10-01","not_separately_checked","not_checked_here","2","true","Сопоставить с существующими сборщиками; проверить разделы, пагинацию, документы и ссылки на новые каналы. Сохранить сырые наблюдения до оценки релевантности.","Проверить действующий маршрут, доступный корпус и инкрементальный сбор; связать с текущим проектом.","Сохранен из исходного классификатора v1; проверить дополнительные разделы, каналы и связанные организации.","baseline_v1"
"MISB-092","KAZENERGY — развитие человеческого капитала","https://www.kazenergy.com/operation/human-capital/","C08","C08","Отраслевые союзы и СРО","Зарубежные отраслевые объединения","Казахстан","KZ","P","P","Отраслевой союз и СРО","Союз → комитет/члены → тема → организатор сборного обучения","Дирекция человеческого капитала → HR нефтегазовых компаний членов","Повестка человеческого капитала нефтегазовых и энергетических компаний Казахстана.","Управление персоналом, развитие руководителей, корпоративное управление","человеческий капитал | квалификации | корпоративное обучение | руководители","Мониторинг открытых HTML-анонсов/новостей 1–2 раза в неделю; извлечение компании, подразделения, темы, даты и ссылки; API/RSS не подтверждены.","Открытые страницы; участие в мероприятиях, членство и закрытые материалы отдельно.","Плата за чтение публичной страницы не заявлена. Членство, билеты, контакты и условия автоматического сбора проверяются отдельно; в план не включены.","content_read","https://www.kazenergy.com/operation/human-capital/","Официальная страница описывает кадровый потенциал, квалификации, трудовые отношения и анализ потребностей.","2026-10-01","not_separately_checked","not_checked_here","2","true","Сопоставить с существующими сборщиками; проверить разделы, пагинацию, документы и ссылки на новые каналы. Сохранить сырые наблюдения до оценки релевантности.","Проверить действующий маршрут, доступный корпус и инкрементальный сбор; связать с текущим проектом.","Сохранен из исходного классификатора v1; проверить дополнительные разделы, каналы и связанные организации.","baseline_v1"
"MISB-093","Белорусская торгово-промышленная палата — образовательные мероприятия","https://edu.cci.by/","C09","C09","Палаты, МСП, экспорт, производительность","Зарубежные палаты и бизнес-объединения","Беларусь","BY","P","P","Региональный оператор","Оператор → план программы → закупки/отбор тренеров → участники","Организатор БелТПП → руководители экспорта компаний участников","Семинар для экспортных подразделений и заявленные профессиональные дефициты.","ВЭД, переговоры, право ЕАЭС, управление и коммуникации","компетенции | экспорт | интеллектуальная собственность | семинар","Мониторинг открытых HTML-анонсов/новостей 1–2 раза в неделю; извлечение компании, подразделения, темы, даты и ссылки; API/RSS не подтверждены.","Открытые страницы; участие в мероприятиях, членство и закрытые материалы отдельно.","Плата за чтение публичной страницы не заявлена. Членство, билеты, контакты и условия автоматического сбора проверяются отдельно; в план не включены.","search_index","https://edu.cci.by/","Открытая страница программы посвящена компетенциям специалистов и содержит спикеров/условия участия.","2026-10-01","not_separately_checked","not_checked_here","2","true","Сопоставить с существующими сборщиками; проверить разделы, пагинацию, документы и ссылки на новые каналы. Сохранить сырые наблюдения до оценки релевантности.","Проверить действующий маршрут, доступный корпус и инкрементальный сбор; связать с текущим проектом.","Сохранен из исходного классификатора v1; проверить дополнительные разделы, каналы и связанные организации.","baseline_v1"
"MISB-094","Бизнес-ассоциация JIA","https://jia.kg/","C09","C09","Палаты, МСП, экспорт, производительность","Зарубежные палаты и бизнес-объединения","Кыргызстан","KG","P","P","Региональный оператор","Оператор → план программы → закупки/отбор тренеров → участники","Менеджер по работе с резидентами → компания участник/сборная группа","Совместные программы развития и мероприятия для предпринимателей-резидентов.","Управление, финансы, продажи B2B, HR, переговоры","обучение | развитие | бизнес-тур | управление | резиденты","Мониторинг открытых HTML-анонсов/новостей 1–2 раза в неделю; извлечение компании, подразделения, темы, даты и ссылки; API/RSS не подтверждены.","Открытые страницы; участие в мероприятиях, членство и закрытые материалы отдельно.","Плата за чтение публичной страницы не заявлена. Членство, билеты, контакты и условия автоматического сбора проверяются отдельно; в план не включены.","search_index","https://jia.kg/about/","Официальные страницы описывают объединение предпринимателей, бизнес-услуги и обмен опытом.","2026-10-01","not_separately_checked","not_checked_here","2","true","Сопоставить с существующими сборщиками; проверить разделы, пагинацию, документы и ссылки на новые каналы. Сохранить сырые наблюдения до оценки релевантности.","Проверить действующий маршрут, доступный корпус и инкрементальный сбор; связать с текущим проектом.","Сохранен из исходного классификатора v1; проверить дополнительные разделы, каналы и связанные организации.","baseline_v1"
"MISB-095","Деловая Россия — новости комитетов","https://www.deloros.ru/press-centr/novosti/novosti-komitetov/","C09","C09","Палаты, МСП, экспорт, производительность","ТПП и бизнес-объединения","РФ","RU","I","I","Региональный оператор","Оператор → план программы → закупки/отбор тренеров → участники","Председатель отраслевого комитета → директор компании, озвучивший задачу","Встреча по изменениям правил и названные предприятия, обсуждающие конкретные трудности.","Право, инвестиционные проекты, управленческие семинары, ИИ","инвестпроект | преференциальная территория | обучение | практическое применение ИИ","Мониторинг открытых HTML-анонсов/новостей 1–2 раза в неделю; извлечение компании, подразделения, темы, даты и ссылки; API/RSS не подтверждены.","Открытые страницы; участие в мероприятиях, членство и закрытые материалы отдельно.","Плата за чтение публичной страницы не заявлена. Членство, билеты, контакты и условия автоматического сбора проверяются отдельно; в план не включены.","search_index","https://www.deloros.ru/press-centr/novosti/novosti-komitetov/","Лента комитетов содержит инвестпроекты, цифровые права, промкооперацию и встречи по практическому ИИ.","2026-10-01","not_separately_checked","not_checked_here","2","true","Сопоставить с существующими сборщиками; проверить разделы, пагинацию, документы и ссылки на новые каналы. Сохранить сырые наблюдения до оценки релевантности.","Проверить действующий маршрут, доступный корпус и инкрементальный сбор; связать с текущим проектом.","Сохранен из исходного классификатора v1; проверить дополнительные разделы, каналы и связанные организации.","baseline_v1"
"MISB-096","Мой бизнес Смоленской области — семинары","https://cpp67.ru/seminary/","C09","C09","Палаты, МСП, экспорт, производительность","Центры поддержки МСП","РФ","RU","P","P","Региональный оператор","Оператор → план программы → закупки/отбор тренеров → участники","Координатор образовательных программ центра → предприятия целевой аудитории","План образовательных мероприятий позволяет предложить модуль, эксперта или совместную программу.","Управление, финансы, учет, налоги, право, HR","семинар | управленческий | налоги | финансы | руководители","Мониторинг открытых HTML-анонсов/новостей 1–2 раза в неделю; извлечение компании, подразделения, темы, даты и ссылки; API/RSS не подтверждены.","Открытые страницы; участие в мероприятиях, членство и закрытые материалы отдельно.","Плата за чтение публичной страницы не заявлена. Членство, билеты, контакты и условия автоматического сбора проверяются отдельно; в план не включены.","search_index","https://cpp67.ru/seminary/","На странице опубликован календарь семинаров центра Мой бизнес.","2026-10-01","not_separately_checked","not_checked_here","2","true","Сопоставить с существующими сборщиками; проверить разделы, пагинацию, документы и ссылки на новые каналы. Сохранить сырые наблюдения до оценки релевантности.","Проверить действующий маршрут, доступный корпус и инкрементальный сбор; связать с текущим проектом.","Сохранен из исходного классификатора v1; проверить дополнительные разделы, каналы и связанные организации.","baseline_v1"
"MISB-097","Московская торгово-промышленная палата — календарь","https://mostpp.ru/events/","C09","C09","Палаты, МСП, экспорт, производительность","ТПП и бизнес-объединения","РФ","RU","P","P","Региональный оператор","Оператор → план программы → закупки/отбор тренеров → участники","Ответственный за мероприятие → комитет/гильдия → компании аудитории","Профильный комитет проводит цикл семинаров по текущей боли компаний.","ГОЗ/раздельный учет, правовая безопасность, HR, ВЭД","ГОЗ | раздельный учет | кадры | экспортный контроль | риски","Мониторинг открытых HTML-анонсов/новостей 1–2 раза в неделю; извлечение компании, подразделения, темы, даты и ссылки; API/RSS не подтверждены.","Открытые страницы; участие в мероприятиях, членство и закрытые материалы отдельно.","Плата за чтение публичной страницы не заявлена. Членство, билеты, контакты и условия автоматического сбора проверяются отдельно; в план не включены.","search_index","https://mostpp.ru/events/","Календарь содержит темы финансов/учета ГОЗ, экспортного контроля и подбора персонала.","2026-10-01","not_separately_checked","not_checked_here","2","true","Сопоставить с существующими сборщиками; проверить разделы, пагинацию, документы и ссылки на новые каналы. Сохранить сырые наблюдения до оценки релевантности.","Проверить действующий маршрут, доступный корпус и инкрементальный сбор; связать с текущим проектом.","Сохранен из исходного классификатора v1; проверить дополнительные разделы, каналы и связанные организации.","baseline_v1"
"MISB-098","Национальные чемпионы — комитет кадровой политики","https://www.natchamp.org/about/hr/","C09","C09","Палаты, МСП, экспорт, производительность","Быстрорастущие технологические компании","РФ","RU","P","P","Региональный оператор","Оператор → план программы → закупки/отбор тренеров → участники","Руководитель HR-комитета → HR компаний участников ассоциации","HR-комитет быстрорастущих компаний формирует практики и клубные встречи.","HR-стратегия, рост управленческой команды, кадровый резерв, корпоративное обучение","кадровая политика | рост | HR-сообщество | компетенции | клубная встреча","Мониторинг открытых HTML-анонсов/новостей 1–2 раза в неделю; извлечение компании, подразделения, темы, даты и ссылки; API/RSS не подтверждены.","Открытые страницы; участие в мероприятиях, членство и закрытые материалы отдельно.","Плата за чтение публичной страницы не заявлена. Членство, билеты, контакты и условия автоматического сбора проверяются отдельно; в план не включены.","search_index","https://www.natchamp.org/about/hr/","Официальная страница сообщает о создании кадрового комитета и формировании HR-сообщества компаний членов.","2026-10-01","not_separately_checked","not_checked_here","2","true","Сопоставить с существующими сборщиками; проверить разделы, пагинацию, документы и ссылки на новые каналы. Сохранить сырые наблюдения до оценки релевантности.","Проверить действующий маршрут, доступный корпус и инкрементальный сбор; связать с текущим проектом.","Сохранен из исходного классификатора v1; проверить дополнительные разделы, каналы и связанные организации.","baseline_v1"
"MISB-099","НПП Атамекен — новости и региональные палаты","https://atameken.kz/","C09","C09","Палаты, МСП, экспорт, производительность","Зарубежные палаты и бизнес-объединения","Казахстан","KZ","P","P","Региональный оператор","Оператор → план программы → закупки/отбор тренеров → участники","Региональная палата/образовательный координатор → компания член","Региональные бизнес-вопросы, новые образовательные инициативы, мероприятия отраслевых комитетов.","Управление, HR, финансы, деловые переговоры; локализованные правовые семинары","повышение квалификации | правовые риски | вебинар | предприниматели","Мониторинг открытых HTML-анонсов/новостей 1–2 раза в неделю; извлечение компании, подразделения, темы, даты и ссылки; API/RSS не подтверждены.","Открытые страницы; участие в мероприятиях, членство и закрытые материалы отдельно.","Плата за чтение публичной страницы не заявлена. Членство, билеты, контакты и условия автоматического сбора проверяются отдельно; в план не включены.","search_index","https://atameken.kz/news/57020-npp-atameken-zapustila-postoyanno-dejstvuyushchuyu-vebinarnuyu-platformu-po-zashchite-prav-biznesa","Официальный сайт публикует новости; подтвержден запуск постоянной вебинарной платформы по защите прав бизнеса.","2026-10-01","not_separately_checked","not_checked_here","2","true","Сопоставить с существующими сборщиками; проверить разделы, пагинацию, документы и ссылки на новые каналы. Сохранить сырые наблюдения до оценки релевантности.","Проверить действующий маршрут, доступный корпус и инкрементальный сбор; связать с текущим проектом.","Сохранен из исходного классификатора v1; проверить дополнительные разделы, каналы и связанные организации.","baseline_v1"
"MISB-100","ОПОРА РОССИИ — образование и отраслевые комитеты","https://www.opora.ru/obrazovanie/","C09","C09","Палаты, МСП, экспорт, производительность","ТПП и бизнес-объединения","РФ","RU","P","P","Региональный оператор","Оператор → план программы → закупки/отбор тренеров → участники","Образовательное направление/региональный комитет → руководители МСП","Отраслевой комитет собирает вопросы бизнеса и планирует обучающий цикл.","Налоги, учет, право, HR и управление МСП","семинар | повышение квалификации | налоговые изменения | предприниматели","Мониторинг открытых HTML-анонсов/новостей 1–2 раза в неделю; извлечение компании, подразделения, темы, даты и ссылки; API/RSS не подтверждены.","Открытые страницы; участие в мероприятиях, членство и закрытые материалы отдельно.","Плата за чтение публичной страницы не заявлена. Членство, билеты, контакты и условия автоматического сбора проверяются отдельно; в план не включены.","search_index","https://www.opora.ru/obrazovanie/","Официальный раздел описывает семинары, вебинары, курсы и повышение квалификации.","2026-10-01","not_separately_checked","not_checked_here","2","true","Сопоставить с существующими сборщиками; проверить разделы, пагинацию, документы и ссылки на новые каналы. Сохранить сырые наблюдения до оценки релевантности.","Проверить действующий маршрут, доступный корпус и инкрементальный сбор; связать с текущим проектом.","Сохранен из исходного классификатора v1; проверить дополнительные разделы, каналы и связанные организации.","baseline_v1"
"MISB-101","Палата налоговых консультантов","https://www.palata-nk.ru/events/","C09","C09","Палаты, МСП, экспорт, производительность","Налоговые профессиональные сообщества","РФ","RU","P","P","Региональный оператор","Оператор → план программы → закупки/отбор тренеров → участники","Организатор Палаты → корпоративные налоговые подразделения/партнерские консультанты","Темы налоговых споров и запросы практиков позволяют предложить узкие прикладные модули.","Налоговые риски, налоговый контроль, договоры и учет","налоговый мониторинг | доказательства | налоговые риски | семинар","Мониторинг открытых HTML-анонсов/новостей 1–2 раза в неделю; извлечение компании, подразделения, темы, даты и ссылки; API/RSS не подтверждены.","Открытые страницы; участие в мероприятиях, членство и закрытые материалы отдельно.","Плата за чтение публичной страницы не заявлена. Членство, билеты, контакты и условия автоматического сбора проверяются отдельно; в план не включены.","search_index","https://www.palata-nk.ru/events/","В открытом календаре есть мероприятия по цифровизации налогового контроля и доказательствам в спорах.","2026-10-01","not_separately_checked","not_checked_here","2","true","Сопоставить с существующими сборщиками; проверить разделы, пагинацию, документы и ссылки на новые каналы. Сохранить сырые наблюдения до оценки релевантности.","Проверить действующий маршрут, доступный корпус и инкрементальный сбор; связать с текущим проектом.","Сохранен из исходного классификатора v1; проверить дополнительные разделы, каналы и связанные организации.","baseline_v1"
"MISB-102","РСПП — функциональные комитеты","https://rspp.ru/committee/","C09","C09","Палаты, МСП, экспорт, производительность","ТПП и бизнес-объединения","РФ","RU","P","P","Региональный оператор","Оператор → план программы → закупки/отбор тренеров → участники","Секретариат функционального комитета → профильный директор компании участника","Комитет публикует позицию по новой регуляторной или управленческой проблеме.","Налоги, корпоративное право, финансы, HR, экология, энергетика","корпоративные отношения | налоговая политика | экология | рынок труда | финансовая политика","Мониторинг открытых HTML-анонсов/новостей 1–2 раза в неделю; извлечение компании, подразделения, темы, даты и ссылки; API/RSS не подтверждены.","Открытые страницы; участие в мероприятиях, членство и закрытые материалы отдельно.","Плата за чтение публичной страницы не заявлена. Членство, билеты, контакты и условия автоматического сбора проверяются отдельно; в план не включены.","search_index","https://rspp.ru/committee/","Официальный список содержит комитеты по налогам, корпоративным отношениям, финансам, энергетике и экологии.","2026-10-01","not_separately_checked","not_checked_here","2","true","Сопоставить с существующими сборщиками; проверить разделы, пагинацию, документы и ссылки на новые каналы. Сохранить сырые наблюдения до оценки релевантности.","Проверить действующий маршрут, доступный корпус и инкрементальный сбор; связать с текущим проектом.","Сохранен из исходного классификатора v1; проверить дополнительные разделы, каналы и связанные организации.","baseline_v1"
"MISB-103","Рязанский центр экспорта — новости ЦПЭ","https://www.exportcenter62.ru/news/tspe/","C09","C09","Палаты, МСП, экспорт, производительность","Региональные центры поддержки экспорта","РФ","RU","I","I","Региональный оператор","Оператор → план программы → закупки/отбор тренеров → участники","Куратор акселератора → экспортный директор участника","Старт экспортного акселератора и упомянутые компании, выходящие на новый рынок. Искать следующий набор или отдельный отбор провайдера; анонс текущей программы может означать, что исполнитель уже выбран.","ВЭД, переговоры, договоры, валютные расчеты, финансы","акселератор | переговоры | платежи | экспортный контракт | логистика","Мониторинг открытых HTML-анонсов/новостей 1–2 раза в неделю; извлечение компании, подразделения, темы, даты и ссылки; API/RSS не подтверждены.","Открытые страницы; участие в мероприятиях, членство и закрытые материалы отдельно.","Плата за чтение публичной страницы не заявлена. Членство, билеты, контакты и условия автоматического сбора проверяются отдельно; в план не включены.","search_index","https://www.exportcenter62.ru/news/tspe/","Лента публикует образовательные модули акселератора и новости экспортных/платежных решений.","2026-10-01","not_separately_checked","not_checked_here","2","true","Сопоставить с существующими сборщиками; проверить разделы, пагинацию, документы и ссылки на новые каналы. Сохранить сырые наблюдения до оценки релевантности.","Проверить действующий маршрут, доступный корпус и инкрементальный сбор; связать с текущим проектом.","Сохранен из исходного классификатора v1; проверить дополнительные разделы, каналы и связанные организации.","baseline_v1"
"MISB-104","ТПП Кыргызской Республики — раздел Для бизнеса","https://www.cci.kg/news/4.html","C09","C09","Палаты, МСП, экспорт, производительность","Зарубежные палаты и бизнес-объединения","Кыргызстан","KG","P","P","Региональный оператор","Оператор → план программы → закупки/отбор тренеров → участники","Департамент цифровизации и бизнес-обучения → руководители предприятий","Анонс программы по управлению и цепям поставок; выход на координатора бизнес-обучения.","Управление цепями поставок, финансы, переговоры, управленческие программы","цепочки поставок | управление бизнесом | семинар | бизнес-обучение","Мониторинг открытых HTML-анонсов/новостей 1–2 раза в неделю; извлечение компании, подразделения, темы, даты и ссылки; API/RSS не подтверждены.","Открытые страницы; участие в мероприятиях, членство и закрытые материалы отдельно.","Плата за чтение публичной страницы не заявлена. Членство, билеты, контакты и условия автоматического сбора проверяются отдельно; в план не включены.","content_read","https://www.cci.kg/news/4.html","Открытый раздел содержит семинар по цепям поставок и управленческий практикум; есть департамент бизнес-обучения.","2026-10-01","not_separately_checked","not_checked_here","2","true","Сопоставить с существующими сборщиками; проверить разделы, пагинацию, документы и ссылки на новые каналы. Сохранить сырые наблюдения до оценки релевантности.","Проверить действующий маршрут, доступный корпус и инкрементальный сбор; связать с текущим проектом.","Сохранен из исходного классификатора v1; проверить дополнительные разделы, каналы и связанные организации.","baseline_v1"
"MISB-105","ТПП РФ — сеть региональных палат","https://tpprf.ru/ru/about/geography/","C09","C09","Палаты, МСП, экспорт, производительность","ТПП и бизнес-объединения","РФ","RU","R","R","Региональный оператор","Оператор → план программы → закупки/отбор тренеров → участники","Руководитель профильного комитета региональной ТПП → компании членов","Выявление региональной палаты и профильного комитета с отраслевыми компаниями.","Региональные корпоративные семинары по праву, финансам, закупкам и HR","комитет | профессиональное образование | закупки | кадры | промышленность","Обновлять справочные записи раз в месяц. Мониторинг открытых HTML-анонсов/новостей после обнаружения изменений; извлечение компании, подразделения, темы, даты и ссылки; API/RSS не подтверждены.","Открытые страницы; участие в мероприятиях, членство и закрытые материалы отдельно.","Плата за чтение публичной страницы не заявлена. Членство, билеты, контакты и условия автоматического сбора проверяются отдельно; в план не включены.","search_index","https://tpprf.ru/ru/about/geography/","Официальная страница дает географию палат; у сети есть комитеты по профессиональному и бизнес-образованию.","2026-10-01","not_separately_checked","not_checked_here","2","true","Сопоставить с существующими сборщиками; проверить разделы, пагинацию, документы и ссылки на новые каналы. Сохранить сырые наблюдения до оценки релевантности.","Проверить действующий маршрут, доступный корпус и инкрементальный сбор; связать с текущим проектом.","Сохранен из исходного классификатора v1; проверить дополнительные разделы, каналы и связанные организации.","baseline_v1"
"MISB-106","Центр поддержки экспорта Югры","https://export-ugra.ru/news/press/","C09","C09","Палаты, МСП, экспорт, производительность","Региональные центры поддержки экспорта","РФ","RU","P","P","Региональный оператор","Оператор → план программы → закупки/отбор тренеров → участники","Организатор ЦПЭ → HR/экспортный директор компании из делегации","Отбор компаний в бизнес-миссию или запрос обратной связи по мерам поддержки.","ВЭД, деловые переговоры, договоры, управленческие семинары","бизнес-миссия | опрос | вебинар | экспорт | компетенции","Мониторинг открытых HTML-анонсов/новостей 1–2 раза в неделю; извлечение компании, подразделения, темы, даты и ссылки; API/RSS не подтверждены.","Открытые страницы; участие в мероприятиях, членство и закрытые материалы отдельно.","Плата за чтение публичной страницы не заявлена. Членство, билеты, контакты и условия автоматического сбора проверяются отдельно; в план не включены.","search_index","https://export-ugra.ru/news/press/","Открытая лента содержит образовательные события, опросы и бизнес-миссии.","2026-10-01","not_separately_checked","not_checked_here","2","true","Сопоставить с существующими сборщиками; проверить разделы, пагинацию, документы и ссылки на новые каналы. Сохранить сырые наблюдения до оценки релевантности.","Проверить действующий маршрут, доступный корпус и инкрементальный сбор; связать с текущим проектом.","Сохранен из исходного классификатора v1; проверить дополнительные разделы, каналы и связанные организации.","baseline_v1"
"MISB-107","Саммит HR-директоров и HR Club","https://hrsummit.ru/hrclub","C10","C10","Конференции, премии и клубы","Отраслевые конференции и премии","РФ","RU","R","R","Организатор конференции","Программа → продюсер → экспертная заявка → учебный блок/модерация","Директор корпоративного университета/обучения из программы → его компания","Списки спикеров и проекты корпоративных университетов дают имена и компании для квалификации.","Обучение руководителей; развитие кадрового резерва; электронные курсы","корпоративный университет | обучение | трансформация | кадровый резерв","Обновлять справочные записи раз в месяц. Мониторинг открытых HTML-анонсов/новостей после обнаружения изменений; извлечение компании, подразделения, темы, даты и ссылки; API/RSS не подтверждены.","Открытые страницы; участие в мероприятиях, членство и закрытые материалы отдельно.","Плата за чтение публичной страницы не заявлена. Членство, билеты, контакты и условия автоматического сбора проверяются отдельно; в план не включены.","search_index","https://hrsummit.ru/hrclub","Страница сообщества перечисляет HR-руководителей, корпоративные университеты и номинации премии по корпоративному обучению.","2026-10-01","not_separately_checked","not_checked_here","2","true","Сопоставить с существующими сборщиками; проверить разделы, пагинацию, документы и ссылки на новые каналы. Сохранить сырые наблюдения до оценки релевантности.","Проверить действующий маршрут, доступный корпус и инкрементальный сбор; связать с текущим проектом.","Сохранен из исходного классификатора v1; проверить дополнительные разделы, каналы и связанные организации.","baseline_v1"
"MISB-108","Работа России — открытые вакансии по ИНН работодателя","https://trudvsem.ru/","C11","C11","Вакансии и спрос на компетенции","Вакансии и расширение штатных функций","РФ","RU","I","I","Вакансия","Вакансия → работодатель → задачи → проверка возможности внешнего подряда","Начальник профильного подразделения и HR","Предприятие набирает экологов, юристов, специалистов МТО, проектный офис или отдел обучения","Экология/недропользование; договорная работа; закупки; управление капстроительством","""обучения""; ""руководитель проекта""; ""закупкам"" + ИНН из целевого списка","Открытый API opendata.trudvsem.ru/api/v1/vacancies; пагинация и обновления; проверить действующий production endpoint","Открытые данные; документация найдена в индексе официального домена, production запрос не тестировался","0 ₽ за публичное чтение; работа сборщика входит в общий бюджет","search_index","https://web-stud-demo01.k8s.trudvsem.ru/opendata/api","Публичная документация Роструда описывает вакансии, поиск по тексту, работодателю и ИНН, изменения записей","2026-10-01","not_separately_checked","not_checked_here","2","true","Сопоставить с существующими сборщиками; проверить разделы, пагинацию, документы и ссылки на новые каналы. Сохранить сырые наблюдения до оценки релевантности.","Проверить действующий маршрут, доступный корпус и инкрементальный сбор; связать с текущим проектом.","Сохранен из исходного классификатора v1; проверить дополнительные разделы, каналы и связанные организации.","baseline_v1"
"MISB-109","Хабр Карьера — вакансии руководителей обучения и цифровой трансформации","https://career.habr.com/vacancies","C11","C11","Вакансии и спрос на компетенции","Вакансии как описание будущих задач","РФ","RU","I","I","Вакансия","Вакансия → работодатель → задачи → проверка возможности внешнего подряда","Руководитель проекта обучения, HR, директор трансформации","Корпоративное обучение руководителей, запуск воркшопов и новых цифровых процессов","Обучение руководителей управлению изменениями; деловое применение ИИ; электронные курсы","""обучение"" AND (""руководителей"" OR ""корпоративное"" OR ""воркшоп"")","Публичный поиск/подписки, затем извлечение текста вакансии; единица — компания + задача","Публичное чтение; API/RSS и разрешение массового сбора не подтверждены","0 ₽ за публичное чтение; работа сборщика входит в общий бюджет","search_index","https://career.habr.com/vacancies/1000167015","Найдена вакансия МегаФона «Руководитель проекта по профессиональному обучению»; пример механизма, актуальность вакансии отдельно","2026-10-01","not_separately_checked","not_checked_here","2","true","Сопоставить с существующими сборщиками; проверить разделы, пагинацию, документы и ссылки на новые каналы. Сохранить сырые наблюдения до оценки релевантности.","Проверить действующий маршрут, доступный корпус и инкрементальный сбор; связать с текущим проектом.","Сохранен из исходного классификатора v1; проверить дополнительные разделы, каналы и связанные организации.","baseline_v1"
"MISB-110","Enbek — электронная биржа труда Казахстана","https://www.enbek.kz/ru","C11","C11","Вакансии и спрос на компетенции","Вакансии и расширение штатных функций","Казахстан","KZ","I","I","Вакансия","Вакансия → работодатель → задачи → проверка возможности внешнего подряда","HRD и руководитель соответствующей функции компании РК","Новые должности обучения, управления проектами и HR на промышленных предприятиях Казахстана","Управленческие программы; проектное управление; электронные курсы","""развитие персонала""; ""обучение персонала""; ""управление проектами""","Публичные страницы вакансий по разрешенному режиму; ручной контроль первых выборок","Публичное чтение; API/RSS и разрешение массового сбора не подтверждены","0 ₽ за публичное чтение; работа сборщика входит в общий бюджет","content_read","https://www.enbek.kz/ru","Открыта официальная страница с публичным разделом вакансий и данными работодателей","2026-10-01","not_separately_checked","not_checked_here","2","true","Сопоставить с существующими сборщиками; проверить разделы, пагинацию, документы и ссылки на новые каналы. Сохранить сырые наблюдения до оценки релевантности.","Проверить действующий маршрут, доступный корпус и инкрементальный сбор; связать с текущим проектом.","Сохранен из исходного классификатора v1; проверить дополнительные разделы, каналы и связанные организации.","baseline_v1"
"MISB-111","SuperJob — вакансии подразделений обучения","https://www.superjob.ru/","C11","C11","Вакансии и спрос на компетенции","Вакансии как описание будущих задач","РФ","RU","I","I","Вакансия","Вакансия → работодатель → задачи → проверка возможности внешнего подряда","HRD, директор корпоративного учебного центра","Набор менеджера по обучению с задачей закупки внешних семинаров или запуска дистанционного обучения","Семинары HR/трудовое право; обучение руководителей; электронные курсы","""обучение персонала"" AND (""организация"" OR ""провайдеры"" OR ""план"")","Официальный API вакансий; ключ приложения; фильтр по дате и отрасли; контакты из API не требуются","Регистрация приложения и X-Api-App-Id; персональные контакты имеют отдельные условия","Публичное чтение 0 ₽; доступ приложения и допустимость коммерческого использования уточнить","search_index","https://api.superjob.ru/","Документация содержит поиск /2.0/vacancies/, фильтр даты, ключевых слов и компании","2026-10-01","not_separately_checked","not_checked_here","2","true","Сопоставить с существующими сборщиками; проверить разделы, пагинацию, документы и ссылки на новые каналы. Сохранить сырые наблюдения до оценки релевантности.","Проверить действующий маршрут, доступный корпус и инкрементальный сбор; связать с текущим проектом.","Сохранен из исходного классификатора v1; проверить дополнительные разделы, каналы и связанные организации.","baseline_v1"
"MISB-112","Газпром — отчет о социальной деятельности группы","https://www.gazprom.ru/sustainability/sustainability-management/reports/","C12","C12","Корпоративные новости, отчеты и университеты","Планы обучения в корпоративных раскрытиях","РФ","RU","I","I","Корпоративная академия","Новость → академия → владелец программы → закупочный маршрут","Функциональный заказчик в обществе группы, HR, Газпром корпоративный институт","Новые подходы к дистанционному обучению, образовательным продуктам и компетенциям корпоративных функций","Предметные семинары ТЭК; дистанционные курсы; HR и методология обучения","""план"" OR ""разработка"" OR ""новые программы"" + обучение руководителей/специалистов","Мониторить архив новых отчетов, затем извлекать будущие программы/тиражирование. Версионная ссылка в основании — пример структуры.","Публичное чтение; API/RSS и разрешение массового сбора не подтверждены","0 ₽ за публичное чтение; работа сборщика входит в общий бюджет","search_index","https://sustainability.gazpromreport.ru/2025/4-gazprom-group-people/personnel-development/","Официальный отчет группы содержит раздел развития персонала и внедрения новых учебно-методических разработок","2026-10-01","not_separately_checked","not_checked_here","2","true","Сопоставить с существующими сборщиками; проверить разделы, пагинацию, документы и ссылки на новые каналы. Сохранить сырые наблюдения до оценки релевантности.","Проверить действующий маршрут, доступный корпус и инкрементальный сбор; связать с текущим проектом.","Сохранен из исходного классификатора v1; проверить дополнительные разделы, каналы и связанные организации.","baseline_v1"
"MISB-113","Интерфакс — Центр раскрытия корпоративной информации","https://www.e-disclosure.ru/","C12","C12","Корпоративные новости, отчеты и университеты","Корпоративная отчетность и изменения","РФ","RU","I","I","Корпоративная академия","Новость → академия → владелец программы → закупочный маршрут","HRD, корпоративный секретарь, CFO, юрдепартамент","Новый годовой отчет/существенный факт раскрывает цели кадрового резерва, реорганизацию или создание ОЦО","Управленческий резерв; корпоративное право; трудовое право; финансы/документы","""планы"" AND (""обучение"" OR ""кадровый резерв"" OR ""ОЦО"" OR ""реорганизация"")","Список целевых эмитентов; ежемесячная проверка новых файлов; локальное извлечение PDF/ZIP","Публичные документы индексируются; открытие главной вернуло 403, готовый API не подтвержден","0 ₽ за публичное чтение; работа сборщика входит в общий бюджет","search_index","https://www.e-disclosure.ru/portal/files.aspx?id=7985&type=2","В карточках эмитентов есть раздел годовых отчетов с датами размещения и файлами; пример Россети Центр","2026-10-01","not_separately_checked","not_checked_here","2","true","Сопоставить с существующими сборщиками; проверить разделы, пагинацию, документы и ссылки на новые каналы. Сохранить сырые наблюдения до оценки релевантности.","Проверить действующий маршрут, доступный корпус и инкрементальный сбор; связать с текущим проектом.","Сохранен из исходного классификатора v1; проверить дополнительные разделы, каналы и связанные организации.","baseline_v1"
"MISB-114","Норникель — отчеты об экосистеме обучения и кадровых планах","https://nornickel.com/sustainability/","C12","C12","Корпоративные новости, отчеты и университеты","Планы обучения в корпоративных раскрытиях","РФ","RU","I","I","Корпоративная академия","Новость → академия → владелец программы → закупочный маршрут","Корпоративный университет, HR, функциональные департаменты","В стратегии/отчете названы новые направления подготовки лидеров или функциональных специалистов","Менеджмент; HR; управление проектами; закупки/экология/право","""стратегия обучения"" OR ""непрерывное обучение лидеров"" OR ""планы""","Мониторить актуальный раздел отчетов, переходить к новому году и кадровым планам. Историческая страница 2024 года не является лентой новых заказов.","Публичное чтение; API/RSS и разрешение массового сбора не подтверждены","0 ₽ за публичное чтение; работа сборщика входит в общий бюджет","search_index","https://sr2024.nornickel.ru/ru/human-capital-development/training-programs.html","Официальный отчет 2024 описывает стратегию обучения 2022–2025 и направления развития лидеров Архив содержит отчет 2025 года; мониторить новые отчеты, историческую ссылку использовать только как пример.","2026-10-01","not_separately_checked","not_checked_here","2","true","Сопоставить с существующими сборщиками; проверить разделы, пагинацию, документы и ссылки на новые каналы. Сохранить сырые наблюдения до оценки релевантности.","Проверить действующий маршрут, доступный корпус и инкрементальный сбор; связать с текущим проектом.","Сохранен из исходного классификатора v1; проверить дополнительные разделы, каналы и связанные организации.","baseline_v1"
"MISB-115","Росатом — публичная отчетность группы и организаций","https://report.rosatom.ru/","C12","C12","Корпоративные новости, отчеты и университеты","Планы обучения в корпоративных раскрытиях","РФ","RU","I","I","Корпоративная академия","Новость → академия → владелец программы → закупочный маршрут","Корпоративная академия, функциональная школа, HR дочернего общества","Отчет/новая стратегия называет развитие корпоративных функций, кадрового резерва и будущие компетенции","Управленческий резерв; закупки/финансы/HR; электронные курсы","""планы"" AND (""корпоративных функций"" OR ""лидеров"" OR ""кадрового резерва"")","Мониторинг новых отчетов и стратегий, включая дочерние организации; извлечение только планов/тем, отличающихся от прошлого периода","Публичное чтение; API/RSS и разрешение массового сбора не подтверждены","0 ₽ за публичное чтение; работа сборщика входит в общий бюджет","search_index","https://report.rosatom.ru/go/rosatom/go_rosatom_2024/app/rosatom_2024_3.pdf","Официальное приложение 2024 описывает обучение корпоративным функциям в отраслевых школах","2026-10-01","not_separately_checked","not_checked_here","2","true","Сопоставить с существующими сборщиками; проверить разделы, пагинацию, документы и ссылки на новые каналы. Сохранить сырые наблюдения до оценки релевантности.","Проверить действующий маршрут, доступный корпус и инкрементальный сбор; связать с текущим проектом.","Сохранен из исходного классификатора v1; проверить дополнительные разделы, каналы и связанные организации.","baseline_v1"
"MISB-116","Роснефть — кадровые программы и развитие персонала","https://www.rosneft.ru/Development/personnel/staff_development/","C12","C12","Корпоративные новости, отчеты и университеты","Планы обучения в корпоративных раскрытиях","РФ","RU","I","I","Корпоративная академия","Новость → академия → владелец программы → закупочный маршрут","Департамент персонала, HR дочернего общества, корпоративный учебный центр","Новая программа развития руководителей/специалистов или расширение охвата удаленных подразделений","Функциональные семинары ТЭК; HR; юристы; капстроительство; электронные курсы","""специалистов"" AND (""новая программа"" OR ""развитие"" OR ""обучение"")","Новые кадровые пресс-релизы и обновления раздела; привязка к конкретной дочке/функции","Публичное чтение; API/RSS и разрешение массового сбора не подтверждены","0 ₽ за публичное чтение; работа сборщика входит в общий бюджет","search_index","https://www.rosneft.ru/Development/personnel/staff_development/","Официальный раздел описывает систему развития и обучения персонала; новости компании раскрывают новые программы","2026-10-01","not_separately_checked","not_checked_here","2","true","Сопоставить с существующими сборщиками; проверить разделы, пагинацию, документы и ссылки на новые каналы. Сохранить сырые наблюдения до оценки релевантности.","Проверить действующий маршрут, доступный корпус и инкрементальный сбор; связать с текущим проектом.","Сохранен из исходного классификатора v1; проверить дополнительные разделы, каналы и связанные организации.","baseline_v1"
"MISB-117","Россети — стандарты организации и их обновления","https://www.rosseti.ru/suppliers/technical-policy/organization-standards/","C12","C12","Корпоративные новости, отчеты и университеты","Изменения корпоративных требований","РФ","RU","I","I","Корпоративная академия","Новость → академия → владелец программы → закупочный маршрут","Владелец процесса группы и руководители подрядчиков","Изменился корпоративный стандарт процессов группы: определить затронутые подразделения и подрядчиков","Закупки/МТО; договорная работа; проектное управление; документационное обеспечение","Новая редакция + ""проектирование"" OR ""закупки"" OR ""документация""","Diff реестра стандартов/новых PDF; классификация изменений только по управленческим и правовым темам","Публичное чтение; API/RSS и разрешение массового сбора не подтверждены","0 ₽ за публичное чтение; работа сборщика входит в общий бюджет","search_index","https://www.rosseti.ru/suppliers/technical-policy/organization-standards/","Официальная страница публикует стандарты с датами редакций, включая 2026","2026-10-01","not_separately_checked","not_checked_here","2","true","Сопоставить с существующими сборщиками; проверить разделы, пагинацию, документы и ссылки на новые каналы. Сохранить сырые наблюдения до оценки релевантности.","Проверить действующий маршрут, доступный корпус и инкрементальный сбор; связать с текущим проектом.","Сохранен из исходного классификатора v1; проверить дополнительные разделы, каналы и связанные организации.","baseline_v1"
"MISB-118","СИБУР — корпоративный университет и публикации программ","https://www.sibur.ru/ru/corporate-university/","C12","C12","Корпоративные новости, отчеты и университеты","Планы обучения в корпоративных раскрытиях","РФ","RU","I","I","Корпоративная академия","Новость → академия → владелец программы → закупочный маршрут","Корпоративный университет, владелец программы, HR предприятия","Обновился перечень программ или заявлена новая тема для руководителей/специалистов","Разработка модулей; управление/HR/финансы/закупки; электронный контент","""эффективность"" OR ""руководителей"" OR ""управление"" + новая дата программы","Diff опубликованных программ и учебных планов; исключить рабочие профессии; сопоставлять изменения с новыми задачами компании","Публичное чтение; API/RSS и разрешение массового сбора не подтверждены","0 ₽ за публичное чтение; работа сборщика входит в общий бюджет","search_index","https://www.sibur.ru/ru/corporate-university/","Официальный сайт содержит учебные программы с датами публикации и сведения о дистанционном обучении","2026-10-01","not_separately_checked","not_checked_here","2","true","Сопоставить с существующими сборщиками; проверить разделы, пагинацию, документы и ссылки на новые каналы. Сохранить сырые наблюдения до оценки релевантности.","Проверить действующий маршрут, доступный корпус и инкрементальный сбор; связать с текущим проектом.","Сохранен из исходного классификатора v1; проверить дополнительные разделы, каналы и связанные организации.","baseline_v1"
"MISB-119","CNews — новости внедрений и корпоративных трансформаций","https://www.cnews.ru/news","C13","C13","Внедрения ERP, ЭДО и LMS","Цифровая трансформация как повод для обучения","РФ","RU","I","I","Внедрение цифровой системы","Кейс → заказчик + интегратор → учебная часть → партнерский маршрут","Директор трансформации, руководитель ОЦО, HRD","Компания объявила миграцию ERP, документооборота, запуск общего центра обслуживания","Управление изменениями; финансовые процессы; КЭДО/архив; обучение руководителей","""переход"" OR ""внедряет"" OR ""ОЦО"" OR ""корпоративное обучение"" + компания","Новые публикации + первичный пресс-релиз заказчика; исключать новости продуктов без корпоративного заказчика","Публичное чтение; API/RSS и разрешение массового сбора не подтверждены","0 ₽ за публичное чтение; работа сборщика входит в общий бюджет","content_read","https://www.cnews.ru/news","Открыта лента IT-новостей с тематикой ERP, HRM, СЭД и КЭДО","2026-10-01","not_separately_checked","not_checked_here","2","true","Сопоставить с существующими сборщиками; проверить разделы, пагинацию, документы и ссылки на новые каналы. Сохранить сырые наблюдения до оценки релевантности.","Проверить действующий маршрут, доступный корпус и инкрементальный сбор; связать с текущим проектом.","Сохранен из исходного классификатора v1; проверить дополнительные разделы, каналы и связанные организации.","baseline_v1"
"MISB-120","ELMA365 — истории успеха клиентов","https://elma365.com/ru/success-stories/","C13","C13","Внедрения ERP, ЭДО и LMS","Цифровая трансформация как повод для обучения","РФ","RU","I","I","Внедрение цифровой системы","Кейс → заказчик + интегратор → учебная часть → партнерский маршрут","Владелец процесса, PMO, HRD","Перестройка процессов, создание ОЦО, внедрение проектного управления или КЭДО в конкретной компании","Процессное/проектное управление; управленческие навыки; документооборот","""процесс"" AND (""масштабирование"" OR ""планы"" OR ""ОЦО"")","Новые кейсы по категориям; проверка будущих этапов и цитат руководителей","Публичное чтение; API/RSS и разрешение массового сбора не подтверждены","0 ₽ за публичное чтение; работа сборщика входит в общий бюджет","content_read","https://elma365.com/ru/success-stories/","Открыт официальный раздел историй клиентов; продукты охватывают документооборот, КЭДО и ОЦО","2026-10-01","not_separately_checked","not_checked_here","2","true","Сопоставить с существующими сборщиками; проверить разделы, пагинацию, документы и ссылки на новые каналы. Сохранить сырые наблюдения до оценки релевантности.","Проверить действующий маршрут, доступный корпус и инкрементальный сбор; связать с текущим проектом.","Сохранен из исходного классификатора v1; проверить дополнительные разделы, каналы и связанные организации.","baseline_v1"
"MISB-121","iSpring — корпоративные кейсы обучения","https://www.ispring.ru/elearning-insights/case-study","C13","C13","Внедрения ERP, ЭДО и LMS","Планы развития корпоративного обучения","РФ","RU","I","I","Внедрение цифровой системы","Кейс → заказчик + интегратор → учебная часть → партнерский маршрут","Руководитель обучения, методолог корпоративного университета","В кейсе названы компания, руководитель обучения и еще не закрытые темы/этапы обучения","Предметные электронные курсы; обучение внутренних тренеров; управленческие семинары","""планируем"" OR ""следующий этап"" OR ""разрабатывать курсы""","Публичные кейсы; искать будущие планы, затем проверять их свежесть на сайте компании","Публичное чтение; API/RSS и разрешение массового сбора не подтверждены","0 ₽ за публичное чтение; работа сборщика входит в общий бюджет","search_index","https://www.ispring.ru/elearning-insights/case-study","Официальный раздел кейсов содержит Smartway, MANGO OFFICE, Горэлектротранс и описания развития обучения","2026-10-01","not_separately_checked","not_checked_here","2","true","Сопоставить с существующими сборщиками; проверить разделы, пагинацию, документы и ссылки на новые каналы. Сохранить сырые наблюдения до оценки релевантности.","Проверить действующий маршрут, доступный корпус и инкрементальный сбор; связать с текущим проектом.","Сохранен из исходного классификатора v1; проверить дополнительные разделы, каналы и связанные организации.","baseline_v1"
"MISB-122","Mirapolis — кейсы корпоративного обучения в блоге","https://www.mirapolis.ru/blog/","C13","C13","Внедрения ERP, ЭДО и LMS","Планы развития корпоративного обучения","РФ","RU","I","I","Внедрение цифровой системы","Кейс → заказчик + интегратор → учебная часть → партнерский маршрут","Руководитель L&D, корпоративного университета","Запущена платформа, но объявлено развитие контента, оценка компетенций, стандартизация обучения филиалов","Разработка электронных курсов; обучение руководителей; HR-методология","""кейс"" AND (""планы"" OR ""компетенций"" OR ""обучение"")","Публичный блог и кейсы, новые статьи; старые кейсы только для enrichment","Публичное чтение; API/RSS и разрешение массового сбора не подтверждены","0 ₽ за публичное чтение; работа сборщика входит в общий бюджет","search_index","https://www.mirapolis.ru/blog/obuchenie-dlya-prodazh-kak-v-astrale/","Публичный корпоративный кейс ГК Астрал; блог описывает задачи и организацию обучения заказчиков","2026-10-01","not_separately_checked","not_checked_here","2","true","Сопоставить с существующими сборщиками; проверить разделы, пагинацию, документы и ссылки на новые каналы. Сохранить сырые наблюдения до оценки релевантности.","Проверить действующий маршрут, доступный корпус и инкрементальный сбор; связать с текущим проектом.","Сохранен из исходного классификатора v1; проверить дополнительные разделы, каналы и связанные организации.","baseline_v1"
"MISB-123","Websoft — кейсы и выступления корпоративных заказчиков","https://websoft.ru/","C13","C13","Внедрения ERP, ЭДО и LMS","Планы развития корпоративного обучения","РФ","RU","I","I","Внедрение цифровой системы","Кейс → заказчик + интегратор → учебная часть → партнерский маршрут","Корпоративный университет, руководитель L&D","Оценка выявила дефицит компетенций или компания расширяет поддерживающее обучение менеджеров","Электронные курсы по функциям; менеджмент; обучение специалистов; методология оценки","""поддерживающее обучение"" OR ""карта знаний"" OR ""планы""","Официальные кейсы, события и видеоописания; извлекать незакрытый дефицит и будущий этап","Публичное чтение; API/RSS и разрешение массового сбора не подтверждены","0 ₽ за публичное чтение; работа сборщика входит в общий бюджет","content_read","https://websoft.ru/tpost/bm9kuxpo81-formirovanie-programmi-podderzhivayusche?amp=true","Официальный кейс объясняет построение программы обучения менеджеров АЗС по профилю компетенций","2026-10-01","not_separately_checked","not_checked_here","2","true","Сопоставить с существующими сборщиками; проверить разделы, пагинацию, документы и ссылки на новые каналы. Сохранить сырые наблюдения до оценки релевантности.","Проверить действующий маршрут, доступный корпус и инкрементальный сбор; связать с текущим проектом.","Сохранен из исходного классификатора v1; проверить дополнительные разделы, каналы и связанные организации.","baseline_v1"
"MISB-124","Ассоциация кластеров, технопарков и ОЭЗ России — АКИТ РФ","https://akitrf.ru/press-center/news_association/","C14","C14","Инвестиции, ОЭЗ, кластеры и проекты","Кластеры, парки и ОЭЗ","РФ","RU","I","I","Инвестиционный проект","Проект → оператор/резидент → функциональные службы → подготовка команды","УК/резидент из новости → HR/директор по развитию","Новый резидент, новая площадка, развитие управленческих компетенций холдинга.","Управление проектами, земля, финансы, HR, цифровая трансформация","новый резидент | обучение топ-менеджеров | запуск | цифровизация","Мониторинг открытых HTML-анонсов/новостей 1–2 раза в неделю; извлечение компании, подразделения, темы, даты и ссылки; API/RSS не подтверждены.","Открытые страницы; участие в мероприятиях, членство и закрытые материалы отдельно.","Плата за чтение публичной страницы не заявлена. Членство, билеты, контакты и условия автоматического сбора проверяются отдельно; в план не включены.","search_index","https://akitrf.ru/press-center/news_association/top-menedzhery-rusklimata-proshli-vtoroy-modul-v-akademii-tsifrovoy-transformatsii/","В ленте членов есть кейс обучения топ-менеджеров Русклимата и новости резидентов ОЭЗ.","2026-10-01","not_separately_checked","not_checked_here","2","true","Сопоставить с существующими сборщиками; проверить разделы, пагинацию, документы и ссылки на новые каналы. Сохранить сырые наблюдения до оценки релевантности.","Проверить действующий маршрут, доступный корпус и инкрементальный сбор; связать с текущим проектом.","Сохранен из исходного классификатора v1; проверить дополнительные разделы, каналы и связанные организации.","baseline_v1"
"MISB-125","ВЭБ.РФ — новости финансируемых проектов","https://veb.ru/","C14","C14","Инвестиции, ОЭЗ, кластеры и проекты","Инвестиции и новые производства","РФ","RU","I","I","Инвестиционный проект","Проект → оператор/резидент → функциональные службы → подготовка команды","Руководство проектной компании, CFO, директор проекта","Одобренный крупный инфраструктурный или промышленный проект, назван оператор и партнеры","Проектное финансирование для управленцев; капстроительство; закупки; риск-менеджмент","""финансирование"" AND (""проект"" OR ""строительство"") + название компании","Новые пресс-релизы ВЭБ с извлечением проектной компании, бюджета и стадии; связывать с первоисточником компании","Публичное чтение; API/RSS и разрешение массового сбора не подтверждены","0 ₽ за публичное чтение; работа сборщика входит в общий бюджет","search_index","https://veb.ru/","На официальной странице публикуются сведения о финансируемых проектах и бюджетах","2026-10-01","not_separately_checked","not_checked_here","2","true","Сопоставить с существующими сборщиками; проверить разделы, пагинацию, документы и ссылки на новые каналы. Сохранить сырые наблюдения до оценки релевантности.","Проверить действующий маршрут, доступный корпус и инкрементальный сбор; связать с текущим проектом.","Сохранен из исходного классификатора v1; проверить дополнительные разделы, каналы и связанные организации.","baseline_v1"
"MISB-126","Инвестиционный портал Омской области","https://investomsk.ru/","C14","C14","Инвестиции, ОЭЗ, кластеры и проекты","Инвестиции и новые производства","РФ","RU","I","I","Инвестиционный проект","Проект → оператор/резидент → функциональные службы → подготовка команды","Проектная компания или действующее предприятие","Названный инициатор регионального инвестиционного проекта, модернизация или выход на новый этап","Капстроительство; земля; договорная работа; закупки/МТО; проектные финансы","""инвестиционный проект"" AND (""реализация"" OR ""модернизация"" OR ""строительство"")","Публичные новости/раздел проектов; почтовая подписка при самостоятельном подключении владельцем","Публичное чтение; API/RSS и разрешение массового сбора не подтверждены","0 ₽ за публичное чтение; работа сборщика входит в общий бюджет","search_index","https://investomsk.ru/","Официальный портал содержит инвестиционные проекты, новости и возможность подписки","2026-10-01","not_separately_checked","not_checked_here","2","true","Сопоставить с существующими сборщиками; проверить разделы, пагинацию, документы и ссылки на новые каналы. Сохранить сырые наблюдения до оценки релевантности.","Проверить действующий маршрут, доступный корпус и инкрементальный сбор; связать с текущим проектом.","Сохранен из исходного классификатора v1; проверить дополнительные разделы, каналы и связанные организации.","baseline_v1"
"MISB-127","Интер РАО — годовая отчетность о персонале и инвестиционных проектах","https://www.interrao.ru/","C14","C14","Инвестиции, ОЭЗ, кластеры и проекты","Планы обучения в корпоративных раскрытиях","РФ","RU","I","I","Инвестиционный проект","Проект → оператор/резидент → функциональные службы → подготовка команды","HR, руководитель функции, инвестиционный блок дочерней компании","Новые проекты/планы развития персонала в отчетности группы или конкретного энергопредприятия","Управление энергетическими проектами; функциональные семинары; кадровый резерв","""планы"" + ""развитие персонала""; ""инвестиционный проект""","Новые отчеты и корпоративные новости; связывать инвестиционный план и план подготовки команды","Публичное чтение; API/RSS и разрешение массового сбора не подтверждены","0 ₽ за публичное чтение; работа сборщика входит в общий бюджет","search_index","https://www.interrao.ru/upload/iblock/016/s8kmfqddvz73ghloqndfc0x98uar33u5/2_GO_2024.pdf","Официальный годовой отчет за 2024 содержит раздел развития персонала","2026-10-01","not_separately_checked","not_checked_here","2","true","Сопоставить с существующими сборщиками; проверить разделы, пагинацию, документы и ссылки на новые каналы. Сохранить сырые наблюдения до оценки релевантности.","Проверить действующий маршрут, доступный корпус и инкрементальный сбор; связать с текущим проектом.","Сохранен из исходного классификатора v1; проверить дополнительные разделы, каналы и связанные организации.","baseline_v1"
"MISB-128","КРДВ — резиденты и новости инвестиционных проектов","https://erdc.ru/","C14","C14","Инвестиции, ОЭЗ, кластеры и проекты","Инвестиции и новые производства","РФ","RU","I","I","Инвестиционный проект","Проект → оператор/резидент → функциональные службы → подготовка команды","Руководитель проекта резидента, HR, юристы","Новый резидент ТОР/СПВ/АЗРФ с названной компанией, строительством и сроком запуска","Земля/недра; экология; капстроительство; трудовое право; управление проектом","""резидент"" AND (""создаст"" OR ""строительство"" OR ""запуск"")","Новости КРДВ и доступные реестры резидентов; изменения статуса сопоставлять с компанией","Публичное чтение; API/RSS и разрешение массового сбора не подтверждены","0 ₽ за публичное чтение; работа сборщика входит в общий бюджет","content_read","https://erdc.ru/about-azrf/","Официальный ресурс раскрывает резидентство, условия реализации проекта и новости новых компаний","2026-10-01","not_separately_checked","not_checked_here","2","true","Сопоставить с существующими сборщиками; проверить разделы, пагинацию, документы и ссылки на новые каналы. Сохранить сырые наблюдения до оценки релевантности.","Проверить действующий маршрут, доступный корпус и инкрементальный сбор; связать с текущим проектом.","Сохранен из исходного классификатора v1; проверить дополнительные разделы, каналы и связанные организации.","baseline_v1"
"MISB-129","ОЭЗ Алабуга — резиденты со стадиями реализации","https://alabuga.ru/ru/residents/","C14","C14","Инвестиции, ОЭЗ, кластеры и проекты","Инвестиции и новые производства","РФ","RU","I","I","Инвестиционный проект","Проект → оператор/резидент → функциональные службы → подготовка команды","Руководитель нового предприятия, HRD, директор по строительству","Карточка резидента меняется с «проектируется» на строительство/действует; появляются менеджеры проекта","Запуск системы HR; капстроительство; договоры; снабжение; управленческие навыки","""Проектируется""; ""Строится""; название нового резидента","Снимок карточек резидентов ежемесячно + новости еженедельно; diff стадии и руководства","Публичное чтение; API/RSS и разрешение массового сбора не подтверждены","0 ₽ за публичное чтение; работа сборщика входит в общий бюджет","search_index","https://alabuga.ru/ru/residents/polimeroobrabatyvayushchaya-/","В официальном каталоге есть статусы «Действует» и «Проектируется», названия компаний и специализация","2026-10-01","not_separately_checked","not_checked_here","2","true","Сопоставить с существующими сборщиками; проверить разделы, пагинацию, документы и ссылки на новые каналы. Сохранить сырые наблюдения до оценки релевантности.","Проверить действующий маршрут, доступный корпус и инкрементальный сбор; связать с текущим проектом.","Сохранен из исходного классификатора v1; проверить дополнительные разделы, каналы и связанные организации.","baseline_v1"
"MISB-130","ОЭЗ Липецк — новости проектов и резидентов","https://www.sezlipetsk.ru/","C14","C14","Инвестиции, ОЭЗ, кластеры и проекты","Инвестиции и новые производства","РФ","RU","I","I","Инвестиционный проект","Проект → оператор/резидент → функциональные службы → подготовка команды","Директор проекта, финансовый директор, HRD","Проект нового предприятия или расширение мощностей с периодом строительства","Капстроительство; бюджетирование; договорная работа; управленческая подготовка","""начнут строить"" OR ""создадут производство"" OR ""резидент""","Новости ОЭЗ и карточки предприятий, отслеживание новых проектов по дате","Публичное чтение; API/RSS и разрешение массового сбора не подтверждены","0 ₽ за публичное чтение; работа сборщика входит в общий бюджет","search_index","https://www.sezlipetsk.ru/","Официальный домен подтвержден поиском; есть новости резидентов и объявление о строительстве завода кормов","2026-10-01","not_separately_checked","not_checked_here","2","true","Сопоставить с существующими сборщиками; проверить разделы, пагинацию, документы и ссылки на новые каналы. Сохранить сырые наблюдения до оценки релевантности.","Проверить действующий маршрут, доступный корпус и инкрементальный сбор; связать с текущим проектом.","Сохранен из исходного классификатора v1; проверить дополнительные разделы, каналы и связанные организации.","baseline_v1"
"MISB-131","ОЭЗ Технополис Москва — резиденты и запуски заводов","https://technomoscow.ru/","C14","C14","Инвестиции, ОЭЗ, кластеры и проекты","Инвестиции и новые производства","РФ","RU","I","I","Инвестиционный проект","Проект → оператор/резидент → функциональные службы → подготовка команды","Руководство резидента, директор проекта, HR","Подписан новый резидент или объявлено строительство завода с конкретной датой и компанией","HR/трудовое право; проектное управление; закупки; финансы; документы","""новый резидент"" OR ""построят"" OR ""запустят производство""","Публичные новости и каталог резидентов; объединять дату запуска и кадровые сигналы","Публичное чтение; API/RSS и разрешение массового сбора не подтверждены","0 ₽ за публичное чтение; работа сборщика входит в общий бюджет","content_read","https://technomoscow.ru/","Открыта страница: разделы резидентов, вакансий, полезных контактов и новости запусков сентября 2026","2026-10-01","not_separately_checked","not_checked_here","2","true","Сопоставить с существующими сборщиками; проверить разделы, пагинацию, документы и ссылки на новые каналы. Сохранить сырые наблюдения до оценки релевантности.","Проверить действующий маршрут, доступный корпус и инкрементальный сбор; связать с текущим проектом.","Сохранен из исходного классификатора v1; проверить дополнительные разделы, каналы и связанные организации.","baseline_v1"
"MISB-132","Платформа поддержки инфраструктурных проектов — база ГЧП","https://www.pppi.ru/projects/","C14","C14","Инвестиции, ОЭЗ, кластеры и проекты","Инвестиции и новые производства","РФ","RU","I","I","Инвестиционный проект","Проект → оператор/резидент → функциональные службы → подготовка команды","Частный партнер, проектная компания, орган управления проектом","Новая концессия или инфраструктурный проект с частным партнером и этапами реализации","Концессии/ГЧП; договорная работа; финансовая модель; управление проектом","Статус проекта; концессионер; финансовое закрытие; строительство","Проверка новых публичных страниц 1 раз в неделю; извлечение компании, даты и цитаты о будущем этапе; контроль изменений","Часть базы индексируется; прямое открытие вызвало цикл перенаправлений; объем бесплатных карточек проверить","Использовать только открытые карточки 0 ₽; платные тарифы/выгрузки в базовый бюджет не заложены","search_index","https://www.pppi.ru/projects/","Поисковый индекс показывает публичную базу проектов, включая железнодорожные и портовые проекты","2026-10-01","not_separately_checked","not_checked_here","2","true","Сопоставить с существующим проектом; проверить кабинет/регистрацию и штатные уведомления. Если доступ блокирует работу, зарегистрировать ограничение и запасной маршрут.","Проверить действующий маршрут, доступный корпус и инкрементальный сбор; связать с текущим проектом.","Сохранен из исходного классификатора v1; проверить дополнительные разделы, каналы и связанные организации.","baseline_v1"
"MISB-133","Сделано у нас — новые предприятия и модернизация","https://sdelanounas.ru/","C14","C14","Инвестиции, ОЭЗ, кластеры и проекты","Отраслевые события с привязкой к компании","РФ","RU","I","I","Инвестиционный проект","Проект → оператор/резидент → функциональные службы → подготовка команды","Директор предприятия, директор проекта, HR","Строительство или расширение предприятия в промышленности: появилась новая управленческая/проектная задача","Капстроительство; закупки; управление проектами; подготовка руководителей","""строительство"" OR ""новое производство"" OR ""модернизация"" + компания","Публичная лента; каждый сигнал проверять по ссылке на первичный корпоративный источник","Публичное чтение; API/RSS и разрешение массового сбора не подтверждены","0 ₽ за публичное чтение; работа сборщика входит в общий бюджет","content_read","https://sdelanounas.ru/","Открыт публичный ресурс с лентой отраслевых публикаций","2026-10-01","not_separately_checked","not_checked_here","2","true","Сопоставить с существующими сборщиками; проверить разделы, пагинацию, документы и ссылки на новые каналы. Сохранить сырые наблюдения до оценки релевантности.","Проверить действующий маршрут, доступный корпус и инкрементальный сбор; связать с текущим проектом.","Сохранен из исходного классификатора v1; проверить дополнительные разделы, каналы и связанные организации.","baseline_v1"
"MISB-134","База решений ФАС — мотивировка нарушений закупочной процедуры","https://br.fas.gov.ru/","C15","C15","Контроль, суды и регуляторные события","Регуляторные и организационные события","РФ","RU","I","I","Регуляторный сигнал","Событие → конкретная компания → затронутая функция → учебная гипотеза","Руководитель закупок, юрдепартамент, контрактная служба","Решение по конкретному заказчику указывает повторяющуюся процедурную ошибку","Семинар закупочной комиссии по 223-ФЗ/44-ФЗ; антимонопольный комплаенс","ИНН/название + ""признать"" + ""нарушение"" + ""223-ФЗ""","Публичные решения/поиск по целевым ИНН; извлекать итоговое решение и предмет, не только факт жалобы","Публичный индекс; прямое открытие в проверке завершилось тайм-аутом","0 ₽ за публичное чтение; работа сборщика входит в общий бюджет","search_index","https://br.fas.gov.ru/?procedure=43021&type=0","Официальная база индексирует свежие решения/жалобы по заказчикам и законодательству о закупках","2026-10-01","not_separately_checked","not_checked_here","2","true","Сопоставить с существующими сборщиками; проверить разделы, пагинацию, документы и ссылки на новые каналы. Сохранить сырые наблюдения до оценки релевантности.","Проверить действующий маршрут, доступный корпус и инкрементальный сбор; связать с текущим проектом.","Сохранен из исходного классификатора v1; проверить дополнительные разделы, каналы и связанные организации.","baseline_v1"
"MISB-135","ГИС ЕГРЗ — заключения экспертизы проектной документации","https://egrz.ru/organisation/reestr-advance/latest","C15","C15","Контроль, суды и регуляторные события","Регуляторные и организационные события","РФ","RU","I","I","Регуляторный сигнал","Событие → конкретная компания → затронутая функция → учебная гипотеза","Технический заказчик, служба капстроительства, директор проекта","Появилось заключение по крупному объекту целевого предприятия — новый этап капстроительства","Управление капитальными проектами; договоры подряда; сметная/инвестиционная работа","Наименование предприятия + объект + дата включения заключения","Точечный публичный поиск/доступная выгрузка по целевым компаниям; ручная проверка заявителя","Публичный интерфейс динамический; API и допустимость массового получения не подтверждены","0 ₽ за публичное чтение; работа сборщика входит в общий бюджет","search_index","https://egrz.ru/organisation/reestr-advance/latest","Официальный индекс показывает расширенный поиск реестра и фильтр даты включения","2026-10-01","not_separately_checked","not_checked_here","2","true","Сопоставить с существующим проектом; проверить кабинет/регистрацию и штатные уведомления. Если доступ блокирует работу, зарегистрировать ограничение и запасной маршрут.","Проверить действующий маршрут, доступный корпус и инкрементальный сбор; связать с текущим проектом.","Сохранен из исходного классификатора v1; проверить дополнительные разделы, каналы и связанные организации.","baseline_v1"
"MISB-136","ЕРКНМ / ЕРП — планы контрольных мероприятий","https://proverki.gov.ru/portal/public-search","C15","C15","Контроль, суды и регуляторные события","Регуляторные и организационные события","РФ","RU","I","I","Регуляторный сигнал","Событие → конкретная компания → затронутая функция → учебная гипотеза","Начальник HR/экологии/юридической службы","У целевой компании назначено мероприятие по профильной сфере с будущей датой","Трудовое право; кадровый учет; экология; обязательные требования для руководителей","ИНН компании + орган контроля + дата планового мероприятия","Официальные открытые данные планов + поиск по ИНН; дата проверки как событие, не диагноз","Открытый поиск/скачивание, конкретный формат выгрузки и поля проверить при подключении","0 ₽ за публичное чтение; работа сборщика входит в общий бюджет","search_index","https://proverki.gov.ru/portal/public-open-data/check/2026/plans?isFederalLaw248=false","Официальная страница открытых данных содержит паспорт и скачивание планов 2026; актуальный публичный адрес proverki.gov.ru","2026-10-01","not_separately_checked","not_checked_here","2","true","Сопоставить с существующими сборщиками; проверить разделы, пагинацию, документы и ссылки на новые каналы. Сохранить сырые наблюдения до оценки релевантности.","Проверить действующий маршрут, доступный корпус и инкрементальный сбор; связать с текущим проектом.","Сохранен из исходного классификатора v1; проверить дополнительные разделы, каналы и связанные организации.","baseline_v1"
"MISB-137","Роснедра — итоги предоставления участков недр","https://rosnedra.gov.ru/activity/auktsiony-i-konkursy/","C15","C15","Контроль, суды и регуляторные события","Регуляторные и организационные события","РФ","RU","I","I","Регуляторный сигнал","Событие → конкретная компания → затронутая функция → учебная гипотеза","Юристы/служба недропользования победителя, руководитель нового проекта","Установлен победитель аукциона на участок недр: будущая работа с лицензией, землей и экологией","Недропользование; земельные отношения; экология; договорная работа","""итоги"" OR ""победитель"" OR ""утвердить результаты"" + компания","Новые итоговые протоколы и приказы, не объявления о продаже лицензий; извлечь победителя и стадию","Публичное чтение; API/RSS и разрешение массового сбора не подтверждены","0 ₽ за публичное чтение; работа сборщика входит в общий бюджет","search_index","https://rosnedra.gov.ru/activity/auktsiony-i-konkursy/prikaz_ot_28_03_2014_33_ob_utverzhdenii_rezultatov_auktsiona_na_poluchenie_prava_polzovaniya_nedrami/","Публичный раздел содержит приказы об итогах аукционов; приведенная ссылка — подтверждение типа документа, не текущий лид","2026-10-01","not_separately_checked","not_checked_here","2","true","Сопоставить с существующими сборщиками; проверить разделы, пагинацию, документы и ссылки на новые каналы. Сохранить сырые наблюдения до оценки релевантности.","Проверить действующий маршрут, доступный корпус и инкрементальный сбор; связать с текущим проектом.","Сохранен из исходного классификатора v1; проверить дополнительные разделы, каналы и связанные организации.","baseline_v1"
"MISB-138","Росприроднадзор — публичные материалы экологических обсуждений","https://rpn.gov.ru/","C15","C15","Контроль, суды и регуляторные события","Регуляторные и организационные события","РФ","RU","I","I","Регуляторный сигнал","Событие → конкретная компания → затронутая функция → учебная гипотеза","Экологическая служба заказчика проекта, директор по строительству","Подготовка нового промышленного проекта/рекультивации: опубликованы заказчик, ИНН, сроки и документы","Экологическое право; ОВОС; взаимодействие с надзором; проектное управление","""общественные обсуждения"" + (""заказчик"" OR ""ИНН"") + ""строительство""","Региональные публичные разделы; новая дата обсуждений + ИНН; архивные записи не выдавать за свежие","Публичное чтение; API/RSS и разрешение массового сбора не подтверждены","0 ₽ за публичное чтение; работа сборщика входит в общий бюджет","search_index","https://rpn.gov.ru/regions/52/public/061220222039445-5823927.html","Официальная карточка содержит данные заказчика и материалы общественных обсуждений","2026-10-01","not_separately_checked","not_checked_here","2","true","Сопоставить с существующими сборщиками; проверить разделы, пагинацию, документы и ссылки на новые каналы. Сохранить сырые наблюдения до оценки релевантности.","Проверить действующий маршрут, доступный корпус и инкрементальный сбор; связать с текущим проектом.","Сохранен из исходного классификатора v1; проверить дополнительные разделы, каналы и связанные организации.","baseline_v1"
"MISB-139","Федресурс — реорганизация и существенные корпоративные события","https://fedresurs.ru/","C15","C15","Контроль, суды и регуляторные события","Регуляторные и организационные события","РФ","RU","I","I","Регуляторный сигнал","Событие → конкретная компания → затронутая функция → учебная гипотеза","Юрдепартамент, CFO, HRD компаний-участников","Присоединение/выделение компании: потребность в согласовании кадровых, учетных и документальных процедур","Корпоративное право; кадровое делопроизводство; учет при реорганизации","Тип сообщения «Реорганизация юридического лица» + ИНН","Точечные проверки целевого списка/легальная подписка; массовый API без подтвержденных условий не планировать","Публичные сообщения; инструмент прямого чтения получил 401, условия машинного доступа требуют проверки","Публичное чтение 0 ₽; платные сервисы доставки не заложены","search_index","https://download.fedresurs.ru/HELP/2.%20SFACTS/3.%20USER_MANUAL/3.1%20MESSAGE_TYPES/Message_types_1.4.pdf","Официальное руководство описывает сообщение о реорганизации и компании-участники","2026-10-01","not_separately_checked","not_checked_here","2","true","Сопоставить с существующим проектом; проверить кабинет/регистрацию и штатные уведомления. Если доступ блокирует работу, зарегистрировать ограничение и запасной маршрут.","Проверить действующий маршрут, доступный корпус и инкрементальный сбор; связать с текущим проектом.","Сохранен из исходного классификатора v1; проверить дополнительные разделы, каналы и связанные организации.","baseline_v1"
"MISB-140","Контур.Закупки: агрегатор","https://zakupki.kontur.ru/","C03","C03","Агрегаторы закупок","Агрегаторы и API","РФ","RU","D","D","Агрегатор","Результат поиска → исходный номер → первоисточник → документы","HR/L&D, закупки, финансовая, юридическая и техническая дирекция","Поиск корпоративных/государственных закупок и анализ заказчиков","Корпоративные семинары, ДПО, электронные курсы, деловые конференции","(обучение OR семинар OR тренинг OR повышение квалификации OR вебинар OR электронный курс OR стратегическая сессия) + тема/роль; исключения проверять по лотам","Штатные уведомления и разрешенный экспорт; условия API уточнить до интеграции","Публичные карточки ограничены; расширенный доступ по подписке","Тариф и цена API не подтверждены; альтернативный агрегатор, в базовый бюджет не включать","search_index","https://zakupki.kontur.ru/","Официальная страница заявляет 440+ площадок, командную работу и интеграцию в CRM","2026-10-01","not_separately_checked","not_checked_here","3","true","Сопоставить с существующими сборщиками; проверить разделы, пагинацию, документы и ссылки на новые каналы. Сохранить сырые наблюдения до оценки релевантности.","Проверить действующий маршрут, доступный корпус и инкрементальный сбор; связать с текущим проектом.","Сохранен из исходного классификатора v1; проверить дополнительные разделы, каналы и связанные организации.","baseline_v1"
"MISB-141","АВОК — диалог специалистов","https://forum.abok.ru/","C04","C04","Биржи HR, спикеров и проектных услуг","Нишевые профессиональные сообщества","РФ; русскоязычные компании","RU","I","I","Биржа проектов","Лента → карточка → штатный отклик → уточнение конечного покупателя","Главный инженер, ГИП, технический заказчик","Инженер/проектировщик обсуждает нормативные и организационные сложности проекта","Нормативы строительства, энергосбережение, управление проектами","нормативы | энергоэффективность | проектирование | обучение | документация","Мониторинг новых публичных страниц по ключевым словам; после проверки условий площадки и теста доступности. API/RSS не подтверждены. Доступ к стене/обсуждениям/комментариям отдельно не подтвержден; проверить разрешенный интерфейс платформы.","Открытые страницы; ответ после регистрации","0 ₽ за просмотр; платные опции не включены в бюджет","search_index","https://forum.abok.ru/lofiversion/index.php/","Проверены разделы по инженерным системам, энергоэффективности и профессиональному общению.","2026-10-01","not_separately_checked","not_checked_here","3","true","Сопоставить с существующими сборщиками; проверить разделы, пагинацию, документы и ссылки на новые каналы. Сохранить сырые наблюдения до оценки релевантности.","Проверить действующий маршрут, доступный корпус и инкрементальный сбор; связать с текущим проектом.","Сохранен из исходного классификатора v1; проверить дополнительные разделы, каналы и связанные организации.","baseline_v1"
"MISB-142","Спикеры России","https://xn--e1afbahzdlaeha0k.xn--p1ai/","C04","C04","Биржи HR, спикеров и проектных услуг","Спикерские платформы","РФ; русскоязычные компании","RU","P","P","Биржа проектов","Лента → карточка → штатный отклик → уточнение конечного покупателя","Организатор форума, корпоративный event-менеджер","Организаторы оставляют запрос, платформа подбирает подходящего эксперта","Бизнес-лекции, отраслевые семинары, обучение руководителей","корпоративный | управление | право | HR | обучение","Сначала проверить условия регистрации/партнерства и доступ МИСБ. После подключения использовать штатные уведомления или ручной импорт в CRM. Публичная автоматическая лента заказов не подтверждена.","Открытые страницы; ответ после регистрации","Условия включения в платформу запросить; не заложено в базовый бюджет","search_index","https://xn--e1afbahzdlaeha0k.xn--p1ai/","Официальная страница описывает подачу запросов организаторами и получение экспертами релевантных запросов.","2026-10-01","not_separately_checked","not_checked_here","3","true","Сопоставить с существующим проектом; проверить кабинет/регистрацию и штатные уведомления. Если доступ блокирует работу, зарегистрировать ограничение и запасной маршрут.","Проверить действующий маршрут, доступный корпус и инкрементальный сбор; связать с текущим проектом.","Сохранен из исходного классификатора v1; проверить дополнительные разделы, каналы и связанные организации.","baseline_v1"
"MISB-143","Deadline.Media — запросы на экспертов и выступления","https://deadline.media/","C04","C04","Биржи HR, спикеров и проектных услуг","Партнёрские и экспертные запросы","РФ; русскоязычные компании","RU","P","P","Биржа проектов","Лента → карточка → штатный отклик → уточнение конечного покупателя","Редактор, PR-менеджер, организатор мероприятия","Ищут эксперта для комментария, эфира, вебинара или семинара","Экспертные лекции по профилю МИСБ; деловые выступления","спикер | вебинар | семинар | налоги | управление","Мониторинг новых публичных страниц по ключевым словам; после проверки условий площадки и теста доступности. API/RSS не подтверждены.","Открытые страницы; ответ после регистрации","На открытой странице объявлено бесплатно; актуальность условий уточнить","search_index","https://deadline.media/index.php","Сайт перечисляет запросы на комментарии и отдельное направление «Спикеры на выступления: вебинары, конференции, семинары»; есть Telegram-рассылка DeadlineMedia.","2026-10-01","not_separately_checked","not_checked_here","3","true","Сопоставить с существующими сборщиками; проверить разделы, пагинацию, документы и ссылки на новые каналы. Сохранить сырые наблюдения до оценки релевантности.","Проверить действующий маршрут, доступный корпус и инкрементальный сбор; связать с текущим проектом.","Сохранен из исходного классификатора v1; проверить дополнительные разделы, каналы и связанные организации.","baseline_v1"
"MISB-144","Kwork — обучение и консалтинг","https://kwork.ru/categories/training-consulting","C04","C04","Биржи HR, спикеров и проектных услуг","Входящие заказы через витрину услуг","РФ; русскоязычные компании","RU","R","R","Биржа проектов","Лента → карточка → штатный отклик → уточнение конечного покупателя","МСП, предприниматель","Покупатель выбирает готовую услугу обучения и присылает бриф","Управленческие микроформаты, вебинары, разработка материалов","обучение руководителей | корпоративный тренинг | разработка онлайн-курса","Обновлять справочные записи раз в месяц. Сначала проверить условия регистрации/партнерства и доступ МИСБ. После подключения использовать штатные уведомления или ручной импорт в CRM. Публичная автоматическая лента заказов не подтверждена.","Открытые страницы; ответ после регистрации","Условия публикации и комиссия по действующему тарифу; отдельная подписка не заложена","search_index","https://kwork.ru/training-consulting/33377810/biznes-spiker-trening-vystuplenie-master-klass-obuchenie-upravleniyu","Подтверждена категория и карточка обучения управлению для топ-менеджеров.","2026-10-01","not_separately_checked","not_checked_here","3","true","Сопоставить с существующим проектом; проверить кабинет/регистрацию и штатные уведомления. Если доступ блокирует работу, зарегистрировать ограничение и запасной маршрут.","Проверить действующий маршрут, доступный корпус и инкрементальный сбор; связать с текущим проектом.","Сохранен из исходного классификатора v1; проверить дополнительные разделы, каналы и связанные организации.","baseline_v1"
"MISB-145","Status Speaker — платформа спикеров","https://status-speaker.ru/","C04","C04","Биржи HR, спикеров и проектных услуг","Спикерские платформы","РФ; русскоязычные компании","RU","P","P","Биржа проектов","Лента → карточка → штатный отклик → уточнение конечного покупателя","Организатор мероприятия/спикерское агентство","Заявлен поиск выступлений и ответы на запросы организаторов","Деловые выступления и корпоративные лекции","корпоративный | HR | финансы | обучение | запрос","Сначала проверить условия регистрации/партнерства и доступ МИСБ. После подключения использовать штатные уведомления или ручной импорт в CRM. Публичная автоматическая лента заказов не подтверждена.","Открытые страницы; ответ после регистрации","Не подтверждено; не оплачивать до проверки","candidate","https://status-speaker.ru/","Поисковая выдача официальной страницы описывает профили экспертов, ответы на запросы и договорённости; полное содержимое браузерный загрузчик не извлёк.","2026-10-01","not_separately_checked","not_checked_here","3","true","Проверить действующий официальный адрес и происхождение. Сохранить кандидат даже при ошибке или отсутствии активных запросов.","Проверить действующий маршрут, доступный корпус и инкрементальный сбор; связать с текущим проектом.","Сохранен из исходного классификатора v1; проверить дополнительные разделы, каналы и связанные организации.","baseline_v1"
"MISB-146","YouDo — задания по обучению","https://youdo.com/tasks-all","C04","C04","Биржи HR, спикеров и проектных услуг","Маркетплейсы услуг","РФ; русскоязычные компании","RU","D","D","Биржа проектов","Лента → карточка → штатный отклик → уточнение конечного покупателя","МСП, руководитель команды","Заказчик публикует конкретное задание на тренинг","Короткие тренинги, учебные материалы, деловые коммуникации","тренинг переговоры | тренер по продажам | обучение персонала","Мониторинг новых публичных страниц по ключевым словам; после проверки условий площадки и теста доступности. API/RSS не подтверждены.","Открытые страницы; ответ после регистрации","Публичное чтение 0 ₽; платные отклики/пакеты уточнить, тест только в общем лимите","search_index","https://youdo.com/u4898846","В истории исполнителя есть выполненное задание на тренинг успешных переговоров/заинтересованности клиента.","2026-10-01","not_separately_checked","not_checked_here","3","true","Сопоставить с существующими сборщиками; проверить разделы, пагинацию, документы и ссылки на новые каналы. Сохранить сырые наблюдения до оценки релевантности.","Проверить действующий маршрут, доступный корпус и инкрементальный сбор; связать с текущим проектом.","Сохранен из исходного классификатора v1; проверить дополнительные разделы, каналы и связанные организации.","baseline_v1"
"MISB-147","Вакансии в образовании — EduJobs","https://t.me/s/edujobs","C05","C05","Telegram и социальные сообщества","Вакансии как сигнал проектов обучения","РФ; русскоязычные компании","RU","I","I","Сообщество","Пост → ветка комментариев → автор → связанная организация","Бизнес-школа, учебный центр, корпоративный университет","Новый образовательный продукт или нехватка методических/преподавательских ресурсов","Методология, программы ДПО, электронные курсы","ДПО | корпоративное | методист | проектная занятость | взрослые","Публичная веб-лента там, где доступна; иначе разрешённый экспорт участником/пересылка менеджером в приёмный бот. Бот не получает произвольную историю чужих чатов.","Публичный Telegram; для чатов вступление по правилам администратора","0 ₽ за чтение открытого канала","content_read","https://t.me/s/edujobs","Проверена действующая лента сентября 2026; в том числе вакансии в направлении дополнительного образования бизнес-школы ВШЭ.","2026-10-01","not_separately_checked","not_checked_here","3","true","Сопоставить с существующими сборщиками; проверить разделы, пагинацию, документы и ссылки на новые каналы. Сохранить сырые наблюдения до оценки релевантности.","Проверить действующий маршрут, доступный корпус и инкрементальный сбор; связать с текущим проектом.","Сохранен из исходного классификатора v1; проверить дополнительные разделы, каналы и связанные организации.","baseline_v1"
"MISB-148","Вакансии и резюме HR-специалистов","https://t.me/jobs_vacancy_cv","C05","C05","Telegram и социальные сообщества","Вакансии как сигнал проектов обучения","РФ; русскоязычные компании","RU","I","I","Сообщество","Пост → ветка комментариев → автор → связанная организация","HRD, HRBP","Найм корпоративного бизнес-тренера показывает потребность в развитии","Обучение HR и руководителей, программы развития","бизнес-тренер | обучение | проект | кадровый резерв","Публичная веб-лента там, где доступна; иначе разрешённый экспорт участником/пересылка менеджером в приёмный бот. Бот не получает произвольную историю чужих чатов.","Публичный Telegram; для чатов вступление по правилам администратора","0 ₽ за чтение открытого канала","search_index","https://telegram.me/s/jobs_vacancy_cv?before=1973&q=%23%D0%B1%D0%B8%D0%B7%D0%BD%D0%B5%D1%81_%D1%82%D1%80%D0%B5%D0%BD%D0%B5%D1%80","Поиск обнаружил вакансию бизнес-тренера компании в банковском страховании.","2026-10-01","not_separately_checked","not_checked_here","3","true","Сопоставить с существующими сборщиками; проверить разделы, пагинацию, документы и ссылки на новые каналы. Сохранить сырые наблюдения до оценки релевантности.","Проверить действующий маршрут, доступный корпус и инкрементальный сбор; связать с текущим проектом.","Сохранен из исходного классификатора v1; проверить дополнительные разделы, каналы и связанные организации.","baseline_v1"
"MISB-149","Кто взял кликер — корпоративное обучение","https://t.me/s/corp_edu","C05","C05","Telegram и социальные сообщества","Нишевые обсуждения L&D","РФ; русскоязычные компании","RU","I","I","Сообщество","Пост → ветка комментариев → автор → связанная организация","Специалист/руководитель L&D","Вопросы практиков о текущем проекте и выборе подхода к обучению","Корпоративные программы, управленческие навыки, электронные курсы","текущий проект | нужна программа | внедрение обучения | вопрос | партнер","Публичная веб-лента там, где доступна; иначе разрешённый экспорт участником/пересылка менеджером в приёмный бот. Бот не получает произвольную историю чужих чатов.","Публичный Telegram; для чатов вступление по правилам администратора","0 ₽ за чтение открытого канала","content_read","https://t.me/s/corp_edu","Проверена рубрика вопросов о рабочих проектах; также публикуются кейсы корпоративного обучения и приглашения обсудить запрос.","2026-10-01","not_separately_checked","not_checked_here","3","true","Сопоставить с существующими сборщиками; проверить разделы, пагинацию, документы и ссылки на новые каналы. Сохранить сырые наблюдения до оценки релевантности.","Проверить действующий маршрут, доступный корпус и инкрементальный сбор; связать с текущим проектом.","Сохранен из исходного классификатора v1; проверить дополнительные разделы, каналы и связанные организации.","baseline_v1"
"MISB-150","ЗАКОНИЯ — юридический форум","https://forum.zakonia.ru/","C06","C06","Профессиональные форумы и медиа","Профессиональные вопросы и боли","РФ; русскоязычные компании","RU","I","I","Профессиональное медиа","Публикация → компания → функциональный владелец → гипотеза программы","Корпоративный юрист, кадровик, бухгалтер","Практические вопросы договоров, финансового права и кадрового дела","Корпоративное/договорное/трудовое право, налоги","корпоративное | договор поставки | финансовое право | кадровое делопроизводство","Мониторинг новых публичных страниц по ключевым словам; после проверки условий площадки и теста доступности. API/RSS не подтверждены.","Открытые страницы; ответ после регистрации","0 ₽ за просмотр; платные опции не включены в бюджет","search_index","https://forum.zakonia.ru/","Официальная структура содержит кадровое делопроизводство и финансовое право с вопросами по налогам, отчётности и проверкам.","2026-10-01","not_separately_checked","not_checked_here","3","true","Сопоставить с существующими сборщиками; проверить разделы, пагинацию, документы и ссылки на новые каналы. Сохранить сырые наблюдения до оценки релевантности.","Проверить действующий маршрут, доступный корпус и инкрементальный сбор; связать с текущим проектом.","Сохранен из исходного классификатора v1; проверить дополнительные разделы, каналы и связанные организации.","baseline_v1"
"MISB-151","Кадровик-инфо","https://kadrovik-info.ru/","C06","C06","Профессиональные форумы и медиа","Профессиональные вопросы и боли","РФ; русскоязычные компании","RU","I","I","Профессиональное медиа","Публикация → компания → функциональный владелец → гипотеза программы","Специалист/начальник отдела кадров","Кадровик задаёт вопрос о сложном кадровом процессе","Трудовое право, кадровое делопроизводство, работа с персоналом","вахтовый метод | СУРВ | междусменный отдых | кадровые документы","Мониторинг новых публичных страниц по ключевым словам; после проверки условий площадки и теста доступности. API/RSS не подтверждены.","Открытые страницы; ответ после регистрации","0 ₽ за просмотр; платные опции не включены в бюджет","search_index","https://kadrovik-info.ru/","Профиль форума — кадровые документы и работа с персоналом; в индексируемой ленте вопросы о СУРВ и вахтовом методе.","2026-10-01","not_separately_checked","not_checked_here","3","true","Сопоставить с существующими сборщиками; проверить разделы, пагинацию, документы и ссылки на новые каналы. Сохранить сырые наблюдения до оценки релевантности.","Проверить действующий маршрут, доступный корпус и инкрементальный сбор; связать с текущим проектом.","Сохранен из исходного классификатора v1; проверить дополнительные разделы, каналы и связанные организации.","baseline_v1"
"MISB-152","Тендеры.ру — форум специалистов по закупкам","https://www.tendery.ru/forum/","C06","C06","Профессиональные форумы и медиа","Профессиональные вопросы и боли","РФ; русскоязычные компании","RU","I","I","Профессиональное медиа","Публикация → компания → функциональный владелец → гипотеза программы","Закупщик, контрактный управляющий","Закупщик ищет разъяснение или обучение организации закупок","44-ФЗ, 223-ФЗ, коммерческие закупки, работа контрактной службы","обучение организации закупок | 223-ФЗ | 44-ФЗ | корпоративные закупки","Мониторинг новых публичных страниц по ключевым словам; после проверки условий площадки и теста доступности. API/RSS не подтверждены.","Открытые страницы; ответ после регистрации","0 ₽ за просмотр; платные опции не включены в бюджет","search_index","https://www.tendery.ru/forum/index.php?sid=600d0256cb028677b450e4a4c2f8cb33","Подтверждены подфорумы по финансовым вопросам закупок и раздел «Обучение организации закупок: что, где, как».","2026-10-01","not_separately_checked","not_checked_here","3","true","Сопоставить с существующими сборщиками; проверить разделы, пагинацию, документы и ссылки на новые каналы. Сохранить сырые наблюдения до оценки релевантности.","Проверить действующий маршрут, доступный корпус и инкрементальный сбор; связать с текущим проектом.","Сохранен из исходного классификатора v1; проверить дополнительные разделы, каналы и связанные организации.","baseline_v1"
"MISB-153","ФорумЮристов.ру","https://forumyuristov.ru/","C06","C06","Профессиональные форумы и медиа","Профессиональные вопросы и боли","РФ; русскоязычные компании","RU","I","I","Профессиональное медиа","Публикация → компания → функциональный владелец → гипотеза программы","Юрист/собственник компании","Бизнес ищет разъяснение по корпоративным процедурам и закупкам","Корпоративное право, договорная работа, 44-ФЗ","реорганизация | корпоративное право | 44-ФЗ | договор | юридический отдел","Мониторинг новых публичных страниц по ключевым словам; после проверки условий площадки и теста доступности. API/RSS не подтверждены.","Открытые страницы; ответ после регистрации","0 ₽ за просмотр; платные опции не включены в бюджет","search_index","https://forumyuristov.ru/","На форуме есть раздел корпоративного права и вопросы аккредитации для закупок.","2026-10-01","not_separately_checked","not_checked_here","3","true","Сопоставить с существующими сборщиками; проверить разделы, пагинацию, документы и ссылки на новые каналы. Сохранить сырые наблюдения до оценки релевантности.","Проверить действующий маршрут, доступный корпус и инкрементальный сбор; связать с текущим проектом.","Сохранен из исходного классификатора v1; проверить дополнительные разделы, каналы и связанные организации.","baseline_v1"
"MISB-154","DWG.RU — форум проектировщиков","https://forum.dwg.ru/","C06","C06","Профессиональные форумы и медиа","Нишевые профессиональные сообщества","РФ; русскоязычные компании","RU","I","I","Профессиональное медиа","Публикация → компания → функциональный владелец → гипотеза программы","ГИП, руководитель проектной/строительной компании","Сложности организации проектирования, документации и работы ПТО","Организация строительства, управление проектами, договорные вопросы","организация проектирования | ПТО | документация | повышение квалификации","Мониторинг новых публичных страниц по ключевым словам; после проверки условий площадки и теста доступности. API/RSS не подтверждены.","Открытые страницы; ответ после регистрации","0 ₽ за просмотр; платные опции не включены в бюджет","content_read","https://forum.dwg.ru/","Проверены действующие разделы по организации проектирования, строительству и поиску исполнителей; свежие сообщения сентября 2026.","2026-10-01","not_separately_checked","not_checked_here","3","true","Сопоставить с существующими сборщиками; проверить разделы, пагинацию, документы и ссылки на новые каналы. Сохранить сырые наблюдения до оценки релевантности.","Проверить действующий маршрут, доступный корпус и инкрементальный сбор; связать с текущим проектом.","Сохранен из исходного классификатора v1; проверить дополнительные разделы, каналы и связанные организации.","baseline_v1"
"MISB-155","HR-Portal — форум","https://hr-portal.ru/forum","C06","C06","Профессиональные форумы и медиа","Профессиональные вопросы и боли","РФ; русскоязычные компании","RU","I","I","Профессиональное медиа","Публикация → компания → функциональный владелец → гипотеза программы","HR-менеджер компании","HR обсуждает выбор обучения, организацию L&D, HR-аналитику","HR-аналитика, обучение HR, система обучения руководителей","посоветуйте курс | нужна программа | обучение HR | дистанционное обучение","Мониторинг новых публичных страниц по ключевым словам; после проверки условий площадки и теста доступности. API/RSS не подтверждены.","Открытые страницы; ответ после регистрации","0 ₽ за просмотр; платные опции не включены в бюджет","search_index","https://hr-portal.ru/forum/obuchenie-hr-analitika","Есть вопрос участника о выборе курса HR-аналитики; на форуме разделы по управлению и обучению персонала.","2026-10-01","not_separately_checked","not_checked_here","3","true","Сопоставить с существующими сборщиками; проверить разделы, пагинацию, документы и ссылки на новые каналы. Сохранить сырые наблюдения до оценки релевантности.","Проверить действующий маршрут, доступный корпус и инкрементальный сбор; связать с текущим проектом.","Сохранен из исходного классификатора v1; проверить дополнительные разделы, каналы и связанные организации.","baseline_v1"
"MISB-156","Pressfeed — запросы журналистов и экспертов","https://pressfeed.ru/","C06","C06","Профессиональные форумы и медиа","Партнёрские и экспертные запросы","РФ; русскоязычные компании","RU","P","P","Профессиональное медиа","Публикация → компания → функциональный владелец → гипотеза программы","Редактор профильного СМИ; далее аудитория специалистов","Журналист/редактор ищет прикладного эксперта по теме бизнеса","Экспертные вебинары, демонстрационные материалы, приглашения в программы","налоги | трудовое право | закупки | HR | корпоративное обучение","Мониторинг новых публичных страниц по ключевым словам; после проверки условий площадки и теста доступности. API/RSS не подтверждены.","Открытые страницы; ответ после регистрации","Бесплатный базовый доступ с ограничениями; платный тариф в базовый бюджет не включать","search_index","https://pressfeed.ru/","Официальный сервис соединяет редакции с экспертами; доступен бесплатный старт. Это запрос на экспертизу, не автоматически оплачиваемое обучение.","2026-10-01","not_separately_checked","not_checked_here","3","true","Сопоставить с существующими сборщиками; проверить разделы, пагинацию, документы и ссылки на новые каналы. Сохранить сырые наблюдения до оценки релевантности.","Проверить действующий маршрут, доступный корпус и инкрементальный сбор; связать с текущим проектом.","Сохранен из исходного классификатора v1; проверить дополнительные разделы, каналы и связанные организации.","baseline_v1"
"MISB-157","Инвестиционная карта России","https://invest.gov.ru/","C14","C14","Инвестиции, ОЭЗ, кластеры и проекты","Реестры для обогащения лидов","РФ","RU","R","R","Инвестиционный проект","Проект → оператор/резидент → функциональные службы → подготовка команды","Оператор площадки/инвестагентство; инвестор только после установления компании","Карточки инвестиционных площадок и региональная инфраструктура: определить будущую географию и операторов","Региональные программы для руководителей; земля и инвестиционное проектирование","Промышленная площадка; инфраструктура; регион; известный инвестор","Обновлять справочные записи раз в месяц. Ручная выборка нужных территорий; подключать выгрузку только если оператор ее предоставляет","Картографический интерфейс; API и массовая выгрузка не подтверждены","0 ₽ за публичное чтение; работа сборщика входит в общий бюджет","search_index","https://economy.alania.gov.ru/news/4296","Официальное региональное министерство подтверждает назначение invest.gov.ru как карты площадок; прямая страница вернула 403","2026-10-01","not_separately_checked","not_checked_here","3","true","Сопоставить с существующим проектом; проверить кабинет/регистрацию и штатные уведомления. Если доступ блокирует работу, зарегистрировать ограничение и запасной маршрут.","Проверить действующий маршрут, доступный корпус и инкрементальный сбор; связать с текущим проектом.","Сохранен из исходного классификатора v1; проверить дополнительные разделы, каналы и связанные организации.","baseline_v1"
"MISB-158","Картотека арбитражных дел / Электронный страж","https://kad.arbitr.ru/","C15","C15","Контроль, суды и регуляторные события","Регуляторные и организационные события","РФ","RU","I","I","Регуляторный сигнал","Событие → конкретная компания → затронутая функция → учебная гипотеза","Юрдепартамент, закупки, руководитель капстроительства","Повторяемые споры по подряду, поставкам или договорным процедурам у целевой компании","Договорная/претензионная работа; управление рисками поставок и строительства","ИНН/название + предмет спора + итоговый судебный акт","Точечный мониторинг компаний через официальный интерфейс/Электронный страж; автоматический массовый парсинг не заявлен","Публичная картотека; подписки могут требовать вход; массовый API не подтвержден","0 ₽ за публичное чтение; работа сборщика входит в общий бюджет","content_read","https://kad.arbitr.ru/","Открыта картотека с поиском по участнику, дате регистрации, типу дела и ссылкой на Электронный страж","2026-10-01","not_separately_checked","not_checked_here","3","true","Сопоставить с существующим проектом; проверить кабинет/регистрацию и штатные уведомления. Если доступ блокирует работу, зарегистрировать ограничение и запасной маршрут.","Проверить действующий маршрут, доступный корпус и инкрементальный сбор; связать с текущим проектом.","Сохранен из исходного классификатора v1; проверить дополнительные разделы, каналы и связанные организации.","baseline_v1"
"MISB-159","ФНС — ГИР БО (бухгалтерская отчетность)","https://bo.nalog.gov.ru/","C16","C16","Реестры и раскрытие информации","Реестры для обогащения лидов","РФ","RU","R","R","Реестр компаний","Реестр → юрлицо → официальный сайт → собственные и групповые каналы","Финансовый директор/руководитель, уже установленный из другого источника","Оценить масштаб и платежеспособность уже найденного предприятия по отчетности","Выбор формата и масштаба корпоративной программы; финансовые темы только при втором сигнале","ИНН компании; выручка; динамика; аудиторское заключение","Обновлять справочные записи раз в месяц. Точечное чтение/скачивание отчетности; обновление при новом отчетном периоде","Публичное чтение; платный сервис массового предоставления — отдельный продукт","0 ₽ при точечном публичном чтении; массовую платную подписку не включать","search_index","https://bo.nalog.gov.ru/about","Официальная страница описывает государственный ресурс бухгалтерской отчетности и аудиторских заключений","2026-10-01","not_separately_checked","not_checked_here","3","true","Сопоставить с существующим проектом; проверить кабинет/регистрацию и штатные уведомления. Если доступ блокирует работу, зарегистрировать ограничение и запасной маршрут.","Проверить действующий маршрут, доступный корпус и инкрементальный сбор; связать с текущим проектом.","Сохранен из исходного классификатора v1; проверить дополнительные разделы, каналы и связанные организации.","baseline_v1"
"MISB-160","Газпром нефть — единый закупочный портал группы","https://zakupki.gazprom-neft.ru/","C02","C02","Корпоративные закупки и квалификация","Корпоративные закупочные каналы","РФ","RU","D","D; R","Корпоративный поставщик","Корпоративная страница → кабинет → категории услуг → дочерние общества","HR/L&D, корпоративный университет, закупки, функциональные дирекции","Конкурентные отборы и запросы по развитию персонала группы","Корпоративное обучение руководителей и специалистов; ДПО; электронные курсы; деловые мероприятия","обучение OR повышение квалификации OR развитие персонала OR семинар OR тренинг OR вебинар OR электронный курс OR видеокурс OR стратегическая сессия OR фасилитация OR наставничество","Открытая витрина и связанные карточки/вложения; сначала проверить способы выгрузки и уведомления. API/RSS не подтверждены; автоматический адаптер не испытан.","Открытая информация; участие/часть документов могут требовать регистрацию и квалификацию","Публичный просмотр без плановой покупки подписки; стоимость участия и интеграции уточнять, покупку не включать автоматически","search_index","https://zakupki.gazprom-neft.ru/","Проверка 01.10.2026: Поисковая выдача официального домена подтверждает назначение; прямое чтение завершилось тайм-аутом.","2026-10-01","not_separately_checked","not_checked_here","1","true","Проверить витрину в разрешённом браузере, подписки по категориям, список обществ и полные документы; связать с ЭТП ГПБ.","Проверить действующий маршрут, доступный корпус и инкрементальный сбор; связать с текущим проектом.","Расширение исходных 159: поиск официального канала и переходы из закупочной/корпоративной страницы","added_v2"
"MISB-161","Т Плюс — закупочная секция и профессиональные обсуждения ТЗ","https://www.roseltorg.ru/personal/t_plus","C02","C02","Корпоративные закупки и квалификация","Корпоративные закупочные каналы","РФ","RU","D","D; R","Корпоративный поставщик","Корпоративная страница → кабинет → категории услуг → дочерние общества","HR/L&D, корпоративный университет, закупки, функциональные дирекции","Текущие закупки и ранние обсуждения технических требований до объявления закупки","Корпоративное обучение руководителей и специалистов; ДПО; электронные курсы; деловые мероприятия","обучение OR повышение квалификации OR развитие персонала OR семинар OR тренинг OR вебинар OR электронный курс OR видеокурс OR стратегическая сессия OR фасилитация OR наставничество","Открытая витрина и связанные карточки/вложения; сначала проверить способы выгрузки и уведомления. API/RSS не подтверждены; автоматический адаптер не испытан.","Открытая информация; участие/часть документов могут требовать регистрацию и квалификацию","Публичный просмотр без плановой покупки подписки; стоимость участия и интеграции уточнять, покупку не включать автоматически","search_index","https://www.roseltorg.ru/personal/t_plus","Проверка 01.10.2026: Официальная страница Росэлторга описывает закупки и возможность предварительных публичных профессиональных обсуждений.","2026-10-01","not_separately_checked","not_checked_here","1","true","Выделить две ленты: закупки и обсуждения ТЗ; искать филиалы и региональные теплоснабжающие общества.","Проверить действующий маршрут, доступный корпус и инкрементальный сбор; связать с текущим проектом.","Расширение исходных 159: поиск официального канала и переходы из закупочной/корпоративной страницы","added_v2"
"MISB-162","ОМК — цифровые тендеры и регистрация партнёра","https://tender.omk.ru/auth/?backLink=%2F","C02","C02","Корпоративные закупки и квалификация","Корпоративные закупочные каналы","РФ","RU","P","P; R","Корпоративный поставщик","Корпоративная страница → кабинет → категории услуг → дочерние общества","HR/L&D, корпоративный университет, закупки, функциональные дирекции","Допуск к закупкам группы после регистрации организации и пользователя","Корпоративное обучение руководителей и специалистов; ДПО; электронные курсы; деловые мероприятия","обучение OR повышение квалификации OR развитие персонала OR семинар OR тренинг OR вебинар OR электронный курс OR видеокурс OR стратегическая сессия OR фасилитация OR наставничество","Открытая витрина и связанные карточки/вложения; сначала проверить способы выгрузки и уведомления. API/RSS не подтверждены; автоматический адаптер не испытан.","Видна входная страница; рабочий кабинет требует регистрацию партнёра","Публичный просмотр без плановой покупки подписки; стоимость участия и интеграции уточнять, покупку не включать автоматически","search_index","https://tender.omk.ru/auth/?backLink=%2F","Проверка 01.10.2026: Поисковый индекс официального домена показывает страницу «Участвуйте в тендерах» и необходимость регистрации компании.","2026-10-01","not_separately_checked","not_checked_here","1","true","Проверить открытую часть; подготовить перечень категорий образовательных услуг для регистрации и уведомлений.","Проверить действующий маршрут, доступный корпус и инкрементальный сбор; связать с текущим проектом.","Расширение исходных 159: поиск официального канала и переходы из закупочной/корпоративной страницы","added_v2"
"MISB-163","Полюс — публичный портал поставщиков","https://tenders.polyus.com/","C02","C02","Корпоративные закупки и квалификация","Корпоративные закупочные каналы","РФ","RU","R","R","Корпоративный поставщик","Корпоративная страница → кабинет → категории услуг → дочерние общества","HR/L&D, корпоративный университет, закупки, функциональные дирекции","Новости закупок, новые правила доступа и маршруты к активным процедурам","Корпоративное обучение руководителей и специалистов; ДПО; электронные курсы; деловые мероприятия","обучение OR повышение квалификации OR развитие персонала OR семинар OR тренинг OR вебинар OR электронный курс OR видеокурс OR стратегическая сессия OR фасилитация OR наставничество","Открытая витрина и связанные карточки/вложения; сначала проверить способы выгрузки и уведомления. API/RSS не подтверждены; автоматический адаптер не испытан.","Открытая информация; участие/часть документов могут требовать регистрацию и квалификацию","Публичный просмотр без плановой покупки подписки; стоимость участия и интеграции уточнять, покупку не включать автоматически","content_read","https://tenders.polyus.com/","Проверка 01.10.2026: Страница прочитана; содержит активные процедуры, новости о квалификации и переходы к SRM.","2026-10-01","not_separately_checked","not_checked_here","2","true","Сохранять как карту маршрутов; раз в неделю проверять, не изменены ли витрина, SRM и квалификация.","Проверить действующий маршрут, доступный корпус и инкрементальный сбор; связать с текущим проектом.","Расширение исходных 159: поиск официального канала и переходы из закупочной/корпоративной страницы","added_v2"
"MISB-164","Полюс — отдельная витрина активных процедур","https://tender.polyus.com/procedures/ACTIVE","C02","C02","Корпоративные закупки и квалификация","Корпоративные закупочные каналы","РФ","RU","D","D; R","Корпоративный поставщик","Корпоративная страница → кабинет → категории услуг → дочерние общества","HR/L&D, корпоративный университет, закупки, функциональные дирекции","Открытые закупочные процедуры группы и контакты ответственных","Корпоративное обучение руководителей и специалистов; ДПО; электронные курсы; деловые мероприятия","обучение OR повышение квалификации OR развитие персонала OR семинар OR тренинг OR вебинар OR электронный курс OR видеокурс OR стратегическая сессия OR фасилитация OR наставничество","Открытая витрина и связанные карточки/вложения; сначала проверить способы выгрузки и уведомления. API/RSS не подтверждены; автоматический адаптер не испытан.","Открытая информация; участие/часть документов могут требовать регистрацию и квалификацию","Публичный просмотр без плановой покупки подписки; стоимость участия и интеграции уточнять, покупку не включать автоматически","content_read","https://tenders.polyus.com/","Проверка 01.10.2026: Точный URL получен по ссылке «Активные процедуры» с tenders.polyus.com; чтение конечной витрины дало тайм-аут.","2026-10-01","not_separately_checked","not_checked_here","1","true","Проверить доступность и пагинацию; отдельно учитывать Полюс Красноярск, Полюс Строй и другие юрлица.","Проверить действующий маршрут, доступный корпус и инкрементальный сбор; связать с текущим проектом.","Расширение исходных 159: поиск официального канала и переходы из закупочной/корпоративной страницы","added_v2"
"MISB-165","Полюс — категорийная квалификация и SRM","https://tenders.polyus.com/ru/become-a-supplier/","C02","C02","Корпоративные закупки и квалификация","Корпоративные закупочные каналы","РФ","RU","P","P; R","Корпоративный поставщик","Корпоративная страница → кабинет → категории услуг → дочерние общества","HR/L&D, корпоративный университет, закупки, функциональные дирекции","Категорийный допуск, без которого часть тендеров может быть недоступна","Корпоративное обучение руководителей и специалистов; ДПО; электронные курсы; деловые мероприятия","обучение OR повышение квалификации OR развитие персонала OR семинар OR тренинг OR вебинар OR электронный курс OR видеокурс OR стратегическая сессия OR фасилитация OR наставничество","Открытая витрина и связанные карточки/вложения; сначала проверить способы выгрузки и уведомления. API/RSS не подтверждены; автоматический адаптер не испытан.","Открытая информация; участие/часть документов могут требовать регистрацию и квалификацию","Страница прямо указывает бесплатное использование Полюс SRM; затраты на подготовку квалификации отдельно","content_read","https://tenders.polyus.com/ru/become-a-supplier/","Проверка 01.10.2026: Страница прочитана; описывает бесплатный Полюс SRM, квалификацию по группам номенклатуры и влияние допуска на доступ к карточке.","2026-10-01","not_separately_checked","not_checked_here","1","true","Подготовить список всех смежных образовательных категорий; установить ответственного за квалификацию и входящие приглашения.","Проверить действующий маршрут, доступный корпус и инкрементальный сбор; связать с текущим проектом.","Расширение исходных 159: поиск официального канала и переходы из закупочной/корпоративной страницы","added_v2"
"MISB-166","ТМК — электронная торговая площадка группы","https://zakupki.tmk-group.com/","C01","C01","Государственные и универсальные ЭТП","Корпоративные закупочные каналы","РФ","RU","D","D; R","Тендерная процедура","Карточка → все приложения → заказчик → способ подачи","HR/L&D, корпоративный университет, закупки, функциональные дирекции","Закупки группы ТМК и возможные запросы по развитию персонала","Корпоративное обучение руководителей и специалистов; ДПО; электронные курсы; деловые мероприятия","обучение OR повышение квалификации OR развитие персонала OR семинар OR тренинг OR вебинар OR электронный курс OR видеокурс OR стратегическая сессия OR фасилитация OR наставничество","Открытая витрина и связанные карточки/вложения; сначала проверить способы выгрузки и уведомления. API/RSS не подтверждены; автоматический адаптер не испытан.","JS/Cookies; полный каталог и документы не проверены","Публичный просмотр без плановой покупки подписки; стоимость участия и интеграции уточнять, покупку не включать автоматически","content_read","https://zakupki.tmk-group.com/","Проверка 01.10.2026: Страница возвращает название ЭТП Трубной металлургической компании и требует JavaScript/Cookies.","2026-10-01","not_separately_checked","not_checked_here","1","true","Проверить список категорий работ/услуг и видимость без входа; не ограничиваться сырьём и материалами.","Проверить действующий маршрут, доступный корпус и инкрементальный сбор; связать с текущим проектом.","Расширение исходных 159: поиск официального канала и переходы из закупочной/корпоративной страницы","added_v2"
"MISB-167","РЖД — отдельный электронный магазин малых закупок","https://eshoprzd.ru/","C01","C01","Государственные и универсальные ЭТП","Корпоративные закупочные каналы","РФ","RU","D","D; R","Тендерная процедура","Карточка → все приложения → заказчик → способ подачи","HR/L&D, корпоративный университет, закупки, функциональные дирекции","Небольшие закупки услуг для подразделений РЖД","Корпоративное обучение руководителей и специалистов; ДПО; электронные курсы; деловые мероприятия","обучение OR повышение квалификации OR развитие персонала OR семинар OR тренинг OR вебинар OR электронный курс OR видеокурс OR стратегическая сессия OR фасилитация OR наставничество","Открытая витрина и связанные карточки/вложения; сначала проверить способы выгрузки и уведомления. API/RSS не подтверждены; автоматический адаптер не испытан.","Открытая информация; участие/часть документов могут требовать регистрацию и квалификацию","Публичный просмотр без плановой покупки подписки; стоимость участия и интеграции уточнять, покупку не включать автоматически","content_read","https://eshoprzd.ru/","Проверка 01.10.2026: Открывается с названием «Электронный магазин ОАО РЖД | Комита»; текст лотов не извлечён.","2026-10-01","not_separately_checked","not_checked_here","1","true","Проверить ленты услуг, филиалы, архив и нотификации; учитывать отдельно от крупных закупок РЖД.","Проверить действующий маршрут, доступный корпус и инкрементальный сбор; связать с текущим проектом.","Расширение исходных 159: поиск официального канала и переходы из закупочной/корпоративной страницы","added_v2"
"MISB-168","КОМИТА — самостоятельная электронная торговая площадка","https://etp.comita.ru/","C01","C01","Государственные и универсальные ЭТП","Корпоративные закупочные каналы","РФ","RU","D","D; R","Тендерная процедура","Карточка → все приложения → заказчик → способ подачи","HR/L&D, корпоративный университет, закупки, функциональные дирекции","Процедуры заказчиков на отдельной ЭТП","Корпоративное обучение руководителей и специалистов; ДПО; электронные курсы; деловые мероприятия","обучение OR повышение квалификации OR развитие персонала OR семинар OR тренинг OR вебинар OR электронный курс OR видеокурс OR стратегическая сессия OR фасилитация OR наставничество","Открытая витрина и связанные карточки/вложения; сначала проверить способы выгрузки и уведомления. API/RSS не подтверждены; автоматический адаптер не испытан.","Открытая информация; участие/часть документов могут требовать регистрацию и квалификацию","Публичный просмотр без плановой покупки подписки; стоимость участия и интеграции уточнять, покупку не включать автоматически","content_read","https://etp.comita.ru/","Проверка 01.10.2026: Открывается как «Электронная торговая площадка КОМИТА», содержимое во фрейме.","2026-10-01","not_separately_checked","not_checked_here","1","true","Проверить адрес публичного фрейма, список заказчиков и отдельные секции; не считать eshoprzd.ru полным покрытием Комиты.","Проверить действующий маршрут, доступный корпус и инкрементальный сбор; связать с текущим проектом.","Расширение исходных 159: поиск официального канала и переходы из закупочной/корпоративной страницы","added_v2"
"MISB-169","Tender.Pro — закупки и каталоги корпоративных заказчиков","https://www.tender.pro/","C01","C01","Государственные и универсальные ЭТП","Коммерческие ЭТП","РФ; Беларусь; СНГ","RU; BY","D","D; R","Тендерная процедура","Карточка → все приложения → заказчик → способ подачи","HR/L&D, корпоративный университет, закупки, функциональные дирекции","Запросы на услуги и корпоративные процедуры вне федеральных площадок","Корпоративное обучение руководителей и специалистов; ДПО; электронные курсы; деловые мероприятия","обучение OR повышение квалификации OR развитие персонала OR семинар OR тренинг OR вебинар OR электронный курс OR видеокурс OR стратегическая сессия OR фасилитация OR наставничество","Открытая витрина и связанные карточки/вложения; сначала проверить способы выгрузки и уведомления. API/RSS не подтверждены; автоматический адаптер не испытан.","Открытая информация; участие/часть документов могут требовать регистрацию и квалификацию","Публичный просмотр без плановой покупки подписки; стоимость участия и интеграции уточнять, покупку не включать автоматически","search_index","https://www.rmk-group.ru/production/supliers/","Проверка 01.10.2026: Официальная страница РМК прямо ведёт на Tender.Pro; в поиске доступны карточки заказчиков и закупок.","2026-10-01","not_separately_checked","not_checked_here","1","true","Развернуть каталоги заказчиков в дочерние каналы; отдельно проверить категории обучения и работ/услуг.","Проверить действующий маршрут, доступный корпус и инкрементальный сбор; связать с текущим проектом.","Расширение исходных 159: поиск официального канала и переходы из закупочной/корпоративной страницы","added_v2"
"MISB-170","СУЭК — профиль закупок на Tender.Pro","https://www.tender.pro/api/company/14423/view?active_tab=purchases","C02","C02","Корпоративные закупки и квалификация","Корпоративные закупочные каналы","РФ","RU","D","D; R","Корпоративный поставщик","Корпоративная страница → кабинет → категории услуг → дочерние общества","HR/L&D, корпоративный университет, закупки, функциональные дирекции","Корпоративные закупки СУЭК и маршруты к процедурам","Корпоративное обучение руководителей и специалистов; ДПО; электронные курсы; деловые мероприятия","обучение OR повышение квалификации OR развитие персонала OR семинар OR тренинг OR вебинар OR электронный курс OR видеокурс OR стратегическая сессия OR фасилитация OR наставничество","Открытая витрина и связанные карточки/вложения; сначала проверить способы выгрузки и уведомления. API/RSS не подтверждены; автоматический адаптер не испытан.","Открытая информация; участие/часть документов могут требовать регистрацию и квалификацию","Публичный просмотр без плановой покупки подписки; стоимость участия и интеграции уточнять, покупку не включать автоматически","search_index","https://www.tender.pro/api/company/14423/view?active_tab=purchases","Проверка 01.10.2026: Индексирует страницу «Закупки компании СУЭК», ИНН 7708129854. Путь /api/ является URL страницы, не подтверждением программного API.","2026-10-01","not_separately_checked","not_checked_here","1","true","Сопоставить с корпоративным SRM и обществами СГК; проверить актуальность профиля, не удалять при нулевой выдаче.","Проверить действующий маршрут, доступный корпус и инкрементальный сбор; связать с текущим проектом.","Расширение исходных 159: поиск официального канала и переходы из закупочной/корпоративной страницы","added_v2"
"MISB-171","РУСАЛ — прочие услуги, текущие процедуры и архив","https://rusal.ru/suppliers/selection/prochie-uslugi/?PAGEN_1=5","C02","C02","Корпоративные закупки и квалификация","Корпоративные закупочные каналы","РФ","RU","D","D; R","Корпоративный поставщик","Корпоративная страница → кабинет → категории услуг → дочерние общества","HR/L&D, корпоративный университет, закупки, функциональные дирекции","Закупки услуг группы, включая скрытые под широкими наименованиями","Корпоративное обучение руководителей и специалистов; ДПО; электронные курсы; деловые мероприятия","обучение OR повышение квалификации OR развитие персонала OR семинар OR тренинг OR вебинар OR электронный курс OR видеокурс OR стратегическая сессия OR фасилитация OR наставничество","Открытая витрина и связанные карточки/вложения; сначала проверить способы выгрузки и уведомления. API/RSS не подтверждены; автоматический адаптер не испытан.","Открытая информация; участие/часть документов могут требовать регистрацию и квалификацию","Публичный просмотр без плановой покупки подписки; стоимость участия и интеграции уточнять, покупку не включать автоматически","search_index","https://rusal.ru/suppliers/selection/prochie-uslugi/?PAGEN_1=5","Проверка 01.10.2026: Поисковый индекс показывает действующую ленту прочих услуг с процедурами от 29.09.2026 и заказчиками дочерних компаний.","2026-10-01","not_separately_checked","not_checked_here","1","true","Стартовать с этой известной страницы, найти первую страницу и все состояния через реальные ссылки; читать ТЗ по широкому словарю.","Проверить действующий маршрут, доступный корпус и инкрементальный сбор; связать с текущим проектом.","Расширение исходных 159: поиск официального канала и переходы из закупочной/корпоративной страницы","added_v2"
"MISB-172","РМК — тендеры, запросы КП и правила взаимодействия","https://www.rmk-group.ru/production/supliers/","C02","C02","Корпоративные закупки и квалификация","Корпоративные закупочные каналы","РФ; Казахстан","RU; KZ","D","D; R","Корпоративный поставщик","Корпоративная страница → кабинет → категории услуг → дочерние общества","HR/L&D, корпоративный университет, закупки, функциональные дирекции","Ранние и текущие запросы работ/услуг компаний РМК","Корпоративное обучение руководителей и специалистов; ДПО; электронные курсы; деловые мероприятия","обучение OR повышение квалификации OR развитие персонала OR семинар OR тренинг OR вебинар OR электронный курс OR видеокурс OR стратегическая сессия OR фасилитация OR наставничество","Открытая витрина и связанные карточки/вложения; сначала проверить способы выгрузки и уведомления. API/RSS не подтверждены; автоматический адаптер не испытан.","Открытая информация; участие/часть документов могут требовать регистрацию и квалификацию","Публичный просмотр без плановой покупки подписки; стоимость участия и интеграции уточнять, покупку не включать автоматически","content_read","https://www.rmk-group.ru/production/supliers/","Проверка 01.10.2026: Страница прочитана; описывает тендеры, электронные торги, запросы КП и Tender.Pro для стандартизированной продукции.","2026-10-01","not_separately_checked","not_checked_here","1","true","Не считать Tender.Pro полным покрытием услуг; выделить контакт тендерной работы и отдельные закупочные сайты предприятий.","Проверить действующий маршрут, доступный корпус и инкрементальный сбор; связать с текущим проектом.","Расширение исходных 159: поиск официального канала и переходы из закупочной/корпоративной страницы","added_v2"
"MISB-173","ВСМПО-АВИСМА — тендерная информация и потребности корпорации","https://vsmpo.net/tenders/","C02","C02","Корпоративные закупки и квалификация","Корпоративные закупочные каналы","РФ","RU","D","D; R","Корпоративный поставщик","Корпоративная страница → кабинет → категории услуг → дочерние общества","HR/L&D, корпоративный университет, закупки, функциональные дирекции","Публикации потребностей и закупочные документы крупных предприятий","Корпоративное обучение руководителей и специалистов; ДПО; электронные курсы; деловые мероприятия","обучение OR повышение квалификации OR развитие персонала OR семинар OR тренинг OR вебинар OR электронный курс OR видеокурс OR стратегическая сессия OR фасилитация OR наставничество","Открытая витрина и связанные карточки/вложения; сначала проверить способы выгрузки и уведомления. API/RSS не подтверждены; автоматический адаптер не испытан.","Открытая информация; участие/часть документов могут требовать регистрацию и квалификацию","Публичный просмотр без плановой покупки подписки; стоимость участия и интеграции уточнять, покупку не включать автоматически","search_index","https://vsmpo.net/tenders/","Проверка 01.10.2026: Официальный индекс содержит разделы «Все тендеры», «Наша потребность», документы и приглашение на B2B-Center.","2026-10-01","not_separately_checked","not_checked_here","1","true","Развернуть все ссылки потребностей и оба производственных контура; сопоставить с B2B-Center, сохраняя оба канала.","Проверить действующий маршрут, доступный корпус и инкрементальный сбор; связать с текущим проектом.","Расширение исходных 159: поиск официального канала и переходы из закупочной/корпоративной страницы","added_v2"
"MISB-174","ФосАгро и Апатит — корпоративные тендеры работ и услуг","https://www.phosagro.ru/procurement/competitions/","C02","C02","Корпоративные закупки и квалификация","Корпоративные закупочные каналы","РФ","RU","D","D; R","Корпоративный поставщик","Корпоративная страница → кабинет → категории услуг → дочерние общества","HR/L&D, корпоративный университет, закупки, функциональные дирекции","Тендеры на работы/услуги группы и переходы на собственную ЭТП","Корпоративное обучение руководителей и специалистов; ДПО; электронные курсы; деловые мероприятия","обучение OR повышение квалификации OR развитие персонала OR семинар OR тренинг OR вебинар OR электронный курс OR видеокурс OR стратегическая сессия OR фасилитация OR наставничество","Открытая витрина и связанные карточки/вложения; сначала проверить способы выгрузки и уведомления. API/RSS не подтверждены; автоматический адаптер не испытан.","Открытая информация; участие/часть документов могут требовать регистрацию и квалификацию","Публичный просмотр без плановой покупки подписки; стоимость участия и интеграции уточнять, покупку не включать автоматически","content_read","https://www.phosagro.ru/procurement/competitions/","Проверка 01.10.2026: Страница прочитана; закупка работ и услуг выделена отдельно от материалов и оборудования.","2026-10-01","not_separately_checked","not_checked_here","1","true","Извлечь фактическую ссылку раздела работ/услуг и действующие процедуры; проверить образовательные категории.","Проверить действующий маршрут, доступный корпус и инкрементальный сбор; связать с текущим проектом.","Расширение исходных 159: поиск официального канала и переходы из закупочной/корпоративной страницы","added_v2"
"MISB-175","ФосАгро — вход поставщика и квалификация до закупки","https://www.phosagro.ru/procurement/to-suppliers/how-to-be-a-supplier/","C02","C02","Корпоративные закупки и квалификация","Корпоративные закупочные каналы","РФ","RU","P","P; R","Корпоративный поставщик","Корпоративная страница → кабинет → категории услуг → дочерние общества","HR/L&D, корпоративный университет, закупки, функциональные дирекции","Предварительный допуск к приглашениям и закупкам услуг","Корпоративное обучение руководителей и специалистов; ДПО; электронные курсы; деловые мероприятия","обучение OR повышение квалификации OR развитие персонала OR семинар OR тренинг OR вебинар OR электронный курс OR видеокурс OR стратегическая сессия OR фасилитация OR наставничество","Открытая витрина и связанные карточки/вложения; сначала проверить способы выгрузки и уведомления. API/RSS не подтверждены; автоматический адаптер не испытан.","Открытая информация; участие/часть документов могут требовать регистрацию и квалификацию","Публичный просмотр без плановой покупки подписки; стоимость участия и интеграции уточнять, покупку не включать автоматически","search_index","https://www.phosagro.ru/procurement/to-suppliers/how-to-be-a-supplier/","Проверка 01.10.2026: Официальная выдача описывает регистрацию на ЭТП и обязательные анкеты потенциального поставщика.","2026-10-01","not_separately_checked","not_checked_here","1","true","Подготовить матрицу категорий услуг МИСБ и документов; проверить доступные уведомления после регистрации.","Проверить действующий маршрут, доступный корпус и инкрементальный сбор; связать с текущим проектом.","Расширение исходных 159: поиск официального канала и переходы из закупочной/корпоративной страницы","added_v2"
"MISB-176","Удоканская медь — отдельный профиль заказчика ЭТП ГПБ","https://new.etpgpb.ru/customers/ooo-udokanskaya-med/","C01","C01","Государственные и универсальные ЭТП","Корпоративные закупочные каналы","РФ","RU","D","D; R","Тендерная процедура","Карточка → все приложения → заказчик → способ подачи","HR/L&D, корпоративный университет, закупки, функциональные дирекции","Процедуры конкретного горно-металлургического заказчика","Корпоративное обучение руководителей и специалистов; ДПО; электронные курсы; деловые мероприятия","обучение OR повышение квалификации OR развитие персонала OR семинар OR тренинг OR вебинар OR электронный курс OR видеокурс OR стратегическая сессия OR фасилитация OR наставничество","Открытая витрина и связанные карточки/вложения; сначала проверить способы выгрузки и уведомления. API/RSS не подтверждены; автоматический адаптер не испытан.","Открытая информация; участие/часть документов могут требовать регистрацию и квалификацию","Публичный просмотр без плановой покупки подписки; стоимость участия и интеграции уточнять, покупку не включать автоматически","search_index","https://new.etpgpb.ru/customers/ooo-udokanskaya-med/","Проверка 01.10.2026: Официальная ЭТП индексирует профиль «УДОКАНСКАЯ МЕДЬ» и раздел «Как стать поставщиком».","2026-10-01","not_separately_checked","not_checked_here","1","true","Сопоставить ИНН и корпоративные закупочные маршруты; изучить квалификацию, не считать открытую выдачу полной.","Проверить действующий маршрут, доступный корпус и инкрементальный сбор; связать с текущим проектом.","Расширение исходных 159: поиск официального канала и переходы из закупочной/корпоративной страницы","added_v2"
"MISB-177","ЕАСУЗ Московской области — вход в региональный электронный магазин","https://easuz.mosreg.ru/","C01","C01","Государственные и универсальные ЭТП","Региональные малые закупки","РФ / Московская область","RU","D","D; R","Тендерная процедура","Карточка → все приложения → заказчик → способ подачи","Контрактные службы и HR региональных/муниципальных учреждений","Малые закупки обучения региональных и муниципальных учреждений","Корпоративное обучение руководителей и специалистов; ДПО; электронные курсы; деловые мероприятия","обучение OR повышение квалификации OR развитие персонала OR семинар OR тренинг OR вебинар OR электронный курс OR видеокурс OR стратегическая сессия OR фасилитация OR наставничество","Открытая витрина и связанные карточки/вложения; сначала проверить способы выгрузки и уведомления. API/RSS не подтверждены; автоматический адаптер не испытан.","Открытая информация; участие/часть документов могут требовать регистрацию и квалификацию","Публичный просмотр без плановой покупки подписки; стоимость участия и интеграции уточнять, покупку не включать автоматически","search_index","https://easuz.mosreg.ru/","Проверка 01.10.2026: Индекс официального портала показывает раздел «Электронный магазин»; прямое чтение дало тайм-аут.","2026-10-01","not_separately_checked","not_checked_here","1","true","Перейти по реальной ссылке магазина и сохранить конечный адрес; отдельно собирать региональные планы и запросы.","Проверить действующий маршрут, доступный корпус и инкрементальный сбор; связать с текущим проектом.","Расширение исходных 159: поиск официального канала и переходы из закупочной/корпоративной страницы","added_v2"
"MISB-178","Санкт-Петербург — электронный магазин малых закупок","https://estore.gz-spb.ru/","C01","C01","Государственные и универсальные ЭТП","Региональные малые закупки","РФ / Санкт-Петербург","RU","D","D; R","Тендерная процедура","Карточка → все приложения → заказчик → способ подачи","Учреждения Санкт-Петербурга, HR и контрактные службы","Малые закупки услуг, предложения и образовательные заказы учреждений","Корпоративное обучение руководителей и специалистов; ДПО; электронные курсы; деловые мероприятия","обучение OR повышение квалификации OR развитие персонала OR семинар OR тренинг OR вебинар OR электронный курс OR видеокурс OR стратегическая сессия OR фасилитация OR наставничество","Открытая витрина и связанные карточки/вложения; сначала проверить способы выгрузки и уведомления. API/RSS не подтверждены; автоматический адаптер не испытан.","Открытая информация; участие/часть документов могут требовать регистрацию и квалификацию","Публичный просмотр без плановой покупки подписки; стоимость участия и интеграции уточнять, покупку не включать автоматически","search_index","https://www.gov.spb.ru/gov/otrasl/kgz/obrasheniya-grazhdan/otvety-na-obrasheniya-zatragivayushie-interesy-neopredelennogo-kruga-l/","Проверка 01.10.2026: Адрес присутствует в индексируемой закупочной документации; факт действующей подсистемы подтверждён Комитетом по госзаказу. Прямое чтение — тайм-аут.","2026-10-01","not_separately_checked","not_checked_here","1","true","Проверить актуальный вход с сайта Комитета, открытые лоты и публичные оферты; фиксировать оба канала.","Проверить действующий маршрут, доступный корпус и инкрементальный сбор; связать с текущим проектом.","Расширение исходных 159: поиск официального канала и переходы из закупочной/корпоративной страницы","added_v2"
"MISB-179","Свердловская область — малые закупки","https://torgi.egov66.ru/smallpurchases/","C01","C01","Государственные и универсальные ЭТП","Региональные малые закупки","РФ / Свердловская область","RU","D","D; R","Тендерная процедура","Карточка → все приложения → заказчик → способ подачи","Региональные и муниципальные учреждения","Малые закупки, запросы КП и образовательные потребности учреждений","Корпоративное обучение руководителей и специалистов; ДПО; электронные курсы; деловые мероприятия","обучение OR повышение квалификации OR развитие персонала OR семинар OR тренинг OR вебинар OR электронный курс OR видеокурс OR стратегическая сессия OR фасилитация OR наставничество","Открытая витрина и связанные карточки/вложения; сначала проверить способы выгрузки и уведомления. API/RSS не подтверждены; автоматический адаптер не испытан.","Открытая информация; участие/часть документов могут требовать регистрацию и квалификацию","Публичный просмотр без плановой покупки подписки; стоимость участия и интеграции уточнять, покупку не включать автоматически","search_index","https://torgi.egov66.ru/smallpurchases/","Проверка 01.10.2026: Официальный индекс показывает разделы извещений, контрактов, запросов коммерческих предложений и документации.","2026-10-01","not_separately_checked","not_checked_here","1","true","Подключить каждую ленту отдельно; проверить выгрузку в Excel, пагинацию, историю изменений.","Проверить действующий маршрут, доступный корпус и инкрементальный сбор; связать с текущим проектом.","Расширение исходных 159: поиск официального канала и переходы из закупочной/корпоративной страницы","added_v2"
"MISB-180","Свердловская область — отдельная лента извещений малых закупок","https://torgi.egov66.ru/smallpurchases/GzwSP/NoticesGrid?ItemId=16&show_title=on","C01","C01","Государственные и универсальные ЭТП","Региональные малые закупки","РФ / Свердловская область","RU","D","D; R","Тендерная процедура","Карточка → все приложения → заказчик → способ подачи","Региональные и муниципальные учреждения","Извещения, которые нельзя потерять при чтении только информационной главной страницы","Корпоративное обучение руководителей и специалистов; ДПО; электронные курсы; деловые мероприятия","обучение OR повышение квалификации OR развитие персонала OR семинар OR тренинг OR вебинар OR электронный курс OR видеокурс OR стратегическая сессия OR фасилитация OR наставничество","Открытая витрина и связанные карточки/вложения; сначала проверить способы выгрузки и уведомления. API/RSS не подтверждены; автоматический адаптер не испытан.","Открытая информация; участие/часть документов могут требовать регистрацию и квалификацию","Публичный просмотр без плановой покупки подписки; стоимость участия и интеграции уточнять, покупку не включать автоматически","search_index","https://torgi.egov66.ru/smallpurchases/GzwSP/NoticesGrid?ItemId=16&show_title=on","Проверка 01.10.2026: Индекс официального домена показывает ленту извещений и кнопку выгрузки в Excel.","2026-10-01","not_separately_checked","not_checked_here","1","true","Проверить фактический экспорт, выдачу без фильтров и границы периода; затем сделать адаптер с контрольным числом строк.","Проверить действующий маршрут, доступный корпус и инкрементальный сбор; связать с текущим проектом.","Расширение исходных 159: поиск официального канала и переходы из закупочной/корпоративной страницы","added_v2"
"MISB-181","Югра — витрина запросов цен для малых закупок","https://zakupki.admhmao.ru/vitriny-zakupok-malogo-ob-ema/zapros-tsen-dlya-zakupok-malogo-ob-ema/zapros-tsen-dlya-zakupok-malogo-ob-ema-detalno","C01","C01","Государственные и универсальные ЭТП","Региональные малые закупки","РФ / ХМАО–Югра","RU","D","D; R","Тендерная процедура","Карточка → все приложения → заказчик → способ подачи","Региональные и муниципальные учреждения Югры","Предварительные запросы цен и небольшие закупки образовательных услуг","Корпоративное обучение руководителей и специалистов; ДПО; электронные курсы; деловые мероприятия","обучение OR повышение квалификации OR развитие персонала OR семинар OR тренинг OR вебинар OR электронный курс OR видеокурс OR стратегическая сессия OR фасилитация OR наставничество","Открытая витрина и связанные карточки/вложения; сначала проверить способы выгрузки и уведомления. API/RSS не подтверждены; автоматический адаптер не испытан.","Открытая информация; участие/часть документов могут требовать регистрацию и квалификацию","Публичный просмотр без плановой покупки подписки; стоимость участия и интеграции уточнять, покупку не включать автоматически","search_index","https://zakupki.admhmao.ru/vitriny-zakupok-malogo-ob-ema/zapros-tsen-dlya-zakupok-malogo-ob-ema/zapros-tsen-dlya-zakupok-malogo-ob-ema-detalno","Проверка 01.10.2026: Официальная индексируемая страница департамента госзаказа содержит витрину объектов закупки.","2026-10-01","not_separately_checked","not_checked_here","1","true","Проверить доступность таблицы и запросы цен; связать с интеграциями РТС-Маркет и Портала поставщиков Москвы.","Проверить действующий маршрут, доступный корпус и инкрементальный сбор; связать с текущим проектом.","Расширение исходных 159: поиск официального канала и переходы из закупочной/корпоративной страницы","added_v2"
"MISB-182","Татарстан — официальный вход в БАРС.Электронный магазин","https://goszakupki.tatarstan.ru/goods.htm","C01","C01","Государственные и универсальные ЭТП","Региональные малые закупки","РФ / Татарстан","RU","D","D; R","Тендерная процедура","Карточка → все приложения → заказчик → способ подачи","Региональные и муниципальные учреждения Татарстана","Региональные малые закупки и вход в отдельную информационную систему","Корпоративное обучение руководителей и специалистов; ДПО; электронные курсы; деловые мероприятия","обучение OR повышение квалификации OR развитие персонала OR семинар OR тренинг OR вебинар OR электронный курс OR видеокурс OR стратегическая сессия OR фасилитация OR наставничество","Открытая витрина и связанные карточки/вложения; сначала проверить способы выгрузки и уведомления. API/RSS не подтверждены; автоматический адаптер не испытан.","Открытая информация; участие/часть документов могут требовать регистрацию и квалификацию","Публичный просмотр без плановой покупки подписки; стоимость участия и интеграции уточнять, покупку не включать автоматически","search_index","https://goszakupki.tatarstan.ru/goods.htm","Проверка 01.10.2026: Официальная страница индексируется с названием системы и ссылкой входа БАРС.Электронный магазин.","2026-10-01","not_separately_checked","not_checked_here","1","true","Разрешить конечный URL через официальную страницу; проверить открытые потребности, архив и документацию.","Проверить действующий маршрут, доступный корпус и инкрементальный сбор; связать с текущим проектом.","Расширение исходных 159: поиск официального канала и переходы из закупочной/корпоративной страницы","added_v2"
"MISB-183","Татарстан — ЭТП zakupki.tatar","https://www.etpzakupki.tatar/app/Home/page","C01","C01","Государственные и универсальные ЭТП","Региональные малые закупки","РФ / Татарстан","RU","D","D; R","Тендерная процедура","Карточка → все приложения → заказчик → способ подачи","Учреждения и организации Татарстана","Региональные закупки и самостоятельные заказчики на ЭТП","Корпоративное обучение руководителей и специалистов; ДПО; электронные курсы; деловые мероприятия","обучение OR повышение квалификации OR развитие персонала OR семинар OR тренинг OR вебинар OR электронный курс OR видеокурс OR стратегическая сессия OR фасилитация OR наставничество","Открытая витрина и связанные карточки/вложения; сначала проверить способы выгрузки и уведомления. API/RSS не подтверждены; автоматический адаптер не испытан.","Открытая информация; участие/часть документов могут требовать регистрацию и квалификацию","Публичный просмотр без плановой покупки подписки; стоимость участия и интеграции уточнять, покупку не включать автоматически","search_index","https://www.etpzakupki.tatar/app/Home/page","Проверка 01.10.2026: Индекс площадки показывает регистрацию заказчика/участника, статистику торгов и переход на zakupki.tatar.","2026-10-01","not_separately_checked","not_checked_here","2","true","Проверить категории услуг и пересечение с БАРС/ЗаказРФ; до сравнения не объединять эти источники.","Проверить действующий маршрут, доступный корпус и инкрементальный сбор; связать с текущим проектом.","Расширение исходных 159: поиск официального канала и переходы из закупочной/корпоративной страницы","added_v2"
"MISB-184","MITWORK — Евразийский электронный портал","https://eep.mitwork.kz/ru/","C01","C01","Государственные и универсальные ЭТП","Закупки Казахстана и Кыргызстана","Казахстан","KZ","D","D; R","Тендерная процедура","Карточка → все приложения → заказчик → способ подачи","HR/L&D, корпоративный университет, закупки, функциональные дирекции","Прямые закупки и пункты планов квазигосударственных/частных заказчиков","Корпоративное обучение руководителей и специалистов; ДПО; электронные курсы; деловые мероприятия","обучение OR повышение квалификации OR развитие персонала OR семинар OR тренинг OR вебинар OR электронный курс OR видеокурс OR стратегическая сессия OR фасилитация OR наставничество OR оқыту OR біліктілікті арттыру OR персоналды дамыту","Открытая витрина и связанные карточки/вложения; сначала проверить способы выгрузки и уведомления. API/RSS не подтверждены; автоматический адаптер не испытан.","Открытая информация; участие/часть документов могут требовать регистрацию и квалификацию","Публичный просмотр без плановой покупки подписки; стоимость участия и интеграции уточнять, покупку не включать автоматически","content_read","https://eep.mitwork.kz/ru/","Проверка 01.10.2026: Страница прочитана; показывает активные закупки, планы, лоты и категорию услуг для бизнеса.","2026-10-01","not_separately_checked","not_checked_here","1","true","Разделить планы и объявления; проверить русский/казахский словарь и не ограничивать по классу услуги.","Проверить действующий маршрут, доступный корпус и инкрементальный сбор; связать с текущим проектом.","Расширение исходных 159: поиск официального канала и переходы из закупочной/корпоративной страницы","added_v2"
"MISB-185","GetContract — запросы коммерческих предложений Казахстана","https://getcontract.kz/","C02","C02","Корпоративные закупки и квалификация","Запросы КП и коммерческие витрины","Казахстан","KZ","D","D; R","Корпоративный поставщик","Корпоративная страница → кабинет → категории услуг → дочерние общества","HR/L&D, корпоративный университет, закупки, функциональные дирекции","Запросы КП от компаний до формального тендера","Корпоративное обучение руководителей и специалистов; ДПО; электронные курсы; деловые мероприятия","обучение OR повышение квалификации OR развитие персонала OR семинар OR тренинг OR вебинар OR электронный курс OR видеокурс OR стратегическая сессия OR фасилитация OR наставничество","Открытая витрина и связанные карточки/вложения; сначала проверить способы выгрузки и уведомления. API/RSS не подтверждены; автоматический адаптер не испытан.","Страница JS; интерфейс, регистрация и доступ к RFQ требуют проверки","Публичный просмотр без плановой покупки подписки; стоимость участия и интеграции уточнять, покупку не включать автоматически","content_read","https://www.mitwork.kz/","Проверка 01.10.2026: Официальная MITWORK описывает сервис запросов/отправки КП; конечная страница открылась как JS-оболочка.","2026-10-01","not_separately_checked","not_checked_here","1","true","Проверить видимость входящих запросов услуг и уведомления поставщику; отделить справочник компаний от реальных RFQ.","Проверить действующий маршрут, доступный корпус и инкрементальный сбор; связать с текущим проектом.","Расширение исходных 159: поиск официального канала и переходы из закупочной/корпоративной страницы","added_v2"
"MISB-186","MP.kz — отдельная категория тренингов и образования","https://mp.kz/?TenderLots=list&category_id=33&tender_lot_state_id=4","C01","C01","Государственные и универсальные ЭТП","Коммерческие ЭТП","Казахстан","KZ","D","D; R","Тендерная процедура","Карточка → все приложения → заказчик → способ подачи","HR/L&D, корпоративный университет, закупки, функциональные дирекции","Обучение и тренинги коммерческих банков, телекома и других компаний","Корпоративное обучение руководителей и специалистов; ДПО; электронные курсы; деловые мероприятия","обучение OR повышение квалификации OR развитие персонала OR семинар OR тренинг OR вебинар OR электронный курс OR видеокурс OR стратегическая сессия OR фасилитация OR наставничество","Открытая витрина и связанные карточки/вложения; сначала проверить способы выгрузки и уведомления. API/RSS не подтверждены; автоматический адаптер не испытан.","Открытая информация; участие/часть документов могут требовать регистрацию и квалификацию","Публичный просмотр без плановой покупки подписки; стоимость участия и интеграции уточнять, покупку не включать автоматически","search_index","https://mp.kz/?TenderLots=list&category_id=33&tender_lot_state_id=4","Проверка 01.10.2026: Поисковая выдача показывает категорию «Тренинги. Услуги образования. Подбор персонала» и, например, запрос Bereke Bank на профайлинг.","2026-10-01","not_separately_checked","not_checked_here","1","true","Проверить значение state_id=4; затем пройти все состояния, родительские разделы и смежные категории без узкого фильтра.","Проверить действующий маршрут, доступный корпус и инкрементальный сбор; связать с текущим проектом.","Расширение исходных 159: поиск официального канала и переходы из закупочной/корпоративной страницы","added_v2"
"MISB-187","КПО — система электронных торгов","https://www.kpo.kz/ru/postavshchikam/sistema-ehlektronnykh-torgov","C01","C01","Государственные и универсальные ЭТП","Корпоративные закупочные каналы","Казахстан","KZ","D","D; R","Тендерная процедура","Карточка → все приложения → заказчик → способ подачи","HR/L&D, корпоративный университет, закупки, функциональные дирекции","Закупки Карачаганакского проекта и квалификация поставщиков услуг","Корпоративное обучение руководителей и специалистов; ДПО; электронные курсы; деловые мероприятия","обучение OR повышение квалификации OR развитие персонала OR семинар OR тренинг OR вебинар OR электронный курс OR видеокурс OR стратегическая сессия OR фасилитация OR наставничество","Открытая витрина и связанные карточки/вложения; сначала проверить способы выгрузки и уведомления. API/RSS не подтверждены; автоматический адаптер не испытан.","Открытая информация; участие/часть документов могут требовать регистрацию и квалификацию","Публичный просмотр без плановой покупки подписки; стоимость участия и интеграции уточнять, покупку не включать автоматически","search_index","https://www.kpo.kz/ru/postavshchikam/sistema-ehlektronnykh-torgov","Проверка 01.10.2026: Официальная индексируемая страница раздела «Поставщикам» подтверждена.","2026-10-01","not_separately_checked","not_checked_here","1","true","Проверить новый маршрут SAP Business Network и публичную часть; сохранить предыдущий маршрут в истории миграций.","Проверить действующий маршрут, доступный корпус и инкрементальный сбор; связать с текущим проектом.","Расширение исходных 159: поиск официального канала и переходы из закупочной/корпоративной страницы","added_v2"
"MISB-188","КПО — регистрация поставщиков и приглашения","https://www.kpo.kz/ru/postavshchikam/registracija-v-baze-dannykh-postavshchikov-kpo?cHash=a9edd81e12f6e9165da077ad7d1666a7&ysclid=123","C02","C02","Корпоративные закупки и квалификация","Корпоративные закупочные каналы","Казахстан","KZ","P","P; R","Корпоративный поставщик","Корпоративная страница → кабинет → категории услуг → дочерние общества","HR/L&D, корпоративный университет, закупки, функциональные дирекции","Включение в базу для получения закрытых или адресных запросов обучения","Корпоративное обучение руководителей и специалистов; ДПО; электронные курсы; деловые мероприятия","обучение OR повышение квалификации OR развитие персонала OR семинар OR тренинг OR вебинар OR электронный курс OR видеокурс OR стратегическая сессия OR фасилитация OR наставничество","Открытая витрина и связанные карточки/вложения; сначала проверить способы выгрузки и уведомления. API/RSS не подтверждены; автоматический адаптер не испытан.","Открытая информация; участие/часть документов могут требовать регистрацию и квалификацию","Публичный просмотр без плановой покупки подписки; стоимость участия и интеграции уточнять, покупку не включать автоматически","search_index","https://www.kpo.kz/ru/postavshchikam/registracija-v-baze-dannykh-postavshchikov-kpo?cHash=a9edd81e12f6e9165da077ad7d1666a7&ysclid=123","Проверка 01.10.2026: Официальный индекс сообщает необходимость новой регистрации всех поставщиков в SAP Business Network после запуска платформы.","2026-10-01","not_separately_checked","not_checked_here","1","true","Получить канонический URL и актуальные инструкции; проверить категории услуг МИСБ и допуск нерезидентов.","Проверить действующий маршрут, доступный корпус и инкрементальный сбор; связать с текущим проектом.","Расширение исходных 159: поиск официального канала и переходы из закупочной/корпоративной страницы","added_v2"
"MISB-189","Тенгизшевройл — Supplier Expression of Interest","https://seoi.tengizchevroil.com/","C02","C02","Корпоративные закупки и квалификация","Корпоративные закупочные каналы","Казахстан","KZ","P","P; R","Корпоративный поставщик","Корпоративная страница → кабинет → категории услуг → дочерние общества","HR/L&D, корпоративный университет, закупки, функциональные дирекции","Доступ к будущим приглашениям через выражение интереса поставщика","Корпоративное обучение руководителей и специалистов; ДПО; электронные курсы; деловые мероприятия","обучение OR повышение квалификации OR развитие персонала OR семинар OR тренинг OR вебинар OR электронный курс OR видеокурс OR стратегическая сессия OR фасилитация OR наставничество","Открытая витрина и связанные карточки/вложения; сначала проверить способы выгрузки и уведомления. API/RSS не подтверждены; автоматический адаптер не испытан.","Открытая информация; участие/часть документов могут требовать регистрацию и квалификацию","Регистрация SEOI официально бесплатна; участие/приглашение не гарантированы","search_index","https://seoi.tengizchevroil.com/","Проверка 01.10.2026: Официальный портал прямо указывает бесплатную регистрацию и что SEOI не является приглашением к тендеру.","2026-10-01","not_separately_checked","not_checked_here","1","true","Проверить услуги обучения/развития и необходимые документы; в мониторинге вести очередь квалификации, не называть регистрационную страницу готовым лидом.","Проверить действующий маршрут, доступный корпус и инкрементальный сбор; связать с текущим проектом.","Расширение исходных 159: поиск официального канала и переходы из закупочной/корпоративной страницы","added_v2"
"MISB-190","NCOC — портал поставщиков ProCon","https://procon-supplier.ncoc.kz/","C02","C02","Корпоративные закупки и квалификация","Корпоративные закупочные каналы","Казахстан","KZ","D","D; R","Корпоративный поставщик","Корпоративная страница → кабинет → категории услуг → дочерние общества","HR/L&D, корпоративный университет, закупки, функциональные дирекции","Приглашения и тендеры North Caspian Operating Company","Корпоративное обучение руководителей и специалистов; ДПО; электронные курсы; деловые мероприятия","обучение OR повышение квалификации OR развитие персонала OR семинар OR тренинг OR вебинар OR электронный курс OR видеокурс OR стратегическая сессия OR фасилитация OR наставничество","Открытая витрина и связанные карточки/вложения; сначала проверить способы выгрузки и уведомления. API/RSS не подтверждены; автоматический адаптер не испытан.","Часть информации публична; тендеры и кабинет по доступу поставщика","Публичный просмотр без плановой покупки подписки; стоимость участия и интеграции уточнять, покупку не включать автоматически","search_index","https://procon-supplier.ncoc.kz/procon/Supplier_Site/2_Online_Tendering_Instructions_Eng.pdf","Проверка 01.10.2026: Адрес подтверждён официальной инструкцией NCOC по электронным торгам. В открытом индексе есть документация REST API, но доступ и разрешение на API не проверены.","2026-10-01","not_separately_checked","not_checked_here","1","true","Начать с инструкций и легального доступа поставщика; затем запросить допустимые уведомления/интеграцию. Не считать найденную API-документацию готовым подключением.","Проверить действующий маршрут, доступный корпус и инкрементальный сбор; связать с текущим проектом.","Расширение исходных 159: поиск официального канала и переходы из закупочной/корпоративной страницы","added_v2"
"MISB-191","KAZ Minerals — объявления и возможности для поставщиков","https://www.kazminerals.com/suppliers/","C02","C02","Корпоративные закупки и квалификация","Корпоративные закупочные каналы","Казахстан; Кыргызстан","KZ; KG","D","D; R","Корпоративный поставщик","Корпоративная страница → кабинет → категории услуг → дочерние общества","HR/L&D, корпоративный университет, закупки, функциональные дирекции","Объявления о закупках и регистрация поставщика услуг","Корпоративное обучение руководителей и специалистов; ДПО; электронные курсы; деловые мероприятия","обучение OR повышение квалификации OR развитие персонала OR семинар OR тренинг OR вебинар OR электронный курс OR видеокурс OR стратегическая сессия OR фасилитация OR наставничество","Открытая витрина и связанные карточки/вложения; сначала проверить способы выгрузки и уведомления. API/RSS не подтверждены; автоматический адаптер не испытан.","Открытая информация; участие/часть документов могут требовать регистрацию и квалификацию","Публичный просмотр без плановой покупки подписки; стоимость участия и интеграции уточнять, покупку не включать автоматически","search_index","https://www.kazminerals.com/suppliers/","Проверка 01.10.2026: Официальная выдача содержит Announcements, General information и маршруты регистрации.","2026-10-01","not_separately_checked","not_checked_here","1","true","Собрать все объявления и отдельные предприятия, включая Bozymchak в Кыргызстане; читать GWS-классификатор.","Проверить действующий маршрут, доступный корпус и инкрементальный сбор; связать с текущим проектом.","Расширение исходных 159: поиск официального канала и переходы из закупочной/корпоративной страницы","added_v2"
"MISB-192","Казахмыс — система электронных торгов и прогноз ТРУ","https://umts.kazakhmys.kz/","C01","C01","Государственные и универсальные ЭТП","Корпоративные закупочные каналы","Казахстан","KZ","D","D; R","Тендерная процедура","Карточка → все приложения → заказчик → способ подачи","HR/L&D, корпоративный университет, закупки, функциональные дирекции","Закупки, прогнозы ТРУ и допуск по группам/подгруппам","Корпоративное обучение руководителей и специалистов; ДПО; электронные курсы; деловые мероприятия","обучение OR повышение квалификации OR развитие персонала OR семинар OR тренинг OR вебинар OR электронный курс OR видеокурс OR стратегическая сессия OR фасилитация OR наставничество","Открытая витрина и связанные карточки/вложения; сначала проверить способы выгрузки и уведомления. API/RSS не подтверждены; автоматический адаптер не испытан.","Открытая информация; участие/часть документов могут требовать регистрацию и квалификацию","Публичный просмотр без плановой покупки подписки; стоимость участия и интеграции уточнять, покупку не включать автоматически","content_read","https://umts.kazakhmys.kz/","Проверка 01.10.2026: Страница прочитана; есть новые/архивные объявления, регистрация нерезидентов, доска РУ, прогноз ТРУ и открытие доступа по группам.","2026-10-01","not_separately_checked","not_checked_here","1","true","Развернуть каждую из лент в отдельный route; получить справочник групп и полный набор категорий МИСБ.","Проверить действующий маршрут, доступный корпус и инкрементальный сбор; связать с текущим проектом.","Расширение исходных 159: поиск официального канала и переходы из закупочной/корпоративной страницы","added_v2"
"MISB-193","Казахмыс — отдельная доска работ и услуг","https://umts.kazakhmys.kz/bulletin_board.aspx","C02","C02","Корпоративные закупки и квалификация","Корпоративные закупочные каналы","Казахстан","KZ","D","D; R","Корпоративный поставщик","Корпоративная страница → кабинет → категории услуг → дочерние общества","HR/L&D, корпоративный университет, закупки, функциональные дирекции","Работы/услуги и запросы вне товарной части электронных торгов","Корпоративное обучение руководителей и специалистов; ДПО; электронные курсы; деловые мероприятия","обучение OR повышение квалификации OR развитие персонала OR семинар OR тренинг OR вебинар OR электронный курс OR видеокурс OR стратегическая сессия OR фасилитация OR наставничество","Открытая витрина и связанные карточки/вложения; сначала проверить способы выгрузки и уведомления. API/RSS не подтверждены; автоматический адаптер не испытан.","Открытая информация; участие/часть документов могут требовать регистрацию и квалификацию","Публичный просмотр без плановой покупки подписки; стоимость участия и интеграции уточнять, покупку не включать автоматически","content_read","https://umts.kazakhmys.kz/bulletin_board.aspx","Проверка 01.10.2026: Страница прочитана; публикует заявки на закуп работ и услуг, контакты и способы получения ТЗ.","2026-10-01","not_separately_checked","not_checked_here","1","true","Парсить текст заявок и вложения; проверять дату обновления и альтернативную ленту при отсутствии новых записей.","Проверить действующий маршрут, доступный корпус и инкрементальный сбор; связать с текущим проектом.","Расширение исходных 159: поиск официального канала и переходы из закупочной/корпоративной страницы","added_v2"
"MISB-194","Кыргызстан — единая точка входа в три закупочные системы","https://www.zakupki.okmot.kg/","C02","C02","Корпоративные закупки и квалификация","Закупки Казахстана и Кыргызстана","Кыргызстан","KG","R","R","Корпоративный поставщик","Корпоративная страница → кабинет → категории услуг → дочерние общества","HR/L&D, корпоративный университет, закупки, функциональные дирекции","Открытие дополнительных каналов старого/нового портала и госкомпаний","Корпоративное обучение руководителей и специалистов; ДПО; электронные курсы; деловые мероприятия","обучение OR повышение квалификации OR развитие персонала OR семинар OR тренинг OR вебинар OR электронный курс OR видеокурс OR стратегическая сессия OR фасилитация OR наставничество","Открытая витрина и связанные карточки/вложения; сначала проверить способы выгрузки и уведомления. API/RSS не подтверждены; автоматический адаптер не испытан.","Открытая информация; участие/часть документов могут требовать регистрацию и квалификацию","Публичный просмотр без плановой покупки подписки; стоимость участия и интеграции уточнять, покупку не включать автоматически","search_index","https://www.zakupki.okmot.kg/","Проверка 01.10.2026: Официальный индекс показывает три отдельных перехода: старый портал, новый портал, портал ГосКомпаний.","2026-10-01","not_separately_checked","not_checked_here","1","true","Разрешить все три реальные ссылки и создать отдельные адаптеры; сравнить пересечение с zakupki.gov.kg/popp/.","Проверить действующий маршрут, доступный корпус и инкрементальный сбор; связать с текущим проектом.","Расширение исходных 159: поиск официального канала и переходы из закупочной/корпоративной страницы","added_v2"
"MISB-195","Кыргызстан — дополнительный маршрут старого портала","https://zakupki.okmot.kg/popp/home.xhtml","C02","C02","Корпоративные закупки и квалификация","Закупки Казахстана и Кыргызстана","Кыргызстан","KG","D","D; R","Корпоративный поставщик","Корпоративная страница → кабинет → категории услуг → дочерние общества","HR/L&D, корпоративный университет, закупки, функциональные дирекции","Прямые закупки и резервный маршрут доступа к государственным процедурам","Корпоративное обучение руководителей и специалистов; ДПО; электронные курсы; деловые мероприятия","обучение OR повышение квалификации OR развитие персонала OR семинар OR тренинг OR вебинар OR электронный курс OR видеокурс OR стратегическая сессия OR фасилитация OR наставничество","Открытая витрина и связанные карточки/вложения; сначала проверить способы выгрузки и уведомления. API/RSS не подтверждены; автоматический адаптер не испытан.","Открытая информация; участие/часть документов могут требовать регистрацию и квалификацию","Публичный просмотр без плановой покупки подписки; стоимость участия и интеграции уточнять, покупку не включать автоматически","search_index","https://zakupki.okmot.kg/popp/home.xhtml","Проверка 01.10.2026: Индекс показывает Portal PP, регионы и карточки закупок 2026 года.","2026-10-01","not_separately_checked","not_checked_here","1","true","Сопоставить ID закупок с zakupki.gov.kg/popp/; хранить как зеркало до доказательства различий, не отключать из-за дублей.","Проверить действующий маршрут, доступный корпус и инкрементальный сбор; связать с текущим проектом.","Расширение исходных 159: поиск официального канала и переходы из закупочной/корпоративной страницы","added_v2"
"MISB-196","Кумтор Голд Компани — прямая лента закупок","https://www.kumtor.kg/ru/category/procurement/","C02","C02","Корпоративные закупки и квалификация","Корпоративные закупочные каналы","Кыргызстан","KG","D","D; R","Корпоративный поставщик","Корпоративная страница → кабинет → категории услуг → дочерние общества","HR/L&D, корпоративный университет, закупки, функциональные дирекции","Прямые запросы работ и услуг крупного работодателя","Корпоративное обучение руководителей и специалистов; ДПО; электронные курсы; деловые мероприятия","обучение OR повышение квалификации OR развитие персонала OR семинар OR тренинг OR вебинар OR электронный курс OR видеокурс OR стратегическая сессия OR фасилитация OR наставничество","Открытая витрина и связанные карточки/вложения; сначала проверить способы выгрузки и уведомления. API/RSS не подтверждены; автоматический адаптер не испытан.","Открытая информация; участие/часть документов могут требовать регистрацию и квалификацию","Публичный просмотр без плановой покупки подписки; стоимость участия и интеграции уточнять, покупку не включать автоматически","content_read","https://www.kumtor.kg/ru/category/procurement/","Проверка 01.10.2026: Страница прочитана; показывает свежие записи 01.10.2026 с дедлайнами и подробностями закупок.","2026-10-01","not_separately_checked","not_checked_here","1","true","Мониторить ленту с пагинацией и вложениями; проверять кыргызскую/английскую версии и регистрацию поставщиков.","Проверить действующий маршрут, доступный корпус и инкрементальный сбор; связать с текущим проектом.","Расширение исходных 159: поиск официального канала и переходы из закупочной/корпоративной страницы","added_v2"
"MISB-197","Белорусская железная дорога — отдельная зарубежная лента TenderGuru","https://tendery-stran-mira.tenderguru.ru/companies/belorusskaya-zheleznaya-doroga","C02","C02","Корпоративные закупки и квалификация","Агрегаторы и альтернативные маршруты","Беларусь","BY","D","D; R","Корпоративный поставщик","Корпоративная страница → кабинет → категории услуг → дочерние общества","HR/L&D, корпоративный университет, закупки, функциональные дирекции","Закупки крупного холдинга и отдельных подразделений","Корпоративное обучение руководителей и специалистов; ДПО; электронные курсы; деловые мероприятия","обучение OR повышение квалификации OR развитие персонала OR семинар OR тренинг OR вебинар OR электронный курс OR видеокурс OR стратегическая сессия OR фасилитация OR наставничество","Открытая витрина и связанные карточки/вложения; сначала проверить способы выгрузки и уведомления. API/RSS не подтверждены; автоматический адаптер не испытан.","Открытая информация; участие/часть документов могут требовать регистрацию и квалификацию","Публичный просмотр без плановой покупки подписки; стоимость участия и интеграции уточнять, покупку не включать автоматически","search_index","https://tendery-stran-mira.tenderguru.ru/companies/belorusskaya-zheleznaya-doroga","Проверка 01.10.2026: Индексирует ленту организации и упоминает выгрузку JSON/XML; объём доступных данных и тариф API не проверены.","2026-10-01","not_separately_checked","not_checked_here","1","true","Проверить наличие услуг обучения за 24 месяца; извлекать первоисточник каждого лота и новые названия подразделений.","Проверить действующий маршрут, доступный корпус и инкрементальный сбор; связать с текущим проектом.","Расширение исходных 159: поиск официального канала и переходы из закупочной/корпоративной страницы","added_v2"
"MISB-198","Белоруснефть — отдельная зарубежная лента TenderGuru","https://tendery-stran-mira.tenderguru.ru/companies/po-belorusneft","C02","C02","Корпоративные закупки и квалификация","Агрегаторы и альтернативные маршруты","Беларусь","BY","D","D; R","Корпоративный поставщик","Корпоративная страница → кабинет → категории услуг → дочерние общества","HR/L&D, корпоративный университет, закупки, функциональные дирекции","Закупки группы и её нефтепродуктообеспечивающих предприятий","Корпоративное обучение руководителей и специалистов; ДПО; электронные курсы; деловые мероприятия","обучение OR повышение квалификации OR развитие персонала OR семинар OR тренинг OR вебинар OR электронный курс OR видеокурс OR стратегическая сессия OR фасилитация OR наставничество","Открытая витрина и связанные карточки/вложения; сначала проверить способы выгрузки и уведомления. API/RSS не подтверждены; автоматический адаптер не испытан.","Открытая информация; участие/часть документов могут требовать регистрацию и квалификацию","Публичный просмотр без плановой покупки подписки; стоимость участия и интеграции уточнять, покупку не включать автоматически","search_index","https://tendery-stran-mira.tenderguru.ru/companies/po-belorusneft","Проверка 01.10.2026: Индекс показывает источник ПО «Белоруснефть» и фильтр обучения; это дополнительный маршрут к первоисточникам.","2026-10-01","not_separately_checked","not_checked_here","1","true","Расширить на дочерние предприятия; разбирать оригинальные ссылки и исторические образовательные закупки.","Проверить действующий маршрут, доступный корпус и инкрементальный сбор; связать с текущим проектом.","Расширение исходных 159: поиск официального канала и переходы из закупочной/корпоративной страницы","added_v2"
"MISB-199","Беларуськалий — закупочная лента EnergyBase","https://energybase.ru/vendor/belaruskali/tenders","C02","C02","Корпоративные закупки и квалификация","Агрегаторы и альтернативные маршруты","Беларусь","BY","D","D; R","Корпоративный поставщик","Корпоративная страница → кабинет → категории услуг → дочерние общества","HR/L&D, корпоративный университет, закупки, функциональные дирекции","Закупки и изучение конъюнктуры рынка отдельного промышленного холдинга","Корпоративное обучение руководителей и специалистов; ДПО; электронные курсы; деловые мероприятия","обучение OR повышение квалификации OR развитие персонала OR семинар OR тренинг OR вебинар OR электронный курс OR видеокурс OR стратегическая сессия OR фасилитация OR наставничество","Открытая витрина и связанные карточки/вложения; сначала проверить способы выгрузки и уведомления. API/RSS не подтверждены; автоматический адаптер не испытан.","Открытая информация; участие/часть документов могут требовать регистрацию и квалификацию","Публичный просмотр без плановой покупки подписки; стоимость участия и интеграции уточнять, покупку не включать автоматически","search_index","https://energybase.ru/vendor/belaruskali/tenders","Проверка 01.10.2026: Индекс показывает ленту закупок и свежие процедуры заказчика; в карточках встречается изучение конъюнктуры рынка.","2026-10-01","not_separately_checked","not_checked_here","2","true","Собрать оригинальные адреса закупок и картировать дочерние предприятия; мониторить широкие услуги без фильтра только по обучению.","Проверить действующий маршрут, доступный корпус и инкрементальный сбор; связать с текущим проектом.","Расширение исходных 159: поиск официального канала и переходы из закупочной/корпоративной страницы","added_v2"
"MISB-200","Ростех — реестр закупочных организаций и выход на РТ-Комплектимпекс","https://rostec.ru/purchase/","C02","C02","Корпоративные закупки и квалификация","Корпоративные закупочные каналы","РФ","RU","R","R","Корпоративный поставщик","Корпоративная страница → кабинет → категории услуг → дочерние общества","HR/L&D, корпоративный университет, закупки, функциональные дирекции","Поиск недостающих закупочных контуров предприятий госкорпорации","Корпоративное обучение руководителей и специалистов; ДПО; электронные курсы; деловые мероприятия","обучение OR повышение квалификации OR развитие персонала OR семинар OR тренинг OR вебинар OR электронный курс OR видеокурс OR стратегическая сессия OR фасилитация OR наставничество","Открытая витрина и связанные карточки/вложения; сначала проверить способы выгрузки и уведомления. API/RSS не подтверждены; автоматический адаптер не испытан.","Открытая информация; участие/часть документов могут требовать регистрацию и квалификацию","Публичный просмотр без плановой покупки подписки; стоимость участия и интеграции уточнять, покупку не включать автоматически","search_index","https://rostec.ru/purchase/","Проверка 01.10.2026: Официальный индекс указывает, что перечень присоединившихся организаций доступен в кабинете заказчика РТ-Комплектимпекс.","2026-10-01","not_separately_checked","not_checked_here","1","true","Построить дерево холдингов и закупочных представителей; проверить доступные открытые разделы rt-ci.ru и самостоятельные порталы дочерних обществ.","Проверить действующий маршрут, доступный корпус и инкрементальный сбор; связать с текущим проектом.","Расширение исходных 159: поиск официального канала и переходы из закупочной/корпоративной страницы","added_v2"
"MISB-201","Качканарская теплоснабжающая компания — самостоятельный закупочный раздел","https://ktk.evraz.com/zakupki/","C02","C02","Корпоративные закупки и квалификация","Корпоративные закупочные каналы","РФ","RU","D","D; R","Корпоративный поставщик","Корпоративная страница → кабинет → категории услуг → дочерние общества","HR/L&D, корпоративный университет, закупки, функциональные дирекции","Закупки нишевого корпоративного заказчика, который легко потерять при мониторинге головного холдинга","Корпоративное обучение руководителей и специалистов; ДПО; электронные курсы; деловые мероприятия","обучение OR повышение квалификации OR развитие персонала OR семинар OR тренинг OR вебинар OR электронный курс OR видеокурс OR стратегическая сессия OR фасилитация OR наставничество","Открытая витрина и связанные карточки/вложения; сначала проверить способы выгрузки и уведомления. API/RSS не подтверждены; автоматический адаптер не испытан.","Открытая информация; участие/часть документов могут требовать регистрацию и квалификацию","Публичный просмотр без плановой покупки подписки; стоимость участия и интеграции уточнять, покупку не включать автоматически","search_index","https://ktk.evraz.com/zakupki/","Проверка 01.10.2026: Официальный индекс показывает приглашения юридических лиц к конкурсам и порядок получения документации.","2026-10-01","not_separately_checked","not_checked_here","2","true","Проверить свежесть извещений и связь с текущей структурой группы; не выводить собственника только из старого домена.","Проверить действующий маршрут, доступный корпус и инкрементальный сбор; связать с текущим проектом.","Расширение исходных 159: поиск официального канала и переходы из закупочной/корпоративной страницы","added_v2"
"MISB-202","Агентство по госзаказу Татарстана — биржа потребностей и e-mail рассылка","https://www.agzrt.ru/","C01","C01","Государственные и универсальные ЭТП","Региональные малые закупки","РФ","RU","R","R","Тендерная процедура","Карточка → все приложения → заказчик → способ подачи","Государственные и коммерческие заказчики Татарстана и других регионов","Потребности организаций и переходы к закупкам малого объёма","Корпоративное обучение руководителей и специалистов; ДПО; электронные курсы; деловые мероприятия","обучение OR повышение квалификации OR развитие персонала OR семинар OR тренинг OR вебинар OR электронный курс OR видеокурс OR стратегическая сессия OR фасилитация OR наставничество","Открытая витрина и связанные карточки/вложения; сначала проверить способы выгрузки и уведомления. API/RSS не подтверждены; автоматический адаптер не испытан.","Открытая информация; участие/часть документов могут требовать регистрацию и квалификацию","Официальный индекс указывает бесплатную e-mail рассылку потребностей; условия интеграции ещё не проверены","search_index","https://www.agzrt.ru/","Проверка 01.10.2026: Официальный индекс описывает биржевую площадку малых закупок, статистику потребностей и бесплатную e-mail рассылку.","2026-10-01","not_separately_checked","not_checked_here","1","true","Найти точную ссылку биржи/подписки; оценить охват ЗаказРФ и региональные потребности отдельно от тендерной ленты.","Проверить действующий маршрут, доступный корпус и инкрементальный сбор; связать с текущим проектом.","Расширение исходных 159: поиск официального канала и переходы из закупочной/корпоративной страницы","added_v2"
"MISB-203","BestSpeakers — отдельная лента запросов","https://bestspeakers.ru/category/zaprosy-na-spikerov/","C04","C04","Биржи HR, спикеров и проектных услуг","Биржи спикеров и запросов","РФ и русскоязычные заказчики; географию фиксировать для каждого сообщения","RU","D","D; R","Биржа проектов","Лента → карточка → штатный отклик → уточнение конечного покупателя","HR/L&D, руководители функций, организаторы конференций и деловых клубов","Запрос организатора на тему, формат, дату и кандидатов","Корпоративные семинары, вебинары, тренинги руководителей и специалистов, деловые и стратегические сессии","ищем / нужен / посоветуйте / порекомендуйте / подрядчик / запрос КП + обучение / тренинг / семинар / методист / электронный курс / фасилитация / управленцы","Публичная HTML-лента и доступные вложения; Telegram-группы через разрешенный аккаунт/экспорт после проверки правил; проверять новые сообщения и правки, хранить permalink и сырой текст. API не подтвержден.","Публичное описание; глубина истории, комментарии и доступ к чату проверяются отдельно","Просмотр открытой части 0 ₽; платные контакты/подписка и автоматизация — по отдельно проверенным условиям","content_read","https://bestspeakers.ru/category/zaprosy-na-spikerov/","Подтвержден самостоятельный раздел запросов. Вернуть в реестр как дополнительный маршрут общего семейства.","2026-10-01","not_separately_checked","not_checked_here","1","true","Снять доступный архив за 90 дней; проверить пагинацию, вложения, комментарии и обновления; сохранять все сомнительные сигналы. Извлечь новые каналы из ссылок и пересылок.","Проверить действующий маршрут, доступный корпус и инкрементальный сбор; связать с текущим проектом.","Веб-поиск и переход по подтвержденной ссылке","added_v2"
"MISB-204","Планета тренингов — запросы на тренинги","https://planetatreningov.ru/kakie-treningi/zaprosy-na-treningi/","C04","C04","Биржи HR, спикеров и проектных услуг","Биржи спикеров и запросов","РФ и русскоязычные заказчики; географию фиксировать для каждого сообщения","RU","D","D; R","Биржа проектов","Лента → карточка → штатный отклик → уточнение конечного покупателя","HR/L&D, руководители функций, организаторы конференций и деловых клубов","Заказ корпоративного тренинга или деловой сессии","Корпоративные семинары, вебинары, тренинги руководителей и специалистов, деловые и стратегические сессии","ищем / нужен / посоветуйте / порекомендуйте / подрядчик / запрос КП + обучение / тренинг / семинар / методист / электронный курс / фасилитация / управленцы","Публичная HTML-лента и доступные вложения; Telegram-группы через разрешенный аккаунт/экспорт после проверки правил; проверять новые сообщения и правки, хранить permalink и сырой текст. API не подтвержден.","Публичное описание; глубина истории, комментарии и доступ к чату проверяются отдельно","Просмотр открытой части 0 ₽; платные контакты/подписка и автоматизация — по отдельно проверенным условиям","content_read","https://planetatreningov.ru/kakie-treningi/zaprosy-na-treningi/","Раздел содержит 130 карточек: тренинг для руководителей 1С-франчайзи и сессия юридической службы; есть пагинация.","2026-10-01","not_separately_checked","not_checked_here","1","true","Снять доступный архив за 90 дней; проверить пагинацию, вложения, комментарии и обновления; сохранять все сомнительные сигналы. Извлечь новые каналы из ссылок и пересылок.","Проверить действующий маршрут, доступный корпус и инкрементальный сбор; связать с текущим проектом.","Веб-поиск и переход по подтвержденной ссылке","added_v2"
"MISB-205","SpeakerMarket — запросы организаторов","https://speakermarket.ru/marketplace/requests/","C04","C04","Биржи HR, спикеров и проектных услуг","Биржи спикеров и запросов","РФ и русскоязычные заказчики; географию фиксировать для каждого сообщения","RU","D","D; R","Биржа проектов","Лента → карточка → штатный отклик → уточнение конечного покупателя","HR/L&D, руководители функций, организаторы конференций и деловых клубов","Подбор эксперта под задачу заказчика","Корпоративные семинары, вебинары, тренинги руководителей и специалистов, деловые и стратегические сессии","ищем / нужен / посоветуйте / порекомендуйте / подрядчик / запрос КП + обучение / тренинг / семинар / методист / электронный курс / фасилитация / управленцы","Публичная HTML-лента и доступные вложения; Telegram-группы через разрешенный аккаунт/экспорт после проверки правил; проверять новые сообщения и правки, хранить permalink и сырой текст. API не подтвержден.","Публичное описание; глубина истории, комментарии и доступ к чату проверяются отдельно","Просмотр открытой части 0 ₽; платные контакты/подписка и автоматизация — по отдельно проверенным условиям","content_read","https://speakermarket.ru/marketplace/requests/","В ленте запросы банка, юридической службы, темы ИИ, продаж и критического мышления.","2026-10-01","not_separately_checked","not_checked_here","1","true","Снять доступный архив за 90 дней; проверить пагинацию, вложения, комментарии и обновления; сохранять все сомнительные сигналы. Извлечь новые каналы из ссылок и пересылок.","Проверить действующий маршрут, доступный корпус и инкрементальный сбор; связать с текущим проектом.","Веб-поиск и переход по подтвержденной ссылке","added_v2"
"MISB-206","Проект СПИКЕРЫ — партнерская и закрытая биржа","https://project-speakers.ru/","C04","C04","Биржи HR, спикеров и проектных услуг","Партнерства и агентские каналы","РФ и русскоязычные заказчики; географию фиксировать для каждого сообщения","RU","P","P; R","Биржа проектов","Лента → карточка → штатный отклик → уточнение конечного покупателя","HR/L&D, руководители функций, организаторы конференций и деловых клубов","Передача запросов, субподряд выступлений и учебных программ","Корпоративные семинары, вебинары, тренинги руководителей и специалистов, деловые и стратегические сессии","ищем / нужен / посоветуйте / порекомендуйте / подрядчик / запрос КП + обучение / тренинг / семинар / методист / электронный курс / фасилитация / управленцы","Публичная HTML-лента и доступные вложения; Telegram-группы через разрешенный аккаунт/экспорт после проверки правил; проверять новые сообщения и правки, хранить permalink и сырой текст. API не подтвержден.","Публичное описание; глубина истории, комментарии и доступ к чату проверяются отдельно","Просмотр открытой части 0 ₽; платные контакты/подписка и автоматизация — по отдельно проверенным условиям","content_read","https://project-speakers.ru/","На сайте описаны партнерская программа и закрытое сообщество с запросами на выступления.","2026-10-01","not_separately_checked","not_checked_here","2","true","Проверить доступ к закрытой ленте и условия партнерства; реестр не выключать из-за отсутствия открытого API.","Проверить действующий маршрут, доступный корпус и инкрементальный сбор; связать с текущим проектом.","Веб-поиск и переход по подтвержденной ссылке","added_v2"
"MISB-207","Найти спикера — каталог и маршрут к заказчикам","https://find-speaker.ru/","C04","C04","Биржи HR, спикеров и проектных услуг","Партнерства и агентские каналы","РФ и русскоязычные заказчики; географию фиксировать для каждого сообщения","RU","P","P; R","Биржа проектов","Лента → карточка → штатный отклик → уточнение конечного покупателя","HR/L&D, руководители функций, организаторы конференций и деловых клубов","Подбор спикера, партнерские обращения, исходящие ссылки на каналы спроса","Корпоративные семинары, вебинары, тренинги руководителей и специалистов, деловые и стратегические сессии","ищем / нужен / посоветуйте / порекомендуйте / подрядчик / запрос КП + обучение / тренинг / семинар / методист / электронный курс / фасилитация / управленцы","Публичная HTML-лента и доступные вложения; Telegram-группы через разрешенный аккаунт/экспорт после проверки правил; проверять новые сообщения и правки, хранить permalink и сырой текст. API не подтвержден.","Публичное описание; глубина истории, комментарии и доступ к чату проверяются отдельно","Просмотр открытой части 0 ₽; платные контакты/подписка и автоматизация — по отдельно проверенным условиям","content_read","https://find-speaker.ru/","Подтвержден действующий открытый каталог. Прямой поток закупочных запросов на главной не установлен.","2026-10-01","not_separately_checked","not_checked_here","2","true","Снять доступный архив за 90 дней; проверить пагинацию, вложения, комментарии и обновления; сохранять все сомнительные сигналы. Извлечь новые каналы из ссылок и пересылок.","Проверить действующий маршрут, доступный корпус и инкрементальный сбор; связать с текущим проектом.","Веб-поиск и переход по подтвержденной ссылке","added_v2"
"MISB-208","BestSpeakers — Telegram с запросами","https://t.me/Project_Best_Speakers","C05","C05","Telegram и социальные сообщества","Telegram: запросы и проекты","РФ и русскоязычные заказчики; географию фиксировать для каждого сообщения","RU","D","D; R","Сообщество","Пост → ветка комментариев → автор → связанная организация","HR/L&D, руководители функций, организаторы конференций и деловых клубов","Оперативные публикации запросов на выступления","Корпоративные семинары, вебинары, тренинги руководителей и специалистов, деловые и стратегические сессии","ищем / нужен / посоветуйте / порекомендуйте / подрядчик / запрос КП + обучение / тренинг / семинар / методист / электронный курс / фасилитация / управленцы","Публичная HTML-лента и доступные вложения; Telegram-группы через разрешенный аккаунт/экспорт после проверки правил; проверять новые сообщения и правки, хранить permalink и сырой текст. API не подтвержден.","Публичное описание; глубина истории, комментарии и доступ к чату проверяются отдельно","Просмотр открытой части 0 ₽; платные контакты/подписка и автоматизация — по отдельно проверенным условиям","content_read","https://bestspeakers.ru/","Официальный сайт прямо ссылается на этот Telegram как на канал запросов.","2026-10-01","not_separately_checked","not_checked_here","1","true","Снять доступный архив за 90 дней; проверить пагинацию, вложения, комментарии и обновления; сохранять все сомнительные сигналы. Извлечь новые каналы из ссылок и пересылок.","Проверить действующий маршрут, доступный корпус и инкрементальный сбор; связать с текущим проектом.","Веб-поиск и переход по подтвержденной ссылке","added_v2"
"MISB-209","BestSpeakers — профессиональный Telegram-чат","https://t.me/BestSpeakersRu","C05","C05","Telegram и социальные сообщества","Telegram: профессиональные чаты","РФ и русскоязычные заказчики; географию фиксировать для каждого сообщения","RU","P","P; R","Сообщество","Пост → ветка комментариев → автор → связанная организация","Агентства, тренеры, координаторы обучения","Рекомендации, замены спикеров, совместное исполнение","Корпоративные семинары, вебинары, тренинги руководителей и специалистов, деловые и стратегические сессии","ищем / нужен / посоветуйте / порекомендуйте / подрядчик / запрос КП + обучение / тренинг / семинар / методист / электронный курс / фасилитация / управленцы","Публичная HTML-лента и доступные вложения; Telegram-группы через разрешенный аккаунт/экспорт после проверки правил; проверять новые сообщения и правки, хранить permalink и сырой текст. API не подтвержден.","Публичное описание; глубина истории, комментарии и доступ к чату проверяются отдельно","Просмотр открытой части 0 ₽; платные контакты/подписка и автоматизация — по отдельно проверенным условиям","content_read","https://t.me/BestSpeakersRu","Чат подтвержден ссылкой официального BestSpeakers; содержание истории не проверено.","2026-10-01","not_separately_checked","not_checked_here","2","true","Снять доступный архив за 90 дней; проверить пагинацию, вложения, комментарии и обновления; сохранять все сомнительные сигналы. Извлечь новые каналы из ссылок и пересылок.","Проверить действующий маршрут, доступный корпус и инкрементальный сбор; связать с текущим проектом.","Веб-поиск и переход по подтвержденной ссылке","added_v2"
"MISB-210","BestSpeakers — VK","https://vk.com/bestspeakers","C05","C05","Telegram и социальные сообщества","VK: запросы и профессиональные сообщества","РФ и русскоязычные заказчики; географию фиксировать для каждого сообщения","RU","D","D; R","Сообщество","Пост → ветка комментариев → автор → связанная организация","HR/L&D, руководители функций, организаторы конференций и деловых клубов","Публикации запросов и их комментарии","Корпоративные семинары, вебинары, тренинги руководителей и специалистов, деловые и стратегические сессии","ищем / нужен / посоветуйте / порекомендуйте / подрядчик / запрос КП + обучение / тренинг / семинар / методист / электронный курс / фасилитация / управленцы","Публичная HTML-лента и доступные вложения; Telegram-группы через разрешенный аккаунт/экспорт после проверки правил; проверять новые сообщения и правки, хранить permalink и сырой текст. API не подтвержден. Доступ к стене/обсуждениям/комментариям отдельно не подтвержден; проверить разрешенный интерфейс платформы.","Публичное описание; глубина истории, комментарии и доступ к чату проверяются отдельно","Просмотр открытой части 0 ₽; платные контакты/подписка и автоматизация — по отдельно проверенным условиям","search_index","https://bestspeakers.ru/predlagaem-podbor-spikerov-dlya-meropriyatij/","Официальная страница приводит точный VK-адрес. Стену и текущую полноту потока еще проверить.","2026-10-01","not_separately_checked","not_checked_here","1","true","Снять доступный архив за 90 дней; проверить пагинацию, вложения, комментарии и обновления; сохранять все сомнительные сигналы. Извлечь новые каналы из ссылок и пересылок.","Проверить действующий маршрут, доступный корпус и инкрементальный сбор; связать с текущим проектом.","Веб-поиск и переход по подтвержденной ссылке","added_v2"
"MISB-211","BestSpeakers — Одноклассники","https://ok.ru/group/67289716752433","C05","C05","Telegram и социальные сообщества","Социальные сети: зеркала запросов","РФ и русскоязычные заказчики; географию фиксировать для каждого сообщения","RU","D","D; R","Сообщество","Пост → ветка комментариев → автор → связанная организация","HR/L&D, руководители функций, организаторы конференций и деловых клубов","Дополнительная публикация запроса, возможные новые детали или комментарии","Корпоративные семинары, вебинары, тренинги руководителей и специалистов, деловые и стратегические сессии","ищем / нужен / посоветуйте / порекомендуйте / подрядчик / запрос КП + обучение / тренинг / семинар / методист / электронный курс / фасилитация / управленцы","Публичная HTML-лента и доступные вложения; Telegram-группы через разрешенный аккаунт/экспорт после проверки правил; проверять новые сообщения и правки, хранить permalink и сырой текст. API не подтвержден. Доступ к стене/обсуждениям/комментариям отдельно не подтвержден; проверить разрешенный интерфейс платформы.","Публичное описание; глубина истории, комментарии и доступ к чату проверяются отдельно","Просмотр открытой части 0 ₽; платные контакты/подписка и автоматизация — по отдельно проверенным условиям","search_index","https://ok.ru/group/67289716752433/topic/159363404503857","Подтвержден запрос производителя электротехники на вебинары руководителям по мышлению и эмоциональному интеллекту.","2026-10-01","not_separately_checked","not_checked_here","1","true","Снять доступный архив за 90 дней; проверить пагинацию, вложения, комментарии и обновления; сохранять все сомнительные сигналы. Извлечь новые каналы из ссылок и пересылок.","Проверить действующий маршрут, доступный корпус и инкрементальный сбор; связать с текущим проектом.","Веб-поиск и переход по подтвержденной ссылке","added_v2"
"MISB-212","BestSpeakers — Boosty с платными контактами","https://boosty.to/bestspeakers","C04","C04","Биржи HR, спикеров и проектных услуг","Платные ленты прямого спроса","РФ и русскоязычные заказчики; географию фиксировать для каждого сообщения","RU","D","D; R","Биржа проектов","Лента → карточка → штатный отклик → уточнение конечного покупателя","HR/L&D, руководители функций, организаторы конференций и деловых клубов","Ранний доступ к запросам и контактам организаторов","Корпоративные семинары, вебинары, тренинги руководителей и специалистов, деловые и стратегические сессии","ищем / нужен / посоветуйте / порекомендуйте / подрядчик / запрос КП + обучение / тренинг / семинар / методист / электронный курс / фасилитация / управленцы","Публичная HTML-лента и доступные вложения; Telegram-группы через разрешенный аккаунт/экспорт после проверки правил; проверять новые сообщения и правки, хранить permalink и сырой текст. API не подтвержден.","Публичное описание; глубина истории, комментарии и доступ к чату проверяются отдельно","Подписка платная; цену проверить перед подключением, в пределах общего бюджета 10 000 ₽/мес.","search_index","https://boosty.to/bestspeakers","Описание проекта подтверждает публикацию запросов и закрытый Telegram после оплаты; актуальная цена не установлена.","2026-10-01","not_separately_checked","not_checked_here","1","true","Снять доступный архив за 90 дней; проверить пагинацию, вложения, комментарии и обновления; сохранять все сомнительные сигналы. Извлечь новые каналы из ссылок и пересылок.","Проверить действующий маршрут, доступный корпус и инкрементальный сбор; связать с текущим проектом.","Веб-поиск и переход по подтвержденной ссылке","added_v2"
"MISB-213","Digital Learning — сайт и карта экосистемы","https://digital-learning.ru/ekosistema-soobshhestva/","C18","C18","Каталоги и карты экосистем","Каталоги и автоматическое открытие источников","РФ и русскоязычные заказчики; географию фиксировать для каждого сообщения","RU","R","R","Каталог каналов","Каталог → первичная страница → проверка идентичности → регистрация","L&D, корпоративные университеты, HRD, продюсеры B2B-образования","Новые тематические и региональные чаты, выходящие из основного сообщества","Разработка электронных курсов, методология, учебные материалы, обучение внутренних тренеров и руководителей","ищем / нужен / посоветуйте / порекомендуйте / подрядчик / запрос КП + обучение / тренинг / семинар / методист / электронный курс / фасилитация / управленцы","Публичная HTML-лента и доступные вложения; Telegram-группы через разрешенный аккаунт/экспорт после проверки правил; проверять новые сообщения и правки, хранить permalink и сырой текст. API не подтвержден.","Публичное описание; глубина истории, комментарии и доступ к чату проверяются отдельно","Просмотр открытой части 0 ₽; платные контакты/подписка и автоматизация — по отдельно проверенным условиям","content_read","https://digital-learning.ru/ekosistema-soobshhestva/","Официальная карта содержит специализированные чаты, региональную ветку и архивные переговорки.","2026-10-01","not_separately_checked","not_checked_here","1","true","Обходить карту и сравнивать исходящие ссылки еженедельно; каждому новому чату отдельный source_id, даже при общих владельцах.","Проверить действующий маршрут, доступный корпус и инкрементальный сбор; связать с текущим проектом.","Веб-поиск и переход по подтвержденной ссылке","added_v2"
"MISB-214","Digital Learning — основной новостной Telegram","https://t.me/ielearning","C05","C05","Telegram и социальные сообщества","Telegram: L&D и корпоративное обучение","РФ и русскоязычные заказчики; географию фиксировать для каждого сообщения","RU","I","I; R","Сообщество","Пост → ветка комментариев → автор → связанная организация","L&D, корпоративные университеты, HRD, продюсеры B2B-образования","Кейсы, новые задачи заказчиков, открытые приглашения и ссылки на дискуссии","Разработка электронных курсов, методология, учебные материалы, обучение внутренних тренеров и руководителей","ищем / нужен / посоветуйте / порекомендуйте / подрядчик / запрос КП + обучение / тренинг / семинар / методист / электронный курс / фасилитация / управленцы","Публичная HTML-лента и доступные вложения; Telegram-группы через разрешенный аккаунт/экспорт после проверки правил; проверять новые сообщения и правки, хранить permalink и сырой текст. API не подтвержден.","Публичное описание; глубина истории, комментарии и доступ к чату проверяются отдельно","Просмотр открытой части 0 ₽; платные контакты/подписка и автоматизация — по отдельно проверенным условиям","content_read","https://digital-learning.ru/dl/","Официальная страница сообщества указывает канал @ielearning.","2026-10-01","not_separately_checked","not_checked_here","2","true","Снять доступный архив за 90 дней; проверить пагинацию, вложения, комментарии и обновления; сохранять все сомнительные сигналы. Извлечь новые каналы из ссылок и пересылок.","Проверить действующий маршрут, доступный корпус и инкрементальный сбор; связать с текущим проектом.","Веб-поиск и переход по подтвержденной ссылке","added_v2"
"MISB-215","Digital Learning — VK","https://vk.com/digitallearning","C05","C05","Telegram и социальные сообщества","VK: L&D и корпоративное обучение","РФ и русскоязычные заказчики; географию фиксировать для каждого сообщения","RU","I","I; R","Сообщество","Пост → ветка комментариев → автор → связанная организация","L&D, корпоративные университеты, HRD, продюсеры B2B-образования","Комментарии участников, кейсы заказчиков и новые партнерские направления","Разработка электронных курсов, методология, учебные материалы, обучение внутренних тренеров и руководителей","ищем / нужен / посоветуйте / порекомендуйте / подрядчик / запрос КП + обучение / тренинг / семинар / методист / электронный курс / фасилитация / управленцы","Публичная HTML-лента и доступные вложения; Telegram-группы через разрешенный аккаунт/экспорт после проверки правил; проверять новые сообщения и правки, хранить permalink и сырой текст. API не подтвержден. Доступ к стене/обсуждениям/комментариям отдельно не подтвержден; проверить разрешенный интерфейс платформы.","Публичное описание; глубина истории, комментарии и доступ к чату проверяются отдельно","Просмотр открытой части 0 ₽; платные контакты/подписка и автоматизация — по отдельно проверенным условиям","content_read","https://digital-learning.ru/dl/","Официальная страница сообщества указывает VK; доступность комментариев еще проверить.","2026-10-01","not_separately_checked","not_checked_here","2","true","Снять доступный архив за 90 дней; проверить пагинацию, вложения, комментарии и обновления; сохранять все сомнительные сигналы. Извлечь новые каналы из ссылок и пересылок.","Проверить действующий маршрут, доступный корпус и инкрементальный сбор; связать с текущим проектом.","Веб-поиск и переход по подтвержденной ссылке","added_v2"
"MISB-216","Digital Learning Сибирь","https://t.me/DL_Siberia","C05","C05","Telegram и социальные сообщества","Telegram: региональные HR-сообщества","РФ и русскоязычные заказчики; географию фиксировать для каждого сообщения","RU","I","I; R","Сообщество","Пост → ветка комментариев → автор → связанная организация","HR и L&D компаний Сибири","Региональные рекомендации тренеров и обсуждения задач обучения","Разработка электронных курсов, методология, учебные материалы, обучение внутренних тренеров и руководителей","ищем / нужен / посоветуйте / порекомендуйте / подрядчик / запрос КП + обучение / тренинг / семинар / методист / электронный курс / фасилитация / управленцы","Публичная HTML-лента и доступные вложения; Telegram-группы через разрешенный аккаунт/экспорт после проверки правил; проверять новые сообщения и правки, хранить permalink и сырой текст. API не подтвержден.","Публичное описание; глубина истории, комментарии и доступ к чату проверяются отдельно","Просмотр открытой части 0 ₽; платные контакты/подписка и автоматизация — по отдельно проверенным условиям","content_read","https://t.me/DL_Siberia","Подтверждена группа про обучение и HR в Сибири; официальная карта обозначает новую ветку 2026 года.","2026-10-01","not_separately_checked","not_checked_here","2","true","Снять доступный архив за 90 дней; проверить пагинацию, вложения, комментарии и обновления; сохранять все сомнительные сигналы. Извлечь новые каналы из ссылок и пересылок.","Проверить действующий маршрут, доступный корпус и инкрементальный сбор; связать с текущим проектом.","Веб-поиск и переход по подтвержденной ссылке","added_v2"
"MISB-217","Методический кружок Digital Learning","https://t.me/metod_krug","C05","C05","Telegram и социальные сообщества","Telegram: методисты и педагогический дизайн","РФ и русскоязычные заказчики; географию фиксировать для каждого сообщения","RU","I","I; R","Сообщество","Пост → ветка комментариев → автор → связанная организация","L&D, корпоративные университеты, HRD, продюсеры B2B-образования","Не закрытые внутренними силами задачи разработки программ","Разработка электронных курсов, методология, учебные материалы, обучение внутренних тренеров и руководителей","ищем / нужен / посоветуйте / порекомендуйте / подрядчик / запрос КП + обучение / тренинг / семинар / методист / электронный курс / фасилитация / управленцы","Публичная HTML-лента и доступные вложения; Telegram-группы через разрешенный аккаунт/экспорт после проверки правил; проверять новые сообщения и правки, хранить permalink и сырой текст. API не подтвержден.","Публичное описание; глубина истории, комментарии и доступ к чату проверяются отдельно","Просмотр открытой части 0 ₽; платные контакты/подписка и автоматизация — по отдельно проверенным условиям","content_read","https://t.me/metod_krug","Подтвержден чат обмена опытом; описание ведет к отдельной ленте вакансий.","2026-10-01","not_separately_checked","not_checked_here","2","true","Снять доступный архив за 90 дней; проверить пагинацию, вложения, комментарии и обновления; сохранять все сомнительные сигналы. Извлечь новые каналы из ссылок и пересылок.","Проверить действующий маршрут, доступный корпус и инкрементальный сбор; связать с текущим проектом.","Веб-поиск и переход по подтвержденной ссылке","added_v2"
"MISB-218","Digital Learning — Кружок «Очумелые ручки»","https://t.me/dl_tehcnology","C05","C05","Telegram и социальные сообщества","Telegram: технологии обучения","РФ и русскоязычные заказчики; географию фиксировать для каждого сообщения","RU","I","I; R","Сообщество","Пост → ветка комментариев → автор → связанная организация","Владельцы LMS, руководители электронного обучения","Проблемы с курсами/СДО, нехватка исполнителей и экспертизы","Разработка электронных курсов, методология, учебные материалы, обучение внутренних тренеров и руководителей","ищем / нужен / посоветуйте / порекомендуйте / подрядчик / запрос КП + обучение / тренинг / семинар / методист / электронный курс / фасилитация / управленцы","Публичная HTML-лента и доступные вложения; Telegram-группы через разрешенный аккаунт/экспорт после проверки правил; проверять новые сообщения и правки, хранить permalink и сырой текст. API не подтвержден.","Публичное описание; глубина истории, комментарии и доступ к чату проверяются отдельно","Просмотр открытой части 0 ₽; платные контакты/подписка и автоматизация — по отдельно проверенным условиям","content_read","https://t.me/dl_tehcnology","Подтвержден выделенный технологический чат; необычное написание handle сохранено точно.","2026-10-01","not_separately_checked","not_checked_here","2","true","Снять доступный архив за 90 дней; проверить пагинацию, вложения, комментарии и обновления; сохранять все сомнительные сигналы. Извлечь новые каналы из ссылок и пересылок.","Проверить действующий маршрут, доступный корпус и инкрементальный сбор; связать с текущим проектом.","Веб-поиск и переход по подтвержденной ссылке","added_v2"
"MISB-219","Digital Learning — DL Events","https://t.me/dl_events","C05","C05","Telegram и социальные сообщества","Telegram: деловые события и спикеры","РФ и русскоязычные заказчики; географию фиксировать для каждого сообщения","RU","P","P; R","Сообщество","Пост → ветка комментариев → автор → связанная организация","HR/L&D, руководители функций, организаторы конференций и деловых клубов","Анонсы событий, поиск экспертов, партнерства с организаторами","Корпоративные семинары, вебинары, тренинги руководителей и специалистов, деловые и стратегические сессии","ищем / нужен / посоветуйте / порекомендуйте / подрядчик / запрос КП + обучение / тренинг / семинар / методист / электронный курс / фасилитация / управленцы","Публичная HTML-лента и доступные вложения; Telegram-группы через разрешенный аккаунт/экспорт после проверки правил; проверять новые сообщения и правки, хранить permalink и сырой текст. API не подтвержден.","Публичное описание; глубина истории, комментарии и доступ к чату проверяются отдельно","Просмотр открытой части 0 ₽; платные контакты/подписка и автоматизация — по отдельно проверенным условиям","content_read","https://t.me/dl_events","Описание подтверждает специальный чат анонсов сообщества; это не доказательство платных заказов.","2026-10-01","not_separately_checked","not_checked_here","2","true","Снять доступный архив за 90 дней; проверить пагинацию, вложения, комментарии и обновления; сохранять все сомнительные сигналы. Извлечь новые каналы из ссылок и пересылок.","Проверить действующий маршрут, доступный корпус и инкрементальный сбор; связать с текущим проектом.","Веб-поиск и переход по подтвержденной ссылке","added_v2"
"MISB-220","CS://методисты — ссылка из Digital Learning","https://t.me/csmethod","C05","C05","Telegram и социальные сообщества","Telegram: методисты IT-курсов","РФ и русскоязычные заказчики; географию фиксировать для каждого сообщения","RU","P","P; R","Сообщество","Пост → ветка комментариев → автор → связанная организация","IT-академии и руководители разработки курсов","Поиск авторов и методистов технических программ","Разработка электронных курсов, методология, учебные материалы, обучение внутренних тренеров и руководителей","ищем / нужен / посоветуйте / порекомендуйте / подрядчик / запрос КП + обучение / тренинг / семинар / методист / электронный курс / фасилитация / управленцы","Публичная HTML-лента и доступные вложения; Telegram-группы через разрешенный аккаунт/экспорт после проверки правил; проверять новые сообщения и правки, хранить permalink и сырой текст. API не подтвержден.","Публичное описание; глубина истории, комментарии и доступ к чату проверяются отдельно","Просмотр открытой части 0 ₽; платные контакты/подписка и автоматизация — по отдельно проверенным условиям","candidate","https://digital-learning.ru/ekosistema-soobshhestva/","Официальная карта ссылается на CS://методисты, но Telegram показывает лишь контакт. Текущий чат/новый адрес не подтвержден.","2026-10-01","not_separately_checked","not_checked_here","3","true","Адрес пока подтвержден как контактный маршрут. Установить актуальный адрес сообщества; до этого не объявлять доступной историю группового чата. Сохранить кандидат; выяснить миграцию или переименование через официальную карту и администратора, не подменять вымышленным handle.","Проверить действующий маршрут, доступный корпус и инкрементальный сбор; связать с текущим проектом.","Веб-поиск и переход по подтвержденной ссылке","added_v2"
"MISB-221","Digital Learning — VR/AR в обучении","https://t.me/dl_vr_in_digitallearning","C05","C05","Telegram и социальные сообщества","Telegram: иммерсивное обучение","РФ и русскоязычные заказчики; географию фиксировать для каждого сообщения","RU","I","I; R","Сообщество","Пост → ветка комментариев → автор → связанная организация","L&D, проектные команды VR/AR, интеграторы","Новый формат обучения, запрос на сценарий или подготовку экспертов","Разработка электронных курсов, методология, учебные материалы, обучение внутренних тренеров и руководителей","ищем / нужен / посоветуйте / порекомендуйте / подрядчик / запрос КП + обучение / тренинг / семинар / методист / электронный курс / фасилитация / управленцы","Публичная HTML-лента и доступные вложения; Telegram-группы через разрешенный аккаунт/экспорт после проверки правил; проверять новые сообщения и правки, хранить permalink и сырой текст. API не подтвержден.","Публичное описание; глубина истории, комментарии и доступ к чату проверяются отдельно","Просмотр открытой части 0 ₽; платные контакты/подписка и автоматизация — по отдельно проверенным условиям","content_read","https://t.me/dl_vr_in_digitallearning","Подтвержден тематический чат; проектная методология и контент могут закупаться отдельно от технологии.","2026-10-01","not_separately_checked","not_checked_here","2","true","Снять доступный архив за 90 дней; проверить пагинацию, вложения, комментарии и обновления; сохранять все сомнительные сигналы. Извлечь новые каналы из ссылок и пересылок.","Проверить действующий маршрут, доступный корпус и инкрементальный сбор; связать с текущим проектом.","Веб-поиск и переход по подтвержденной ссылке","added_v2"
"MISB-222","Лаборатория онлайн-обучения","https://t.me/educational_lab","C05","C05","Telegram и социальные сообщества","Telegram: методология обучения","РФ и русскоязычные заказчики; географию фиксировать для каждого сообщения","RU","P","P; R","Сообщество","Пост → ветка комментариев → автор → связанная организация","L&D, корпоративные университеты, HRD, продюсеры B2B-образования","Партнерства, комментарии корпоративных заказчиков, спрос на разработку","Разработка электронных курсов, методология, учебные материалы, обучение внутренних тренеров и руководителей","ищем / нужен / посоветуйте / порекомендуйте / подрядчик / запрос КП + обучение / тренинг / семинар / методист / электронный курс / фасилитация / управленцы","Публичная HTML-лента и доступные вложения; Telegram-группы через разрешенный аккаунт/экспорт после проверки правил; проверять новые сообщения и правки, хранить permalink и сырой текст. API не подтвержден.","Публичное описание; глубина истории, комментарии и доступ к чату проверяются отдельно","Просмотр открытой части 0 ₽; платные контакты/подписка и автоматизация — по отдельно проверенным условиям","content_read","https://t.me/educational_lab","Подтвержден канал проектирования образовательных продуктов и ссылка на чат автора.","2026-10-01","not_separately_checked","not_checked_here","2","true","Снять доступный архив за 90 дней; проверить пагинацию, вложения, комментарии и обновления; сохранять все сомнительные сигналы. Извлечь новые каналы из ссылок и пересылок.","Проверить действующий маршрут, доступный корпус и инкрементальный сбор; связать с текущим проектом.","Веб-поиск и переход по подтвержденной ссылке","added_v2"
"MISB-223","Лаборатория вакансий в образовании","https://t.me/lab_vacancies","C05","C05","Telegram и социальные сообщества","Telegram: проекты и вакансии в образовании","РФ и русскоязычные заказчики; географию фиксировать для каждого сообщения","RU","D","D; R","Сообщество","Пост → ветка комментариев → автор → связанная организация","L&D, корпоративные университеты, HRD, продюсеры B2B-образования","Проектная разработка курса; штатную вакансию сохранять как косвенный сигнал","Разработка электронных курсов, методология, учебные материалы, обучение внутренних тренеров и руководителей","ищем / нужен / посоветуйте / порекомендуйте / подрядчик / запрос КП + обучение / тренинг / семинар / методист / электронный курс / фасилитация / управленцы","Публичная HTML-лента и доступные вложения; Telegram-группы через разрешенный аккаунт/экспорт после проверки правил; проверять новые сообщения и правки, хранить permalink и сырой текст. API не подтвержден.","Публичное описание; глубина истории, комментарии и доступ к чату проверяются отдельно","Просмотр открытой части 0 ₽; платные контакты/подписка и автоматизация — по отдельно проверенным условиям","search_index","https://t.me/s/lab_vacancies?before=649","Индексируются вакансии методистов и проектная сборка образовательных программ; ссылка также подтверждена @metod_krug.","2026-10-01","not_separately_checked","not_checked_here","1","true","Снять доступный архив за 90 дней; проверить пагинацию, вложения, комментарии и обновления; сохранять все сомнительные сигналы. Извлечь новые каналы из ссылок и пересылок.","Проверить действующий маршрут, доступный корпус и инкрементальный сбор; связать с текущим проектом.","Веб-поиск и переход по подтвержденной ссылке","added_v2"
"MISB-224","Фриланс Таверна — проекты методологов","https://t.me/freelancetaverna","C05","C05","Telegram и социальные сообщества","Telegram: общие биржи проектов","РФ и русскоязычные заказчики; географию фиксировать для каждого сообщения","RU","D","D","Сообщество","Пост → ветка комментариев → автор → связанная организация","Онлайн-школы, продюсеры, корпоративные проектные команды","Проектная разработка серии учебных модулей","Разработка электронных курсов, методология, учебные материалы, обучение внутренних тренеров и руководителей","ищем / нужен / посоветуйте / порекомендуйте / подрядчик / запрос КП + обучение / тренинг / семинар / методист / электронный курс / фасилитация / управленцы","Публичная HTML-лента и доступные вложения; Telegram-группы через разрешенный аккаунт/экспорт после проверки правил; проверять новые сообщения и правки, хранить permalink и сырой текст. API не подтвержден.","Публичное описание; глубина истории, комментарии и доступ к чату проверяются отдельно","Просмотр открытой части 0 ₽; платные контакты/подписка и автоматизация — по отдельно проверенным условиям","search_index","https://t.me/s/freelancetaverna/3065","Найден запрос на около 40 текстовых микро-курсов для программы бизнес-трекинга.","2026-10-01","not_separately_checked","not_checked_here","1","true","Снять доступный архив за 90 дней; проверить пагинацию, вложения, комментарии и обновления; сохранять все сомнительные сигналы. Извлечь новые каналы из ссылок и пересылок.","Проверить действующий маршрут, доступный корпус и инкрементальный сбор; связать с текущим проектом.","Веб-поиск и переход по подтвержденной ссылке","added_v2"
"MISB-225","WORK ON | STREAM","https://t.me/workk_onstream","C05","C05","Telegram и социальные сообщества","Telegram: общие биржи проектов","РФ и русскоязычные заказчики; географию фиксировать для каждого сообщения","RU","D","D","Сообщество","Пост → ветка комментариев → автор → связанная организация","Продюсеры и руководители образовательных продуктов","Разработка сценариев уроков, презентаций, заданий и учебных материалов","Разработка электронных курсов, методология, учебные материалы, обучение внутренних тренеров и руководителей","ищем / нужен / посоветуйте / порекомендуйте / подрядчик / запрос КП + обучение / тренинг / семинар / методист / электронный курс / фасилитация / управленцы","Публичная HTML-лента и доступные вложения; Telegram-группы через разрешенный аккаунт/экспорт после проверки правил; проверять новые сообщения и правки, хранить permalink и сырой текст. API не подтвержден.","Публичное описание; глубина истории, комментарии и доступ к чату проверяются отдельно","Просмотр открытой части 0 ₽; платные контакты/подписка и автоматизация — по отдельно проверенным условиям","search_index","https://t.me/s/workk_onstream?before=23185","В индексируемой ленте есть проектные задания методисту и запросы методологов.","2026-10-01","not_separately_checked","not_checked_here","1","true","Снять доступный архив за 90 дней; проверить пагинацию, вложения, комментарии и обновления; сохранять все сомнительные сигналы. Извлечь новые каналы из ссылок и пересылок.","Проверить действующий маршрут, доступный корпус и инкрементальный сбор; связать с текущим проектом.","Веб-поиск и переход по подтвержденной ссылке","added_v2"
"MISB-226","ФРИЛАНС | ВАКАНСИИ | УДАЛЕНКА","https://t.me/freelancce","C05","C05","Telegram и социальные сообщества","Telegram: общие биржи проектов","РФ и русскоязычные заказчики; географию фиксировать для каждого сообщения","RU","D","D","Сообщество","Пост → ветка комментариев → автор → связанная организация","Онлайн-школы и образовательные подразделения","Разработка программы и запуск образовательного сообщества","Разработка электронных курсов, методология, учебные материалы, обучение внутренних тренеров и руководителей","ищем / нужен / посоветуйте / порекомендуйте / подрядчик / запрос КП + обучение / тренинг / семинар / методист / электронный курс / фасилитация / управленцы","Публичная HTML-лента и доступные вложения; Telegram-группы через разрешенный аккаунт/экспорт после проверки правил; проверять новые сообщения и правки, хранить permalink и сырой текст. API не подтвержден.","Публичное описание; глубина истории, комментарии и доступ к чату проверяются отдельно","Просмотр открытой части 0 ₽; платные контакты/подписка и автоматизация — по отдельно проверенным условиям","search_index","https://tg.me/freelancce/16076","Найден запрос методолога для IT-сообщества; актуальность конкретного заказа проверить отдельно.","2026-10-01","not_separately_checked","not_checked_here","2","true","Снять доступный архив за 90 дней; проверить пагинацию, вложения, комментарии и обновления; сохранять все сомнительные сигналы. Извлечь новые каналы из ссылок и пересылок.","Проверить действующий маршрут, доступный корпус и инкрементальный сбор; связать с текущим проектом.","Веб-поиск и переход по подтвержденной ссылке","added_v2"
"MISB-227","Kadrof — вакансии и заказы фрилансерам","https://t.me/kadrof_work","C05","C05","Telegram и социальные сообщества","Telegram: общие биржи проектов","РФ и русскоязычные заказчики; географию фиксировать для каждого сообщения","RU","D","D","Сообщество","Пост → ветка комментариев → автор → связанная организация","Агентства, продюсеры, обучающие компании","Субподряд учебных материалов, презентаций, редакторской работы","Разработка электронных курсов, методология, учебные материалы, обучение внутренних тренеров и руководителей","ищем / нужен / посоветуйте / порекомендуйте / подрядчик / запрос КП + обучение / тренинг / семинар / методист / электронный курс / фасилитация / управленцы","Публичная HTML-лента и доступные вложения; Telegram-группы через разрешенный аккаунт/экспорт после проверки правил; проверять новые сообщения и правки, хранить permalink и сырой текст. API не подтвержден.","Публичное описание; глубина истории, комментарии и доступ к чату проверяются отдельно","Просмотр открытой части 0 ₽; платные контакты/подписка и автоматизация — по отдельно проверенным условиям","content_read","https://t.me/kadrof_work","Описание подтверждает ежедневные вакансии и заказы; профильные заказы в ходе проверки не подсчитаны.","2026-10-01","not_separately_checked","not_checked_here","2","true","Снять доступный архив за 90 дней; проверить пагинацию, вложения, комментарии и обновления; сохранять все сомнительные сигналы. Извлечь новые каналы из ссылок и пересылок.","Проверить действующий маршрут, доступный корпус и инкрементальный сбор; связать с текущим проектом.","Веб-поиск и переход по подтвержденной ссылке","added_v2"
"MISB-228","Kwork — биржа проектов заказчиков","https://kwork.ru/projects","C04","C04","Биржи HR, спикеров и проектных услуг","Биржи проектов: заказчики","РФ и русскоязычные заказчики; географию фиксировать для каждого сообщения","RU","D","D; R","Биржа проектов","Лента → карточка → штатный отклик → уточнение конечного покупателя","Компании и продюсеры образовательных проектов","Заказ разработки курса, методических материалов, вебинара или презентации","Разработка электронных курсов, методология, учебные материалы, обучение внутренних тренеров и руководителей","ищем / нужен / посоветуйте / порекомендуйте / подрядчик / запрос КП + обучение / тренинг / семинар / методист / электронный курс / фасилитация / управленцы","Публичная HTML-лента и доступные вложения; Telegram-группы через разрешенный аккаунт/экспорт после проверки правил; проверять новые сообщения и правки, хранить permalink и сырой текст. API не подтвержден.","Публичное описание; глубина истории, комментарии и доступ к чату проверяются отдельно","Просмотр открытой части 0 ₽; платные контакты/подписка и автоматизация — по отдельно проверенным условиям","content_read","https://kwork.ru/projects","Подтверждена именно биржа проектов; дополняет каталог услуг Kwork из baseline.","2026-10-01","not_separately_checked","not_checked_here","2","true","Проверить доступ к проектам и сохраненные запросы по всему словарю; каталог продавцов не использовать как замену бирже покупателей.","Проверить действующий маршрут, доступный корпус и инкрементальный сбор; связать с текущим проектом.","Веб-поиск и переход по подтвержденной ссылке","added_v2"
"MISB-229","LessonDelivery — EdTech-чат","https://t.me/LessonDeliveryChat","C05","C05","Telegram и социальные сообщества","Telegram: EdTech и микрообучение","РФ и русскоязычные заказчики; географию фиксировать для каждого сообщения","RU","I","I; R","Сообщество","Пост → ветка комментариев → автор → связанная организация","Авторы B2B-курсов, HR и платформенные интеграторы","Задачи переноса курсов в боты, сценариев и учебного контента","Разработка электронных курсов, методология, учебные материалы, обучение внутренних тренеров и руководителей","ищем / нужен / посоветуйте / порекомендуйте / подрядчик / запрос КП + обучение / тренинг / семинар / методист / электронный курс / фасилитация / управленцы","Публичная HTML-лента и доступные вложения; Telegram-группы через разрешенный аккаунт/экспорт после проверки правил; проверять новые сообщения и правки, хранить permalink и сырой текст. API не подтвержден.","Публичное описание; глубина истории, комментарии и доступ к чату проверяются отдельно","Просмотр открытой части 0 ₽; платные контакты/подписка и автоматизация — по отдельно проверенным условиям","search_index","https://t.me/LessonDelivery","Главный канал платформы подтверждает точную ссылку на EdTech-чат; история чата не проверена.","2026-10-01","not_separately_checked","not_checked_here","2","true","Снять доступный архив за 90 дней; проверить пагинацию, вложения, комментарии и обновления; сохранять все сомнительные сигналы. Извлечь новые каналы из ссылок и пересылок.","Проверить действующий маршрут, доступный корпус и инкрементальный сбор; связать с текущим проектом.","Веб-поиск и переход по подтвержденной ссылке","added_v2"
"MISB-230","JobDelivery — вакансии экосистемы LessonDelivery","https://t.me/JobDelivery","C05","C05","Telegram и социальные сообщества","Telegram: проекты и вакансии в образовании","РФ и русскоязычные заказчики; географию фиксировать для каждого сообщения","RU","D","D; R","Сообщество","Пост → ветка комментариев → автор → связанная организация","L&D, корпоративные университеты, HRD, продюсеры B2B-образования","Проектные задачи в цифровом обучении","Разработка электронных курсов, методология, учебные материалы, обучение внутренних тренеров и руководителей","ищем / нужен / посоветуйте / порекомендуйте / подрядчик / запрос КП + обучение / тренинг / семинар / методист / электронный курс / фасилитация / управленцы","Публичная HTML-лента и доступные вложения; Telegram-группы через разрешенный аккаунт/экспорт после проверки правил; проверять новые сообщения и правки, хранить permalink и сырой текст. API не подтвержден.","Публичное описание; глубина истории, комментарии и доступ к чату проверяются отдельно","Просмотр открытой части 0 ₽; платные контакты/подписка и автоматизация — по отдельно проверенным условиям","candidate","https://tgboard.com/en/groups/groups-education/lessondeliverychat","Каталог связывает @JobDelivery с LessonDelivery; прямое открытие недоступно, текущее состояние требует проверки.","2026-10-01","not_separately_checked","not_checked_here","3","true","Подтвердить через официальный канал LessonDelivery действующую ссылку и реальный поток. Кандидат сохранить в очереди проверки.","Проверить действующий маршрут, доступный корпус и инкрементальный сбор; связать с текущим проектом.","Веб-поиск и переход по подтвержденной ссылке","added_v2"
"MISB-231","HRtrain — чат об обучении HR","https://t.me/HRtrain","C05","C05","Telegram и социальные сообщества","Telegram: HR и обучение","РФ и русскоязычные заказчики; географию фиксировать для каждого сообщения","RU","I","I; R","Сообщество","Пост → ветка комментариев → автор → связанная организация","HR-менеджеры и руководители кадровых функций","Вопросы о курсах, рекомендации провайдеров, возможные совместные программы","Корпоративные семинары, вебинары, тренинги руководителей и специалистов, деловые и стратегические сессии","ищем / нужен / посоветуйте / порекомендуйте / подрядчик / запрос КП + обучение / тренинг / семинар / методист / электронный курс / фасилитация / управленцы","Публичная HTML-лента и доступные вложения; Telegram-группы через разрешенный аккаунт/экспорт после проверки правил; проверять новые сообщения и правки, хранить permalink и сырой текст. API не подтвержден.","Публичное описание; глубина истории, комментарии и доступ к чату проверяются отдельно","Просмотр открытой части 0 ₽; платные контакты/подписка и автоматизация — по отдельно проверенным условиям","content_read","https://t.me/HRtrain?utm_source=hrvoice","Подтвержден чат с указанием сайта, VK и MAX; открытый спрос отдельно не подсчитан.","2026-10-01","not_separately_checked","not_checked_here","2","true","Снять доступный архив за 90 дней; проверить пагинацию, вложения, комментарии и обновления; сохранять все сомнительные сигналы. Извлечь новые каналы из ссылок и пересылок.","Проверить действующий маршрут, доступный корпус и инкрементальный сбор; связать с текущим проектом.","Веб-поиск и переход по подтвержденной ссылке","added_v2"
"MISB-232","HRtrain — VK-сообщество","https://vk.com/HRtrain","C05","C05","Telegram и социальные сообщества","VK: HR и обучение","РФ и русскоязычные заказчики; географию фиксировать для каждого сообщения","RU","I","I; R","Сообщество","Пост → ветка комментариев → автор → связанная организация","HR и кадровые службы","Комментарии с потребностями в обучении и рекомендации провайдеров","Корпоративные семинары, вебинары, тренинги руководителей и специалистов, деловые и стратегические сессии","ищем / нужен / посоветуйте / порекомендуйте / подрядчик / запрос КП + обучение / тренинг / семинар / методист / электронный курс / фасилитация / управленцы","Публичная HTML-лента и доступные вложения; Telegram-группы через разрешенный аккаунт/экспорт после проверки правил; проверять новые сообщения и правки, хранить permalink и сырой текст. API не подтвержден. Доступ к стене/обсуждениям/комментариям отдельно не подтвержден; проверить разрешенный интерфейс платформы.","Публичное описание; глубина истории, комментарии и доступ к чату проверяются отдельно","Просмотр открытой части 0 ₽; платные контакты/подписка и автоматизация — по отдельно проверенным условиям","search_index","https://t.me/HRtrain?utm_source=hrvoice","Точный VK-адрес опубликован в описании HRtrain; стена еще не проверена.","2026-10-01","not_separately_checked","not_checked_here","2","true","Снять доступный архив за 90 дней; проверить пагинацию, вложения, комментарии и обновления; сохранять все сомнительные сигналы. Извлечь новые каналы из ссылок и пересылок.","Проверить действующий маршрут, доступный корпус и инкрементальный сбор; связать с текущим проектом.","Веб-поиск и переход по подтвержденной ссылке","added_v2"
"MISB-233","HR Voice — биржа проектов","https://hrvoice.ru/projects","C04","C04","Биржи HR, спикеров и проектных услуг","Биржи HR-проектов","РФ и русскоязычные заказчики; географию фиксировать для каждого сообщения","RU","D","D","Биржа проектов","Лента → карточка → штатный отклик → уточнение конечного покупателя","HR-заказчики и экспертные команды","Будущие задания на обучение и развитие персонала","Корпоративные семинары, вебинары, тренинги руководителей и специалистов, деловые и стратегические сессии","ищем / нужен / посоветуйте / порекомендуйте / подрядчик / запрос КП + обучение / тренинг / семинар / методист / электронный курс / фасилитация / управленцы","Публичная HTML-лента и доступные вложения; Telegram-группы через разрешенный аккаунт/экспорт после проверки правил; проверять новые сообщения и правки, хранить permalink и сырой текст. API не подтвержден.","Публичное описание; глубина истории, комментарии и доступ к чату проверяются отдельно","Просмотр открытой части 0 ₽; платные контакты/подписка и автоматизация — по отдельно проверенным условиям","content_read","https://hrvoice.ru/projects","Раздел подтвержден, на проверенной странице 0 опубликованных проектов. Сохранить как dormant, а не удалять.","2026-10-01","not_separately_checked","not_checked_here","3","true","Проверять раз в неделю; при первом профильном проекте повысить частоту. Нулевой поток не означает отсутствие источника.","Проверить действующий маршрут, доступный корпус и инкрементальный сбор; связать с текущим проектом.","Веб-поиск и переход по подтвержденной ссылке","added_v2"
"MISB-234","HR Voice — каталог Telegram-каналов","https://hrvoice.ru/telegram-for-hr","C18","C18","Каталоги и карты экосистем","Каталоги и автоматическое открытие источников","РФ и русскоязычные заказчики; географию фиксировать для каждого сообщения","RU","R","R","Каталог каналов","Каталог → первичная страница → проверка идентичности → регистрация","L&D, корпоративные университеты, HRD, продюсеры B2B-образования","Новые HR-чаты, региональные группы и узкие каналы обучения","Разработка электронных курсов, методология, учебные материалы, обучение внутренних тренеров и руководителей","ищем / нужен / посоветуйте / порекомендуйте / подрядчик / запрос КП + обучение / тренинг / семинар / методист / электронный курс / фасилитация / управленцы","Публичная HTML-лента и доступные вложения; Telegram-группы через разрешенный аккаунт/экспорт после проверки правил; проверять новые сообщения и правки, хранить permalink и сырой текст. API не подтвержден.","Публичное описание; глубина истории, комментарии и доступ к чату проверяются отдельно","Просмотр открытой части 0 ₽; платные контакты/подписка и автоматизация — по отдельно проверенным условиям","content_read","https://hrvoice.ru/telegram-for-hr","Публичный каталог каналов и сообществ HR с точными ссылками.","2026-10-01","not_separately_checked","not_checked_here","1","true","Обойти все карточки и извлечь t.me/VK/MAX; каждый ранее неизвестный адрес положить в очередь, сохранить связь discovery_parent.","Проверить действующий маршрут, доступный корпус и инкрементальный сбор; связать с текущим проектом.","Веб-поиск и переход по подтвержденной ссылке","added_v2"
"MISB-235","Курсы, рок и T&D — Talent Rocks","https://t.me/talent_rocks","C05","C05","Telegram и социальные сообщества","Telegram: L&D и корпоративное обучение","РФ и русскоязычные заказчики; географию фиксировать для каждого сообщения","RU","I","I; R","Сообщество","Пост → ветка комментариев → автор → связанная организация","L&D, корпоративные университеты, HRD, продюсеры B2B-образования","Кейсы компаний, новые задачи адаптации и обучения, партнерские выходы","Разработка электронных курсов, методология, учебные материалы, обучение внутренних тренеров и руководителей","ищем / нужен / посоветуйте / порекомендуйте / подрядчик / запрос КП + обучение / тренинг / семинар / методист / электронный курс / фасилитация / управленцы","Публичная HTML-лента и доступные вложения; Telegram-группы через разрешенный аккаунт/экспорт после проверки правил; проверять новые сообщения и правки, хранить permalink и сырой текст. API не подтвержден.","Публичное описание; глубина истории, комментарии и доступ к чату проверяются отдельно","Просмотр открытой части 0 ₽; платные контакты/подписка и автоматизация — по отдельно проверенным условиям","content_read","https://t.me/talent_rocks/?utm_source=hrvoice","Описание подтверждает корпоративное обучение и адаптацию, ссылки на кейсы и контакт партнерства.","2026-10-01","not_separately_checked","not_checked_here","2","true","Снять доступный архив за 90 дней; проверить пагинацию, вложения, комментарии и обновления; сохранять все сомнительные сигналы. Извлечь новые каналы из ссылок и пересылок.","Проверить действующий маршрут, доступный корпус и инкрементальный сбор; связать с текущим проектом.","Веб-поиск и переход по подтвержденной ссылке","added_v2"
"MISB-236","Как делать — сообщество по управлению персоналом","https://t.me/HR_kak_delat","C05","C05","Telegram и социальные сообщества","Telegram: HR-сообщества","РФ и русскоязычные заказчики; географию фиксировать для каждого сообщения","RU","I","I","Сообщество","Пост → ветка комментариев → автор → связанная организация","HRD и HRBP компаний-участников","Потребности участников, обсуждения программ, поиск партнеров и экспертов","Корпоративные семинары, вебинары, тренинги руководителей и специалистов, деловые и стратегические сессии","ищем / нужен / посоветуйте / порекомендуйте / подрядчик / запрос КП + обучение / тренинг / семинар / методист / электронный курс / фасилитация / управленцы","Публичная HTML-лента и доступные вложения; Telegram-группы через разрешенный аккаунт/экспорт после проверки правил; проверять новые сообщения и правки, хранить permalink и сырой текст. API не подтвержден.","Публичное описание; глубина истории, комментарии и доступ к чату проверяются отдельно","Просмотр открытой части 0 ₽; платные контакты/подписка и автоматизация — по отдельно проверенным условиям","content_read","https://t.me/HR_kak_delat","Подтвержден канал HR-сообщества; открытые заявки на закупку отдельно не установлены.","2026-10-01","not_separately_checked","not_checked_here","2","true","Снять доступный архив за 90 дней; проверить пагинацию, вложения, комментарии и обновления; сохранять все сомнительные сигналы. Извлечь новые каналы из ссылок и пересылок.","Проверить действующий маршрут, доступный корпус и инкрементальный сбор; связать с текущим проектом.","Веб-поиск и переход по подтвержденной ссылке","added_v2"
"MISB-237","Про людей | HRme","https://t.me/hr_me_community","C05","C05","Telegram и социальные сообщества","Telegram: HR-сообщества","РФ и русскоязычные заказчики; географию фиксировать для каждого сообщения","RU","I","I","Сообщество","Пост → ветка комментариев → автор → связанная организация","HRD, HRBP, руководители HR-аналитики","Потребности в прикладных программах HR, аналитике и управлении","Корпоративные семинары, вебинары, тренинги руководителей и специалистов, деловые и стратегические сессии","ищем / нужен / посоветуйте / порекомендуйте / подрядчик / запрос КП + обучение / тренинг / семинар / методист / электронный курс / фасилитация / управленцы","Публичная HTML-лента и доступные вложения; Telegram-группы через разрешенный аккаунт/экспорт после проверки правил; проверять новые сообщения и правки, хранить permalink и сырой текст. API не подтвержден.","Публичное описание; глубина истории, комментарии и доступ к чату проверяются отдельно","Просмотр открытой части 0 ₽; платные контакты/подписка и автоматизация — по отдельно проверенным условиям","search_index","https://tg.me/hr_me_community","Индексируется обсуждение выбора обучения: Power BI, HR-аналитика, грейдирование, компетенции.","2026-10-01","not_separately_checked","not_checked_here","2","true","Снять доступный архив за 90 дней; проверить пагинацию, вложения, комментарии и обновления; сохранять все сомнительные сигналы. Извлечь новые каналы из ссылок и пересылок.","Проверить действующий маршрут, доступный корпус и инкрементальный сбор; связать с текущим проектом.","Веб-поиск и переход по подтвержденной ссылке","added_v2"
"MISB-238","Websoft — HR Tech Telegram","https://t.me/WebsoftHR","C05","C05","Telegram и социальные сообщества","Telegram: вендоры и корпоративные внедрения","РФ и русскоязычные заказчики; географию фиксировать для каждого сообщения","RU","I","I; R","Сообщество","Пост → ветка комментариев → автор → связанная организация","HR IT, владельцы LMS, корпоративные университеты","Новые проекты клиентов, развитие обучения после внедрения LMS","Разработка электронных курсов, методология, учебные материалы, обучение внутренних тренеров и руководителей","ищем / нужен / посоветуйте / порекомендуйте / подрядчик / запрос КП + обучение / тренинг / семинар / методист / электронный курс / фасилитация / управленцы","Публичная HTML-лента и доступные вложения; Telegram-группы через разрешенный аккаунт/экспорт после проверки правил; проверять новые сообщения и правки, хранить permalink и сырой текст. API не подтвержден.","Публичное описание; глубина истории, комментарии и доступ к чату проверяются отдельно","Просмотр открытой части 0 ₽; платные контакты/подписка и автоматизация — по отдельно проверенным условиям","search_index","https://t.me/s/WebsoftHR?before=2024","Подтвержден канал вендора и публикации для руководителей корпоративного обучения.","2026-10-01","not_separately_checked","not_checked_here","2","true","Снять доступный архив за 90 дней; проверить пагинацию, вложения, комментарии и обновления; сохранять все сомнительные сигналы. Извлечь новые каналы из ссылок и пересылок.","Проверить действующий маршрут, доступный корпус и инкрементальный сбор; связать с текущим проектом.","Веб-поиск и переход по подтвержденной ссылке","added_v2"
"MISB-239","Kampus LXP — сообщество L&D","https://t.me/kampus_team","C05","C05","Telegram и социальные сообщества","Telegram: вендоры и корпоративные внедрения","РФ и русскоязычные заказчики; географию фиксировать для каждого сообщения","RU","I","I; R","Сообщество","Пост → ветка комментариев → автор → связанная организация","L&D, HRD, CEO","Выбор платформы, новые учебные процессы, кейсы и запросы на контент","Разработка электронных курсов, методология, учебные материалы, обучение внутренних тренеров и руководителей","ищем / нужен / посоветуйте / порекомендуйте / подрядчик / запрос КП + обучение / тренинг / семинар / методист / электронный курс / фасилитация / управленцы","Публичная HTML-лента и доступные вложения; Telegram-группы через разрешенный аккаунт/экспорт после проверки правил; проверять новые сообщения и правки, хранить permalink и сырой текст. API не подтвержден.","Публичное описание; глубина истории, комментарии и доступ к чату проверяются отдельно","Просмотр открытой части 0 ₽; платные контакты/подписка и автоматизация — по отдельно проверенным условиям","content_read","https://t.me/kampus_team","Описание подтверждает аудиторию корпоративного обучения, исследования и вебинары.","2026-10-01","not_separately_checked","not_checked_here","2","true","Снять доступный архив за 90 дней; проверить пагинацию, вложения, комментарии и обновления; сохранять все сомнительные сигналы. Извлечь новые каналы из ссылок и пересылок.","Проверить действующий маршрут, доступный корпус и инкрементальный сбор; связать с текущим проектом.","Веб-поиск и переход по подтвержденной ссылке","added_v2"
"MISB-240","Коллегия методологов","https://t.me/college_of_methodologist","C05","C05","Telegram и социальные сообщества","Telegram: методологи и авторы программ","РФ и русскоязычные заказчики; географию фиксировать для каждого сообщения","RU","P","P","Сообщество","Пост → ветка комментариев → автор → связанная организация","Методологи, продюсеры и образовательные компании","Совместное исполнение и передача проектной работы","Разработка электронных курсов, методология, учебные материалы, обучение внутренних тренеров и руководителей","ищем / нужен / посоветуйте / порекомендуйте / подрядчик / запрос КП + обучение / тренинг / семинар / методист / электронный курс / фасилитация / управленцы","Публичная HTML-лента и доступные вложения; Telegram-группы через разрешенный аккаунт/экспорт после проверки правил; проверять новые сообщения и правки, хранить permalink и сырой текст. API не подтвержден.","Публичное описание; глубина истории, комментарии и доступ к чату проверяются отдельно","Просмотр открытой части 0 ₽; платные контакты/подписка и автоматизация — по отдельно проверенным условиям","search_index","https://t.me/s/college_of_methodologist?before=99","Индексируется профессиональное сообщество методологов со ссылками на смежные сообщества.","2026-10-01","not_separately_checked","not_checked_here","2","true","Снять доступный архив за 90 дней; проверить пагинацию, вложения, комментарии и обновления; сохранять все сомнительные сигналы. Извлечь новые каналы из ссылок и пересылок.","Проверить действующий маршрут, доступный корпус и инкрементальный сбор; связать с текущим проектом.","Веб-поиск и переход по подтвержденной ссылке","added_v2"
"MISB-241","HR Telegram — каталог каналов и групп","https://hr-telegram.ru/","C18","C18","Каталоги и карты экосистем","Каталоги и автоматическое открытие источников","РФ и русскоязычные заказчики; географию фиксировать для каждого сообщения","RU","R","R","Каталог каналов","Каталог → первичная страница → проверка идентичности → регистрация","HRD, рекрутеры, менеджеры обучения","Расширение покрытия Telegram/VK/MAX по HR-темам","Корпоративные семинары, вебинары, тренинги руководителей и специалистов, деловые и стратегические сессии","ищем / нужен / посоветуйте / порекомендуйте / подрядчик / запрос КП + обучение / тренинг / семинар / методист / электронный курс / фасилитация / управленцы","Публичная HTML-лента и доступные вложения; Telegram-группы через разрешенный аккаунт/экспорт после проверки правил; проверять новые сообщения и правки, хранить permalink и сырой текст. API не подтвержден.","Публичное описание; глубина истории, комментарии и доступ к чату проверяются отдельно","Просмотр открытой части 0 ₽; платные контакты/подписка и автоматизация — по отдельно проверенным условиям","content_read","https://hr-telegram.ru/","Подтвержден каталог с прямыми ссылками на HRpublic, HRatWork, HRlead, HRtrain и другие каналы.","2026-10-01","not_separately_checked","not_checked_here","1","true","Извлечь все фактические ссылки, проверить каждый источник, хранить даже рекламные и сомнительные в discovery backlog; оценки каталога не принимать за качество лидов.","Проверить действующий маршрут, доступный корпус и инкрементальный сбор; связать с текущим проектом.","Веб-поиск и переход по подтвержденной ссылке","added_v2"
"MISB-242","Удаленка — творческая работа / Event Job","https://t.me/rueventjob","C05","C05","Telegram и социальные сообщества","Telegram: события и проектные команды","РФ и русскоязычные заказчики; географию фиксировать для каждого сообщения","RU","D","D","Сообщество","Пост → ветка комментариев → автор → связанная организация","Агентства и продюсеры образовательных событий","Проектные задания методистам, сценаристам, авторам и редакторам","Разработка электронных курсов, методология, учебные материалы, обучение внутренних тренеров и руководителей","ищем / нужен / посоветуйте / порекомендуйте / подрядчик / запрос КП + обучение / тренинг / семинар / методист / электронный курс / фасилитация / управленцы","Публичная HTML-лента и доступные вложения; Telegram-группы через разрешенный аккаунт/экспорт после проверки правил; проверять новые сообщения и правки, хранить permalink и сырой текст. API не подтвержден.","Публичное описание; глубина истории, комментарии и доступ к чату проверяются отдельно","Просмотр открытой части 0 ₽; платные контакты/подписка и автоматизация — по отдельно проверенным условиям","search_index","https://t.me/s/rueventjob/15095","Индексируемая подборка содержит методологические задачи и ссылки на отдельный чат заявок.","2026-10-01","not_separately_checked","not_checked_here","2","true","Снять доступный архив за 90 дней; проверить пагинацию, вложения, комментарии и обновления; сохранять все сомнительные сигналы. Извлечь новые каналы из ссылок и пересылок.","Проверить действующий маршрут, доступный корпус и инкрементальный сбор; связать с текущим проектом.","Веб-поиск и переход по подтвержденной ссылке","added_v2"
"MISB-243","Малый бизнес Москвы — образовательная поддержка","https://mbm.mos.ru/","C09","C09","Палаты, МСП, экспорт, производительность","Инфраструктура МСП и региональные программы","РФ / Москва","RU","P","P; R","Региональный оператор","Оператор → план программы → закупки/отбор тренеров → участники","МБМ; оператор образовательного проекта; партнёры программы","Регулярная программа делового обучения, обновление курсов и образовательных мероприятий","Управление, финансы, юридические вопросы бизнеса, цифровые навыки, электронные курсы","""МБМ"" (партнер OR спикер OR обучение OR программа OR акселератор)","Открытые страницы, новости, документы и исходящие ссылки; HTTP/HTML сначала, при JS — разрешённый браузерный сбор; еженедельно, при активном наборе ежедневно; публичный API не подтверждён","Публичное чтение; личные кабинеты и закрытые сообщества подключать только при наличии доступа","Просмотр открытых материалов 0 ₽; сбор в общем бюджете; членство/участие/лицензии, если нужны, оценивать отдельно","search_index","https://www.mos.ru/news/item/170627073/","Официальный портал Москвы подтверждает обучающие мероприятия и онлайн-курсы МБМ; прямое открытие mbm.mos.ru не удалось.","2026-10-01","not_separately_checked","not_checked_here","2","true","Найти раздел обучения, календарь, контакт владельца программы; отдельно найти канал выбора исполнителей и окна следующего цикла.","Проверить действующий маршрут, доступный корпус и инкрементальный сбор; связать с текущим проектом.","Поиск официального источника и проверка страницы/поисковой выдачи 01.10.2026","added_v2"
"MISB-244","Мой бизнес Югра — календарь и обучающие программы","https://mb-ugra.ru/keep-up/events","C09","C09","Палаты, МСП, экспорт, производительность","Инфраструктура МСП и региональные программы","РФ / ХМАО-Югра","RU","P","P; R","Региональный оператор","Оператор → план программы → закупки/отбор тренеров → участники","Фонд поддержки предпринимательства Югры; руководитель образовательного центра","Обучающие программы, интенсивы, акселераторы и встречи предпринимателей","Финансы, управление, маркетинг, деловые коммуникации, разработка курсов","(семинар OR тренинг OR курс OR акселератор OR тренер) + тема","Открытые страницы, новости, документы и исходящие ссылки; HTTP/HTML сначала, при JS — разрешённый браузерный сбор; еженедельно, при активном наборе ежедневно; публичный API не подтверждён","Публичное чтение; личные кабинеты и закрытые сообщества подключать только при наличии доступа","Просмотр открытых материалов 0 ₽; сбор в общем бюджете; членство/участие/лицензии, если нужны, оценивать отдельно","search_index","https://mb-ugra.ru/keep-up/events","Календарь содержит программы «Бизнес и медиа», маркетинга и другие деловые мероприятия.","2026-10-01","not_separately_checked","not_checked_here","2","true","Обходить календарь, карточки программ, преподавателей и партнёров; выявить темы следующего квартала и возможный набор исполнителей.","Проверить действующий маршрут, доступный корпус и инкрементальный сбор; связать с текущим проектом.","Поиск официального источника и проверка страницы/поисковой выдачи 01.10.2026","added_v2"
"MISB-245","Мой бизнес Татарстан / ФППРТ — новости и программы","https://fpprt.ru/","C09","C09","Палаты, МСП, экспорт, производительность","Инфраструктура МСП и региональные программы","РФ / Татарстан","RU","P","P; R","Региональный оператор","Оператор → план программы → закупки/отбор тренеров → участники","Фонд поддержки предпринимательства РТ; региональные операторы программ","Новые образовательные программы, стратегические сессии и акселерация предпринимателей","Стратегические сессии, финансы, управление, цифровые навыки, бизнес-обучение","(обучение OR сессия OR мастер-класс OR партнер OR эксперт)","Открытые страницы, новости, документы и исходящие ссылки; HTTP/HTML сначала, при JS — разрешённый браузерный сбор; еженедельно, при активном наборе ежедневно; публичный API не подтверждён","Публичное чтение; личные кабинеты и закрытые сообщества подключать только при наличии доступа","Просмотр открытых материалов 0 ₽; сбор в общем бюджете; членство/участие/лицензии, если нужны, оценивать отдельно","search_index","https://fpprt.ru/2025/segodnya-v-centre-moj-biznes-prohodit-strategicheskaya-sessiya-strategicheskie-prioritety-razvitiya-predprinimatelstva-respubliki-tatarstan/","Официальные новости подтверждают стратегическую сессию развития предпринимательства и образовательные программы.","2026-10-01","not_separately_checked","not_checked_here","2","true","Найти календарь, регулярные серии, организаторов и закупочную страницу; сохранять муниципальные площадки как отдельные узлы.","Проверить действующий маршрут, доступный корпус и инкрементальный сбор; связать с текущим проектом.","Поиск официального источника и проверка страницы/поисковой выдачи 01.10.2026","added_v2"
"MISB-246","Мой бизнес Красноярского края","https://xn---24-9cdulgg0aog6b.xn--p1ai/","C09","C09","Палаты, МСП, экспорт, производительность","Инфраструктура МСП и региональные программы","РФ / Красноярский край","RU","P","P; R","Региональный оператор","Оператор → план программы → закупки/отбор тренеров → участники","Красноярский краевой центр развития бизнеса; операторы отраслевых программ","Образовательные программы, региональные тренинги, форумы и поддержка растущих предприятий","Управление, бережливое производство для руководителей, финансы, предпринимательство","(образовательная программа OR тренинг OR форум OR приглашает экспертов)","Открытые страницы, новости, документы и исходящие ссылки; HTTP/HTML сначала, при JS — разрешённый браузерный сбор; еженедельно, при активном наборе ежедневно; публичный API не подтверждён","Публичное чтение; личные кабинеты и закрытые сообщества подключать только при наличии доступа","Просмотр открытых материалов 0 ₽; сбор в общем бюджете; членство/участие/лицензии, если нужны, оценивать отдельно","search_index","https://xn---24-9cdulgg0aog6b.xn--p1ai/","Официальный сайт описывает образовательные программы и тренинги как часть поддержки бизнеса.","2026-10-01","not_separately_checked","not_checked_here","2","true","Извлечь события и организаторов; раскрыть муниципальные центры, ЦИСС, экспортный и кластерный центры.","Проверить действующий маршрут, доступный корпус и инкрементальный сбор; связать с текущим проектом.","Поиск официального источника и проверка страницы/поисковой выдачи 01.10.2026","added_v2"
"MISB-247","РЦК Татарстана — производительность труда","https://ppt.tatarstan.ru/contacts.htm","C08","C08","Отраслевые союзы и СРО","Производительность, отраслевые центры компетенций","РФ / Татарстан","RU","I","I; R","Отраслевой союз и СРО","Союз → комитет/члены → тема → организатор сборного обучения","Предприятия-участники; РЦК; HR и руководители производственной системы","Вхождение предприятий в проекты производительности, тиражирование улучшений и развитие управленческой команды","Бережливое производство, проектное управление, наставничество, управленческие навыки","(участник OR предприятие OR тиражирование OR обучение OR тренер)","Открытые страницы, новости, документы и исходящие ссылки; HTTP/HTML сначала, при JS — разрешённый браузерный сбор; еженедельно, при активном наборе ежедневно; публичный API не подтверждён","Публичное чтение; личные кабинеты и закрытые сообщества подключать только при наличии доступа","Просмотр открытых материалов 0 ₽; сбор в общем бюджете; членство/участие/лицензии, если нужны, оценивать отдельно","search_index","https://ppt.tatarstan.ru/contacts.htm","Официальная страница подтверждает РЦК и подразделения в Казани и Набережных Челнах.","2026-10-01","not_separately_checked","not_checked_here","2","true","Перейти к новостям и предприятиям-участникам; искать следующий этап после пилота, требующий обучения руководителей.","Проверить действующий маршрут, доступный корпус и инкрементальный сбор; связать с текущим проектом.","Поиск официального источника и проверка страницы/поисковой выдачи 01.10.2026","added_v2"
"MISB-248","Школа экспорта РЭЦ — отбор региональных тренеров","https://exportedu.ru/tutors","C09","C09","Палаты, МСП, экспорт, производительность","Сети образовательных операторов и экспертов","РФ / все регионы","RU","P","P; R","Региональный оператор","Оператор → план программы → закупки/отбор тренеров → участники","Школа экспорта РЭЦ; региональные операторы; центры поддержки экспорта","Отбор и подготовка региональных тренеров для экспортных образовательных программ","ВЭД, экспортные финансы, переговоры, договоры, подготовка преподавателей","(отбор OR региональный тренер OR кандидат OR экспортный форсаж)","Открытые страницы, новости, документы и исходящие ссылки; HTTP/HTML сначала, при JS — разрешённый браузерный сбор; еженедельно, при активном наборе ежедневно; публичный API не подтверждён","Публичное чтение; личные кабинеты и закрытые сообщества подключать только при наличии доступа","Просмотр открытых материалов 0 ₽; сбор в общем бюджете; членство/участие/лицензии, если нужны, оценивать отдельно","search_index","https://exportedu.ru/tutors","Официальная выдача подтверждает отбор региональных тренеров и программы для экспортёров; страница требует JavaScript.","2026-10-01","not_separately_checked","not_checked_here","1","true","Проверить открытость и условия текущего отбора; построить список региональных операторов, отдельных календарей и следующих циклов.","Проверить действующий маршрут, доступный корпус и инкрементальный сбор; связать с текущим проектом.","Поиск официального источника и проверка страницы/поисковой выдачи 01.10.2026","added_v2"
"MISB-249","Школа экспорта РЭЦ — академические партнёры","https://exportedu.ru/highschool","C12","C12","Корпоративные новости, отчеты и университеты","Сети образовательных операторов и экспертов","РФ","RU","P","P; R","Корпоративная академия","Новость → академия → владелец программы → закупочный маршрут","РЭЦ; университеты и бизнес-школы — операторы совместных программ","Совместные программы ДПО и партнёрство с образовательными организациями","Разработка модулей ДПО, ВЭД, финансовые и правовые аспекты экспорта","(партнерская программа OR ДПО OR совместная программа OR образовательная организация)","Открытые страницы, новости, документы и исходящие ссылки; HTTP/HTML сначала, при JS — разрешённый браузерный сбор; еженедельно, при активном наборе ежедневно; публичный API не подтверждён","Публичное чтение; личные кабинеты и закрытые сообщества подключать только при наличии доступа","Просмотр открытых материалов 0 ₽; сбор в общем бюджете; членство/участие/лицензии, если нужны, оценивать отдельно","search_index","https://exportedu.ru/highschool","Официальная страница описывает совместные программы высшего и дополнительного профессионального образования.","2026-10-01","not_separately_checked","not_checked_here","2","true","Собрать партнёрские вузы/школы; отделить подтверждённое партнёрство от гипотезы субподряда; найти контакт владельца программы.","Проверить действующий маршрут, доступный корпус и инкрементальный сбор; связать с текущим проектом.","Поиск официального источника и проверка страницы/поисковой выдачи 01.10.2026","added_v2"
"MISB-250","Школа экспорта РЭЦ — региональные управленческие команды","https://exportedu.ru/teams","C09","C09","Палаты, МСП, экспорт, производительность","Сети образовательных операторов и экспертов","РФ / все регионы","RU","I","I; R","Региональный оператор","Оператор → план программы → закупки/отбор тренеров → участники","Региональные органы власти; ЦПЭ; операторы образовательной программы","Новые потоки обучения региональных экспортных команд и актуализация экспортных компетенций","Экспортная стратегия, проектное управление, ВЭД, тренинги управленческих команд","(управленческая команда OR экспорт регионов OR программа OR отбор)","Открытые страницы, новости, документы и исходящие ссылки; HTTP/HTML сначала, при JS — разрешённый браузерный сбор; еженедельно, при активном наборе ежедневно; публичный API не подтверждён","Публичное чтение; личные кабинеты и закрытые сообщества подключать только при наличии доступа","Просмотр открытых материалов 0 ₽; сбор в общем бюджете; членство/участие/лицензии, если нужны, оценивать отдельно","search_index","https://exportedu.ru/teams","Официальная страница подтверждает образовательную программу для региональных управленческих команд.","2026-10-01","not_separately_checked","not_checked_here","2","true","Сопоставлять календарь программы, региональных участников и их ЦПЭ; искать смежные темы, последующие потоки и внешних преподавателей.","Проверить действующий маршрут, доступный корпус и инкрементальный сбор; связать с текущим проектом.","Поиск официального источника и проверка страницы/поисковой выдачи 01.10.2026","added_v2"
"MISB-251","Центр поддержки экспорта Кузбасса — образовательный оператор","https://export42.ru/obuchenie/shkola-eksporta/","C09","C09","Палаты, МСП, экспорт, производительность","Региональные экспортные центры","РФ / Кемеровская область","RU","P","P; R","Региональный оператор","Оператор → план программы → закупки/отбор тренеров → участники","ЦПЭ Кузбасса; экспортно ориентированные предприятия","Региональные экспортные семинары и учебные потоки для предприятий","ВЭД, международные расчёты, логистика, контракты, маркетинг","(семинар OR тренер OR обучение OR форсаж OR экспорт)","Открытые страницы, новости, документы и исходящие ссылки; HTTP/HTML сначала, при JS — разрешённый браузерный сбор; еженедельно, при активном наборе ежедневно; публичный API не подтверждён","Публичное чтение; личные кабинеты и закрытые сообщества подключать только при наличии доступа","Просмотр открытых материалов 0 ₽; сбор в общем бюджете; членство/участие/лицензии, если нужны, оценивать отдельно","search_index","https://export42.ru/obuchenie/shkola-eksporta/","Официальная страница подтверждает работу через региональных операторов и сертифицированных тренеров.","2026-10-01","not_separately_checked","not_checked_here","2","true","Найти календарь обучения и контакты оператора; добавить предприятия-участники и следующий набор; раскрыть операторов соседних регионов.","Проверить действующий маршрут, доступный корпус и инкрементальный сбор; связать с текущим проектом.","Поиск официального источника и проверка страницы/поисковой выдачи 01.10.2026","added_v2"
"MISB-252","ТМК2U — корпоративный университет","https://tmk2u.com/","C12","C12","Корпоративные новости, отчеты и университеты","Корпоративные университеты и учебные экосистемы","РФ / группа ТМК","RU","P","P; R","Корпоративная академия","Новость → академия → владелец программы → закупочный маршрут","Дирекция ТМК2U; предприятия ТМК; владельцы учебных программ","Развитие лидерства, производственной эффективности и корпоративных учебных продуктов","Лидерство, проекты, бережливое производство, внутренние тренеры, e-learning","(программа OR внешний эксперт OR партнер OR лидерство OR проектное управление)","Открытые страницы, новости, документы и исходящие ссылки; HTTP/HTML сначала, при JS — разрешённый браузерный сбор; еженедельно, при активном наборе ежедневно; публичный API не подтверждён","Публичное чтение; личные кабинеты и закрытые сообщества подключать только при наличии доступа","Просмотр открытых материалов 0 ₽; сбор в общем бюджете; членство/участие/лицензии, если нужны, оценивать отдельно","search_index","https://tmk2u.com/","Официальная страница описывает очное/онлайн-обучение, лидерство, эффективность и проектное управление.","2026-10-01","not_separately_checked","not_checked_here","2","true","Извлечь учебные центры, предприятия, экспертов, анонсы программ; проверить маршрут аккредитации внешних преподавателей.","Проверить действующий маршрут, доступный корпус и инкрементальный сбор; связать с текущим проектом.","Поиск официального источника и проверка страницы/поисковой выдачи 01.10.2026","added_v2"
"MISB-253","Корпоративный университет РЖД","https://universitetrzd.ru/","C12","C12","Корпоративные новости, отчеты и университеты","Корпоративные университеты и учебные экосистемы","РФ / группа РЖД","RU","P","P; R","Корпоративная академия","Новость → академия → владелец программы → закупочный маршрут","Корпоративный университет; филиалы; HR группы РЖД","Запуск программ и обновление управленческих компетенций железнодорожного холдинга","Управленческие семинары, проекты, финансы, цифровые навыки, курсы","(новая программа OR партнер OR эксперт OR обучение OR филиал)","Открытые страницы, новости, документы и исходящие ссылки; HTTP/HTML сначала, при JS — разрешённый браузерный сбор; еженедельно, при активном наборе ежедневно; публичный API не подтверждён","Публичное чтение; личные кабинеты и закрытые сообщества подключать только при наличии доступа","Просмотр открытых материалов 0 ₽; сбор в общем бюджете; членство/участие/лицензии, если нужны, оценивать отдельно","search_index","https://universitetrzd.ru/","Сайт содержит каталог программ, новости, годовые отчёты и информацию о филиалах.","2026-10-01","not_separately_checked","not_checked_here","2","true","Раскрыть филиалы и образовательные проекты; связать новости с последующим циклом и каналами закупки услуг.","Проверить действующий маршрут, доступный корпус и инкрементальный сбор; связать с текущим проектом.","Поиск официального источника и проверка страницы/поисковой выдачи 01.10.2026","added_v2"
"MISB-254","Газпром университет — программы и новости","https://institute.gazprom.ru/","C12","C12","Корпоративные новости, отчеты и университеты","Корпоративные университеты и учебные экосистемы","РФ / группа Газпром","RU","P","P; R","Корпоративная академия","Новость → академия → владелец программы → закупочный маршрут","Газпром университет; HR и профильные дирекции дочерних обществ","Программы переподготовки и повышения квалификации специалистов дочерних обществ","Корпоративные закупки, финансы, право, управление, e-learning","(программа OR закупки OR партнерство OR преподаватель OR дочерние общества)","Открытые страницы, новости, документы и исходящие ссылки; HTTP/HTML сначала, при JS — разрешённый браузерный сбор; еженедельно, при активном наборе ежедневно; публичный API не подтверждён","Публичное чтение; личные кабинеты и закрытые сообщества подключать только при наличии доступа","Просмотр открытых материалов 0 ₽; сбор в общем бюджете; членство/участие/лицензии, если нужны, оценивать отдельно","search_index","https://institute.gazprom.ru/","Официальная выдача содержит программу «Управление корпоративными закупками» для руководителей и специалистов дочерних обществ.","2026-10-01","not_separately_checked","not_checked_here","1","true","Разобрать каталоги, тематические новости и участников; определить незакрытые темы и маршрут привлечения внешних преподавателей.","Проверить действующий маршрут, доступный корпус и инкрементальный сбор; связать с текущим проектом.","Поиск официального источника и проверка страницы/поисковой выдачи 01.10.2026","added_v2"
"MISB-255","РусГидро — портал корпоративного университета гидроэнергетики","https://korung.rushydro.ru/","C12","C12","Корпоративные новости, отчеты и университеты","Корпоративные университеты и учебные экосистемы","РФ / группа РусГидро","RU","P","P; R","Корпоративная академия","Новость → академия → владелец программы → закупочный маршрут","Корпоративный университет; HR компаний РусГидро","Учебные программы, развитие специалистов и управленческого резерва","Управление проектами, закупки, финансы, бережливое производство, электронные курсы","(программа OR развитие OR компетенции OR партнер OR обучение)","Открытые страницы, новости, документы и исходящие ссылки; HTTP/HTML сначала, при JS — разрешённый браузерный сбор; еженедельно, при активном наборе ежедневно; публичный API не подтверждён","Публичное чтение; личные кабинеты и закрытые сообщества подключать только при наличии доступа","Просмотр открытых материалов 0 ₽; сбор в общем бюджете; членство/участие/лицензии, если нужны, оценивать отдельно","search_index","https://t.me/s/rushydro_official/6496","URL подтверждён официальным каналом РусГидро; открытие сайта вернуло пустую извлекаемую страницу.","2026-10-01","not_separately_checked","not_checked_here","2","true","Проверить доступный интерфейс и публичные разделы; если закрыто, сохранить узел и искать новости/каталог на основном сайте группы.","Проверить действующий маршрут, доступный корпус и инкрементальный сбор; связать с текущим проектом.","Поиск официального источника и проверка страницы/поисковой выдачи 01.10.2026","added_v2"
"MISB-256","Корпоративная Академия Росатома","https://rosatom-academy.ru/ob-akademii/","C12","C12","Корпоративные новости, отчеты и университеты","Корпоративные университеты и учебные экосистемы","РФ / группа Росатом","RU","P","P; R","Корпоративная академия","Новость → академия → владелец программы → закупочный маршрут","Академия; отраслевые дивизионы; корпоративные HR","Развитие кадрового потенциала и корпоративных образовательных продуктов","Лидерство, управление, наставничество, обучение внутренних тренеров, курсы","(партнер OR преподаватель OR программа OR кадровый резерв OR обучение)","Открытые страницы, новости, документы и исходящие ссылки; HTTP/HTML сначала, при JS — разрешённый браузерный сбор; еженедельно, при активном наборе ежедневно; публичный API не подтверждён","Публичное чтение; личные кабинеты и закрытые сообщества подключать только при наличии доступа","Просмотр открытых материалов 0 ₽; сбор в общем бюджете; членство/участие/лицензии, если нужны, оценивать отдельно","search_index","https://rosatom-academy.ru/ob-akademii/","Официальная страница описывает Академию как элемент экосистемы развития кадрового потенциала Росатома.","2026-10-01","not_separately_checked","not_checked_here","2","true","Раскрыть программы, региональные проекты, партнёров и организаторов; сопоставить с отраслевым каналом выбора исполнителей.","Проверить действующий маршрут, доступный корпус и инкрементальный сбор; связать с текущим проектом.","Поиск официального источника и проверка страницы/поисковой выдачи 01.10.2026","added_v2"
"MISB-257","СПК нефтегазового комплекса","https://www.spkngk.ru/","C08","C08","Отраслевые союзы и СРО","Профессиональные квалификации и отраслевые объединения","РФ / нефтегаз","RU","I","I; R","Отраслевой союз и СРО","Союз → комитет/члены → тема → организатор сборного обучения","Нефтегазовые предприятия; ЦОК; корпоративные университеты; СПК","Обновление квалификаций, образовательных требований и кадровых программ","ДПО специалистов и руководителей, программы под компетенции, методическое обеспечение","(профстандарт OR квалификация OR мониторинг OR обучение OR образовательная программа)","Открытые страницы, новости, документы и исходящие ссылки; HTTP/HTML сначала, при JS — разрешённый браузерный сбор; еженедельно, при активном наборе ежедневно; публичный API не подтверждён","Публичное чтение; личные кабинеты и закрытые сообщества подключать только при наличии доступа","Просмотр открытых материалов 0 ₽; сбор в общем бюджете; членство/участие/лицензии, если нужны, оценивать отдельно","search_index","https://www.spkngk.ru/","Официальный сайт подтверждает СПК нефтегазового комплекса и отраслевое взаимодействие.","2026-10-01","not_separately_checked","not_checked_here","1","true","Извлекать организации из мониторингов, заседаний, ЦОК; сохранять изменения квалификаций как тематический триггер.","Проверить действующий маршрут, доступный корпус и инкрементальный сбор; связать с текущим проектом.","Поиск официального источника и проверка страницы/поисковой выдачи 01.10.2026","added_v2"
"MISB-258","ЭРА России — СПК в электроэнергетике","https://www.era-rossii.ru/professional_skills/","C08","C08","Отраслевые союзы и СРО","Профессиональные квалификации и отраслевые объединения","РФ / электроэнергетика","RU","I","I; R","Отраслевой союз и СРО","Союз → комитет/члены → тема → организатор сборного обучения","Энергокомпании; корпоративные учебные центры; СПК","Изменения профстандартов и выявление отраслевых потребностей в обучении","Программы для руководителей и ИТР, управление квалификациями, методология обучения","(потребность OR обучение OR квалификация OR мониторинг OR компетенции)","Открытые страницы, новости, документы и исходящие ссылки; HTTP/HTML сначала, при JS — разрешённый браузерный сбор; еженедельно, при активном наборе ежедневно; публичный API не подтверждён","Публичное чтение; личные кабинеты и закрытые сообщества подключать только при наличии доступа","Просмотр открытых материалов 0 ₽; сбор в общем бюджете; членство/участие/лицензии, если нужны, оценивать отдельно","search_index","https://www.era-rossii.ru/professional_skills/","Официальный раздел описывает отраслевую систему квалификаций и образовательных стандартов.","2026-10-01","not_separately_checked","not_checked_here","2","true","Найти материалы мониторинга потребностей, состав СПК, организации и ЦОК; добавить их собственные сайты и каналы обучения.","Проверить действующий маршрут, доступный корпус и инкрементальный сбор; связать с текущим проектом.","Поиск официального источника и проверка страницы/поисковой выдачи 01.10.2026","added_v2"
"MISB-259","СПК химического и биотехнологического комплекса","https://spkchemistry.ru/","C08","C08","Отраслевые союзы и СРО","Профессиональные квалификации и отраслевые объединения","РФ / химия и нефтехимия","RU","I","I; R","Отраслевой союз и СРО","Союз → комитет/члены → тема → организатор сборного обучения","Химические предприятия; СПК; корпоративные учебные центры","Обновление компетенций и кадровых программ химических предприятий","ДПО ИТР, кадровое планирование, наставничество, производственная эффективность","(кадры OR компетенции OR мониторинг OR обучение OR профстандарт)","Открытые страницы, новости, документы и исходящие ссылки; HTTP/HTML сначала, при JS — разрешённый браузерный сбор; еженедельно, при активном наборе ежедневно; публичный API не подтверждён","Публичное чтение; личные кабинеты и закрытые сообщества подключать только при наличии доступа","Просмотр открытых материалов 0 ₽; сбор в общем бюджете; членство/участие/лицензии, если нужны, оценивать отдельно","search_index","https://spkchemistry.ru/","Официальный сайт СПК содержит отраслевую повестку подготовки кадров и квалификаций.","2026-10-01","not_separately_checked","not_checked_here","2","true","Извлечь членов, центры оценки и партнёрские учебные организации; связать с мероприятиями и прогнозами кадрового спроса.","Проверить действующий маршрут, доступный корпус и инкрементальный сбор; связать с текущим проектом.","Поиск официального источника и проверка страницы/поисковой выдачи 01.10.2026","added_v2"
"MISB-260","Российский союз химиков — новости и отраслевые проекты","https://www.ruschemunion.ru/news/","C08","C08","Отраслевые союзы и СРО","Отраслевые ассоциации и профессиональные сети","РФ / химия и нефтехимия","RU","P","P; R","Отраслевой союз и СРО","Союз → комитет/члены → тема → организатор сборного обучения","РСХ; предприятия-члены; отраслевые организаторы","Программы наставничества, отраслевые дискуссии, планирование мероприятий","Наставничество, управление, цифровые навыки, деловые конференции","(кадры OR наставничество OR обучение OR цифровизация OR план мероприятий)","Открытые страницы, новости, документы и исходящие ссылки; HTTP/HTML сначала, при JS — разрешённый браузерный сбор; еженедельно, при активном наборе ежедневно; публичный API не подтверждён","Публичное чтение; личные кабинеты и закрытые сообщества подключать только при наличии доступа","Просмотр открытых материалов 0 ₽; сбор в общем бюджете; членство/участие/лицензии, если нужны, оценивать отдельно","search_index","https://www.ruschemunion.ru/news/","Официальная лента содержит программу наставничества и формирование плана мероприятий на 2027 год.","2026-10-01","not_separately_checked","not_checked_here","1","true","Разобрать план следующего года; раскрыть членов и оргкомитеты; предложить экспертные модули после проверки потребности.","Проверить действующий маршрут, доступный корпус и инкрементальный сбор; связать с текущим проектом.","Поиск официального источника и проверка страницы/поисковой выдачи 01.10.2026","added_v2"
"MISB-261","DigitalChem — цифровизация химической отрасли","https://digitalchem.ru/first-course-ai/","C08","C08","Отраслевые союзы и СРО","Отраслевые программы цифровых компетенций","РФ / химическая промышленность","RU","I","I; R","Отраслевой союз и СРО","Союз → комитет/члены → тема → организатор сборного обучения","Комиссия РСХ по цифровизации; предприятия-участники; организатор программы","Практическое обучение ИИ для предприятий отраслевого союза","ИИ для специалистов, цифровые компетенции руководителей, разработка отраслевых курсов","(ИИ OR обучение OR курс OR предприятие OR запрос)","Открытые страницы, новости, документы и исходящие ссылки; HTTP/HTML сначала, при JS — разрешённый браузерный сбор; еженедельно, при активном наборе ежедневно; публичный API не подтверждён","Публичное чтение; личные кабинеты и закрытые сообщества подключать только при наличии доступа","Просмотр открытых материалов 0 ₽; сбор в общем бюджете; членство/участие/лицензии, если нужны, оценивать отдельно","search_index","https://digitalchem.ru/first-course-ai/","Страница описывает бесплатный практический курс ИИ для предприятий РСХ.","2026-10-01","not_separately_checked","not_checked_here","2","true","Найти владельца программы и следующие потоки; участникам может понадобиться углубление или корпоративная адаптация; исходную программу не считать заказом.","Проверить действующий маршрут, доступный корпус и инкрементальный сбор; связать с текущим проектом.","Поиск официального источника и проверка страницы/поисковой выдачи 01.10.2026","added_v2"
"MISB-262","СОВНЕТ — управление проектами","https://sovnet.ru/","C08","C07","Функциональные ассоциации","Профессиональные ассоциации и клубы","РФ / СНГ","RU","P","P; R","Функциональная ассоциация","Комитет → план мероприятий → организатор → предложение учебного модуля","Ассоциация; компании участников и спикеров; организаторы конференций","Серии профессиональных встреч, обучение, конференции и развитие проектного управления","Проектное управление, фасилитация, управление портфелями, риск-менеджмент","(Проектная среда OR конференция OR партнер OR обучение OR корпоративный)","Открытые страницы, новости, документы и исходящие ссылки; HTTP/HTML сначала, при JS — разрешённый браузерный сбор; еженедельно, при активном наборе ежедневно; публичный API не подтверждён","Публичное чтение; личные кабинеты и закрытые сообщества подключать только при наличии доступа","Просмотр открытых материалов 0 ₽; сбор в общем бюджете; членство/участие/лицензии, если нужны, оценивать отдельно","search_index","https://sovnet.ru/","Официальный сайт подтверждает обучение, «Проектные среды» и новости внедрения проектного управления.","2026-10-01","not_separately_checked","not_checked_here","2","true","Собирать календарь и организации спикеров; раскрыть региональные мероприятия, запросы экспертов и этапы корпоративного внедрения.","Проверить действующий маршрут, доступный корпус и инкрементальный сбор; связать с текущим проектом.","Поиск официального источника и проверка страницы/поисковой выдачи 01.10.2026","added_v2"
"MISB-263","Фонд Потанина — конкурс «Профессиональное развитие»","https://fondpotanin.ru/competitions/konkurs-professionalnogo-razvitiya/","C17","C17","Гранты, НКО и программы фондов","Гранты и финансируемое развитие организаций","РФ / НКО, музеи, вузы","RU","I","I; R","Грант и финансирование","Конкурс → заявка/победитель → календарь → закупка или партнерство","Грантополучатель; руководитель НКО/музея/вуза; координатор проекта","Грант на профессиональное развитие сотрудника или кадровых ресурсов организации","Управление, финансы НКО, проекты, коммуникации, стратегические сессии","(профессиональное развитие OR победитель OR результаты OR кадровые ресурсы)","Открытые страницы, новости, документы и исходящие ссылки; HTTP/HTML сначала, при JS — разрешённый браузерный сбор; еженедельно, при активном наборе ежедневно; публичный API не подтверждён","Публичное чтение; личные кабинеты и закрытые сообщества подключать только при наличии доступа","Просмотр открытых материалов 0 ₽; сбор в общем бюджете; членство/участие/лицензии, если нужны, оценивать отдельно","content_read","https://fondpotanin.ru/competitions/konkurs-professionalnogo-razvitiya/","Официальная страница подтверждает поддержку профессионального развития; заказчиками могут быть победители, а не сам фонд.","2026-10-01","not_separately_checked","not_checked_here","1","true","Отслеживать итоги каждого цикла, организации, сроки и утверждённые темы; проверять, выбран ли провайдер, и сохранять следующий цикл.","Проверить действующий маршрут, доступный корпус и инкрементальный сбор; связать с текущим проектом.","Поиск официального источника и проверка страницы/поисковой выдачи 01.10.2026","added_v2"
"MISB-264","Фонд президентских грантов — открытые данные о проектах","https://xn--80afcdbalict6afooklqi5o.xn--p1ai/public/open-data","C17","C17","Гранты, НКО и программы фондов","Открытые наборы грантов и проектных бюджетов","РФ / НКО","RU","I","I; R","Грант и финансирование","Конкурс → заявка/победитель → календарь → закупка или партнерство","НКО — победитель гранта; руководитель проекта; партнёр-исполнитель","Проекты с бюджетами на обучение команд, семинары, курсы и деловые мероприятия","Управление НКО, проектные компетенции, обучение специалистов, создание курсов","(обучение сотрудников OR семинары OR повышение квалификации OR стратегическая сессия OR электронный курс)","Открытые страницы, новости, документы и исходящие ссылки; HTTP/HTML сначала, при JS — разрешённый браузерный сбор; еженедельно, при активном наборе ежедневно; публичный API не подтверждён","Публичное чтение; личные кабинеты и закрытые сообщества подключать только при наличии доступа","Просмотр открытых материалов 0 ₽; сбор в общем бюджете; членство/участие/лицензии, если нужны, оценивать отдельно","search_index","https://xn--80afcdbalict6afooklqi5o.xn--p1ai/public/open-data","Официальная поисковая выдача подтверждает открытый набор сведений о проектах с 2017 года; прямое открытие получило 403.","2026-10-01","not_separately_checked","not_checked_here","1","true","Получить опубликованный файл разрешённым способом, проверить формат и паспорт; связать проекты, бюджетные строки и победителей; API не предполагать.","Проверить действующий маршрут, доступный корпус и инкрементальный сбор; связать с текущим проектом.","Поиск официального источника и проверка страницы/поисковой выдачи 01.10.2026","added_v2"
"MISB-265","АСИ — карта ресурсов обучения и развития НКО","https://asi.org.ru/work/resursydlyaobuchenyanko/","C17","C18","Каталоги и карты экосистем","Ресурсные центры и НКО","РФ / НКО","RU","R","R","Каталог каналов","Каталог → первичная страница → проверка идентичности → регистрация","Ресурсные центры; фонды; НКО — операторы проектов","Выявление образовательных операторов, региональных ресурсных центров и программ для команд НКО","Управление НКО, финансы, коммуникации, CRM и цифровые навыки","(ресурсный центр OR акселератор OR обучение НКО OR партнер OR эксперт)","Открытые страницы, новости, документы и исходящие ссылки; HTTP/HTML сначала, при JS — разрешённый браузерный сбор; еженедельно, при активном наборе ежедневно; публичный API не подтверждён","Публичное чтение; личные кабинеты и закрытые сообщества подключать только при наличии доступа","Просмотр открытых материалов 0 ₽; сбор в общем бюджете; членство/участие/лицензии, если нужны, оценивать отдельно","search_index","https://asi.org.ru/work/resursydlyaobuchenyanko/","Обзор АСИ перечисляет обучающие платформы и программы для НКО, включая управление IT-ресурсами.","2026-10-01","not_separately_checked","not_checked_here","1","true","Обойти все исходящие ссылки и создать отдельные source_id для каждого оператора, календаря, конкурса и регионального центра.","Проверить действующий маршрут, доступный корпус и инкрементальный сбор; связать с текущим проектом.","Поиск официального источника и проверка страницы/поисковой выдачи 01.10.2026","added_v2"
"MISB-266","Благосфера — партнёрство с НКО и городскими сообществами","https://blagosfera.ru/about/nko-i-gorodskim-soobshhestvam/","C17","C17","Гранты, НКО и программы фондов","Ресурсные центры и НКО","РФ / Москва и регионы","RU","P","P; R","Грант и финансирование","Конкурс → заявка/победитель → календарь → закупка или партнерство","Центр Благосфера; партнёрские НКО; операторы общественных пространств","Партнёрские образовательные события, развитие НКО и общественных пространств","Проектное управление, коммуникации, мероприятия, управленческие навыки","(партнерство OR тренинг OR акселератор OR обучение OR конференция)","Открытые страницы, новости, документы и исходящие ссылки; HTTP/HTML сначала, при JS — разрешённый браузерный сбор; еженедельно, при активном наборе ежедневно; публичный API не подтверждён","Публичное чтение; личные кабинеты и закрытые сообщества подключать только при наличии доступа","Просмотр открытых материалов 0 ₽; сбор в общем бюджете; членство/участие/лицензии, если нужны, оценивать отдельно","search_index","https://blagosfera.ru/about/nko-i-gorodskim-soobshhestvam/","Страница прямо приглашает НКО к партнёрству и обмену опытом.","2026-10-01","not_separately_checked","not_checked_here","2","true","Извлекать организаторов событий и партнёров; проверить ближайшие программы и потребность во внешних ведущих/методистах.","Проверить действующий маршрут, доступный корпус и инкрементальный сбор; связать с текущим проектом.","Поиск официального источника и проверка страницы/поисковой выдачи 01.10.2026","added_v2"
"MISB-267","Форум Доноров — фонды и программы развития","https://donorsforum.ru/","C17","C17","Гранты, НКО и программы фондов","Гранты и финансируемое развитие организаций","РФ / корпоративные фонды и НКО","RU","R","R","Грант и финансирование","Конкурс → заявка/победитель → календарь → закупка или партнерство","Корпоративные фонды; грантополучатели; организаторы программ","Новые грантовые программы и ресурсные организации, финансирующие развитие людей","Стратегические сессии, обучение команд, управление проектами, коммуникации","(конкурс OR грант OR обучение OR развитие команды OR кадровый)","Открытые страницы, новости, документы и исходящие ссылки; HTTP/HTML сначала, при JS — разрешённый браузерный сбор; еженедельно, при активном наборе ежедневно; публичный API не подтверждён","Публичное чтение; личные кабинеты и закрытые сообщества подключать только при наличии доступа","Просмотр открытых материалов 0 ₽; сбор в общем бюджете; членство/участие/лицензии, если нужны, оценивать отдельно","content_read","https://donorsforum.ru/","Открыты разделы членов ассоциации, конкурсов/грантов, новостей и анонсов.","2026-10-01","not_separately_checked","not_checked_here","2","true","Обойти членов и конкурсы; открыть отдельные сайты фондов, страницы итогов и списки получателей; не смешивать грант с заказом.","Проверить действующий маршрут, доступный корпус и инкрементальный сбор; связать с текущим проектом.","Поиск официального источника и проверка страницы/поисковой выдачи 01.10.2026","added_v2"
"MISB-268","Даму — бизнес-обучение «Іскер Аймақ»","https://damu.kz/ru/programmi/trainings/business_learning","C08","C09","Палаты, МСП, экспорт, производительность","Программы поддержки предпринимательства","Казахстан","KZ","P","P; R","Региональный оператор","Оператор → план программы → закупки/отбор тренеров → участники","Фонд Даму; образовательный оператор; региональные филиалы","Развитие предпринимательских компетенций и новые потоки обучения","Управление, финансы, цифровые навыки, прикладные электронные курсы","(обучение OR Іскер Аймақ OR партнер OR программа OR региональный филиал)","Открытые страницы, новости, документы и исходящие ссылки; HTTP/HTML сначала, при JS — разрешённый браузерный сбор; еженедельно, при активном наборе ежедневно; публичный API не подтверждён","Публичное чтение; личные кабинеты и закрытые сообщества подключать только при наличии доступа","Просмотр открытых материалов 0 ₽; сбор в общем бюджете; членство/участие/лицензии, если нужны, оценивать отдельно","search_index","https://damu.kz/ru/programmi/trainings/business_learning","Официальная страница описывает бизнес-обучение предпринимателей Казахстана.","2026-10-01","not_separately_checked","not_checked_here","2","true","Уточнить действующего оператора и порядок выбора поставщиков; раскрыть региональные филиалы, партнёров и следующие циклы.","Проверить действующий маршрут, доступный корпус и инкрементальный сбор; связать с текущим проектом.","Поиск официального источника и проверка страницы/поисковой выдачи 01.10.2026","added_v2"
"MISB-269","QazIndustry — возмещение затрат на повышение компетенций","https://www.gov.kz/services/4293","C08","C17","Гранты, НКО и программы фондов","Субсидии и финансирование корпоративного обучения","Казахстан / промышленность","KZ","I","I; R","Грант и финансирование","Конкурс → заявка/победитель → календарь → закупка или партнерство","Промышленные предприятия; HR; QazIndustry как оператор меры поддержки","Возможность финансирования повышения компетенций работников промышленного предприятия","ДПО специалистов/руководителей, бережливое производство, управленческие и цифровые навыки","(повышение компетенции OR возмещение затрат OR обучение OR предприятие)","Открытые страницы, новости, документы и исходящие ссылки; HTTP/HTML сначала, при JS — разрешённый браузерный сбор; еженедельно, при активном наборе ежедневно; публичный API не подтверждён","Публичное чтение; личные кабинеты и закрытые сообщества подключать только при наличии доступа","Просмотр открытых материалов 0 ₽; сбор в общем бюджете; членство/участие/лицензии, если нужны, оценивать отдельно","content_read","https://www.gov.kz/services/4293","Официальная госуслуга подтверждает меру поддержки повышения компетенций работников и портал QazIndustry.","2026-10-01","not_separately_checked","not_checked_here","1","true","Проверить актуальную допустимость тем и провайдеров; найти новости предприятий-получателей поддержки; не обещать клиенту возмещение до проверки условий.","Проверить действующий маршрут, доступный корпус и инкрементальный сбор; связать с текущим проектом.","Поиск официального источника и проверка страницы/поисковой выдачи 01.10.2026","added_v2"
"MISB-270","Международный деловой совет Кыргызстана","https://www.ibc.kg/","C08","C08","Отраслевые союзы и СРО","Деловые ассоциации и профессиональные сети","Кыргызстан","KG","P","P; R","Отраслевой союз и СРО","Союз → комитет/члены → тема → организатор сборного обучения","МДС; компании-члены; руководители функциональных комитетов","Бизнес-форумы, комитеты, запросы компаний и развитие деловых компетенций","Право, финансы, HR, управление, международные переговоры","(training OR обучение OR workshop OR семинар OR кадры OR business)","Открытые страницы, новости, документы и исходящие ссылки; HTTP/HTML сначала, при JS — разрешённый браузерный сбор; еженедельно, при активном наборе ежедневно; публичный API не подтверждён","Публичное чтение; личные кабинеты и закрытые сообщества подключать только при наличии доступа","Просмотр открытых материалов 0 ₽; сбор в общем бюджете; членство/участие/лицензии, если нужны, оценивать отдельно","content_read","https://www.ibc.kg/","Официальный сайт публикует новости совета, деловые события и позиции бизнеса.","2026-10-01","not_separately_checked","not_checked_here","2","true","Раскрыть компании-члены, комитеты, мероприятия и партнёров; искать запросы на тренеров и следующий цикл корпоративных программ.","Проверить действующий маршрут, доступный корпус и инкрементальный сбор; связать с текущим проектом.","Поиск официального источника и проверка страницы/поисковой выдачи 01.10.2026","added_v2"
"MISB-271","Парк высоких технологий Кыргызстана — резиденты и рост компаний","https://htp.kg/ru/","C08","C14","Инвестиции, ОЭЗ, кластеры и проекты","Технопарки, резиденты и быстрорастущие компании","Кыргызстан / IT","KG","I","I; R","Инвестиционный проект","Проект → оператор/резидент → функциональные службы → подготовка команды","Резиденты ПВТ; дирекция парка; HR и основатели компаний","Рост резидентов, выход на экспорт, развитие управленческой и операционной команды","Менеджмент, проекты, финансы, договоры, HR, цифровое обучение","(резидент OR рост OR обучение OR export OR management OR workshop)","Открытые страницы, новости, документы и исходящие ссылки; HTTP/HTML сначала, при JS — разрешённый браузерный сбор; еженедельно, при активном наборе ежедневно; публичный API не подтверждён","Публичное чтение; личные кабинеты и закрытые сообщества подключать только при наличии доступа","Просмотр открытых материалов 0 ₽; сбор в общем бюджете; членство/участие/лицензии, если нужны, оценивать отдельно","search_index","https://htp.kg/ru/","Официальный сайт описывает ПВТ и экспортную деятельность резидентов; есть новости и контакты.","2026-10-01","not_separately_checked","not_checked_here","2","true","Собрать список резидентов и растущих компаний, затем их вакансии/новости; выявлять задачи обучения менеджеров и масштабирования.","Проверить действующий маршрут, доступный корпус и инкрементальный сбор; связать с текущим проектом.","Поиск официального источника и проверка страницы/поисковой выдачи 01.10.2026","added_v2"
"MISB-272","KAZLOGISTICS — члены транспортно-логистического союза","https://kazlogistics.kz/ru/members_union","C08","C08","Отраслевые союзы и СРО","Отраслевые ассоциации и профессиональные сети","Казахстан / транспорт и логистика","KZ","R","R","Отраслевой союз и СРО","Союз → комитет/члены → тема → организатор сборного обучения","Компании-члены союза; отраслевые объединения; HR и функциональные директора","Раскрытие логистических операторов, отраслевых ассоциаций и национальных перевозчиков","Логистика, закупки, управление, ВЭД, финансы, контрактные риски","(обучение OR квалификация OR логистика OR кадры OR семинар)","Открытые страницы, новости, документы и исходящие ссылки; HTTP/HTML сначала, при JS — разрешённый браузерный сбор; еженедельно, при активном наборе ежедневно; публичный API не подтверждён","Публичное чтение; личные кабинеты и закрытые сообщества подключать только при наличии доступа","Просмотр открытых материалов 0 ₽; сбор в общем бюджете; членство/участие/лицензии, если нужны, оценивать отдельно","search_index","https://kazlogistics.kz/ru/members_union","Официальная страница перечисляет категории членов, включая перевозчиков, логистические компании и дочерние организации.","2026-10-01","not_separately_checked","not_checked_here","2","true","Развернуть компании/ассоциации в отдельные source_id; собрать их мероприятия, учебные центры и корпоративные закупочные каналы.","Проверить действующий маршрут, доступный корпус и инкрементальный сбор; связать с текущим проектом.","Поиск официального источника и проверка страницы/поисковой выдачи 01.10.2026","added_v2"
"MISB-273","БелАПП — ассоциация предприятий промышленности","https://belapp.by/","C08","C08","Отраслевые союзы и СРО","Отраслевые ассоциации и профессиональные сети","Беларусь / промышленность","BY","P","P; R","Отраслевой союз и СРО","Союз → комитет/члены → тема → организатор сборного обучения","БелАПП; предприятия-члены; партнёрские ассоциации и организаторы","Отраслевые события, цифровизация промышленности и развитие компетенций предприятий","Управление, производительность, цифровые компетенции, деловые конференции","(семинар OR обучение OR компетенции OR промышленность OR цифровизация)","Открытые страницы, новости, документы и исходящие ссылки; HTTP/HTML сначала, при JS — разрешённый браузерный сбор; еженедельно, при активном наборе ежедневно; публичный API не подтверждён","Публичное чтение; личные кабинеты и закрытые сообщества подключать только при наличии доступа","Просмотр открытых материалов 0 ₽; сбор в общем бюджете; членство/участие/лицензии, если нужны, оценивать отдельно","content_read","https://belapp.by/","Официальная лента содержит мероприятия предприятий и отраслевых партнёров, включая промышленную кибербезопасность.","2026-10-01","not_separately_checked","not_checked_here","2","true","Извлечь организаторов и компании; проверить планы комитетов и совместные образовательные мероприятия.","Проверить действующий маршрут, доступный корпус и инкрементальный сбор; связать с текущим проектом.","Поиск официального источника и проверка страницы/поисковой выдачи 01.10.2026","added_v2"
"MISB-274","Гомельское отделение БелТПП","https://gomel.cci.by/","C09","C09","Палаты, МСП, экспорт, производительность","Региональные торгово-промышленные палаты","Беларусь / Гомельская область","BY","P","P; R","Региональный оператор","Оператор → план программы → закупки/отбор тренеров → участники","Гомельское отделение; компании-члены; организаторы деловых программ","Деловые программы, отраслевые встречи и экспортные компетенции региональных компаний","ВЭД, закупки, право, финансы, управление","(семинар OR курс OR обучение OR практикум OR партнер)","Открытые страницы, новости, документы и исходящие ссылки; HTTP/HTML сначала, при JS — разрешённый браузерный сбор; еженедельно, при активном наборе ежедневно; публичный API не подтверждён","Публичное чтение; личные кабинеты и закрытые сообщества подключать только при наличии доступа","Просмотр открытых материалов 0 ₽; сбор в общем бюджете; членство/участие/лицензии, если нужны, оценивать отдельно","content_read","https://gomel.cci.by/","Страница открыта: новости Гомельского отделения и ссылка на бизнес-курс «Путь экспортера 2026»; в заголовке есть шаблонная ошибка «Брестское».","2026-10-01","not_separately_checked","not_checked_here","2","true","Извлечь собственные события и членов, отличать общую ленту БелТПП от региональных мероприятий; проверить канал выбора преподавателей.","Проверить действующий маршрут, доступный корпус и инкрементальный сбор; связать с текущим проектом.","Поиск официального источника и проверка страницы/поисковой выдачи 01.10.2026","added_v2"
"MISB-275","Брестское отделение БелТПП","https://brest.cci.by/","C09","C09","Палаты, МСП, экспорт, производительность","Региональные торгово-промышленные палаты","Беларусь / Брестская область","BY","P","P; R","Региональный оператор","Оператор → план программы → закупки/отбор тренеров → участники","Брестское отделение; предприятия-члены; организаторы бизнес-форумов","Деловые форумы и тематическое обучение региональных компаний","ВЭД, логистика, право, финансы, управленческие компетенции","(семинар OR курс OR обучение OR практикум OR форум)","Открытые страницы, новости, документы и исходящие ссылки; HTTP/HTML сначала, при JS — разрешённый браузерный сбор; еженедельно, при активном наборе ежедневно; публичный API не подтверждён","Публичное чтение; личные кабинеты и закрытые сообщества подключать только при наличии доступа","Просмотр открытых материалов 0 ₽; сбор в общем бюджете; членство/участие/лицензии, если нужны, оценивать отдельно","content_read","https://brest.cci.by/","Открытая страница содержит новости отделения, приглашения и деловые мероприятия.","2026-10-01","not_separately_checked","not_checked_here","2","true","Обойти региональные программы и их партнёров; найти профессиональные секции и темы будущих обучающих циклов.","Проверить действующий маршрут, доступный корпус и инкрементальный сбор; связать с текущим проектом.","Поиск официального источника и проверка страницы/поисковой выдачи 01.10.2026","added_v2"
"MISB-276","Neftegaz.RU — образование и повышение квалификации","https://neftegaz.ru/news/education/","C08","C06","Профессиональные форумы и медиа","Отраслевые СМИ и тематические сигналы","РФ / ТЭК","RU","I","I; R","Профессиональное медиа","Публикация → компания → функциональный владелец → гипотеза программы","Названные в публикациях компании; HR; владельцы корпоративных университетов","Создание учебных центров, запуск программ, развитие корпоративного обучения","ДПО специалистов, управление, обучение тренеров, разработка электронных курсов","(учебный центр OR повышение квалификации OR новые компетенции OR цифровое обучение)","Открытые страницы, новости, документы и исходящие ссылки; HTTP/HTML сначала, при JS — разрешённый браузерный сбор; еженедельно, при активном наборе ежедневно; публичный API не подтверждён","Публичное чтение; личные кабинеты и закрытые сообщества подключать только при наличии доступа","Просмотр открытых материалов 0 ₽; сбор в общем бюджете; членство/участие/лицензии, если нужны, оценивать отдельно","search_index","https://neftegaz.ru/news/education/","Тематический раздел публикует новости образовательных проектов нефтегазовых компаний.","2026-10-01","not_separately_checked","not_checked_here","1","true","Для каждой новости извлечь компанию, подразделение, тему и этап; перейти к первоисточнику и следующему циклу; сохранять субподрядную гипотезу.","Проверить действующий маршрут, доступный корпус и инкрементальный сбор; связать с текущим проектом.","Поиск официального источника и проверка страницы/поисковой выдачи 01.10.2026","added_v2"
"MISB-277","Агентство нефтегазовой информации — отраслевые новости","https://www.angi.ru/","C08","C06","Профессиональные форумы и медиа","Отраслевые СМИ и тематические сигналы","РФ / нефтегаз, Югра, ЯНАО","RU","I","I; R","Профессиональное медиа","Публикация → компания → функциональный владелец → гипотеза программы","Компании ТЭК; HR; функциональные дирекции и новые проектные команды","Кадровые программы, запуск проектов, управленческие изменения и рост предприятий","Обучение специалистов и руководителей ТЭК, проекты, финансы, договоры","(обучение OR университет OR компетенции OR наставничество OR проект OR персонал)","Открытые страницы, новости, документы и исходящие ссылки; HTTP/HTML сначала, при JS — разрешённый браузерный сбор; еженедельно, при активном наборе ежедневно; публичный API не подтверждён","Публичное чтение; личные кабинеты и закрытые сообщества подключать только при наличии доступа","Просмотр открытых материалов 0 ₽; сбор в общем бюджете; членство/участие/лицензии, если нужны, оценивать отдельно","content_read","https://www.angi.ru/","Главная открылась как актуальная лента Агентства нефтегазовой информации.","2026-10-01","not_separately_checked","not_checked_here","1","true","Собирать новости широким словарём; выделять компании и ссылки первоисточников; создавать новые корпоративные источники.","Проверить действующий маршрут, доступный корпус и инкрементальный сбор; связать с текущим проектом.","Поиск официального источника и проверка страницы/поисковой выдачи 01.10.2026","added_v2"
"MISB-278","Energybase — компании, объекты, проекты и вакансии","https://energybase.ru/","C08","C16","Реестры и раскрытие информации","Отраслевые каталоги и сигналы проектов","РФ / ТЭК и промышленность","RU","R","R","Реестр компаний","Реестр → юрлицо → официальный сайт → собственные и групповые каналы","Собственники объектов; операторы; EPC/сервисные компании; HR","Поиск заказчиков, объектов, реализуемых проектов и кадровых изменений","Управление проектами, технические и деловые компетенции, корпоративное обучение","(обучение OR повышение квалификации OR проект OR модернизация OR кадры)","Открытые страницы, новости, документы и исходящие ссылки; HTTP/HTML сначала, при JS — разрешённый браузерный сбор; еженедельно, при активном наборе ежедневно; публичный API не подтверждён","Публичное чтение; личные кабинеты и закрытые сообщества подключать только при наличии доступа","Просмотр открытых материалов 0 ₽; сбор в общем бюджете; членство/участие/лицензии, если нужны, оценивать отдельно","content_read","https://energybase.ru/","Открытая страница содержит компании-заказчики, объекты, проекты, закупки и вакансии.","2026-10-01","not_separately_checked","not_checked_here","1","true","Собрать компании и объекты в граф отношений; подключить их первичные сайты; новости и вакансии использовать для развития гипотез спроса.","Проверить действующий маршрут, доступный корпус и инкрементальный сбор; связать с текущим проектом.","Поиск официального источника и проверка страницы/поисковой выдачи 01.10.2026","added_v2"
"MISB-279","Нефтегазстройпрофсоюз — стратегические сессии и развитие кадров","https://www.rogwu.ru/press-center/news/main/37526/","C08","C08","Отраслевые союзы и СРО","Профсоюзы и профессиональное развитие","РФ / нефтегаз","RU","I","I; R","Отраслевой союз и СРО","Союз → комитет/члены → тема → организатор сборного обучения","Центральный аппарат и территориальные/корпоративные организации профсоюза","Стратегические сессии, обучение профсоюзных специалистов и развитие команд","Трудовое право, переговоры, коммуникации, управление проектами, фасилитация","(обучение OR семинар OR стратегическая сессия OR профактив OR правовой)","Открытые страницы, новости, документы и исходящие ссылки; HTTP/HTML сначала, при JS — разрешённый браузерный сбор; еженедельно, при активном наборе ежедневно; публичный API не подтверждён","Публичное чтение; личные кабинеты и закрытые сообщества подключать только при наличии доступа","Просмотр открытых материалов 0 ₽; сбор в общем бюджете; членство/участие/лицензии, если нужны, оценивать отдельно","search_index","https://www.rogwu.ru/press-center/news/main/37526/","Официальная публикация описывает итоги стратегической сессии в образовательном центре «Сириус».","2026-10-01","not_separately_checked","not_checked_here","2","true","Из карточки перейти к новостям и структуре профсоюза; раскрыть территориальные организации и следующие учебные мероприятия.","Проверить действующий маршрут, доступный корпус и инкрементальный сбор; связать с текущим проектом.","Поиск официального источника и проверка страницы/поисковой выдачи 01.10.2026","added_v2"
"MISB-280","Skills Enbek — платформа онлайн-обучения","https://skills.enbek.kz/","C08","C08","Отраслевые союзы и СРО","Платформы обучения и партнёрские каналы","Казахстан","KZ","P","P; R","Отраслевой союз и СРО","Союз → комитет/члены → тема → организатор сборного обучения","Оператор платформы; образовательные партнёры; корпоративные участники","Развитие каталога курсов и образовательной инфраструктуры для профессиональных навыков","Электронные курсы, цифровые компетенции, управление и финансы","(автор курса OR партнер OR курс OR навыки OR employer)","Открытые страницы, новости, документы и исходящие ссылки; HTTP/HTML сначала, при JS — разрешённый браузерный сбор; еженедельно, при активном наборе ежедневно; публичный API не подтверждён","Публичное чтение; личные кабинеты и закрытые сообщества подключать только при наличии доступа","Просмотр открытых материалов 0 ₽; сбор в общем бюджете; членство/участие/лицензии, если нужны, оценивать отдельно","content_read","https://skills.enbek.kz/","Платформа открылась; официальный gov.kz подтверждает обучение на Skills Enbek.","2026-10-01","not_separately_checked","not_checked_here","3","true","Проверить опубликованные правила размещения и требования к зарубежным провайдерам; найти действующих авторов/партнёров; коммерческий спрос отдельно подтвердить.","Проверить действующий маршрут, доступный корпус и инкрементальный сбор; связать с текущим проектом.","Поиск официального источника и проверка страницы/поисковой выдачи 01.10.2026","added_v2"
"MISB-281","ЭЛЕКТРОЭНЕРГИЯ. Передача и распределение — журнал и профессиональные мероприятия","https://eepir.ru/","C06","C06","Профессиональные форумы и медиа","Отраслевые СМИ и тематические сигналы","РФ / электроэнергетика","RU","I","I; R","Профессиональное медиа","Публикация → компания → функциональный владелец → гипотеза программы","Электросетевые компании; организаторы профессиональных конференций; учебные центры","Технические конференции, обмен опытом, новые практики энергокомпаний","ДПО ИТР и руководителей, проектное управление, цифровизация, семинары","(обучение OR повышение квалификации OR конференция OR семинар OR компетенции)","Открытые страницы, новости, документы и исходящие ссылки; HTTP/HTML сначала, при JS — разрешённый браузерный сбор; еженедельно, при активном наборе ежедневно; публичный API не подтверждён","Публичное чтение; личные кабинеты и закрытые сообщества подключать только при наличии доступа","Просмотр открытых материалов 0 ₽; сбор в общем бюджете; членство/участие/лицензии, если нужны, оценивать отдельно","content_read","https://eepir.ru/","Официальный сайт журнала открыт; публикует отраслевые материалы и события электросетевых компаний.","2026-10-01","not_separately_checked","not_checked_here","2","true","Извлекать организаторов, спикеров и их предприятия; искать учебные продолжения профессиональных мероприятий и кадровые проекты.","Проверить действующий маршрут, доступный корпус и инкрементальный сбор; связать с текущим проектом.","Поиск официального источника и проверка страницы/поисковой выдачи 01.10.2026","added_v2"
"MISB-282","БелТПП — форум-практикум Беларусь — Центральная Азия","https://ca.cci.by/","C06","C10","Конференции, премии и клубы","Межрегиональные деловые программы","Беларусь / Казахстан / Кыргызстан / Центральная Азия","BY; KZ; KG","P","P; R","Организатор конференции","Программа → продюсер → экспертная заявка → учебный блок/модерация","БелТПП; региональные палаты; компании-экспортёры; организатор программы","Практические программы выхода компаний на рынки Центральной Азии","ВЭД, переговоры, логистика, контракты, финансовые расчёты","(практикум OR эксперт OR бизнес-курс OR экспорт OR Центральная Азия)","Открытые страницы, новости, документы и исходящие ссылки; HTTP/HTML сначала, при JS — разрешённый браузерный сбор; еженедельно, при активном наборе ежедневно; публичный API не подтверждён","Публичное чтение; личные кабинеты и закрытые сообщества подключать только при наличии доступа","Просмотр открытых материалов 0 ₽; сбор в общем бюджете; членство/участие/лицензии, если нужны, оценивать отдельно","search_index","https://ca.cci.by/","Официальная страница описывает форум-практикум с экспертными инструментами выхода на рынки Центральной Азии.","2026-10-01","not_separately_checked","not_checked_here","2","true","Собрать партнёров, спикеров, организаторов и следующий цикл; раскрыть сопряжённые программы палат обеих сторон.","Проверить действующий маршрут, доступный корпус и инкрементальный сбор; связать с текущим проектом.","Поиск официального источника и проверка страницы/поисковой выдачи 01.10.2026","added_v2"
"MISB-283","Сбербанк — правила и вход для поставщиков","https://www.sberbank.ru/ru/fpartners/purchase/useful_info","C02","C02","Корпоративные закупки и квалификация","Корпоративные закупки — вход и карта маршрутов","РФ","RU","D","D; R","Корпоративный поставщик","Перейти к первоисточнику процедуры, изучить ТЗ и сроки; подготовить заявку/КП МИСБ либо связаться с указанным организатором после квалификации лида.","закупщик / организатор / конечный заказчик из документации","Официальная точка входа к процедурам, планам, дочерним компаниям и поставщикам услуг; релевантный заказ нужно обнаружить.","Банковские финансы, риск-менеджмент, HR, корпоративное право","обучение; повышение квалификации; развитие руководителей; тренинг; электронный курс; дистанционное обучение; стратегическая сессия; образовательные услуги; HR; кадровый резерв","Публичный HTML и вложения; обнаружить пагинацию/фильтры; RSS/API только если документированы и разрешены; кабинеты — по доступам проекта.","Наблюдалась ошибка чтения: 502; доступ сборщика не проверен.","Стоимость доступа/участия не проверена; сначала публичный маршрут. Платную подписку не предполагаем.","search_index","https://www.sberbank.ru/ru/fpartners/purchase/useful_info","Официальная страница найдена в поиске: информация для поставщиков и закупки. Прямое чтение вернуло 502.","2026-10-01","not_separately_checked","not_checked_here","1","true","Извлечь действующие ссылки на закупки самого банка, квалификацию и дочерние компании; не подменять их всей площадкой Сбер А.","Установить рабочий путь сбора, первичный ID, курсор/пагинацию, доступ к вложениям и реальные примеры соответствия МИСБ; подключения не выполнялись.","Поиск первичного сайта/оператора ЭТП с последующей проверкой страницы, где она доступна","added_v3"
"MISB-284","ВТБ — официальный закупочный раздел банка","https://www.vtb.ru/about/bank/procurement/","C02","C02","Корпоративные закупки и квалификация","Корпоративные закупки — вход и карта маршрутов","РФ","RU","D","D; R","Корпоративный поставщик","Перейти к первоисточнику процедуры, изучить ТЗ и сроки; подготовить заявку/КП МИСБ либо связаться с указанным организатором после квалификации лида.","закупщик / организатор / конечный заказчик из документации","Официальная точка входа к процедурам, планам, дочерним компаниям и поставщикам услуг; релевантный заказ нужно обнаружить.","Финансы, комплаенс, HR, закупки","обучение; повышение квалификации; развитие руководителей; тренинг; электронный курс; дистанционное обучение; стратегическая сессия; образовательные услуги; HR; кадровый резерв","Публичный HTML и вложения; обнаружить пагинацию/фильтры; RSS/API только если документированы и разрешены; кабинеты — по доступам проекта.","Наблюдалась ошибка чтения: 502; доступ сборщика не проверен.","Стоимость доступа/участия не проверена; сначала публичный маршрут. Платную подписку не предполагаем.","search_index","https://www.vtb.ru/about/bank/procurement/","Поиск подтверждает официальный раздел с планами и документами; прямое чтение вернуло 502.","2026-10-01","not_separately_checked","not_checked_here","1","true","Сопоставить планы, ЕИС и персональную секцию; сохранить разные юридические лица группы.","Установить рабочий путь сбора, первичный ID, курсор/пагинацию, доступ к вложениям и реальные примеры соответствия МИСБ; подключения не выполнялись.","Поиск первичного сайта/оператора ЭТП с последующей проверкой страницы, где она доступна","added_v3"
"MISB-285","ВТБ — персональная секция Росэлторг","https://www.roseltorg.ru/personal/vtb","C02","C02","Корпоративные закупки и квалификация","Корпоративные закупки — прямая лента/секция","РФ","RU","D","D; R","Корпоративный поставщик","Перейти к первоисточнику процедуры, изучить ТЗ и сроки; подготовить заявку/КП МИСБ либо связаться с указанным организатором после квалификации лида.","закупщик / организатор / конечный заказчик из документации","Публикация процедуры, квалификации или запроса КП; соответствие услугам МИСБ устанавливается по карточке и вложениям.","Развитие руководителей, электронные курсы, юридические семинары","обучение; повышение квалификации; развитие руководителей; тренинг; электронный курс; дистанционное обучение; стратегическая сессия; образовательные услуги; HR; кадровый резерв","Публичный HTML и вложения; обнаружить пагинацию/фильтры; RSS/API только если документированы и разрешены; кабинеты — по доступам проекта.","Найдено в поисковом индексе; доступ, пагинация и документы сборщиком не проверены.","Стоимость доступа/участия не проверена; сначала публичный маршрут. Платную подписку не предполагаем.","search_index","https://www.roseltorg.ru/personal/vtb","На сайте оператора ЭТП найдена персональная закупочная секция группы ВТБ.","2026-10-01","not_separately_checked","not_checked_here","1","true","Проверить фильтр заказчиков группы, архив и вложения; сопоставлять с банковским разделом без удаления наблюдений.","Установить рабочий путь сбора, первичный ID, курсор/пагинацию, доступ к вложениям и реальные примеры соответствия МИСБ; подключения не выполнялись.","Поиск первичного сайта/оператора ЭТП с последующей проверкой страницы, где она доступна","added_v3"
"MISB-286","ВТБ Регистратор — самостоятельные закупки","https://www.vtbreg.ru/company/purchases/","C02","C02","Корпоративные закупки и квалификация","Корпоративные закупки — вход и карта маршрутов","РФ","RU","D","D; R","Корпоративный поставщик","Перейти к первоисточнику процедуры, изучить ТЗ и сроки; подготовить заявку/КП МИСБ либо связаться с указанным организатором после квалификации лида.","закупщик / организатор / конечный заказчик из документации","Официальная точка входа к процедурам, планам, дочерним компаниям и поставщикам услуг; релевантный заказ нужно обнаружить.","Корпоративное право, реестры акционеров, управление рисками","обучение; повышение квалификации; развитие руководителей; тренинг; электронный курс; дистанционное обучение; стратегическая сессия; образовательные услуги; HR; кадровый резерв","Публичный HTML и вложения; обнаружить пагинацию/фильтры; RSS/API только если документированы и разрешены; кабинеты — по доступам проекта.","Найдено в поисковом индексе; доступ, пагинация и документы сборщиком не проверены.","Стоимость доступа/участия не проверена; сначала публичный маршрут. Платную подписку не предполагаем.","search_index","https://www.vtbreg.ru/company/purchases/","Официальный раздел закупок содержит контакт ответственного подразделения и отсылку к ЕИС.","2026-10-01","not_separately_checked","not_checked_here","1","true","Добавить отдельного заказчика; собрать актуальные процедуры и планы; выяснить маршрут запросов КП.","Установить рабочий путь сбора, первичный ID, курсор/пагинацию, доступ к вложениям и реальные примеры соответствия МИСБ; подключения не выполнялись.","Поиск первичного сайта/оператора ЭТП с последующей проверкой страницы, где она доступна","added_v3"
"MISB-287","МТС — витрина тендеров группы","https://tenders.mts.ru/tenders","C02","C02","Корпоративные закупки и квалификация","Корпоративные закупки — прямая лента/секция","РФ","RU","D","D; R","Корпоративный поставщик","Перейти к первоисточнику процедуры, изучить ТЗ и сроки; подготовить заявку/КП МИСБ либо связаться с указанным организатором после квалификации лида.","закупщик / организатор / конечный заказчик из документации","Публикация процедуры, квалификации или запроса КП; соответствие услугам МИСБ устанавливается по карточке и вложениям.","Обучение менеджеров, продажи B2B, цифровые курсы","обучение; повышение квалификации; развитие руководителей; тренинг; электронный курс; дистанционное обучение; стратегическая сессия; образовательные услуги; HR; кадровый резерв","Публичный HTML и вложения; обнаружить пагинацию/фильтры; RSS/API только если документированы и разрешены; кабинеты — по доступам проекта.","Найдено в поисковом индексе; доступ, пагинация и документы сборщиком не проверены.","Стоимость доступа/участия не проверена; сначала публичный маршрут. Платную подписку не предполагаем.","search_index","https://tenders.mts.ru/tenders","Официальная витрина предлагает поиск по категориям, регионам и типам закупок; подписка требует входа.","2026-10-01","not_separately_checked","not_checked_here","1","true","Проверить все типы процедур, аккредитации и уведомления; не ограничиваться заголовками лотов.","Установить рабочий путь сбора, первичный ID, курсор/пагинацию, доступ к вложениям и реальные примеры соответствия МИСБ; подключения не выполнялись.","Поиск первичного сайта/оператора ЭТП с последующей проверкой страницы, где она доступна","added_v3"
"MISB-288","МТС — профиль заказчика на B2B-Center","https://www.b2b-center.ru/companies/tendery-pao-mts/","C02","C02","Корпоративные закупки и квалификация","Корпоративные закупки — прямая лента/секция","РФ","RU","D","D; R","Корпоративный поставщик","Перейти к первоисточнику процедуры, изучить ТЗ и сроки; подготовить заявку/КП МИСБ либо связаться с указанным организатором после квалификации лида.","закупщик / организатор / конечный заказчик из документации","Публикация процедуры, квалификации или запроса КП; соответствие услугам МИСБ устанавливается по карточке и вложениям.","Обучение персонала, разработка учебного контента","обучение; повышение квалификации; развитие руководителей; тренинг; электронный курс; дистанционное обучение; стратегическая сессия; образовательные услуги; HR; кадровый резерв","Публичный HTML и вложения; обнаружить пагинацию/фильтры; RSS/API только если документированы и разрешены; кабинеты — по доступам проекта.","Найдено в поисковом индексе; доступ, пагинация и документы сборщиком не проверены.","Стоимость доступа/участия не проверена; сначала публичный маршрут. Платную подписку не предполагаем.","search_index","https://www.b2b-center.ru/companies/tendery-pao-mts/","Оператор ЭТП публикует самостоятельную ленту закупок ПАО МТС с текущими и архивными процедурами.","2026-10-01","not_separately_checked","not_checked_here","1","true","Сверить с корпоративной витриной; сохранять эксклюзивные вложения и изменения сроков обеих площадок.","Установить рабочий путь сбора, первичный ID, курсор/пагинацию, доступ к вложениям и реальные примеры соответствия МИСБ; подключения не выполнялись.","Поиск первичного сайта/оператора ЭТП с последующей проверкой страницы, где она доступна","added_v3"
"MISB-289","МегаФон — официальный раздел закупок","https://corp.megafon.ru/activity/purchase/","C02","C02","Корпоративные закупки и квалификация","Корпоративные закупки — вход и карта маршрутов","РФ","RU","D","D; R","Корпоративный поставщик","Перейти к первоисточнику процедуры, изучить ТЗ и сроки; подготовить заявку/КП МИСБ либо связаться с указанным организатором после квалификации лида.","закупщик / организатор / конечный заказчик из документации","Официальная точка входа к процедурам, планам, дочерним компаниям и поставщикам услуг; релевантный заказ нужно обнаружить.","Обучение руководителей, клиентский сервис, управление проектами","обучение; повышение квалификации; развитие руководителей; тренинг; электронный курс; дистанционное обучение; стратегическая сессия; образовательные услуги; HR; кадровый резерв","Публичный HTML и вложения; обнаружить пагинацию/фильтры; RSS/API только если документированы и разрешены; кабинеты — по доступам проекта.","Наблюдалась ошибка чтения: 403; доступ сборщика не проверен.","Стоимость доступа/участия не проверена; сначала публичный маршрут. Платную подписку не предполагаем.","search_index","https://corp.megafon.ru/activity/purchase/","Официальный раздел закупок найден поиском; прямое чтение вернуло 403.","2026-10-01","not_separately_checked","not_checked_here","1","true","Найти публичный маршрут саморегистрации и действующие площадки; сохранить блокировку как задачу доступа.","Установить рабочий путь сбора, первичный ID, курсор/пагинацию, доступ к вложениям и реальные примеры соответствия МИСБ; подключения не выполнялись.","Поиск первичного сайта/оператора ЭТП с последующей проверкой страницы, где она доступна","added_v3"
"MISB-290","МегаФон — профиль закупок Bidzaar","https://bidzaar.com/app/companies/tendery/pao-megafon-000-2049","C02","C02","Корпоративные закупки и квалификация","Корпоративные закупки — прямая лента/секция","РФ","RU","D","D; R","Корпоративный поставщик","Перейти к первоисточнику процедуры, изучить ТЗ и сроки; подготовить заявку/КП МИСБ либо связаться с указанным организатором после квалификации лида.","закупщик / организатор / конечный заказчик из документации","Публикация процедуры, квалификации или запроса КП; соответствие услугам МИСБ устанавливается по карточке и вложениям.","Обучение менеджеров, цифровой контент, фасилитация","обучение; повышение квалификации; развитие руководителей; тренинг; электронный курс; дистанционное обучение; стратегическая сессия; образовательные услуги; HR; кадровый резерв","Публичный HTML и вложения; обнаружить пагинацию/фильтры; RSS/API только если документированы и разрешены; кабинеты — по доступам проекта.","Найдено в поисковом индексе; доступ, пагинация и документы сборщиком не проверены.","Стоимость доступа/участия не проверена; сначала публичный маршрут. Платную подписку не предполагаем.","search_index","https://bidzaar.com/app/companies/tendery/pao-megafon-000-2049","Оператор Bidzaar индексирует профиль с закупками, продажами и реестрами компании.","2026-10-01","not_separately_checked","not_checked_here","1","true","Разделить закупку, продажу и реестр при разборе; проверить архив и требования к открытию документов.","Установить рабочий путь сбора, первичный ID, курсор/пагинацию, доступ к вложениям и реальные примеры соответствия МИСБ; подключения не выполнялись.","Поиск первичного сайта/оператора ЭТП с последующей проверкой страницы, где она доступна","added_v3"
"MISB-291","Билайн — квалификации и план закупок","https://moskva.beeline.ru/business/partners/zakupki/","C02","C02","Корпоративные закупки и квалификация","Корпоративные закупки — вход и карта маршрутов","РФ","RU","D","D; R","Корпоративный поставщик","Перейти к первоисточнику процедуры, изучить ТЗ и сроки; подготовить заявку/КП МИСБ либо связаться с указанным организатором после квалификации лида.","закупщик / организатор / конечный заказчик из документации","Официальная точка входа к процедурам, планам, дочерним компаниям и поставщикам услуг; релевантный заказ нужно обнаружить.","Управленческие программы, сервис, продажи, электронные курсы","обучение; повышение квалификации; развитие руководителей; тренинг; электронный курс; дистанционное обучение; стратегическая сессия; образовательные услуги; HR; кадровый резерв","Публичный HTML и вложения; обнаружить пагинацию/фильтры; RSS/API только если документированы и разрешены; кабинеты — по доступам проекта.","Публичная страница прочитана; доступ к кабинетам и автоматизированный сбор не проверены.","Стоимость доступа/участия не проверена; сначала публичный маршрут. Платную подписку не предполагаем.","content_read","https://moskva.beeline.ru/business/partners/zakupki/","Страница прочитана: активные закупки ведут на Bidzaar; опубликованы квалификации и ссылка на план.","2026-10-01","not_separately_checked","not_checked_here","1","true","Собирать новые квалификации до появления тендера, план и связанные профили; проверить категорию HR/обучение.","Установить рабочий путь сбора, первичный ID, курсор/пагинацию, доступ к вложениям и реальные примеры соответствия МИСБ; подключения не выполнялись.","Поиск первичного сайта/оператора ЭТП с последующей проверкой страницы, где она доступна","added_v3"
"MISB-292","Билайн — отдельная лента Bidzaar","https://bidzaar.com/app/companies/tendery/bilayn-000-6046","C02","C02","Корпоративные закупки и квалификация","Корпоративные закупки — прямая лента/секция","РФ","RU","D","D; R","Корпоративный поставщик","Перейти к первоисточнику процедуры, изучить ТЗ и сроки; подготовить заявку/КП МИСБ либо связаться с указанным организатором после квалификации лида.","закупщик / организатор / конечный заказчик из документации","Публикация процедуры, квалификации или запроса КП; соответствие услугам МИСБ устанавливается по карточке и вложениям.","Корпоративное обучение, развитие команд, деловые мероприятия","обучение; повышение квалификации; развитие руководителей; тренинг; электронный курс; дистанционное обучение; стратегическая сессия; образовательные услуги; HR; кадровый резерв","Публичный HTML и вложения; обнаружить пагинацию/фильтры; RSS/API только если документированы и разрешены; кабинеты — по доступам проекта.","Найдено в поисковом индексе; доступ, пагинация и документы сборщиком не проверены.","Стоимость доступа/участия не проверена; сначала публичный маршрут. Платную подписку не предполагаем.","search_index","https://moskva.beeline.ru/business/partners/zakupki/","Оператор ЭТП публикует профиль с процедурами и сроками; официальный сайт направляет актуальные закупки на Bidzaar.","2026-10-01","not_separately_checked","not_checked_here","1","true","Проверить категории, реестры и закрытые приглашения через разрешенный кабинет; собирать публичные карточки сразу.","Установить рабочий путь сбора, первичный ID, курсор/пагинацию, доступ к вложениям и реальные примеры соответствия МИСБ; подключения не выполнялись.","Поиск первичного сайта/оператора ЭТП с последующей проверкой страницы, где она доступна","added_v3"
"MISB-293","Ростелеком — секция группы на Росэлторг","https://www.roseltorg.ru/personal/rt","C02","C02","Корпоративные закупки и квалификация","Корпоративные закупки — прямая лента/секция","РФ","RU","D","D; R","Корпоративный поставщик","Перейти к первоисточнику процедуры, изучить ТЗ и сроки; подготовить заявку/КП МИСБ либо связаться с указанным организатором после квалификации лида.","закупщик / организатор / конечный заказчик из документации","Публикация процедуры, квалификации или запроса КП; соответствие услугам МИСБ устанавливается по карточке и вложениям.","Обучение ИТР и менеджеров, цифровые курсы, проектное управление","обучение; повышение квалификации; развитие руководителей; тренинг; электронный курс; дистанционное обучение; стратегическая сессия; образовательные услуги; HR; кадровый резерв","Публичный HTML и вложения; обнаружить пагинацию/фильтры; RSS/API только если документированы и разрешены; кабинеты — по доступам проекта.","Найдено в поисковом индексе; доступ, пагинация и документы сборщиком не проверены.","Стоимость доступа/участия не проверена; сначала публичный маршрут. Платную подписку не предполагаем.","search_index","https://www.roseltorg.ru/personal/rt","На сайте оператора найдена персональная секция Ростелекома и подведомственных организаций.","2026-10-01","not_separately_checked","not_checked_here","1","true","Перечислить заказчиков секции и дочерние компании; сопоставить планы, процедуры и вложения.","Установить рабочий путь сбора, первичный ID, курсор/пагинацию, доступ к вложениям и реальные примеры соответствия МИСБ; подключения не выполнялись.","Поиск первичного сайта/оператора ЭТП с последующей проверкой страницы, где она доступна","added_v3"
"MISB-294","РТК ИТ — самостоятельный закупочный раздел","https://rtkit.ru/procurement/internal_regulations","C02","C02","Корпоративные закупки и квалификация","Корпоративные закупки — вход и карта маршрутов","РФ","RU","D","D; R","Корпоративный поставщик","Перейти к первоисточнику процедуры, изучить ТЗ и сроки; подготовить заявку/КП МИСБ либо связаться с указанным организатором после квалификации лида.","закупщик / организатор / конечный заказчик из документации","Официальная точка входа к процедурам, планам, дочерним компаниям и поставщикам услуг; релевантный заказ нужно обнаружить.","Управление IT-проектами, менеджмент, HR, электронное обучение","обучение; повышение квалификации; развитие руководителей; тренинг; электронный курс; дистанционное обучение; стратегическая сессия; образовательные услуги; HR; кадровый резерв","Публичный HTML и вложения; обнаружить пагинацию/фильтры; RSS/API только если документированы и разрешены; кабинеты — по доступам проекта.","Найдено в поисковом индексе; доступ, пагинация и документы сборщиком не проверены.","Стоимость доступа/участия не проверена; сначала публичный маршрут. Платную подписку не предполагаем.","search_index","https://rtkit.ru/procurement/internal_regulations","Официальный сайт указывает принадлежность к Ростелекому и раздел планируемых закупок.","2026-10-01","not_separately_checked","not_checked_here","1","true","Извлечь планы и ссылки на процедуры дочерней компании; не считать охват родителя достаточным.","Установить рабочий путь сбора, первичный ID, курсор/пагинацию, доступ к вложениям и реальные примеры соответствия МИСБ; подключения не выполнялись.","Поиск первичного сайта/оператора ЭТП с последующей проверкой страницы, где она доступна","added_v3"
"MISB-295","РТК ИТ Плюс — планы и закупки","https://rtkitplus.ru/procurements","C02","C02","Корпоративные закупки и квалификация","Корпоративные планы закупок — ранняя потребность","РФ","RU","I","I; R","Корпоративный поставщик","Перейти к первоисточнику процедуры, изучить ТЗ и сроки; подготовить заявку/КП МИСБ либо связаться с указанным организатором после квалификации лида.","закупщик / организатор / конечный заказчик из документации","Плановая закупка услуг позволяет обнаружить потенциальную потребность до объявления процедуры; состав плана нужно разобрать.","Цифровые компетенции, управление изменениями, развитие руководителей","обучение; повышение квалификации; развитие руководителей; тренинг; электронный курс; дистанционное обучение; стратегическая сессия; образовательные услуги; HR; кадровый резерв","HTML + версии PDF/XLSX планов; текстовый разбор, OCR по необходимости; переход к связанным извещениям.","Найдено в поисковом индексе; доступ, пагинация и документы сборщиком не проверены.","Стоимость доступа/участия не проверена; сначала публичный маршрут. Платную подписку не предполагаем.","search_index","https://rtkitplus.ru/procurements","Официальный раздел содержит планы закупок и описывает принадлежность к Ростелекому.","2026-10-01","not_separately_checked","not_checked_here","1","true","Скачивать каждую версию плана, извлекать работы/услуги и найти соответствующие извещения.","Установить рабочий путь сбора, первичный ID, курсор/пагинацию, доступ к вложениям и реальные примеры соответствия МИСБ; подключения не выполнялись.","Поиск первичного сайта/оператора ЭТП с последующей проверкой страницы, где она доступна","added_v3"
"MISB-296","X5 — некоммерческие закупки и квартальные планы","https://www.x5.ru/ru/partners/purchases-for-own-needs/","C02","C02","Корпоративные закупки и квалификация","Корпоративные закупки — вход и карта маршрутов","РФ","RU","D","D; R","Корпоративный поставщик","Перейти к первоисточнику процедуры, изучить ТЗ и сроки; подготовить заявку/КП МИСБ либо связаться с указанным организатором после квалификации лида.","закупщик / организатор / конечный заказчик из документации","Официальная точка входа к процедурам, планам, дочерним компаниям и поставщикам услуг; релевантный заказ нужно обнаружить.","Управленческое обучение, закупки, финансы, развитие торговых команд","обучение; повышение квалификации; развитие руководителей; тренинг; электронный курс; дистанционное обучение; стратегическая сессия; образовательные услуги; HR; кадровый резерв","Публичный HTML и вложения; обнаружить пагинацию/фильтры; RSS/API только если документированы и разрешены; кабинеты — по доступам проекта.","Публичная страница прочитана; доступ к кабинетам и автоматизированный сбор не проверены.","Официальная страница указывает бесплатное участие; это не подтверждает бесплатный программный доступ/API или стоимость инфраструктуры.","content_read","https://www.x5.ru/ru/partners/purchases-for-own-needs/","Страница прочитана: закупки для собственных нужд, квартальный план и официальный переход в секцию X5 на B2B-Center.","2026-10-01","not_separately_checked","not_checked_here","1","true","Подключить план как ранний сигнал и текущие процедуры отдельно; искать HR-услуги во вложениях.","Установить рабочий путь сбора, первичный ID, курсор/пагинацию, доступ к вложениям и реальные примеры соответствия МИСБ; подключения не выполнялись.","Поиск первичного сайта/оператора ЭТП с последующей проверкой страницы, где она доступна","added_v3"
"MISB-297","X5 — кабинет поставщика некоммерческих закупок","https://www.x5.ru/ru/suppliers/noncommercial-purchase/","C02","C02","Корпоративные закупки и квалификация","Аккредитация и база потенциальных поставщиков","РФ","RU","P","P; R","Корпоративный поставщик","Зарегистрировать компетенции МИСБ в нужной категории и получать приглашения; фактическую подачу анкеты выполняет ответственный сотрудник.","допуск поставщика / категорийный закупщик","Вход в пул поставщиков образовательных/HR-услуг и получение приглашений до публичного конкурса; это маршрут, а не установленный спрос.","Развитие руководителей, тренинги, электронные курсы","обучение; повышение квалификации; развитие руководителей; тренинг; электронный курс; дистанционное обучение; стратегическая сессия; образовательные услуги; HR; кадровый резерв","Мониторинг изменений условий/категорий и разрешенных уведомлений кабинета; форма регистрации — отдельная ручная задача.","Найдено в поисковом индексе; доступ, пагинация и документы сборщиком не проверены.","Стоимость доступа/участия не проверена; сначала публичный маршрут. Платную подписку не предполагаем.","search_index","https://www.x5.ru/ru/suppliers/noncommercial-purchase/","Официальная страница описывает Partner НКЗ для поставщиков услуг и товаров собственных нужд.","2026-10-01","not_separately_checked","not_checked_here","1","true","Уточнить раздел приглашений/КП и доступность уведомлений; существующий кабинет не создавать повторно.","Установить рабочий путь сбора, первичный ID, курсор/пагинацию, доступ к вложениям и реальные примеры соответствия МИСБ; подключения не выполнялись.","Поиск первичного сайта/оператора ЭТП с последующей проверкой страницы, где она доступна","added_v3"
"MISB-298","X5 — персональная площадка B2B-Center","https://x5.b2b-center.ru/","C02","C02","Корпоративные закупки и квалификация","Корпоративные закупки — прямая лента/секция","РФ","RU","D","D; R","Корпоративный поставщик","Перейти к первоисточнику процедуры, изучить ТЗ и сроки; подготовить заявку/КП МИСБ либо связаться с указанным организатором после квалификации лида.","закупщик / организатор / конечный заказчик из документации","Публикация процедуры, квалификации или запроса КП; соответствие услугам МИСБ устанавливается по карточке и вложениям.","Обучение персонала, HR-услуги, разработка контента","обучение; повышение квалификации; развитие руководителей; тренинг; электронный курс; дистанционное обучение; стратегическая сессия; образовательные услуги; HR; кадровый резерв","Публичный HTML и вложения; обнаружить пагинацию/фильтры; RSS/API только если документированы и разрешены; кабинеты — по доступам проекта.","Наблюдалась ошибка чтения: 403; доступ сборщика не проверен.","Официальная страница указывает бесплатное участие; это не подтверждает бесплатный программный доступ/API или стоимость инфраструктуры.","content_read","https://www.x5.ru/ru/partners/purchases-for-own-needs/","Точная ссылка на персональную секцию получена с прочитанной официальной страницы X5; конечный адрес вернул 403. Подтверждена ссылка, а не работоспособность секции.","2026-10-01","not_separately_checked","not_checked_here","1","true","Проверить доступность публичных карточек и разрешенную подписку; сохранить URL даже при блокировке.","Установить рабочий путь сбора, первичный ID, курсор/пагинацию, доступ к вложениям и реальные примеры соответствия МИСБ; подключения не выполнялись.","Поиск первичного сайта/оператора ЭТП с последующей проверкой страницы, где она доступна","added_v3"
"MISB-299","Магнит — портал некоммерческих закупок","https://zakupki.magnit.ru/","C02","C02","Корпоративные закупки и квалификация","Корпоративные закупки — прямая лента/секция","РФ","RU","D","D; R","Корпоративный поставщик","Перейти к первоисточнику процедуры, изучить ТЗ и сроки; подготовить заявку/КП МИСБ либо связаться с указанным организатором после квалификации лида.","закупщик / организатор / конечный заказчик из документации","Публикация процедуры, квалификации или запроса КП; соответствие услугам МИСБ устанавливается по карточке и вложениям.","Развитие руководителей, кадровые процессы, закупки, обучение продажам","обучение; повышение квалификации; развитие руководителей; тренинг; электронный курс; дистанционное обучение; стратегическая сессия; образовательные услуги; HR; кадровый резерв","Публичный HTML и вложения; обнаружить пагинацию/фильтры; RSS/API только если документированы и разрешены; кабинеты — по доступам проекта.","Публичная страница прочитана; доступ к кабинетам и автоматизированный сбор не проверены.","Официальная страница указывает бесплатное участие; это не подтверждает бесплатный программный доступ/API или стоимость инфраструктуры.","content_read","https://zakupki.magnit.ru/","Страница прочитана: процедуры выбора контрагентов для собственных нужд, поиск по категориям и ссылка на подачу предложения.","2026-10-01","not_separately_checked","not_checked_here","1","true","Обходить закупки отдельно от реализации; сохранять все категории и отправлять на тематический разбор после сбора.","Установить рабочий путь сбора, первичный ID, курсор/пагинацию, доступ к вложениям и реальные примеры соответствия МИСБ; подключения не выполнялись.","Поиск первичного сайта/оператора ЭТП с последующей проверкой страницы, где она доступна","added_v3"
"MISB-300","Магнит — форма предложения поставщика услуг","https://zakupki.magnit.ru/contacts","C02","C02","Корпоративные закупки и квалификация","Аккредитация и база потенциальных поставщиков","РФ","RU","P","P; R","Корпоративный поставщик","Зарегистрировать компетенции МИСБ в нужной категории и получать приглашения; фактическую подачу анкеты выполняет ответственный сотрудник.","допуск поставщика / категорийный закупщик","Вход в пул поставщиков образовательных/HR-услуг и получение приглашений до публичного конкурса; это маршрут, а не установленный спрос.","Корпоративные программы, электронные курсы, деловые сессии","обучение; повышение квалификации; развитие руководителей; тренинг; электронный курс; дистанционное обучение; стратегическая сессия; образовательные услуги; HR; кадровый резерв","Мониторинг изменений условий/категорий и разрешенных уведомлений кабинета; форма регистрации — отдельная ручная задача.","Публичная страница прочитана; доступ к кабинетам и автоматизированный сбор не проверены.","Стоимость доступа/участия не проверена; сначала публичный маршрут. Платную подписку не предполагаем.","content_read","https://zakupki.magnit.ru/contacts","Страница прочитана: контакт-центр некоммерческих закупок и форма сотрудничества с прикреплением предложения.","2026-10-01","not_separately_checked","not_checked_here","1","true","Подготовить карточку аккредитации/предложения МИСБ и ручную задачу владельцу; автоматическую отправку не выполнять.","Установить рабочий путь сбора, первичный ID, курсор/пагинацию, доступ к вложениям и реальные примеры соответствия МИСБ; подключения не выполнялись.","Поиск первичного сайта/оператора ЭТП с последующей проверкой страницы, где она доступна","added_v3"
"MISB-301","Лента — база потенциальных контрагентов услуг","https://lenta.com/i/postavshchikam/non-commercial-purchasing-service/","C02","C02","Корпоративные закупки и квалификация","Аккредитация и база потенциальных поставщиков","РФ","RU","P","P; R","Корпоративный поставщик","Зарегистрировать компетенции МИСБ в нужной категории и получать приглашения; фактическую подачу анкеты выполняет ответственный сотрудник.","допуск поставщика / категорийный закупщик","Вход в пул поставщиков образовательных/HR-услуг и получение приглашений до публичного конкурса; это маршрут, а не установленный спрос.","Обучение управленцев и офисных специалистов, HR, клиентский сервис","обучение; повышение квалификации; развитие руководителей; тренинг; электронный курс; дистанционное обучение; стратегическая сессия; образовательные услуги; HR; кадровый резерв","Мониторинг изменений условий/категорий и разрешенных уведомлений кабинета; форма регистрации — отдельная ручная задача.","Публичная страница прочитана; доступ к кабинетам и автоматизированный сбор не проверены.","Стоимость доступа/участия не проверена; сначала публичный маршрут. Платную подписку не предполагаем.","content_read","https://lenta.com/i/postavshchikam/non-commercial-purchasing-service/","Страница прочитана: компания сохраняет анкеты потенциальных контрагентов; среди направлений есть HR-услуги.","2026-10-01","not_separately_checked","not_checked_here","1","true","Извлечь HR-анкету и инструкцию; учитывать регистрацию как маршрут приглашений, не как готовый заказ.","Установить рабочий путь сбора, первичный ID, курсор/пагинацию, доступ к вложениям и реальные примеры соответствия МИСБ; подключения не выполнялись.","Поиск первичного сайта/оператора ЭТП с последующей проверкой страницы, где она доступна","added_v3"
"MISB-302","Лента — специализированная анкета HR-поставщика","https://lenta.com/i/postavshchikam/non-commercial-purchasing-service/anketa_hr/","C02","C02","Корпоративные закупки и квалификация","Аккредитация и база потенциальных поставщиков","РФ","RU","P","P; R","Корпоративный поставщик","Зарегистрировать компетенции МИСБ в нужной категории и получать приглашения; фактическую подачу анкеты выполняет ответственный сотрудник.","допуск поставщика / категорийный закупщик","Вход в пул поставщиков образовательных/HR-услуг и получение приглашений до публичного конкурса; это маршрут, а не установленный спрос.","Тренинги, оценка/развитие руководителей, методология обучения","обучение; повышение квалификации; развитие руководителей; тренинг; электронный курс; дистанционное обучение; стратегическая сессия; образовательные услуги; HR; кадровый резерв","Мониторинг изменений условий/категорий и разрешенных уведомлений кабинета; форма регистрации — отдельная ручная задача.","Наблюдалась ошибка чтения: chunk_load; доступ сборщика не проверен.","Стоимость доступа/участия не проверена; сначала публичный маршрут. Платную подписку не предполагаем.","search_index","https://lenta.com/i/postavshchikam/non-commercial-purchasing-service/anketa_hr/","Официальный HR-маршрут найден поиском и в навигации службы закупок; индексированное содержимое сообщает ошибку chunk_load.","2026-10-01","not_separately_checked","not_checked_here","1","true","Проверить загрузку формы в обычном браузере; выяснить принимаемые HR-категории и маршрут аккредитации.","Установить рабочий путь сбора, первичный ID, курсор/пагинацию, доступ к вложениям и реальные примеры соответствия МИСБ; подключения не выполнялись.","Поиск первичного сайта/оператора ЭТП с последующей проверкой страницы, где она доступна","added_v3"
"MISB-303","Яндекс — анкета и категории поставщиков обучения","https://yandex.ru/company/procurement/supplier","C02","C02","Корпоративные закупки и квалификация","Аккредитация и база потенциальных поставщиков","РФ","RU","P","P; R","Корпоративный поставщик","Зарегистрировать компетенции МИСБ в нужной категории и получать приглашения; фактическую подачу анкеты выполняет ответственный сотрудник.","допуск поставщика / категорийный закупщик","Вход в пул поставщиков образовательных/HR-услуг и получение приглашений до публичного конкурса; это маршрут, а не установленный спрос.","Обучение сотрудников, электронные курсы, учебный видео- и аудиоконтент","обучение; повышение квалификации; развитие руководителей; тренинг; электронный курс; дистанционное обучение; стратегическая сессия; образовательные услуги; HR; кадровый резерв","Мониторинг изменений условий/категорий и разрешенных уведомлений кабинета; форма регистрации — отдельная ручная задача.","Публичная страница прочитана; доступ к кабинетам и автоматизированный сбор не проверены.","Стоимость доступа/участия не проверена; сначала публичный маршрут. Платную подписку не предполагаем.","content_read","https://yandex.ru/company/procurement/supplier","Страница прочитана: среди закупаемых услуг явно перечислены обучение сотрудников, HR и контент; есть ссылка на анкету.","2026-10-01","not_separately_checked","not_checked_here","1","true","Сохранить ссылку анкеты и точные категории; подготовить профиль МИСБ; проверить дальнейшие приглашения и уведомления.","Установить рабочий путь сбора, первичный ID, курсор/пагинацию, доступ к вложениям и реальные примеры соответствия МИСБ; подключения не выполнялись.","Поиск первичного сайта/оператора ЭТП с последующей проверкой страницы, где она доступна","added_v3"
"MISB-304","Beeline Кыргызстан — корпоративные закупки","https://beeline.kg/procurement","C02","C02","Корпоративные закупки и квалификация","Корпоративные закупки — прямая лента/секция","Кыргызстан","KG","D","D; R","Корпоративный поставщик","Перейти к первоисточнику процедуры, изучить ТЗ и сроки; подготовить заявку/КП МИСБ либо связаться с указанным организатором после квалификации лида.","закупщик / организатор / конечный заказчик из документации","Публикация процедуры, квалификации или запроса КП; соответствие услугам МИСБ устанавливается по карточке и вложениям.","Развитие менеджеров, сервис, продажи B2B, HR","обучение; повышение квалификации; развитие руководителей; тренинг; электронный курс; дистанционное обучение; стратегическая сессия; образовательные услуги; HR; кадровый резерв","Публичный HTML и вложения; обнаружить пагинацию/фильтры; RSS/API только если документированы и разрешены; кабинеты — по доступам проекта.","Найдено в поисковом индексе; доступ, пагинация и документы сборщиком не проверены.","Стоимость доступа/участия не проверена; сначала публичный маршрут. Платную подписку не предполагаем.","search_index","https://beeline.kg/procurement","Официальный сайт приглашает поставщиков к участию в закупочных мероприятиях и публикует сопроводительные материалы.","2026-10-01","not_separately_checked","not_checked_here","1","true","Собрать открытые мероприятия и приложения; проверить язык, юрлицо и возможность дистанционного обучения.","Установить рабочий путь сбора, первичный ID, курсор/пагинацию, доступ к вложениям и реальные примеры соответствия МИСБ; подключения не выполнялись.","Поиск первичного сайта/оператора ЭТП с последующей проверкой страницы, где она доступна","added_v3"
"MISB-305","Альфа-Банк — закупки и регистрация потенциального участника","https://alfabank.ru/tenders/","C02","C02","Корпоративные закупки и квалификация","Корпоративные закупки — вход и карта маршрутов","РФ","RU","D","D; R","Корпоративный поставщик","Перейти к первоисточнику процедуры, изучить ТЗ и сроки; подготовить заявку/КП МИСБ либо связаться с указанным организатором после квалификации лида.","закупщик / организатор / конечный заказчик из документации","Официальная точка входа к процедурам, планам, дочерним компаниям и поставщикам услуг; релевантный заказ нужно обнаружить.","Банковское право, комплаенс, HR, менеджмент","обучение; повышение квалификации; развитие руководителей; тренинг; электронный курс; дистанционное обучение; стратегическая сессия; образовательные услуги; HR; кадровый резерв","Публичный HTML и вложения; обнаружить пагинацию/фильтры; RSS/API только если документированы и разрешены; кабинеты — по доступам проекта.","Наблюдалась ошибка чтения: 502; доступ сборщика не проверен.","Стоимость доступа/участия не проверена; сначала публичный маршрут. Платную подписку не предполагаем.","search_index","https://alfabank.ru/tenders/","Поиск официальной страницы подтверждает закупки на B2B-Center и регистрацию потенциальных участников; открытие вернуло 502.","2026-10-01","not_separately_checked","not_checked_here","1","true","Извлечь регистрационный маршрут и точный профиль банка на ЭТП; искать рамочные отборы провайдеров.","Установить рабочий путь сбора, первичный ID, курсор/пагинацию, доступ к вложениям и реальные примеры соответствия МИСБ; подключения не выполнялись.","Поиск первичного сайта/оператора ЭТП с последующей проверкой страницы, где она доступна","added_v3"
"MISB-306","Юнипро — действующие закупочные процедуры","https://unipro.energy/purchase/announcement/?PAGEN_1=1","C02","C02","Корпоративные закупки и квалификация","Корпоративные закупки — прямая лента/секция","РФ","RU","D","D; R","Корпоративный поставщик","Перейти к первоисточнику процедуры, изучить ТЗ и сроки; подготовить заявку/КП МИСБ либо связаться с указанным организатором после квалификации лида.","закупщик / организатор / конечный заказчик из документации","Публикация процедуры, квалификации или запроса КП; соответствие услугам МИСБ устанавливается по карточке и вложениям.","Обучение специалистов энергетики, финансы, право, закупки","обучение; повышение квалификации; развитие руководителей; тренинг; электронный курс; дистанционное обучение; стратегическая сессия; образовательные услуги; HR; кадровый резерв","Публичный HTML и вложения; обнаружить пагинацию/фильтры; RSS/API только если документированы и разрешены; кабинеты — по доступам проекта.","Публичная страница прочитана; доступ к кабинетам и автоматизированный сбор не проверены.","Официальная страница указывает бесплатное участие; это не подтверждает бесплатный программный доступ/API или стоимость инфраструктуры.","content_read","https://unipro.energy/purchase/announcement/?PAGEN_1=1","Страница прочитана: таблица закупок и официальный переход на ТЭК-Торг; указано бесплатное участие.","2026-10-01","not_separately_checked","not_checked_here","1","true","Проверить всю пагинацию и раздел работ/услуг; связать каждое объявление с ТЗ и карточкой на ТЭК-Торг.","Установить рабочий путь сбора, первичный ID, курсор/пагинацию, доступ к вложениям и реальные примеры соответствия МИСБ; подключения не выполнялись.","Поиск первичного сайта/оператора ЭТП с последующей проверкой страницы, где она доступна","added_v3"
"MISB-307","Юнипро — предварительная аккредитация поставщиков","https://unipro.energy/purchase/accreditation/procedure/","C02","C02","Корпоративные закупки и квалификация","Аккредитация и база потенциальных поставщиков","РФ","RU","P","P; R","Корпоративный поставщик","Зарегистрировать компетенции МИСБ в нужной категории и получать приглашения; фактическую подачу анкеты выполняет ответственный сотрудник.","допуск поставщика / категорийный закупщик","Вход в пул поставщиков образовательных/HR-услуг и получение приглашений до публичного конкурса; это маршрут, а не установленный спрос.","Повышение квалификации ИТР и управленцев","обучение; повышение квалификации; развитие руководителей; тренинг; электронный курс; дистанционное обучение; стратегическая сессия; образовательные услуги; HR; кадровый резерв","Мониторинг изменений условий/категорий и разрешенных уведомлений кабинета; форма регистрации — отдельная ручная задача.","Публичная страница прочитана; доступ к кабинетам и автоматизированный сбор не проверены.","Стоимость доступа/участия не проверена; сначала публичный маршрут. Платную подписку не предполагаем.","content_read","https://unipro.energy/purchase/accreditation/procedure/","Прочитана официальная процедура аккредитации, требования к документам и контакты по действующему статусу.","2026-10-01","not_separately_checked","not_checked_here","1","true","Проверить действующую аккредитацию МИСБ; сохранить срок продления и категории услуг в отдельной задаче.","Установить рабочий путь сбора, первичный ID, курсор/пагинацию, доступ к вложениям и реальные примеры соответствия МИСБ; подключения не выполнялись.","Поиск первичного сайта/оператора ЭТП с последующей проверкой страницы, где она доступна","added_v3"
"MISB-308","Юнипро — программы будущих закупок","https://special.unipro.energy/purchase/program/","C02","C02","Корпоративные закупки и квалификация","Корпоративные планы закупок — ранняя потребность","РФ","RU","I","I; R","Корпоративный поставщик","Перейти к первоисточнику процедуры, изучить ТЗ и сроки; подготовить заявку/КП МИСБ либо связаться с указанным организатором после квалификации лида.","закупщик / организатор / конечный заказчик из документации","Плановая закупка услуг позволяет обнаружить потенциальную потребность до объявления процедуры; состав плана нужно разобрать.","Обучение руководителей, финансовых/правовых/закупочных функций","обучение; повышение квалификации; развитие руководителей; тренинг; электронный курс; дистанционное обучение; стратегическая сессия; образовательные услуги; HR; кадровый резерв","HTML + версии PDF/XLSX планов; текстовый разбор, OCR по необходимости; переход к связанным извещениям.","Публичная страница прочитана; доступ к кабинетам и автоматизированный сбор не проверены.","Стоимость доступа/участия не проверена; сначала публичный маршрут. Платную подписку не предполагаем.","content_read","https://special.unipro.energy/purchase/program/","Страница прочитана: доступны программы 2026 и стратегических закупок 2027 в PDF.","2026-10-01","not_separately_checked","not_checked_here","1","true","Извлекать каждую версию PDF и ранние позиции обучения; связывать планы с будущими извещениями.","Установить рабочий путь сбора, первичный ID, курсор/пагинацию, доступ к вложениям и реальные примеры соответствия МИСБ; подключения не выполнялись.","Поиск первичного сайта/оператора ЭТП с последующей проверкой страницы, где она доступна","added_v3"
"MISB-309","ОГК-2 — извещения и агентский маршрут закупок","https://zakupki.ogk2.ru/main/notice/","C02","C02","Корпоративные закупки и квалификация","Корпоративные закупки — прямая лента/секция","РФ","RU","D","D; R","Корпоративный поставщик","Перейти к первоисточнику процедуры, изучить ТЗ и сроки; подготовить заявку/КП МИСБ либо связаться с указанным организатором после квалификации лида.","закупщик / организатор / конечный заказчик из документации","Публикация процедуры, квалификации или запроса КП; соответствие услугам МИСБ устанавливается по карточке и вложениям.","Обучение энергетических специалистов и управленцев","обучение; повышение квалификации; развитие руководителей; тренинг; электронный курс; дистанционное обучение; стратегическая сессия; образовательные услуги; HR; кадровый резерв","Публичный HTML и вложения; обнаружить пагинацию/фильтры; RSS/API только если документированы и разрешены; кабинеты — по доступам проекта.","Публичная страница прочитана; доступ к кабинетам и автоматизированный сбор не проверены.","Стоимость доступа/участия не проверена; сначала публичный маршрут. Платную подписку не предполагаем.","content_read","https://zakupki.ogk2.ru/main/notice/","Страница прочитана: поиск по филиалам и организаторам; описан агентский маршрут закупочной деятельности.","2026-10-01","not_separately_checked","not_checked_here","1","true","Определять отдельно заказчика, организатора и сторону договора; проследить действующую площадку и планы.","Установить рабочий путь сбора, первичный ID, курсор/пагинацию, доступ к вложениям и реальные примеры соответствия МИСБ; подключения не выполнялись.","Поиск первичного сайта/оператора ЭТП с последующей проверкой страницы, где она доступна","added_v3"
"MISB-310","ОГК-2 — отдельная лента закупок в работе","https://zakupki.ogk2.ru/main/in_work/","C02","C02","Корпоративные закупки и квалификация","Корпоративные закупки — прямая лента/секция","РФ","RU","D","D; R","Корпоративный поставщик","Перейти к первоисточнику процедуры, изучить ТЗ и сроки; подготовить заявку/КП МИСБ либо связаться с указанным организатором после квалификации лида.","закупщик / организатор / конечный заказчик из документации","Публикация процедуры, квалификации или запроса КП; соответствие услугам МИСБ устанавливается по карточке и вложениям.","Развитие менеджеров, финансы, управление ремонтами для ИТР","обучение; повышение квалификации; развитие руководителей; тренинг; электронный курс; дистанционное обучение; стратегическая сессия; образовательные услуги; HR; кадровый резерв","Публичный HTML и вложения; обнаружить пагинацию/фильтры; RSS/API только если документированы и разрешены; кабинеты — по доступам проекта.","Найдено в поисковом индексе; доступ, пагинация и документы сборщиком не проверены.","Стоимость доступа/участия не проверена; сначала публичный маршрут. Платную подписку не предполагаем.","search_index","https://zakupki.ogk2.ru/main/in_work/","Официальная индексированная лента содержит филиалы, организатора ГЭХ Закупки и пагинацию; видимые позиции могут быть старыми.","2026-10-01","not_separately_checked","not_checked_here","1","true","Проверить актуальность дат, полный архив и связь с извещениями; устаревший раздел сохранить как ранний/исторический источник.","Установить рабочий путь сбора, первичный ID, курсор/пагинацию, доступ к вложениям и реальные примеры соответствия МИСБ; подключения не выполнялись.","Поиск первичного сайта/оператора ЭТП с последующей проверкой страницы, где она доступна","added_v3"
"MISB-311","Приморский торговый порт — закупки и маршруты системы Транснефть","https://ptport.ru/tenders/","C02","C02","Корпоративные закупки и квалификация","Корпоративные закупки — вход и карта маршрутов","РФ","RU","D","D; R","Корпоративный поставщик","Перейти к первоисточнику процедуры, изучить ТЗ и сроки; подготовить заявку/КП МИСБ либо связаться с указанным организатором после квалификации лида.","закупщик / организатор / конечный заказчик из документации","Официальная точка входа к процедурам, планам, дочерним компаниям и поставщикам услуг; релевантный заказ нужно обнаружить.","Логистика, договорная работа, управление рисками, закупки","обучение; повышение квалификации; развитие руководителей; тренинг; электронный курс; дистанционное обучение; стратегическая сессия; образовательные услуги; HR; кадровый резерв","Публичный HTML и вложения; обнаружить пагинацию/фильтры; RSS/API только если документированы и разрешены; кабинеты — по доступам проекта.","Публичная страница прочитана; конечные закупочные секции и автоматизированный доступ не проверены.","Стоимость доступа/участия не проверена; сначала публичный маршрут. Платную подписку не предполагаем.","content_read","https://ptport.ru/tenders/","Официальная страница прочитана: закупочные маршруты системы Транснефть, НМТП, предварительный квалификационный отбор и контакт закупочного подразделения ООО ПТП.","2026-10-01","not_separately_checked","not_checked_here","1","true","Уточнить собственные процедуры юрлица, ссылки на секции Сбер А/ЭТП ГПБ и текущие документы.","Установить рабочий путь сбора, первичный ID, курсор/пагинацию, доступ к вложениям и реальные примеры соответствия МИСБ; подключения не выполнялись.","Поиск первичного сайта/оператора ЭТП с последующей проверкой страницы, где она доступна","added_v3"
"MISB-312","Иркутская электросетевая компания — закупки","https://www.iesk.ru/purchases/","C02","C02","Корпоративные закупки и квалификация","Корпоративные закупки — вход и карта маршрутов","РФ","RU","D","D; R","Корпоративный поставщик","Перейти к первоисточнику процедуры, изучить ТЗ и сроки; подготовить заявку/КП МИСБ либо связаться с указанным организатором после квалификации лида.","закупщик / организатор / конечный заказчик из документации","Официальная точка входа к процедурам, планам, дочерним компаниям и поставщикам услуг; релевантный заказ нужно обнаружить.","Электроэнергетика для ИТР, закупки, право, финансы","обучение; повышение квалификации; развитие руководителей; тренинг; электронный курс; дистанционное обучение; стратегическая сессия; образовательные услуги; HR; кадровый резерв","Публичный HTML и вложения; обнаружить пагинацию/фильтры; RSS/API только если документированы и разрешены; кабинеты — по доступам проекта.","Публичная страница прочитана; доступ к кабинетам и автоматизированный сбор не проверены.","Стоимость доступа/участия не проверена; сначала публичный маршрут. Платную подписку не предполагаем.","content_read","https://www.iesk.ru/purchases/","Официальный раздел прочитан; он содержит закупочную информацию и указание на Торговый дом ЕвроСибЭнерго.","2026-10-01","not_separately_checked","not_checked_here","1","true","Извлечь точный действующий маршрут ТД и собственные планы/объявления ИЭСК; проверить раздел услуг.","Установить рабочий путь сбора, первичный ID, курсор/пагинацию, доступ к вложениям и реальные примеры соответствия МИСБ; подключения не выполнялись.","Поиск первичного сайта/оператора ЭТП с последующей проверкой страницы, где она доступна","added_v3"
"MISB-313","Метровагонмаш-Сервис — заявка поставщика ТМХ","https://mwms.tmholding.ru/service/provider_quality/howto/","C02","C02","Корпоративные закупки и квалификация","Аккредитация и база потенциальных поставщиков","РФ","RU","P","P; R","Корпоративный поставщик","Зарегистрировать компетенции МИСБ в нужной категории и получать приглашения; фактическую подачу анкеты выполняет ответственный сотрудник.","допуск поставщика / категорийный закупщик","Вход в пул поставщиков образовательных/HR-услуг и получение приглашений до публичного конкурса; это маршрут, а не установленный спрос.","Производственный менеджмент, управление проектами, HR","обучение; повышение квалификации; развитие руководителей; тренинг; электронный курс; дистанционное обучение; стратегическая сессия; образовательные услуги; HR; кадровый резерв","Мониторинг изменений условий/категорий и разрешенных уведомлений кабинета; форма регистрации — отдельная ручная задача.","Публичная страница прочитана; доступ к кабинетам и автоматизированный сбор не проверены.","Стоимость доступа/участия не проверена; сначала публичный маршрут. Платную подписку не предполагаем.","content_read","https://mwms.tmholding.ru/service/provider_quality/howto/","Официальная страница прочитана: закупки напрямую либо через Торговый дом ТМХ, размещена форма заявки.","2026-10-01","not_separately_checked","not_checked_here","1","true","Разделить прямого заказчика и агента; проверить применимость анкеты к образовательным услугам.","Установить рабочий путь сбора, первичный ID, курсор/пагинацию, доступ к вложениям и реальные примеры соответствия МИСБ; подключения не выполнялись.","Поиск первичного сайта/оператора ЭТП с последующей проверкой страницы, где она доступна","added_v3"
"MISB-314","Трансмаш — собственный раздел закупок и потребностей","https://transmash.com/zakupki-potrebnosti.html","C02","C02","Корпоративные закупки и квалификация","Корпоративные закупки — прямая лента/секция","РФ","RU","D","D; R","Корпоративный поставщик","Перейти к первоисточнику процедуры, изучить ТЗ и сроки; подготовить заявку/КП МИСБ либо связаться с указанным организатором после квалификации лида.","закупщик / организатор / конечный заказчик из документации","Публикация процедуры, квалификации или запроса КП; соответствие услугам МИСБ устанавливается по карточке и вложениям.","Бережливое управление для ИТР, финансы, закупки, менеджмент","обучение; повышение квалификации; развитие руководителей; тренинг; электронный курс; дистанционное обучение; стратегическая сессия; образовательные услуги; HR; кадровый резерв","Публичный HTML и вложения; обнаружить пагинацию/фильтры; RSS/API только если документированы и разрешены; кабинеты — по доступам проекта.","Наблюдалась ошибка чтения: timeout; доступ сборщика не проверен.","Стоимость доступа/участия не проверена; сначала публичный маршрут. Платную подписку не предполагаем.","search_index","https://transmash.com/zakupki-potrebnosti.html","Официальный раздел найден поиском; чтение завершилось тайм-аутом.","2026-10-01","not_separately_checked","not_checked_here","1","true","Повторить проверку доступности, извлечь объявления/файлы и связь с центральным порталом; не исключать при тайм-ауте.","Установить рабочий путь сбора, первичный ID, курсор/пагинацию, доступ к вложениям и реальные примеры соответствия МИСБ; подключения не выполнялись.","Поиск первичного сайта/оператора ЭТП с последующей проверкой страницы, где она доступна","added_v3"
"MISB-315","Трансмашхолдинг — профиль закупок Tender.Pro","https://www.tender.pro/api/company/37494/view?active_tab=purchases","C02","C02","Корпоративные закупки и квалификация","Корпоративные закупки — прямая лента/секция","РФ","RU","D","D; R","Корпоративный поставщик","Перейти к первоисточнику процедуры, изучить ТЗ и сроки; подготовить заявку/КП МИСБ либо связаться с указанным организатором после квалификации лида.","закупщик / организатор / конечный заказчик из документации","Публикация процедуры, квалификации или запроса КП; соответствие услугам МИСБ устанавливается по карточке и вложениям.","Управленческие программы, обучение закупщиков, цифровые курсы","обучение; повышение квалификации; развитие руководителей; тренинг; электронный курс; дистанционное обучение; стратегическая сессия; образовательные услуги; HR; кадровый резерв","Публичный HTML и вложения; обнаружить пагинацию/фильтры; RSS/API только если документированы и разрешены; кабинеты — по доступам проекта.","Найдено в поисковом индексе; доступ, пагинация и документы сборщиком не проверены.","Стоимость доступа/участия не проверена; сначала публичный маршрут. Платную подписку не предполагаем.","search_index","https://www.tender.pro/api/company/37494/view?active_tab=purchases","Оператор Tender.Pro индексирует профиль компании с закупками и архивными позициями предприятий группы. Путь /api/ здесь является URL веб-карточки, а не подтвержденным программным API.","2026-10-01","not_separately_checked","not_checked_here","1","true","Проверить актуальность профиля, полный список юрлиц и архив; документированный API искать отдельно.","Установить рабочий путь сбора, первичный ID, курсор/пагинацию, доступ к вложениям и реальные примеры соответствия МИСБ; подключения не выполнялись.","Поиск первичного сайта/оператора ЭТП с последующей проверкой страницы, где она доступна","added_v3"
"MISB-316","РТ-Комплектимпекс — закупки, анонсы и сообщения о заинтересованности","https://zakupki.rt-ci.ru/","C02","C02","Корпоративные закупки и квалификация","Корпоративные закупки — вход и карта маршрутов","РФ","RU","P","P; R","Корпоративный поставщик","Перейти к первоисточнику процедуры, изучить ТЗ и сроки; подготовить заявку/КП МИСБ либо связаться с указанным организатором после квалификации лида.","закупщик / организатор / конечный заказчик из документации","Публикация процедуры, квалификации или запроса КП; соответствие услугам МИСБ устанавливается по карточке и вложениям.","Менеджмент промышленности, кадровый резерв, право и закупки","обучение; повышение квалификации; развитие руководителей; тренинг; электронный курс; дистанционное обучение; стратегическая сессия; образовательные услуги; HR; кадровый резерв","Публичный HTML и вложения; обнаружить пагинацию/фильтры; RSS/API только если документированы и разрешены; кабинеты — по доступам проекта.","Публичная навигация прочитана; доступ к закупочным данным и кабинетам не проверен.","Стоимость доступа/участия не проверена; сначала публичный маршрут. Платную подписку не предполагаем.","content_read","https://zakupki.rt-ci.ru/","Портал прочитан: РТ-Комплектимпекс указан в подвале, есть вход, регистрация, рассылка и названия закупочных разделов. Многие пункты ведут по одной ссылке; реальные карточки процедур здесь не подтверждены.","2026-10-01","not_separately_checked","not_checked_here","1","true","Проверить фактические целевые ссылки и наличие процедур; найти работающие секции, старую версию и разрешенную рассылку. Сохранить маршрут даже если это только оболочка.","Установить рабочий путь сбора, первичный ID, курсор/пагинацию, доступ к вложениям и реальные примеры соответствия МИСБ; подключения не выполнялись.","Поиск первичного сайта/оператора ЭТП с последующей проверкой страницы, где она доступна","added_v3"
"MISB-317","FESCO — закупки группы с фильтром заказчиков","https://www.fesco.ru/ru/about/tenders/","C02","C02","Корпоративные закупки и квалификация","Корпоративные закупки — прямая лента/секция","РФ","RU","D","D; R","Корпоративный поставщик","Перейти к первоисточнику процедуры, изучить ТЗ и сроки; подготовить заявку/КП МИСБ либо связаться с указанным организатором после квалификации лида.","закупщик / организатор / конечный заказчик из документации","Публикация процедуры, квалификации или запроса КП; соответствие услугам МИСБ устанавливается по карточке и вложениям.","Логистика, ВЭД, договорная работа, управленческие программы","обучение; повышение квалификации; развитие руководителей; тренинг; электронный курс; дистанционное обучение; стратегическая сессия; образовательные услуги; HR; кадровый резерв","Публичный HTML и вложения; обнаружить пагинацию/фильтры; RSS/API только если документированы и разрешены; кабинеты — по доступам проекта.","Наблюдалась ошибка чтения: 502; доступ сборщика не проверен.","Стоимость доступа/участия не проверена; сначала публичный маршрут. Платную подписку не предполагаем.","search_index","https://www.fesco.ru/ru/about/tenders/?ysclid=mo9pamtxmb812292927","Официальная выдача подтверждает закупочную таблицу, фильтр заказчиков и даты; открытие базового URL вернуло 502.","2026-10-01","not_separately_checked","not_checked_here","1","true","Проверить базовую страницу и независимую пагинацию блоков; сохранить всех организаторов и дочерних заказчиков.","Установить рабочий путь сбора, первичный ID, курсор/пагинацию, доступ к вложениям и реальные примеры соответствия МИСБ; подключения не выполнялись.","Поиск первичного сайта/оператора ЭТП с последующей проверкой страницы, где она доступна","added_v3"
"MISB-318","ТрансКонтейнер — архив закупок по годам","https://trcont.com/the-company/procurement/archive","C02","C02","Корпоративные закупки и квалификация","История закупок и повторные потребности","РФ","RU","R","R","Корпоративный поставщик","Перейти к первоисточнику процедуры, изучить ТЗ и сроки; подготовить заявку/КП МИСБ либо связаться с указанным организатором после квалификации лида.","закупщик / организатор / конечный заказчик из документации","Завершенные образовательные закупки могут подсказать повторный цикл и ответственного заказчика; прошлый заказ не равен текущему.","Логистика, финансы, закупки, управление командами","обучение; повышение квалификации; развитие руководителей; тренинг; электронный курс; дистанционное обучение; стратегическая сессия; образовательные услуги; HR; кадровый резерв","Публичный HTML и вложения; обнаружить пагинацию/фильтры; RSS/API только если документированы и разрешены; кабинеты — по доступам проекта.","Найдено в поисковом индексе; доступ, пагинация и документы сборщиком не проверены.","Стоимость доступа/участия не проверена; сначала публичный маршрут. Платную подписку не предполагаем.","search_index","https://trcont.com/the-company/procurement/archive","Официальный архив содержит отдельные годовые разделы закупок.","2026-10-01","not_separately_checked","not_checked_here","2","true","Извлечь завершенные образовательные закупки и их повторяемость; перейти из навигации к текущим закупкам.","Установить рабочий путь сбора, первичный ID, курсор/пагинацию, доступ к вложениям и реальные примеры соответствия МИСБ; подключения не выполнялись.","Поиск первичного сайта/оператора ЭТП с последующей проверкой страницы, где она доступна","added_v3"
"MISB-319","Авиакомпания Россия — собственный закупочный раздел","https://www.rossiya-airlines.ru/about/zakupki/","C02","C02","Корпоративные закупки и квалификация","Корпоративные закупки — вход и карта маршрутов","РФ","RU","D","D; R","Корпоративный поставщик","Перейти к первоисточнику процедуры, изучить ТЗ и сроки; подготовить заявку/КП МИСБ либо связаться с указанным организатором после квалификации лида.","закупщик / организатор / конечный заказчик из документации","Официальная точка входа к процедурам, планам, дочерним компаниям и поставщикам услуг; релевантный заказ нужно обнаружить.","Менеджмент, HR, финансы, закупки, деловой сервис","обучение; повышение квалификации; развитие руководителей; тренинг; электронный курс; дистанционное обучение; стратегическая сессия; образовательные услуги; HR; кадровый резерв","Публичный HTML и вложения; обнаружить пагинацию/фильтры; RSS/API только если документированы и разрешены; кабинеты — по доступам проекта.","Публичная страница прочитана; доступ к кабинетам и автоматизированный сбор не проверены.","Стоимость доступа/участия не проверена; сначала публичный маршрут. Платную подписку не предполагаем.","content_read","https://www.rossiya-airlines.ru/about/zakupki/","Официальная страница прочитана: ссылки на ЭТП, ЕИС, результаты и программу партнерства с МСП.","2026-10-01","not_separately_checked","not_checked_here","1","true","Собрать ссылки на извещения и планы юрлица; отделять программы офисных специалистов от подготовки летного состава.","Установить рабочий путь сбора, первичный ID, курсор/пагинацию, доступ к вложениям и реальные примеры соответствия МИСБ; подключения не выполнялись.","Поиск первичного сайта/оператора ЭТП с последующей проверкой страницы, где она доступна","added_v3"
"MISB-320","Димитровградский литейный завод — собственные закупки КАМАЗа","https://dlz-kamaz.ru/purchases/","C02","C02","Корпоративные закупки и квалификация","Корпоративные закупки — вход и карта маршрутов","РФ","RU","D","D; R","Корпоративный поставщик","Перейти к первоисточнику процедуры, изучить ТЗ и сроки; подготовить заявку/КП МИСБ либо связаться с указанным организатором после квалификации лида.","закупщик / организатор / конечный заказчик из документации","Официальная точка входа к процедурам, планам, дочерним компаниям и поставщикам услуг; релевантный заказ нужно обнаружить.","Менеджмент производства для ИТР, закупки, HR, финансы","обучение; повышение квалификации; развитие руководителей; тренинг; электронный курс; дистанционное обучение; стратегическая сессия; образовательные услуги; HR; кадровый резерв","Публичный HTML и вложения; обнаружить пагинацию/фильтры; RSS/API только если документированы и разрешены; кабинеты — по доступам проекта.","Публичная страница прочитана; доступ к кабинетам и автоматизированный сбор не проверены.","Стоимость доступа/участия не проверена; сначала публичный маршрут. Платную подписку не предполагаем.","content_read","https://dlz-kamaz.ru/purchases/","Страница прочитана: программа закупок публикуется на сайте КАМАЗа, извещения и контакты — на сайте завода.","2026-10-01","not_separately_checked","not_checked_here","1","true","Собирать одновременно план группы и местные извещения; найти закупки услуг и самостоятельные запросы КП.","Установить рабочий путь сбора, первичный ID, курсор/пагинацию, доступ к вложениям и реальные примеры соответствия МИСБ; подключения не выполнялись.","Поиск первичного сайта/оператора ЭТП с последующей проверкой страницы, где она доступна","added_v3"
"MISB-321","КАМАЗ-Энерго — самостоятельные закупки","https://new.kamaz-energo.ru/purchases/","C02","C02","Корпоративные закупки и квалификация","Корпоративные закупки — вход и карта маршрутов","РФ","RU","D","D; R","Корпоративный поставщик","Перейти к первоисточнику процедуры, изучить ТЗ и сроки; подготовить заявку/КП МИСБ либо связаться с указанным организатором после квалификации лида.","закупщик / организатор / конечный заказчик из документации","Официальная точка входа к процедурам, планам, дочерним компаниям и поставщикам услуг; релевантный заказ нужно обнаружить.","Энергетический менеджмент, право, закупки, обучение ИТР","обучение; повышение квалификации; развитие руководителей; тренинг; электронный курс; дистанционное обучение; стратегическая сессия; образовательные услуги; HR; кадровый резерв","Публичный HTML и вложения; обнаружить пагинацию/фильтры; RSS/API только если документированы и разрешены; кабинеты — по доступам проекта.","Найдено в поисковом индексе; доступ, пагинация и документы сборщиком не проверены.","Стоимость доступа/участия не проверена; сначала публичный маршрут. Платную подписку не предполагаем.","search_index","https://new.kamaz-energo.ru/purchases/","Официальный раздел закупок найден поиском; содержит закупочное раскрытие и документы компании.","2026-10-01","not_separately_checked","not_checked_here","1","true","Проверить новый и прежний домены как связанные маршруты, актуальные планы и извещения.","Установить рабочий путь сбора, первичный ID, курсор/пагинацию, доступ к вложениям и реальные примеры соответствия МИСБ; подключения не выполнялись.","Поиск первичного сайта/оператора ЭТП с последующей проверкой страницы, где она доступна","added_v3"
"MISB-322","Мечел — официальный закупочный раздел","https://mechel.ru/purchase/","C02","C02","Корпоративные закупки и квалификация","Корпоративные закупки — вход и карта маршрутов","РФ","RU","D","D; R","Корпоративный поставщик","Перейти к первоисточнику процедуры, изучить ТЗ и сроки; подготовить заявку/КП МИСБ либо связаться с указанным организатором после квалификации лида.","закупщик / организатор / конечный заказчик из документации","Официальная точка входа к процедурам, планам, дочерним компаниям и поставщикам услуг; релевантный заказ нужно обнаружить.","Промышленный менеджмент, закупки, финансы, управление персоналом","обучение; повышение квалификации; развитие руководителей; тренинг; электронный курс; дистанционное обучение; стратегическая сессия; образовательные услуги; HR; кадровый резерв","Публичный HTML и вложения; обнаружить пагинацию/фильтры; RSS/API только если документированы и разрешены; кабинеты — по доступам проекта.","Публичная страница прочитана; доступ к кабинетам и автоматизированный сбор не проверены.","Стоимость доступа/участия не проверена; сначала публичный маршрут. Платную подписку не предполагаем.","content_read","https://mechel.ru/purchase/","Страница прочитана: официальный закупочный раздел и обращения поставщиков; сама страница не доказывает наличие релевантных процедур.","2026-10-01","not_separately_checked","not_checked_here","1","true","Извлечь ссылки на проведение процедур и отдельные предприятия группы; проверить каналы приема предложений.","Установить рабочий путь сбора, первичный ID, курсор/пагинацию, доступ к вложениям и реальные примеры соответствия МИСБ; подключения не выполнялись.","Поиск первичного сайта/оператора ЭТП с последующей проверкой страницы, где она доступна","added_v3"
"MISB-323","Мечел — самостоятельный профиль B2B-Center","https://www.b2b-center.ru/companies/tendery-pao-mechel/","C02","C02","Корпоративные закупки и квалификация","Корпоративные закупки — прямая лента/секция","РФ","RU","D","D; R","Корпоративный поставщик","Перейти к первоисточнику процедуры, изучить ТЗ и сроки; подготовить заявку/КП МИСБ либо связаться с указанным организатором после квалификации лида.","закупщик / организатор / конечный заказчик из документации","Публикация процедуры, квалификации или запроса КП; соответствие услугам МИСБ устанавливается по карточке и вложениям.","Повышение квалификации специалистов и руководителей","обучение; повышение квалификации; развитие руководителей; тренинг; электронный курс; дистанционное обучение; стратегическая сессия; образовательные услуги; HR; кадровый резерв","Публичный HTML и вложения; обнаружить пагинацию/фильтры; RSS/API только если документированы и разрешены; кабинеты — по доступам проекта.","Найдено в поисковом индексе; доступ, пагинация и документы сборщиком не проверены.","Стоимость доступа/участия не проверена; сначала публичный маршрут. Платную подписку не предполагаем.","search_index","https://www.b2b-center.ru/companies/tendery-pao-mechel/","Оператор ЭТП публикует процедуры ПАО Мечел, в том числе для разных предприятий группы.","2026-10-01","not_separately_checked","not_checked_here","1","true","Сохранять фактического заказчика из ТЗ и группу; сверять сроки и версии приложений.","Установить рабочий путь сбора, первичный ID, курсор/пагинацию, доступ к вложениям и реальные примеры соответствия МИСБ; подключения не выполнялись.","Поиск первичного сайта/оператора ЭТП с последующей проверкой страницы, где она доступна","added_v3"
"MISB-324","ВТБ Беларусь — собственные процедуры закупок","https://www.vtb.by/zakupki","C02","C02","Корпоративные закупки и квалификация","Корпоративные закупки — прямая лента/секция","Беларусь","BY","D","D; R","Корпоративный поставщик","Перейти к первоисточнику процедуры, изучить ТЗ и сроки; подготовить заявку/КП МИСБ либо связаться с указанным организатором после квалификации лида.","закупщик / организатор / конечный заказчик из документации","Публикация процедуры, квалификации или запроса КП; соответствие услугам МИСБ устанавливается по карточке и вложениям.","Финансы, риск-менеджмент, HR, корпоративное обучение","обучение; повышение квалификации; развитие руководителей; тренинг; электронный курс; дистанционное обучение; стратегическая сессия; образовательные услуги; HR; кадровый резерв","Публичный HTML и вложения; обнаружить пагинацию/фильтры; RSS/API только если документированы и разрешены; кабинеты — по доступам проекта.","Найдено в поисковом индексе; доступ, пагинация и документы сборщиком не проверены.","Стоимость доступа/участия не проверена; сначала публичный маршрут. Платную подписку не предполагаем.","search_index","https://www.vtb.by/zakupki","Официальный сайт приглашает организации и предпринимателей к участию в процедурах закупки.","2026-10-01","not_separately_checked","not_checked_here","1","true","Проверить файлы условий, валюту, юрлицо, дистанционный формат и требования к нерезидентам.","Установить рабочий путь сбора, первичный ID, курсор/пагинацию, доступ к вложениям и реальные примеры соответствия МИСБ; подключения не выполнялись.","Поиск первичного сайта/оператора ЭТП с последующей проверкой страницы, где она доступна","added_v3"
"MISB-325","НЛМК — корпоративный университет как ранний сигнал","https://university.nlmk.com/university/","C12","C12","Корпоративные новости, отчеты и университеты","Корпоративные университеты — ранние сигналы и партнерства","РФ","RU","I","I; R","Корпоративная академия","Найти подтвержденную потребность и ответственного; подготовить предложение на экспертное партнерство/субподряд, проверить закупочный маршрут.","корпоративный заказчик / владелец обучения","Новая программа или корпоративный проект может указывать на потребность во внешней экспертизе; это гипотеза для проверки.","Управленческое и профессиональное обучение, анализ данных, цифровые курсы","обучение; повышение квалификации; развитие руководителей; тренинг; электронный курс; дистанционное обучение; стратегическая сессия; образовательные услуги; HR; кадровый резерв","HTML-изменения новостей/программ → новые организации/темы → очередь исследования закупочного пути; без предположения о наличии открытой заявки.","Публичная страница прочитана; доступ к кабинетам и автоматизированный сбор не проверены.","Стоимость доступа/участия не проверена; сначала публичный маршрут. Платную подписку не предполагаем.","content_read","https://university.nlmk.com/university/","Страница прочитана: единая система управленческого и профессионального обучения, партнерские сети и образовательные решения. Открытый заказ не установлен.","2026-10-01","not_separately_checked","not_checked_here","2","true","Отслеживать новости программ/партнерств; связать университет с закупками НЛМК и отдельной задачей выявления заказчика.","Установить рабочий путь сбора, первичный ID, курсор/пагинацию, доступ к вложениям и реальные примеры соответствия МИСБ; подключения не выполнялись.","Поиск первичного сайта/оператора ЭТП с последующей проверкой страницы, где она доступна","added_v3"
"MISB-326","СберУниверситет — программы, партнерства и корпоративные проекты","https://sberuniversity.ru/","C12","C12","Корпоративные новости, отчеты и университеты","Корпоративные университеты — ранние сигналы и партнерства","РФ","RU","I","I; R","Корпоративная академия","Найти подтвержденную потребность и ответственного; подготовить предложение на экспертное партнерство/субподряд, проверить закупочный маршрут.","корпоративный заказчик / владелец обучения","Новая программа или корпоративный проект может указывать на потребность во внешней экспертизе; это гипотеза для проверки.","Программы руководителей, отраслевые семинары, цифровое обучение","обучение; повышение квалификации; развитие руководителей; тренинг; электронный курс; дистанционное обучение; стратегическая сессия; образовательные услуги; HR; кадровый резерв","HTML-изменения новостей/программ → новые организации/темы → очередь исследования закупочного пути; без предположения о наличии открытой заявки.","Найдено в поисковом индексе; доступ, пагинация и документы сборщиком не проверены.","Стоимость доступа/участия не проверена; сначала публичный маршрут. Платную подписку не предполагаем.","search_index","https://sberuniversity.ru/","Официальный сайт публикует образовательные направления, новости и корпоративные программы. Отбор внешнего исполнителя на странице не подтвержден.","2026-10-01","not_separately_checked","not_checked_here","2","true","Выявлять новые корпоративные проекты и экспертизу партнеров; найти допустимый маршрут привлечения внешних провайдеров.","Установить рабочий путь сбора, первичный ID, курсор/пагинацию, доступ к вложениям и реальные примеры соответствия МИСБ; подключения не выполнялись.","Поиск первичного сайта/оператора ЭТП с последующей проверкой страницы, где она доступна","added_v3"
"MISB-327","МТС Беларусь — отдельный закупочный раздел","https://www.mts.by/company/partner/purchases/","C02","C02","Корпоративные закупки и квалификация","Корпоративные закупки — прямая лента/секция","Беларусь","BY","D","D; R","Корпоративный поставщик","Перейти к первоисточнику процедуры, изучить ТЗ и сроки; подготовить заявку/КП МИСБ либо связаться с указанным организатором после квалификации лида.","закупщик / организатор / конечный заказчик из документации","Публикация процедуры, квалификации или запроса КП; соответствие услугам МИСБ устанавливается по карточке и вложениям.","Управленческие навыки, сервис, HR, электронные курсы","обучение; повышение квалификации; развитие руководителей; тренинг; электронный курс; дистанционное обучение; стратегическая сессия; образовательные услуги; HR; кадровый резерв","Публичный HTML и вложения; обнаружить пагинацию/фильтры; RSS/API только если документированы и разрешены; кабинеты — по доступам проекта.","Найдено в поисковом индексе; доступ, пагинация и документы сборщиком не проверены.","Стоимость доступа/участия не проверена; сначала публичный маршрут. Платную подписку не предполагаем.","search_index","https://www.mts.by/company/partner/purchases/","Официальный сайт публикует закупочный раздел и контакты профильных подразделений.","2026-10-01","not_separately_checked","not_checked_here","1","true","Извлечь текущие объявления, архив и документы; проверить отдельную категорию услуг обучения.","Установить рабочий путь сбора, первичный ID, курсор/пагинацию, доступ к вложениям и реальные примеры соответствия МИСБ; подключения не выполнялись.","Поиск первичного сайта/оператора ЭТП с последующей проверкой страницы, где она доступна","added_v3"
"MISB-328","Method Club — сообщество методистов","https://t.me/methodclub","C05","C05","Telegram и социальные сообщества","Профессиональные сообщества и функциональные чаты","РФ; русскоязычные специалисты СНГ","RU","I; P","I; P; R","Сообщество","Выделить автора конкретного запроса и его организацию; сверить задачу и возможность внешнего исполнителя. Для партнёров — субподряд или совместная программа; для редакций — согласованный формат участия.","Методист; продюсер; L&D","Методология образовательных продуктов — потенциальные запросы на подрядчика, вопросы о решении задачи или ранние признаки потребности; наличие оплачиваемого заказа требует проверки сообщения.","Методология; электронные курсы; обучение методистов","Методология образовательных продуктов; ищем; порекомендуйте; нужен эксперт; подрядчик; разработать; провести; обучение; программа; запуск; масштабирование","Карточка и ссылки открыты; историю обсуждений получать через разрешённый доступ участника или предоставленный экспорт. Сохранять исходные сообщения, ответы и ссылки до оценки.","История чата здесь не проверена. Проверить правила сообщества, наличие доступа к прошлым сообщениям и разрешённый способ сбора.","Публичная карточка: без покупки. Условия участия, истории и интеграции уточнить; платные подписки не подключены.","content_read","https://t.me/methodclub","Публичная карточка описывает сообщество методистов русскоязычного EdTech.","2026-10-01","not_separately_checked","not_checked_here","2","true","Проверить реальный доступ к истории, сохранить правила и sample сообщений; найти закрепы, темы, связанные каналы; настроить повторный сбор без удаления пустого источника.","Требуются проверка истории, правил доступа, тест сбора, выделение реального автора потребности и фиксация даты/контекста.","Поиск по профессиональной теме и переход по ссылкам каталогов/самого сообщества с проверкой первичной карточки","added_v3"
"MISB-329","Сообщество Методистов — отдельный чат","https://t.me/newmethodologist","C05","C05","Telegram и социальные сообщества","Профессиональные сообщества и функциональные чаты","РФ; русскоязычные специалисты СНГ","RU","I; P","I; P; R","Сообщество","Выделить автора конкретного запроса и его организацию; сверить задачу и возможность внешнего исполнителя. Для партнёров — субподряд или совместная программа; для редакций — согласованный формат участия.","Методолог; руководитель образовательного проекта","Методология и проектирование обучения взрослых — потенциальные запросы на подрядчика, вопросы о решении задачи или ранние признаки потребности; наличие оплачиваемого заказа требует проверки сообщения.","Разработка программ; цифровые курсы; методический аудит","Методология и проектирование обучения взрослых; ищем; порекомендуйте; нужен эксперт; подрядчик; разработать; провести; обучение; программа; запуск; масштабирование","Карточка и ссылки открыты; историю обсуждений получать через разрешённый доступ участника или предоставленный экспорт. Сохранять исходные сообщения, ответы и ссылки до оценки.","История чата здесь не проверена. Проверить правила сообщества, наличие доступа к прошлым сообщениям и разрешённый способ сбора.","Публичная карточка: без покупки. Условия участия, истории и интеграции уточнить; платные подписки не подключены.","content_read","https://t.me/newmethodologist","Прочитана публичная карточка с названием и описанием сообщества; сообщения и действующие заявки не проверены.","2026-10-01","not_separately_checked","not_checked_here","2","true","Проверить реальный доступ к истории, сохранить правила и sample сообщений; найти закрепы, темы, связанные каналы; настроить повторный сбор без удаления пустого источника.","Требуются проверка истории, правил доступа, тест сбора, выделение реального автора потребности и фиксация даты/контекста.","Поиск по профессиональной теме и переход по ссылкам каталогов/самого сообщества с проверкой первичной карточки","added_v3"
"MISB-330","CoursEditor — сообщество конструктора курсов","https://t.me/courseditor","C05","C05","Telegram и социальные сообщества","Экспертные каналы, методология и отраслевые медиа","РФ; русскоязычные специалисты СНГ","RU","I; P","I; P; R","Сообщество","Выделить автора конкретного запроса и его организацию; сверить задачу и возможность внешнего исполнителя. Для партнёров — субподряд или совместная программа; для редакций — согласованный формат участия.","Разработчик курса; методист; внутренний учебный центр","Лонгриды; электронные курсы; SCORM — потенциальные запросы на подрядчика, вопросы о решении задачи или ранние признаки потребности; наличие оплачиваемого заказа требует проверки сообщения.","Сценарии; сборка цифровых курсов; учебные видео","Лонгриды; электронные курсы; SCORM; ищем; порекомендуйте; нужен эксперт; подрядчик; разработать; провести; обучение; программа; запуск; масштабирование","Публичное Telegram-превью / разрешённый экспорт; отдельно обнаружить комментарии и связанный чат. Пагинация и пересекающиеся окна дат; сохранять полный доступный текст.","Публичная карточка или индекс доступны; полнота истории и сборщик не проверены. Отсутствие /s-превью не считать отсутствием источника.","Публичная карточка: без покупки. Условия участия, истории и интеграции уточнить; платные подписки не подключены.","search_index","https://t.me/s/courseditor?before=77","Индекс первичного Telegram-превью показывает описание конструктора, привязанный чат и профессиональные публикации. Прямая карточка при открытии недоступна.","2026-10-01","not_separately_checked","not_checked_here","2","true","Проверить публичное превью и доступный архив; извлечь связанные чаты, рубрики запросов и внешние формы; провести пробный сбор и сохранить его границы.","Требуются проверка истории, правил доступа, тест сбора, выделение реального автора потребности и фиксация даты/контекста.","Поиск по профессиональной теме и переход по ссылкам каталогов/самого сообщества с проверкой первичной карточки","added_v3"
"MISB-331","Живое обучение — канал Елены Тихомировой","https://t.me/prolearning","C05","C05","Telegram и социальные сообщества","Экспертные каналы, методология и отраслевые медиа","РФ; русскоязычные специалисты СНГ","RU","I; P","I; P; R","Сообщество","Выделить автора конкретного запроса и его организацию; сверить задачу и возможность внешнего исполнителя. Для партнёров — субподряд или совместная программа; для редакций — согласованный формат участия.","L&D; корпоративный университет; партнёр по разработке","Корпоративное обучение взрослых — потенциальные запросы на подрядчика, вопросы о решении задачи или ранние признаки потребности; наличие оплачиваемого заказа требует проверки сообщения.","Педдизайн; обучение внутренних экспертов; электронные курсы","Корпоративное обучение взрослых; ищем; порекомендуйте; нужен эксперт; подрядчик; разработать; провести; обучение; программа; запуск; масштабирование","Публичное Telegram-превью / разрешённый экспорт; отдельно обнаружить комментарии и связанный чат. Пагинация и пересекающиеся окна дат; сохранять полный доступный текст.","Публичная карточка или индекс доступны; полнота истории и сборщик не проверены. Отсутствие /s-превью не считать отсутствием источника.","Публичная карточка: без покупки. Условия участия, истории и интеграции уточнить; платные подписки не подключены.","content_read","https://t.me/prolearning","Прочитана публичная карточка с названием и тематикой канала; коммерческий спрос не установлен.","2026-10-01","not_separately_checked","not_checked_here","3","true","Проверить публичное превью и доступный архив; извлечь связанные чаты, рубрики запросов и внешние формы; провести пробный сбор и сохранить его границы.","Требуются проверка истории, правил доступа, тест сбора, выделение реального автора потребности и фиксация даты/контекста.","Поиск по профессиональной теме и переход по ссылкам каталогов/самого сообщества с проверкой первичной карточки","added_v3"
"MISB-332","LX notes — образование как продукт","https://t.me/lxnotes","C05","C05","Telegram и социальные сообщества","Экспертные каналы, методология и отраслевые медиа","РФ; русскоязычные специалисты СНГ","RU","I; P","I; P","Сообщество","Выделить автора конкретного запроса и его организацию; сверить задачу и возможность внешнего исполнителя. Для партнёров — субподряд или совместная программа; для редакций — согласованный формат участия.","Продюсер; LXD; L&D","EdTech; проектирование учебного опыта; образовательные события — потенциальные запросы на подрядчика, вопросы о решении задачи или ранние признаки потребности; наличие оплачиваемого заказа требует проверки сообщения.","Разработка образовательных продуктов; дизайн учебного опыта","EdTech; проектирование учебного опыта; образовательные события; ищем; порекомендуйте; нужен эксперт; подрядчик; разработать; провести; обучение; программа; запуск; масштабирование","Публичное Telegram-превью / разрешённый экспорт; отдельно обнаружить комментарии и связанный чат. Пагинация и пересекающиеся окна дат; сохранять полный доступный текст.","Публичная карточка или индекс доступны; полнота истории и сборщик не проверены. Отсутствие /s-превью не считать отсутствием источника.","Публичная карточка: без покупки. Условия участия, истории и интеграции уточнить; платные подписки не подключены.","content_read","https://t.me/lxnotes","Прочитана публичная карточка с названием и тематикой канала; коммерческий спрос не установлен.","2026-10-01","not_separately_checked","not_checked_here","3","true","Проверить публичное превью и доступный архив; извлечь связанные чаты, рубрики запросов и внешние формы; провести пробный сбор и сохранить его границы.","Требуются проверка истории, правил доступа, тест сбора, выделение реального автора потребности и фиксация даты/контекста.","Поиск по профессиональной теме и переход по ссылкам каталогов/самого сообщества с проверкой первичной карточки","added_v3"
"MISB-333","Дизайн Образования — канал Андрея Комиссарова","https://t.me/LXD_education","C05","C05","Telegram и социальные сообщества","Экспертные каналы, методология и отраслевые медиа","РФ; русскоязычные специалисты СНГ","RU","I; P","I; P","Сообщество","Выделить автора конкретного запроса и его организацию; сверить задачу и возможность внешнего исполнителя. Для партнёров — субподряд или совместная программа; для редакций — согласованный формат участия.","Методолог; корпоративный университет; EdTech","Педагогический дизайн; ИИ в обучении; образовательные данные — потенциальные запросы на подрядчика, вопросы о решении задачи или ранние признаки потребности; наличие оплачиваемого заказа требует проверки сообщения.","Проектирование обучения; повышение квалификации методистов; AI-воркшопы","Педагогический дизайн; ИИ в обучении; образовательные данные; ищем; порекомендуйте; нужен эксперт; подрядчик; разработать; провести; обучение; программа; запуск; масштабирование","Публичное Telegram-превью / разрешённый экспорт; отдельно обнаружить комментарии и связанный чат. Пагинация и пересекающиеся окна дат; сохранять полный доступный текст.","Публичная карточка или индекс доступны; полнота истории и сборщик не проверены. Отсутствие /s-превью не считать отсутствием источника.","Публичная карточка: без покупки. Условия участия, истории и интеграции уточнить; платные подписки не подключены.","content_read","https://t.me/LXD_education","Прочитана публичная карточка с названием и тематикой канала; коммерческий спрос не установлен.","2026-10-01","not_separately_checked","not_checked_here","3","true","Проверить публичное превью и доступный архив; извлечь связанные чаты, рубрики запросов и внешние формы; провести пробный сбор и сохранить его границы.","Требуются проверка истории, правил доступа, тест сбора, выделение реального автора потребности и фиксация даты/контекста.","Поиск по профессиональной теме и переход по ссылкам каталогов/самого сообщества с проверкой первичной карточки","added_v3"
"MISB-334","Современное курсостроение — канал Якова Сомова","https://t.me/howtomooc","C05","C05","Telegram и социальные сообщества","Экспертные каналы, методология и отраслевые медиа","РФ; русскоязычные специалисты СНГ","RU","I; P","I; P; R","Сообщество","Выделить автора конкретного запроса и его организацию; сверить задачу и возможность внешнего исполнителя. Для партнёров — субподряд или совместная программа; для редакций — согласованный формат участия.","Образовательный продюсер; издательство; учебный центр","Онлайн-курсы; нейросети; производство обучения — потенциальные запросы на подрядчика, вопросы о решении задачи или ранние признаки потребности; наличие оплачиваемого заказа требует проверки сообщения.","Курс под ключ; методология; учебное видео","Онлайн-курсы; нейросети; производство обучения; ищем; порекомендуйте; нужен эксперт; подрядчик; разработать; провести; обучение; программа; запуск; масштабирование","Публичное Telegram-превью / разрешённый экспорт; отдельно обнаружить комментарии и связанный чат. Пагинация и пересекающиеся окна дат; сохранять полный доступный текст.","Публичная карточка или индекс доступны; полнота истории и сборщик не проверены. Отсутствие /s-превью не считать отсутствием источника.","Публичная карточка: без покупки. Условия участия, истории и интеграции уточнить; платные подписки не подключены.","content_read","https://t.me/howtomooc","Прочитана публичная карточка с названием и тематикой канала; коммерческий спрос не установлен.","2026-10-01","not_separately_checked","not_checked_here","3","true","Проверить публичное превью и доступный архив; извлечь связанные чаты, рубрики запросов и внешние формы; провести пробный сбор и сохранить его границы.","Требуются проверка истории, правил доступа, тест сбора, выделение реального автора потребности и фиксация даты/контекста.","Поиск по профессиональной теме и переход по ссылкам каталогов/самого сообщества с проверкой первичной карточки","added_v3"
"MISB-335","Digital Tools for Creative Education","https://t.me/toolsforedutainment","C05","C05","Telegram и социальные сообщества","Экспертные каналы, методология и отраслевые медиа","РФ; русскоязычные специалисты СНГ","RU","I; P","I; P","Сообщество","Выделить автора конкретного запроса и его организацию; сверить задачу и возможность внешнего исполнителя. Для партнёров — субподряд или совместная программа; для редакций — согласованный формат участия.","Методист; тренер; менеджер обучения","Цифровые инструменты для создателей обучающих продуктов — потенциальные запросы на подрядчика, вопросы о решении задачи или ранние признаки потребности; наличие оплачиваемого заказа требует проверки сообщения.","Интерактивные курсы; фасилитация; обучение внутренних тренеров","Цифровые инструменты для создателей обучающих продуктов; ищем; порекомендуйте; нужен эксперт; подрядчик; разработать; провести; обучение; программа; запуск; масштабирование","Публичное Telegram-превью / разрешённый экспорт; отдельно обнаружить комментарии и связанный чат. Пагинация и пересекающиеся окна дат; сохранять полный доступный текст.","Публичная карточка или индекс доступны; полнота истории и сборщик не проверены. Отсутствие /s-превью не считать отсутствием источника.","Публичная карточка: без покупки. Условия участия, истории и интеграции уточнить; платные подписки не подключены.","content_read","https://t.me/toolsforedutainment","Прочитана публичная карточка с названием и тематикой канала; коммерческий спрос не установлен.","2026-10-01","not_separately_checked","not_checked_here","3","true","Проверить публичное превью и доступный архив; извлечь связанные чаты, рубрики запросов и внешние формы; провести пробный сбор и сохранить его границы.","Требуются проверка истории, правил доступа, тест сбора, выделение реального автора потребности и фиксация даты/контекста.","Поиск по профессиональной теме и переход по ссылкам каталогов/самого сообщества с проверкой первичной карточки","added_v3"
"MISB-336","LXD hero — Герои образования","https://t.me/lxdhero","C05","C05","Telegram и социальные сообщества","Экспертные каналы, методология и отраслевые медиа","РФ; русскоязычные специалисты СНГ","RU","I; P","I; P; R","Сообщество","Выделить автора конкретного запроса и его организацию; сверить задачу и возможность внешнего исполнителя. Для партнёров — субподряд или совместная программа; для редакций — согласованный формат участия.","Методист; продюсер; образовательная команда","Проектирование образовательного опыта — потенциальные запросы на подрядчика, вопросы о решении задачи или ранние признаки потребности; наличие оплачиваемого заказа требует проверки сообщения.","Методология; обучение команд разработки; совместные проекты","Проектирование образовательного опыта; ищем; порекомендуйте; нужен эксперт; подрядчик; разработать; провести; обучение; программа; запуск; масштабирование","Публичное Telegram-превью / разрешённый экспорт; отдельно обнаружить комментарии и связанный чат. Пагинация и пересекающиеся окна дат; сохранять полный доступный текст.","Публичная карточка или индекс доступны; полнота истории и сборщик не проверены. Отсутствие /s-превью не считать отсутствием источника.","Публичная карточка: без покупки. Условия участия, истории и интеграции уточнить; платные подписки не подключены.","content_read","https://t.me/lxdhero","Прочитана публичная карточка с названием и тематикой канала; коммерческий спрос не установлен.","2026-10-01","not_separately_checked","not_checked_here","3","true","Проверить публичное превью и доступный архив; извлечь связанные чаты, рубрики запросов и внешние формы; провести пробный сбор и сохранить его границы.","Требуются проверка истории, правил доступа, тест сбора, выделение реального автора потребности и фиксация даты/контекста.","Поиск по профессиональной теме и переход по ссылкам каталогов/самого сообщества с проверкой первичной карточки","added_v3"
"MISB-337","Царёва в Курсе — канал о развитии и образовательном опыте","https://t.me/elearningskills","C05","C05","Telegram и социальные сообщества","Экспертные каналы, методология и отраслевые медиа","РФ; русскоязычные специалисты СНГ","RU","I; P","I; P","Сообщество","Выделить автора конкретного запроса и его организацию; сверить задачу и возможность внешнего исполнителя. Для партнёров — субподряд или совместная программа; для редакций — согласованный формат участия.","Методист; автор курса; руководитель проекта","Образовательный опыт; развитие; методология — потенциальные запросы на подрядчика, вопросы о решении задачи или ранние признаки потребности; наличие оплачиваемого заказа требует проверки сообщения.","Разработка и аудит обучения; обучение методистов","Образовательный опыт; развитие; методология; ищем; порекомендуйте; нужен эксперт; подрядчик; разработать; провести; обучение; программа; запуск; масштабирование","Публичное Telegram-превью / разрешённый экспорт; отдельно обнаружить комментарии и связанный чат. Пагинация и пересекающиеся окна дат; сохранять полный доступный текст.","Публичная карточка или индекс доступны; полнота истории и сборщик не проверены. Отсутствие /s-превью не считать отсутствием источника.","Публичная карточка: без покупки. Условия участия, истории и интеграции уточнить; платные подписки не подключены.","content_read","https://t.me/elearningskills","Прочитана текущая карточка «Царёва в Курсе». Каталог описывает методологическую тематику; свежесть рубрик и коммерческий спрос отдельно не установлены.","2026-10-01","not_separately_checked","not_checked_here","3","true","Проверить публичное превью и доступный архив; извлечь связанные чаты, рубрики запросов и внешние формы; провести пробный сбор и сохранить его границы.","Требуются проверка истории, правил доступа, тест сбора, выделение реального автора потребности и фиксация даты/контекста.","Поиск по профессиональной теме и переход по ссылкам каталогов/самого сообщества с проверкой первичной карточки","added_v3"
"MISB-338","Говорит Говорунова — бывший «Набор методик»","https://t.me/nabor_metodik","C05","C05","Telegram и социальные сообщества","Экспертные каналы, методология и отраслевые медиа","РФ; русскоязычные специалисты СНГ","RU","I; P","I; P","Сообщество","Выделить автора конкретного запроса и его организацию; сверить задачу и возможность внешнего исполнителя. Для партнёров — субподряд или совместная программа; для редакций — согласованный формат участия.","L&D; методолог; партнёр по разработке","Обучение; стратегии; цифровое обучение — потенциальные запросы на подрядчика, вопросы о решении задачи или ранние признаки потребности; наличие оплачиваемого заказа требует проверки сообщения.","Методология; проектирование программ; цифровые курсы","Обучение; стратегии; цифровое обучение; ищем; порекомендуйте; нужен эксперт; подрядчик; разработать; провести; обучение; программа; запуск; масштабирование","Публичное Telegram-превью / разрешённый экспорт; отдельно обнаружить комментарии и связанный чат. Пагинация и пересекающиеся окна дат; сохранять полный доступный текст.","Публичная карточка или индекс доступны; полнота истории и сборщик не проверены. Отсутствие /s-превью не считать отсутствием источника.","Публичная карточка: без покупки. Условия участия, истории и интеграции уточнить; платные подписки не подключены.","content_read","https://t.me/nabor_metodik","Прочитана карточка: handle из старого каталога «Набор методик» сейчас называется «Говорит Говорунова» и сохраняет образовательную тематику.","2026-10-01","not_separately_checked","not_checked_here","3","true","Проверить публичное превью и доступный архив; извлечь связанные чаты, рубрики запросов и внешние формы; провести пробный сбор и сохранить его границы.","Требуются проверка истории, правил доступа, тест сбора, выделение реального автора потребности и фиксация даты/контекста.","Поиск по профессиональной теме и переход по ссылкам каталогов/самого сообщества с проверкой первичной карточки","added_v3"
"MISB-339","Мастерская iSpring — чат разработчиков курсов","https://t.me/ispring_master","C05","C05","Telegram и социальные сообщества","Профессиональные сообщества и функциональные чаты","РФ; русскоязычные специалисты СНГ","RU","I; P","I; P; R","Сообщество","Выделить автора конкретного запроса и его организацию; сверить задачу и возможность внешнего исполнителя. Для партнёров — субподряд или совместная программа; для редакций — согласованный формат участия.","Разработчик; методист; L&D заказчика","Разработка курсов на iSpring; SCORM; методология — потенциальные запросы на подрядчика, вопросы о решении задачи или ранние признаки потребности; наличие оплачиваемого заказа требует проверки сообщения.","Сборка электронных курсов; сценарии; тесты; учебные видео","Разработка курсов на iSpring; SCORM; методология; ищем; порекомендуйте; нужен эксперт; подрядчик; разработать; провести; обучение; программа; запуск; масштабирование","Карточка и ссылки открыты; историю обсуждений получать через разрешённый доступ участника или предоставленный экспорт. Сохранять исходные сообщения, ответы и ссылки до оценки.","История чата здесь не проверена. Проверить правила сообщества, наличие доступа к прошлым сообщениям и разрешённый способ сбора.","Публичная карточка: без покупки. Условия участия, истории и интеграции уточнить; платные подписки не подключены.","content_read","https://t.me/ispring_master","Прочитана первичная карточка сообщества разработчиков курсов и практиков онлайн-обучения.","2026-10-01","not_separately_checked","not_checked_here","1","true","Проверить реальный доступ к истории, сохранить правила и sample сообщений; найти закрепы, темы, связанные каналы; настроить повторный сбор без удаления пустого источника.","Требуются проверка истории, правил доступа, тест сбора, выделение реального автора потребности и фиксация даты/контекста.","Поиск по профессиональной теме и переход по ссылкам каталогов/самого сообщества с проверкой первичной карточки","added_v3"
"MISB-340","Главный бизнес-процесс — канал iSpring","https://t.me/ispring_ru","C05","C05","Telegram и социальные сообщества","Экспертные каналы, методология и отраслевые медиа","РФ; русскоязычные специалисты СНГ","RU","I; P","I; P; R","Сообщество","Выделить автора конкретного запроса и его организацию; сверить задачу и возможность внешнего исполнителя. Для партнёров — субподряд или совместная программа; для редакций — согласованный формат участия.","L&D; HRD; директор корпоративного университета","Система обучения сотрудников; адаптация; развитие — потенциальные запросы на подрядчика, вопросы о решении задачи или ранние признаки потребности; наличие оплачиваемого заказа требует проверки сообщения.","Запуск обучения; электронные курсы; программы руководителей","Система обучения сотрудников; адаптация; развитие; ищем; порекомендуйте; нужен эксперт; подрядчик; разработать; провести; обучение; программа; запуск; масштабирование","Публичное Telegram-превью / разрешённый экспорт; отдельно обнаружить комментарии и связанный чат. Пагинация и пересекающиеся окна дат; сохранять полный доступный текст.","Публичная карточка или индекс доступны; полнота истории и сборщик не проверены. Отсутствие /s-превью не считать отсутствием источника.","Публичная карточка: без покупки. Условия участия, истории и интеграции уточнить; платные подписки не подключены.","content_read","https://t.me/ispring_ru","Прочитана текущая карточка «Главный бизнес-процесс»; она прямо указывает принадлежность iSpring и обучение сотрудников.","2026-10-01","not_separately_checked","not_checked_here","2","true","Проверить публичное превью и доступный архив; извлечь связанные чаты, рубрики запросов и внешние формы; провести пробный сбор и сохранить его границы.","Требуются проверка истории, правил доступа, тест сбора, выделение реального автора потребности и фиксация даты/контекста.","Поиск по профессиональной теме и переход по ссылкам каталогов/самого сообщества с проверкой первичной карточки","added_v3"
"MISB-341","Отдел обучения — профессиональный канал","https://t.me/td_department","C05","C05","Telegram и социальные сообщества","Экспертные каналы, методология и отраслевые медиа","РФ; русскоязычные специалисты СНГ","RU","I; P","I; P","Сообщество","Выделить автора конкретного запроса и его организацию; сверить задачу и возможность внешнего исполнителя. Для партнёров — субподряд или совместная программа; для редакций — согласованный формат участия.","L&D; HR; руководитель отдела обучения","Организация обучения; индивидуальные планы развития — потенциальные запросы на подрядчика, вопросы о решении задачи или ранние признаки потребности; наличие оплачиваемого заказа требует проверки сообщения.","L&D-система; программы развития; электронное обучение","Организация обучения; индивидуальные планы развития; ищем; порекомендуйте; нужен эксперт; подрядчик; разработать; провести; обучение; программа; запуск; масштабирование","Публичное Telegram-превью / разрешённый экспорт; отдельно обнаружить комментарии и связанный чат. Пагинация и пересекающиеся окна дат; сохранять полный доступный текст.","Публичная карточка или индекс доступны; полнота истории и сборщик не проверены. Отсутствие /s-превью не считать отсутствием источника.","Публичная карточка: без покупки. Условия участия, истории и интеграции уточнить; платные подписки не подключены.","candidate","https://telegramstats.net/channels/td_department","Название и тематика найдены во внешнем каталоге. Первичная карточка и /s-превью не открылись через инструмент.","2026-10-01","not_separately_checked","not_checked_here","3","true","Проверить публичное превью и доступный архив; извлечь связанные чаты, рубрики запросов и внешние формы; провести пробный сбор и сохранить его границы.","Требуются проверка истории, правил доступа, тест сбора, выделение реального автора потребности и фиксация даты/контекста.","Поиск по профессиональной теме и переход по ссылкам каталогов/самого сообщества с проверкой первичной карточки","added_v3"
"MISB-342","Training@Development Hub — T&D Казахстан","https://t.me/tdh_channel","C05","C05","Telegram и социальные сообщества","Экспертные каналы, методология и отраслевые медиа","Казахстан; СНГ","KZ","I; P","I; P; R","Сообщество","Выделить автора конкретного запроса и его организацию; сверить задачу и возможность внешнего исполнителя. Для партнёров — субподряд или совместная программа; для редакций — согласованный формат участия.","HRD; T&D; организатор профессиональных событий","Корпоративное обучение; T&D-события — потенциальные запросы на подрядчика, вопросы о решении задачи или ранние признаки потребности; наличие оплачиваемого заказа требует проверки сообщения.","Программы руководителей; корпоративные тренинги; фасилитация","Корпоративное обучение; T&D-события; ищем; порекомендуйте; нужен эксперт; подрядчик; разработать; провести; обучение; программа; запуск; масштабирование","Публичное Telegram-превью / разрешённый экспорт; отдельно обнаружить комментарии и связанный чат. Пагинация и пересекающиеся окна дат; сохранять полный доступный текст.","Публичная карточка или индекс доступны; полнота истории и сборщик не проверены. Отсутствие /s-превью не считать отсутствием источника.","Публичная карточка: без покупки. Условия участия, истории и интеграции уточнить; платные подписки не подключены.","content_read","https://t.me/tdh_channel","Прочитана первичная карточка; индекс публикаций связан с T&DFEST и развитием персонала.","2026-10-01","not_separately_checked","not_checked_here","2","true","Проверить публичное превью и доступный архив; извлечь связанные чаты, рубрики запросов и внешние формы; провести пробный сбор и сохранить его границы.","Требуются проверка истории, правил доступа, тест сбора, выделение реального автора потребности и фиксация даты/контекста.","Поиск по профессиональной теме и переход по ссылкам каталогов/самого сообщества с проверкой первичной карточки","added_v3"
"MISB-343","Recruitment for Friends — профессиональный чат","https://t.me/rff_chat","C05","C05","Telegram и социальные сообщества","Профессиональные сообщества и функциональные чаты","РФ; русскоязычные специалисты СНГ","RU","I; P","I; P; R","Сообщество","Выделить автора конкретного запроса и его организацию; сверить задачу и возможность внешнего исполнителя. Для партнёров — субподряд или совместная программа; для редакций — согласованный формат участия.","HR; рекрутер; HRD; HR-агентство","Подбор; адаптация; онбординг; HR — потенциальные запросы на подрядчика, вопросы о решении задачи или ранние признаки потребности; наличие оплачиваемого заказа требует проверки сообщения.","Обучение рекрутеров; адаптация; программы HR","Подбор; адаптация; онбординг; HR; ищем; порекомендуйте; нужен эксперт; подрядчик; разработать; провести; обучение; программа; запуск; масштабирование","Карточка и ссылки открыты; историю обсуждений получать через разрешённый доступ участника или предоставленный экспорт. Сохранять исходные сообщения, ответы и ссылки до оценки.","История чата здесь не проверена. Проверить правила сообщества, наличие доступа к прошлым сообщениям и разрешённый способ сбора.","Публичная карточка: без покупки. Условия участия, истории и интеграции уточнить; платные подписки не подключены.","content_read","https://t.me/rff_chat","Прочитана публичная карточка с названием и описанием сообщества; сообщения и действующие заявки не проверены.","2026-10-01","not_separately_checked","not_checked_here","2","true","Проверить реальный доступ к истории, сохранить правила и sample сообщений; найти закрепы, темы, связанные каналы; настроить повторный сбор без удаления пустого источника.","Требуются проверка истории, правил доступа, тест сбора, выделение реального автора потребности и фиксация даты/контекста.","Поиск по профессиональной теме и переход по ссылкам каталогов/самого сообщества с проверкой первичной карточки","added_v3"
"MISB-344","HR сообщество — communityHR","https://t.me/communityHR","C05","C05","Telegram и социальные сообщества","Профессиональные сообщества и функциональные чаты","РФ; русскоязычные специалисты СНГ","RU","I; P","I; P","Сообщество","Выделить автора конкретного запроса и его организацию; сверить задачу и возможность внешнего исполнителя. Для партнёров — субподряд или совместная программа; для редакций — согласованный формат участия.","HR; HRBP; HRD","Практические HR-задачи и обмен опытом — потенциальные запросы на подрядчика, вопросы о решении задачи или ранние признаки потребности; наличие оплачиваемого заказа требует проверки сообщения.","Программы HR; обучение руководителей; развитие персонала","Практические HR-задачи и обмен опытом; ищем; порекомендуйте; нужен эксперт; подрядчик; разработать; провести; обучение; программа; запуск; масштабирование","Карточка и ссылки открыты; историю обсуждений получать через разрешённый доступ участника или предоставленный экспорт. Сохранять исходные сообщения, ответы и ссылки до оценки.","История чата здесь не проверена. Проверить правила сообщества, наличие доступа к прошлым сообщениям и разрешённый способ сбора.","Публичная карточка: без покупки. Условия участия, истории и интеграции уточнить; платные подписки не подключены.","content_read","https://t.me/communityHR","Прочитана публичная карточка сообщества; историю сообщений и долю заказчиков не исследовали.","2026-10-01","not_separately_checked","not_checked_here","2","true","Проверить реальный доступ к истории, сохранить правила и sample сообщений; найти закрепы, темы, связанные каналы; настроить повторный сбор без удаления пустого источника.","Требуются проверка истории, правил доступа, тест сбора, выделение реального автора потребности и фиксация даты/контекста.","Поиск по профессиональной теме и переход по ссылкам каталогов/самого сообщества с проверкой первичной карточки","added_v3"
"MISB-345","Сообщество HR России","https://t.me/recRussia24","C05","C05","Telegram и социальные сообщества","Профессиональные сообщества и функциональные чаты","РФ; русскоязычные специалисты СНГ","RU","I; P","I; P","Сообщество","Выделить автора конкретного запроса и его организацию; сверить задачу и возможность внешнего исполнителя. Для партнёров — субподряд или совместная программа; для редакций — согласованный формат участия.","HRD; HR; руководитель компании","Управление персоналом; HR-задачи — потенциальные запросы на подрядчика, вопросы о решении задачи или ранние признаки потребности; наличие оплачиваемого заказа требует проверки сообщения.","Обучение HR; адаптация; развитие руководителей","Управление персоналом; HR-задачи; ищем; порекомендуйте; нужен эксперт; подрядчик; разработать; провести; обучение; программа; запуск; масштабирование","Карточка и ссылки открыты; историю обсуждений получать через разрешённый доступ участника или предоставленный экспорт. Сохранять исходные сообщения, ответы и ссылки до оценки.","История чата здесь не проверена. Проверить правила сообщества, наличие доступа к прошлым сообщениям и разрешённый способ сбора.","Публичная карточка: без покупки. Условия участия, истории и интеграции уточнить; платные подписки не подключены.","content_read","https://t.me/recRussia24","Прочитана первичная карточка HR-сообщества с описанием назначения чата.","2026-10-01","not_separately_checked","not_checked_here","2","true","Проверить реальный доступ к истории, сохранить правила и sample сообщений; найти закрепы, темы, связанные каналы; настроить повторный сбор без удаления пустого источника.","Требуются проверка истории, правил доступа, тест сбора, выделение реального автора потребности и фиксация даты/контекста.","Поиск по профессиональной теме и переход по ссылкам каталогов/самого сообщества с проверкой первичной карточки","added_v3"
"MISB-346","Topcareer — Управленческий блок HR","https://t.me/+1S7eAADowxc1OGZi","C05","C05","Telegram и социальные сообщества","Профессиональные сообщества и функциональные чаты","РФ; русскоязычные специалисты СНГ","RU","I; P","I; P; R","Сообщество","Выделить автора конкретного запроса и его организацию; сверить задачу и возможность внешнего исполнителя. Для партнёров — субподряд или совместная программа; для редакций — согласованный формат участия.","HRD; HRBP; руководитель HR","HRD; HRBP; организационный дизайн — потенциальные запросы на подрядчика, вопросы о решении задачи или ранние признаки потребности; наличие оплачиваемого заказа требует проверки сообщения.","Стратегические сессии; обучение HRBP; программы руководителей","HRD; HRBP; организационный дизайн; ищем; порекомендуйте; нужен эксперт; подрядчик; разработать; провести; обучение; программа; запуск; масштабирование","Сохранить приглашение и страницу-вход. После предоставления доступа использовать разрешённый экспорт истории; привязать постоянный chat_id, сохранив invite URL.","Прочитана карточка приглашения, не закрытая история. Для подключения нужен доступ в группу; бот сам по себе не даёт историю.","Публичная карточка: без покупки. Условия участия, истории и интеграции уточнить; платные подписки не подключены.","content_read","https://t.me/+1S7eAADowxc1OGZi","Ссылка с официальной страницы topcareer открыла действующую карточку группы с темами HRD/оргдизайн/HRBP.","2026-10-01","not_separately_checked","not_checked_here","1","true","Проверить приглашение и правила; получить разрешённый доступ, затем зафиксировать постоянный ID группы и выгрузку истории. Истечение invite не означает исчезновение сообщества.","Требуются проверка истории, правил доступа, тест сбора, выделение реального автора потребности и фиксация даты/контекста.","Поиск по профессиональной теме и переход по ссылкам каталогов/самого сообщества с проверкой первичной карточки","added_v3"
"MISB-347","Topcareer — Рекрутмент","https://t.me/+bSW1JHigV75jODAy","C05","C05","Telegram и социальные сообщества","Профессиональные сообщества и функциональные чаты","РФ; русскоязычные специалисты СНГ","RU","I; P","I; P; R","Сообщество","Выделить автора конкретного запроса и его организацию; сверить задачу и возможность внешнего исполнителя. Для партнёров — субподряд или совместная программа; для редакций — согласованный формат участия.","Рекрутер; руководитель подбора; HR","Рекрутмент; подбор; интервью — потенциальные запросы на подрядчика, вопросы о решении задачи или ранние признаки потребности; наличие оплачиваемого заказа требует проверки сообщения.","Обучение интервьюеров; HR-программы; цифровые модули адаптации","Рекрутмент; подбор; интервью; ищем; порекомендуйте; нужен эксперт; подрядчик; разработать; провести; обучение; программа; запуск; масштабирование","Сохранить приглашение и страницу-вход. После предоставления доступа использовать разрешённый экспорт истории; привязать постоянный chat_id, сохранив invite URL.","Прочитана карточка приглашения, не закрытая история. Для подключения нужен доступ в группу; бот сам по себе не даёт историю.","Публичная карточка: без покупки. Условия участия, истории и интеграции уточнить; платные подписки не подключены.","content_read","https://t.me/+bSW1JHigV75jODAy","Официальная ссылка открыла карточку чата участников практикума и HR-рекрутеров.","2026-10-01","not_separately_checked","not_checked_here","2","true","Проверить приглашение и правила; получить разрешённый доступ, затем зафиксировать постоянный ID группы и выгрузку истории. Истечение invite не означает исчезновение сообщества.","Требуются проверка истории, правил доступа, тест сбора, выделение реального автора потребности и фиксация даты/контекста.","Поиск по профессиональной теме и переход по ссылкам каталогов/самого сообщества с проверкой первичной карточки","added_v3"
"MISB-348","Topcareer — Компенсации и льготы, Total Rewards","https://t.me/+kkbRYq1FVydlYjIy","C05","C05","Telegram и социальные сообщества","Профессиональные сообщества и функциональные чаты","РФ; русскоязычные специалисты СНГ","RU","I; P","I; P; R","Сообщество","Выделить автора конкретного запроса и его организацию; сверить задачу и возможность внешнего исполнителя. Для партнёров — субподряд или совместная программа; для редакций — согласованный формат участия.","C&B; HRD; экономист по труду","C&B; грейды; мотивация; Total Rewards — потенциальные запросы на подрядчика, вопросы о решении задачи или ранние признаки потребности; наличие оплачиваемого заказа требует проверки сообщения.","Обучение C&B и финансовой аналитике; семинары по вознаграждению","C&B; грейды; мотивация; Total Rewards; ищем; порекомендуйте; нужен эксперт; подрядчик; разработать; провести; обучение; программа; запуск; масштабирование","Сохранить приглашение и страницу-вход. После предоставления доступа использовать разрешённый экспорт истории; привязать постоянный chat_id, сохранив invite URL.","Прочитана карточка приглашения, не закрытая история. Для подключения нужен доступ в группу; бот сам по себе не даёт историю.","Публичная карточка: без покупки. Условия участия, истории и интеграции уточнить; платные подписки не подключены.","content_read","https://t.me/+kkbRYq1FVydlYjIy","Официальная ссылка открыла карточку сообщества участников C&B и Total Rewards.","2026-10-01","not_separately_checked","not_checked_here","2","true","Проверить приглашение и правила; получить разрешённый доступ, затем зафиксировать постоянный ID группы и выгрузку истории. Истечение invite не означает исчезновение сообщества.","Требуются проверка истории, правил доступа, тест сбора, выделение реального автора потребности и фиксация даты/контекста.","Поиск по профессиональной теме и переход по ссылкам каталогов/самого сообщества с проверкой первичной карточки","added_v3"
"MISB-349","Topcareer — HR-аналитика и Искусственный интеллект","https://t.me/+Whw88Qu3_PoxYzcy","C05","C05","Telegram и социальные сообщества","Профессиональные сообщества и функциональные чаты","РФ; русскоязычные специалисты СНГ","RU","I; P","I; P; R","Сообщество","Выделить автора конкретного запроса и его организацию; сверить задачу и возможность внешнего исполнителя. Для партнёров — субподряд или совместная программа; для редакций — согласованный формат участия.","HR-аналитик; HRD; менеджер HRTech","People analytics; HR-аналитика; AI — потенциальные запросы на подрядчика, вопросы о решении задачи или ранние признаки потребности; наличие оплачиваемого заказа требует проверки сообщения.","Обучение HR-аналитике; Excel/BI; AI в HR","People analytics; HR-аналитика; AI; ищем; порекомендуйте; нужен эксперт; подрядчик; разработать; провести; обучение; программа; запуск; масштабирование","Сохранить приглашение и страницу-вход. После предоставления доступа использовать разрешённый экспорт истории; привязать постоянный chat_id, сохранив invite URL.","Прочитана карточка приглашения, не закрытая история. Для подключения нужен доступ в группу; бот сам по себе не даёт историю.","Публичная карточка: без покупки. Условия участия, истории и интеграции уточнить; платные подписки не подключены.","content_read","https://t.me/+Whw88Qu3_PoxYzcy","Официальная ссылка открыла карточку нетворка HR-профессионалов и аналитиков.","2026-10-01","not_separately_checked","not_checked_here","1","true","Проверить приглашение и правила; получить разрешённый доступ, затем зафиксировать постоянный ID группы и выгрузку истории. Истечение invite не означает исчезновение сообщества.","Требуются проверка истории, правил доступа, тест сбора, выделение реального автора потребности и фиксация даты/контекста.","Поиск по профессиональной теме и переход по ссылкам каталогов/самого сообщества с проверкой первичной карточки","added_v3"
"MISB-350","Topcareer — Лидерство и удержание талантов","https://t.me/+e5U4Q3snsNUxY2My","C05","C05","Telegram и социальные сообщества","Профессиональные сообщества и функциональные чаты","РФ; русскоязычные специалисты СНГ","RU","I; P","I; P; R","Сообщество","Выделить автора конкретного запроса и его организацию; сверить задачу и возможность внешнего исполнителя. Для партнёров — субподряд или совместная программа; для редакций — согласованный формат участия.","HRD; L&D; HRBP","Лидерство; удержание; кадровый резерв — потенциальные запросы на подрядчика, вопросы о решении задачи или ранние признаки потребности; наличие оплачиваемого заказа требует проверки сообщения.","Программы руководителей; развитие талантов; стратегические сессии","Лидерство; удержание; кадровый резерв; ищем; порекомендуйте; нужен эксперт; подрядчик; разработать; провести; обучение; программа; запуск; масштабирование","Сохранить приглашение и страницу-вход. После предоставления доступа использовать разрешённый экспорт истории; привязать постоянный chat_id, сохранив invite URL.","Прочитана карточка приглашения, не закрытая история. Для подключения нужен доступ в группу; бот сам по себе не даёт историю.","Публичная карточка: без покупки. Условия участия, истории и интеграции уточнить; платные подписки не подключены.","content_read","https://t.me/+e5U4Q3snsNUxY2My","Официальная ссылка открыла карточку чата мероприятий по лидерству и удержанию.","2026-10-01","not_separately_checked","not_checked_here","1","true","Проверить приглашение и правила; получить разрешённый доступ, затем зафиксировать постоянный ID группы и выгрузку истории. Истечение invite не означает исчезновение сообщества.","Требуются проверка истории, правил доступа, тест сбора, выделение реального автора потребности и фиксация даты/контекста.","Поиск по профессиональной теме и переход по ссылкам каталогов/самого сообщества с проверкой первичной карточки","added_v3"
"MISB-351","C&B Russia&CIS — функциональное сообщество","https://t.me/CnBChatRUnCIS","C05","C05","Telegram и социальные сообщества","Профессиональные сообщества и функциональные чаты","РФ; СНГ","RU","I; P","I; P","Сообщество","Выделить автора конкретного запроса и его организацию; сверить задачу и возможность внешнего исполнителя. Для партнёров — субподряд или совместная программа; для редакций — согласованный формат участия.","C&B-специалист; HRD; экономист","Компенсации; льготы; грейды; нормирование управленческого труда — потенциальные запросы на подрядчика, вопросы о решении задачи или ранние признаки потребности; наличие оплачиваемого заказа требует проверки сообщения.","Программы C&B; финансовые и HR-семинары","Компенсации; льготы; грейды; нормирование управленческого труда; ищем; порекомендуйте; нужен эксперт; подрядчик; разработать; провести; обучение; программа; запуск; масштабирование","Карточка и ссылки открыты; историю обсуждений получать через разрешённый доступ участника или предоставленный экспорт. Сохранять исходные сообщения, ответы и ссылки до оценки.","История чата здесь не проверена. Проверить правила сообщества, наличие доступа к прошлым сообщениям и разрешённый способ сбора.","Публичная карточка: без покупки. Условия участия, истории и интеграции уточнить; платные подписки не подключены.","content_read","https://t.me/CnBChatRUnCIS","Прочитана карточка сообщества C&B-специалистов России и СНГ.","2026-10-01","not_separately_checked","not_checked_here","2","true","Проверить реальный доступ к истории, сохранить правила и sample сообщений; найти закрепы, темы, связанные каналы; настроить повторный сбор без удаления пустого источника.","Требуются проверка истории, правил доступа, тест сбора, выделение реального автора потребности и фиксация даты/контекста.","Поиск по профессиональной теме и переход по ссылкам каталогов/самого сообщества с проверкой первичной карточки","added_v3"
"MISB-352","HR-вебинары и технологии","https://t.me/webinarforhr","C05","C05","Telegram и социальные сообщества","Экспертные каналы, методология и отраслевые медиа","РФ; русскоязычные специалисты СНГ","RU","P; R","P; R","Сообщество","Выделить автора конкретного запроса и его организацию; сверить задачу и возможность внешнего исполнителя. Для партнёров — субподряд или совместная программа; для редакций — согласованный формат участия.","Организатор вебинаров; HR-провайдер; HR-аудитория","HR-мероприятия; технологии; развитие — потенциальные запросы на подрядчика, вопросы о решении задачи или ранние признаки потребности; наличие оплачиваемого заказа требует проверки сообщения.","Партнёрские вебинары; обучение HR; цифровые курсы","HR-мероприятия; технологии; развитие; ищем; порекомендуйте; нужен эксперт; подрядчик; разработать; провести; обучение; программа; запуск; масштабирование","Публичное Telegram-превью / разрешённый экспорт; отдельно обнаружить комментарии и связанный чат. Пагинация и пересекающиеся окна дат; сохранять полный доступный текст.","Публичная карточка или индекс доступны; полнота истории и сборщик не проверены. Отсутствие /s-превью не считать отсутствием источника.","Публичная карточка: без покупки. Условия участия, истории и интеграции уточнить; платные подписки не подключены.","content_read","https://t.me/webinarforhr","Карточка описывает развивающую HR-среду и контакт по размещению; запросы заказчиков не подтверждены.","2026-10-01","not_separately_checked","not_checked_here","3","true","Проверить публичное превью и доступный архив; извлечь связанные чаты, рубрики запросов и внешние формы; провести пробный сбор и сохранить его границы.","Требуются проверка истории, правил доступа, тест сбора, выделение реального автора потребности и фиксация даты/контекста.","Поиск по профессиональной теме и переход по ссылкам каталогов/самого сообщества с проверкой первичной карточки","added_v3"
"MISB-353","HRафиша — мероприятия и продукты HR","https://t.me/hrafisha","C05","C05","Telegram и социальные сообщества","Экспертные каналы, методология и отраслевые медиа","РФ; русскоязычные специалисты СНГ","RU","P; R","P; R","Сообщество","Выделить автора конкретного запроса и его организацию; сверить задачу и возможность внешнего исполнителя. Для партнёров — субподряд или совместная программа; для редакций — согласованный формат участия.","Организатор мероприятия; HR-сообщество; L&D","HR-конференции; исследования; профессиональные мероприятия — потенциальные запросы на подрядчика, вопросы о решении задачи или ранние признаки потребности; наличие оплачиваемого заказа требует проверки сообщения.","Спикеры; партнёрские программы; деловые мероприятия","HR-конференции; исследования; профессиональные мероприятия; ищем; порекомендуйте; нужен эксперт; подрядчик; разработать; провести; обучение; программа; запуск; масштабирование","Публичное Telegram-превью / разрешённый экспорт; отдельно обнаружить комментарии и связанный чат. Пагинация и пересекающиеся окна дат; сохранять полный доступный текст.","Публичная карточка или индекс доступны; полнота истории и сборщик не проверены. Отсутствие /s-превью не считать отсутствием источника.","Публичная карточка: без покупки. Условия участия, истории и интеграции уточнить; платные подписки не подключены.","content_read","https://t.me/hrafisha","Прочитана карточка канала анонсов HR-мероприятий, продуктов и исследований; источник партнёров/тем, не доказанная биржа заказов.","2026-10-01","not_separately_checked","not_checked_here","3","true","Проверить публичное превью и доступный архив; извлечь связанные чаты, рубрики запросов и внешние формы; провести пробный сбор и сохранить его границы.","Требуются проверка истории, правил доступа, тест сбора, выделение реального автора потребности и фиксация даты/контекста.","Поиск по профессиональной теме и переход по ссылкам каталогов/самого сообщества с проверкой первичной карточки","added_v3"
"MISB-354","HR-аналитика — профильный канал","https://t.me/hranalitycs","C05","C05","Telegram и социальные сообщества","Экспертные каналы, методология и отраслевые медиа","РФ; русскоязычные специалисты СНГ","RU","I; P","I; P","Сообщество","Выделить автора конкретного запроса и его организацию; сверить задачу и возможность внешнего исполнителя. Для партнёров — субподряд или совместная программа; для редакций — согласованный формат участия.","HR-аналитик; HRD; L&D","HR-аналитика; метрики; показатели персонала — потенциальные запросы на подрядчика, вопросы о решении задачи или ранние признаки потребности; наличие оплачиваемого заказа требует проверки сообщения.","Обучение HR-аналитике; BI; работа с данными","HR-аналитика; метрики; показатели персонала; ищем; порекомендуйте; нужен эксперт; подрядчик; разработать; провести; обучение; программа; запуск; масштабирование","Публичное Telegram-превью / разрешённый экспорт; отдельно обнаружить комментарии и связанный чат. Пагинация и пересекающиеся окна дат; сохранять полный доступный текст.","Публичная карточка или индекс доступны; полнота истории и сборщик не проверены. Отсутствие /s-превью не считать отсутствием источника.","Публичная карточка: без покупки. Условия участия, истории и интеграции уточнить; платные подписки не подключены.","content_read","https://t.me/hranalitycs","Прочитана карточка «HR-аналитика»; тематика также указана в каталоге topcareer.","2026-10-01","not_separately_checked","not_checked_here","3","true","Проверить публичное превью и доступный архив; извлечь связанные чаты, рубрики запросов и внешние формы; провести пробный сбор и сохранить его границы.","Требуются проверка истории, правил доступа, тест сбора, выделение реального автора потребности и фиксация даты/контекста.","Поиск по профессиональной теме и переход по ссылкам каталогов/самого сообщества с проверкой первичной карточки","added_v3"
"MISB-355","HR[хаб] community — адрес с конфликтом текущего имени","https://t.me/hrkhab","C05","C05","Telegram и социальные сообщества","Экспертные каналы, методология и отраслевые медиа","РФ; русскоязычные специалисты СНГ","RU","R","R","Восстановить идентичность","","Пока не установлен","Восстановление маршрута HR[хаб] community — потенциальные запросы на подрядчика, вопросы о решении задачи или ранние признаки потребности; наличие оплачиваемого заказа требует проверки сообщения.","HR и корпоративное обучение — гипотеза до восстановления","Восстановление маршрута HR[хаб] community; ищем; порекомендуйте; нужен эксперт; подрядчик; разработать; провести; обучение; программа; запуск; масштабирование","Сохранить карточку конфликта и исходную ссылку из каталога. В обычную тематическую обработку включать только после проверки владельца и тематики; discovery-проверки продолжаются.","Публичная карточка или индекс доступны; полнота истории и сборщик не проверены. Отсутствие /s-превью не считать отсутствием источника.","Публичная карточка: без покупки. Условия участия, истории и интеграции уточнить; платные подписки не подключены.","candidate","https://top-career.ru/blog/social_hr","Официальный каталог topcareer ведёт на t.me/hrkhab как HR[хаб] community; при проверке адрес открыл канал VOESACS. Принадлежность HR не подтверждена.","2026-10-01","identity_conflict","not_checked_here","3","true","Зафиксировать конфликт HR[хаб] → VOESACS; искать действующий чат HR[хаб] через официальный сайт/канал/администратора каталога. Не считать текущий адрес источником HR-спроса до подтверждения; исходную запись сохранить.","Не установлен правильный адрес HR-сообщества; требуется восстановление маршрута. Текущий адрес не подтверждён как HR.","Поиск по профессиональной теме и переход по ссылкам каталогов/самого сообщества с проверкой первичной карточки","added_v3"
"MISB-356","HR Казахстан — чат HR-специалистов","https://t.me/hrkaz","C05","C05","Telegram и социальные сообщества","Профессиональные сообщества и функциональные чаты","Казахстан","KZ","I; P","I; P","Сообщество","Выделить автора конкретного запроса и его организацию; сверить задачу и возможность внешнего исполнителя. Для партнёров — субподряд или совместная программа; для редакций — согласованный формат участия.","HRD; HR-менеджер Казахстана","HR-практика Казахстана; обучение и развитие — потенциальные запросы на подрядчика, вопросы о решении задачи или ранние признаки потребности; наличие оплачиваемого заказа требует проверки сообщения.","Корпоративное обучение; HR-программы; управление командами","HR-практика Казахстана; обучение и развитие; ищем; порекомендуйте; нужен эксперт; подрядчик; разработать; провести; обучение; программа; запуск; масштабирование","Карточка и ссылки открыты; историю обсуждений получать через разрешённый доступ участника или предоставленный экспорт. Сохранять исходные сообщения, ответы и ссылки до оценки.","История чата здесь не проверена. Проверить правила сообщества, наличие доступа к прошлым сообщениям и разрешённый способ сбора.","Публичная карточка: без покупки. Условия участия, истории и интеграции уточнить; платные подписки не подключены.","content_read","https://t.me/hrkaz","Прочитана первичная карточка чата ведущих HR-специалистов/менеджеров Казахстана.","2026-10-01","not_separately_checked","not_checked_here","1","true","Проверить реальный доступ к истории, сохранить правила и sample сообщений; найти закрепы, темы, связанные каналы; настроить повторный сбор без удаления пустого источника.","Требуются проверка истории, правил доступа, тест сбора, выделение реального автора потребности и фиксация даты/контекста.","Поиск по профессиональной теме и переход по ссылкам каталогов/самого сообщества с проверкой первичной карточки","added_v3"
"MISB-357","HR Breakfast Live — канал сообщества","https://t.me/HRBreakfast_Live","C05","C05","Telegram и социальные сообщества","Экспертные каналы, методология и отраслевые медиа","Беларусь; русскоязычные HR в других странах","BY","I; P","I; P; R","Сообщество","Выделить автора конкретного запроса и его организацию; сверить задачу и возможность внешнего исполнителя. Для партнёров — субподряд или совместная программа; для редакций — согласованный формат участия.","HR-сообщество; организатор митапов; корпоративный HR","HR-практика Беларуси; митапы; менторство — потенциальные запросы на подрядчика, вопросы о решении задачи или ранние признаки потребности; наличие оплачиваемого заказа требует проверки сообщения.","Обучение HR; программы наставничества; партнёрские вебинары","HR-практика Беларуси; митапы; менторство; ищем; порекомендуйте; нужен эксперт; подрядчик; разработать; провести; обучение; программа; запуск; масштабирование","Публичное Telegram-превью / разрешённый экспорт; отдельно обнаружить комментарии и связанный чат. Пагинация и пересекающиеся окна дат; сохранять полный доступный текст.","Публичная карточка или индекс доступны; полнота истории и сборщик не проверены. Отсутствие /s-превью не считать отсутствием источника.","Публичная карточка: без покупки. Условия участия, истории и интеграции уточнить; платные подписки не подключены.","content_read","https://t.me/s/HRBreakfast_Live?before=146","Прочитан архив первичного превью: HR-митапы, корпоративные кейсы и ссылки на отдельные чаты; текущая карточка не открылась.","2026-10-01","not_separately_checked","not_checked_here","2","true","Проверить публичное превью и доступный архив; извлечь связанные чаты, рубрики запросов и внешние формы; провести пробный сбор и сохранить его границы.","Требуются проверка истории, правил доступа, тест сбора, выделение реального автора потребности и фиксация даты/контекста.","Поиск по профессиональной теме и переход по ссылкам каталогов/самого сообщества с проверкой первичной карточки","added_v3"
"MISB-358","HR AREA Central Asia","https://t.me/hr_central_asia","C05","C05","Telegram и социальные сообщества","Экспертные каналы, методология и отраслевые медиа","Казахстан; Кыргызстан; Узбекистан; Таджикистан; Туркменистан","KZ; KG; UZ","I; P","I; P","Сообщество","Выделить автора конкретного запроса и его организацию; сверить задачу и возможность внешнего исполнителя. Для партнёров — субподряд или совместная программа; для редакций — согласованный формат участия.","HRD; HR-практик; организатор событий","HR-сообщество Центральной Азии; кейсы; события — потенциальные запросы на подрядчика, вопросы о решении задачи или ранние признаки потребности; наличие оплачиваемого заказа требует проверки сообщения.","Программы HR; обучение руководителей; партнёрские мероприятия","HR-сообщество Центральной Азии; кейсы; события; ищем; порекомендуйте; нужен эксперт; подрядчик; разработать; провести; обучение; программа; запуск; масштабирование","Публичное Telegram-превью / разрешённый экспорт; отдельно обнаружить комментарии и связанный чат. Пагинация и пересекающиеся окна дат; сохранять полный доступный текст.","Публичная карточка или индекс доступны; полнота истории и сборщик не проверены. Отсутствие /s-превью не считать отсутствием источника.","Публичная карточка: без покупки. Условия участия, истории и интеграции уточнить; платные подписки не подключены.","content_read","https://t.me/hr_central_asia","Прочитана карточка сообщества с перечислением стран Центральной Азии, мероприятиями и опытом HR-директоров.","2026-10-01","not_separately_checked","not_checked_here","2","true","Проверить публичное превью и доступный архив; извлечь связанные чаты, рубрики запросов и внешние формы; провести пробный сбор и сохранить его границы.","Требуются проверка истории, правил доступа, тест сбора, выделение реального автора потребности и фиксация даты/контекста.","Поиск по профессиональной теме и переход по ссылкам каталогов/самого сообщества с проверкой первичной карточки","added_v3"
"MISB-359","Контур тендеров — профессиональный канал поставщиков","https://t.me/tenderkod","C05","C05","Telegram и социальные сообщества","Экспертные каналы, методология и отраслевые медиа","РФ; русскоязычные специалисты СНГ","RU","I; P","I; P; R","Сообщество","Выделить автора конкретного запроса и его организацию; сверить задачу и возможность внешнего исполнителя. Для партнёров — субподряд или совместная программа; для редакций — согласованный формат участия.","Руководитель тендерного отдела; поставщик; организатор вебинаров","Работа в закупках; ошибки процедур; обучение поставщиков — потенциальные запросы на подрядчика, вопросы о решении задачи или ранние признаки потребности; наличие оплачиваемого заказа требует проверки сообщения.","Обучение закупщиков и поставщиков; деловые семинары","Работа в закупках; ошибки процедур; обучение поставщиков; ищем; порекомендуйте; нужен эксперт; подрядчик; разработать; провести; обучение; программа; запуск; масштабирование","Публичное Telegram-превью / разрешённый экспорт; отдельно обнаружить комментарии и связанный чат. Пагинация и пересекающиеся окна дат; сохранять полный доступный текст.","Публичная карточка или индекс доступны; полнота истории и сборщик не проверены. Отсутствие /s-превью не считать отсутствием источника.","Публичная карточка: без покупки. Условия участия, истории и интеграции уточнить; платные подписки не подключены.","content_read","https://t.me/tenderkod","Прочитана карточка сообщества Контура для поставщиков; подтверждены ссылки на чат и другие площадки.","2026-10-01","not_separately_checked","not_checked_here","2","true","Проверить публичное превью и доступный архив; извлечь связанные чаты, рубрики запросов и внешние формы; провести пробный сбор и сохранить его границы.","Требуются проверка истории, правил доступа, тест сбора, выделение реального автора потребности и фиксация даты/контекста.","Поиск по профессиональной теме и переход по ссылкам каталогов/самого сообщества с проверкой первичной карточки","added_v3"
"MISB-360","HR Breakfast Belarus — основной чат","https://t.me/HRBreakfast","C05","C05","Telegram и социальные сообщества","Профессиональные сообщества и функциональные чаты","Беларусь","BY","I; P","I; P; R","Сообщество","Выделить автора конкретного запроса и его организацию; сверить задачу и возможность внешнего исполнителя. Для партнёров — субподряд или совместная программа; для редакций — согласованный формат участия.","HRD; HR; рекрутер в Беларуси","HR и рекрутинг Беларуси — потенциальные запросы на подрядчика, вопросы о решении задачи или ранние признаки потребности; наличие оплачиваемого заказа требует проверки сообщения.","Обучение HR; адаптация; развитие менеджеров","HR и рекрутинг Беларуси; ищем; порекомендуйте; нужен эксперт; подрядчик; разработать; провести; обучение; программа; запуск; масштабирование","Карточка и ссылки открыты; историю обсуждений получать через разрешённый доступ участника или предоставленный экспорт. Сохранять исходные сообщения, ответы и ссылки до оценки.","История чата здесь не проверена. Проверить правила сообщества, наличие доступа к прошлым сообщениям и разрешённый способ сбора.","Публичная карточка: без покупки. Условия участия, истории и интеграции уточнить; платные подписки не подключены.","content_read","https://t.me/HRBreakfast","Открыта первичная карточка чата со ссылками на правила и отдельную ленту вакансий.","2026-10-01","not_separately_checked","not_checked_here","1","true","Проверить реальный доступ к истории, сохранить правила и sample сообщений; найти закрепы, темы, связанные каналы; настроить повторный сбор без удаления пустого источника.","Требуются проверка истории, правил доступа, тест сбора, выделение реального автора потребности и фиксация даты/контекста.","Поиск по профессиональной теме и переход по ссылкам каталогов/самого сообщества с проверкой первичной карточки","added_v3"
"MISB-361","Контур тендеров — отдельный чат","https://t.me/+ymb9zxkK0jswNjAy","C05","C05","Telegram и социальные сообщества","Профессиональные сообщества и функциональные чаты","РФ; русскоязычные специалисты СНГ","RU","I; P","I; P; R","Сообщество","Выделить автора конкретного запроса и его организацию; сверить задачу и возможность внешнего исполнителя. Для партнёров — субподряд или совместная программа; для редакций — согласованный формат участия.","Поставщик; тендерный специалист; предприниматель","Практические вопросы поставщиков по закупкам — потенциальные запросы на подрядчика, вопросы о решении задачи или ранние признаки потребности; наличие оплачиваемого заказа требует проверки сообщения.","Обучение тендерных специалистов; семинары по закупкам","Практические вопросы поставщиков по закупкам; ищем; порекомендуйте; нужен эксперт; подрядчик; разработать; провести; обучение; программа; запуск; масштабирование","Сохранить приглашение и страницу-вход. После предоставления доступа использовать разрешённый экспорт истории; привязать постоянный chat_id, сохранив invite URL.","Прочитана карточка приглашения, не закрытая история. Для подключения нужен доступ в группу; бот сам по себе не даёт историю.","Публичная карточка: без покупки. Условия участия, истории и интеграции уточнить; платные подписки не подключены.","content_read","https://t.me/+ymb9zxkK0jswNjAy","Прочитана первичная карточка приглашения; она указывает канал tenderkod и другие площадки сообщества.","2026-10-01","not_separately_checked","not_checked_here","2","true","Проверить приглашение и правила; получить разрешённый доступ, затем зафиксировать постоянный ID группы и выгрузку истории. Истечение invite не означает исчезновение сообщества.","Требуются проверка истории, правил доступа, тест сбора, выделение реального автора потребности и фиксация даты/контекста.","Поиск по профессиональной теме и переход по ссылкам каталогов/самого сообщества с проверкой первичной карточки","added_v3"
"MISB-362","Корпоративный юрист — чат","https://t.me/corporeg","C05","C05","Telegram и социальные сообщества","Профессиональные сообщества и функциональные чаты","РФ; русскоязычные специалисты СНГ","RU","I; P","I; P","Сообщество","Выделить автора конкретного запроса и его организацию; сверить задачу и возможность внешнего исполнителя. Для партнёров — субподряд или совместная программа; для редакций — согласованный формат участия.","Корпоративный юрист; руководитель правового подразделения","Корпоративное право; юридическая практика — потенциальные запросы на подрядчика, вопросы о решении задачи или ранние признаки потребности; наличие оплачиваемого заказа требует проверки сообщения.","Повышение квалификации юристов; корпоративное право; деловые семинары","Корпоративное право; юридическая практика; ищем; порекомендуйте; нужен эксперт; подрядчик; разработать; провести; обучение; программа; запуск; масштабирование","Карточка и ссылки открыты; историю обсуждений получать через разрешённый доступ участника или предоставленный экспорт. Сохранять исходные сообщения, ответы и ссылки до оценки.","История чата здесь не проверена. Проверить правила сообщества, наличие доступа к прошлым сообщениям и разрешённый способ сбора.","Публичная карточка: без покупки. Условия участия, истории и интеграции уточнить; платные подписки не подключены.","content_read","https://t.me/corporeg","Прочитана первичная карточка чата корпоративных юристов с приглашением задавать вопросы.","2026-10-01","not_separately_checked","not_checked_here","1","true","Проверить реальный доступ к истории, сохранить правила и sample сообщений; найти закрепы, темы, связанные каналы; настроить повторный сбор без удаления пустого источника.","Требуются проверка истории, правил доступа, тест сбора, выделение реального автора потребности и фиксация даты/контекста.","Поиск по профессиональной теме и переход по ссылкам каталогов/самого сообщества с проверкой первичной карточки","added_v3"
"MISB-363","Корпоративные юристы России — кандидат-чaт","https://t.me/corp_law_chat","C05","C05","Telegram и социальные сообщества","Профессиональные сообщества и функциональные чаты","РФ; русскоязычные специалисты СНГ","RU","I; P","I; P","Сообщество","Выделить автора конкретного запроса и его организацию; сверить задачу и возможность внешнего исполнителя. Для партнёров — субподряд или совместная программа; для редакций — согласованный формат участия.","Корпоративный юрист; корпоративный секретарь","ГОСА; реорганизация; корпоративные сделки — потенциальные запросы на подрядчика, вопросы о решении задачи или ранние признаки потребности; наличие оплачиваемого заказа требует проверки сообщения.","Семинары по корпоративному праву; обучение юрдепартамента","ГОСА; реорганизация; корпоративные сделки; ищем; порекомендуйте; нужен эксперт; подрядчик; разработать; провести; обучение; программа; запуск; масштабирование","Карточка и ссылки открыты; историю обсуждений получать через разрешённый доступ участника или предоставленный экспорт. Сохранять исходные сообщения, ответы и ссылки до оценки.","История чата здесь не проверена. Проверить правила сообщества, наличие доступа к прошлым сообщениям и разрешённый способ сбора.","Публичная карточка: без покупки. Условия участия, истории и интеграции уточнить; платные подписки не подключены.","candidate","https://nicegram.app/hub/group/corp_law_chat","Внешний каталог показывает адрес и корпоративно-правовую тематику. Первичная Telegram-карточка недоступна инструменту.","2026-10-01","not_separately_checked","not_checked_here","3","true","Проверить реальный доступ к истории, сохранить правила и sample сообщений; найти закрепы, темы, связанные каналы; настроить повторный сбор без удаления пустого источника.","Требуются проверка истории, правил доступа, тест сбора, выделение реального автора потребности и фиксация даты/контекста.","Поиск по профессиональной теме и переход по ссылкам каталогов/самого сообщества с проверкой первичной карточки","added_v3"
"MISB-364","Клуб (вне)системных аналитиков — чат","https://t.me/sys_analyst_chat","C05","C05","Telegram и социальные сообщества","Профессиональные сообщества и функциональные чаты","РФ; русскоязычные специалисты СНГ","RU","I; P","I; P","Сообщество","Выделить автора конкретного запроса и его организацию; сверить задачу и возможность внешнего исполнителя. Для партнёров — субподряд или совместная программа; для редакций — согласованный формат участия.","Бизнес-аналитик; руководитель аналитиков; методолог","Системный и бизнес-анализ — потенциальные запросы на подрядчика, вопросы о решении задачи или ранние признаки потребности; наличие оплачиваемого заказа требует проверки сообщения.","Корпоративное обучение аналитиков; требования; бизнес-процессы","Системный и бизнес-анализ; ищем; порекомендуйте; нужен эксперт; подрядчик; разработать; провести; обучение; программа; запуск; масштабирование","Карточка и ссылки открыты; историю обсуждений получать через разрешённый доступ участника или предоставленный экспорт. Сохранять исходные сообщения, ответы и ссылки до оценки.","История чата здесь не проверена. Проверить правила сообщества, наличие доступа к прошлым сообщениям и разрешённый способ сбора.","Публичная карточка: без покупки. Условия участия, истории и интеграции уточнить; платные подписки не подключены.","content_read","https://t.me/sys_analyst_chat","Прочитана карточка чата системных и бизнес-аналитиков.","2026-10-01","not_separately_checked","not_checked_here","2","true","Проверить реальный доступ к истории, сохранить правила и sample сообщений; найти закрепы, темы, связанные каналы; настроить повторный сбор без удаления пустого источника.","Требуются проверка истории, правил доступа, тест сбора, выделение реального автора потребности и фиксация даты/контекста.","Поиск по профессиональной теме и переход по ссылкам каталогов/самого сообщества с проверкой первичной карточки","added_v3"
"MISB-365","GetAnalyst — чат сообщества системных аналитиков","https://t.me/getanalystchat","C05","C05","Telegram и социальные сообщества","Профессиональные сообщества и функциональные чаты","РФ; русскоязычные специалисты СНГ","RU","I; P","I; P; R","Сообщество","Выделить автора конкретного запроса и его организацию; сверить задачу и возможность внешнего исполнителя. Для партнёров — субподряд или совместная программа; для редакций — согласованный формат участия.","Руководитель аналитиков; бизнес-аналитик; менеджер проекта","Системный анализ; требования; проектирование — потенциальные запросы на подрядчика, вопросы о решении задачи или ранние признаки потребности; наличие оплачиваемого заказа требует проверки сообщения.","Программы аналитиков; проектное управление; цифровая грамотность","Системный анализ; требования; проектирование; ищем; порекомендуйте; нужен эксперт; подрядчик; разработать; провести; обучение; программа; запуск; масштабирование","Карточка и ссылки открыты; историю обсуждений получать через разрешённый доступ участника или предоставленный экспорт. Сохранять исходные сообщения, ответы и ссылки до оценки.","История чата здесь не проверена. Проверить правила сообщества, наличие доступа к прошлым сообщениям и разрешённый способ сбора.","Публичная карточка: без покупки. Условия участия, истории и интеграции уточнить; платные подписки не подключены.","content_read","https://t.me/getanalystchat","Прочитана первичная карточка, содержащая ссылки на каналы для опытных и начинающих аналитиков.","2026-10-01","not_separately_checked","not_checked_here","2","true","Проверить реальный доступ к истории, сохранить правила и sample сообщений; найти закрепы, темы, связанные каналы; настроить повторный сбор без удаления пустого источника.","Требуются проверка истории, правил доступа, тест сбора, выделение реального автора потребности и фиксация даты/контекста.","Поиск по профессиональной теме и переход по ссылкам каталогов/самого сообщества с проверкой первичной карточки","added_v3"
"MISB-366","Сообщество 1С-Аналитиков — чат","https://t.me/itanalyst_ru_chat","C05","C05","Telegram и социальные сообщества","Профессиональные сообщества и функциональные чаты","РФ; русскоязычные специалисты СНГ","RU","I; P","I; P; R","Сообщество","Выделить автора конкретного запроса и его организацию; сверить задачу и возможность внешнего исполнителя. Для партнёров — субподряд или совместная программа; для редакций — согласованный формат участия.","1С-аналитик; руководитель внедрения; внутренний заказчик","Бизнес-анализ; системный анализ; данные в 1С — потенциальные запросы на подрядчика, вопросы о решении задачи или ранние признаки потребности; наличие оплачиваемого заказа требует проверки сообщения.","Обучение бизнес-аналитиков; аналитика; цифровые курсы","Бизнес-анализ; системный анализ; данные в 1С; ищем; порекомендуйте; нужен эксперт; подрядчик; разработать; провести; обучение; программа; запуск; масштабирование","Карточка и ссылки открыты; историю обсуждений получать через разрешённый доступ участника или предоставленный экспорт. Сохранять исходные сообщения, ответы и ссылки до оценки.","История чата здесь не проверена. Проверить правила сообщества, наличие доступа к прошлым сообщениям и разрешённый способ сбора.","Публичная карточка: без покупки. Условия участия, истории и интеграции уточнить; платные подписки не подключены.","content_read","https://t.me/itanalyst_ru_chat","Прочитана первичная карточка с профессиональной тематикой, правилами и каналом.","2026-10-01","not_separately_checked","not_checked_here","2","true","Проверить реальный доступ к истории, сохранить правила и sample сообщений; найти закрепы, темы, связанные каналы; настроить повторный сбор без удаления пустого источника.","Требуются проверка истории, правил доступа, тест сбора, выделение реального автора потребности и фиксация даты/контекста.","Поиск по профессиональной теме и переход по ссылкам каталогов/самого сообщества с проверкой первичной карточки","added_v3"
"MISB-367","BPM, Бизнес-процессы и котики — сообщество StormBPMN","https://t.me/bpmn2group","C05","C05","Telegram и социальные сообщества","Профессиональные сообщества и функциональные чаты","РФ; русскоязычные специалисты СНГ","RU","I; P","I; P; R","Сообщество","Выделить автора конкретного запроса и его организацию; сверить задачу и возможность внешнего исполнителя. Для партнёров — субподряд или совместная программа; для редакций — согласованный формат участия.","Бизнес-аналитик; процессный офис; руководитель трансформации","BPM; BPMN; бизнес-процессы — потенциальные запросы на подрядчика, вопросы о решении задачи или ранние признаки потребности; наличие оплачиваемого заказа требует проверки сообщения.","Обучение процессному управлению; моделирование процессов; фасилитация","BPM; BPMN; бизнес-процессы; ищем; порекомендуйте; нужен эксперт; подрядчик; разработать; провести; обучение; программа; запуск; масштабирование","Карточка и ссылки открыты; историю обсуждений получать через разрешённый доступ участника или предоставленный экспорт. Сохранять исходные сообщения, ответы и ссылки до оценки.","История чата здесь не проверена. Проверить правила сообщества, наличие доступа к прошлым сообщениям и разрешённый способ сбора.","Публичная карточка: без покупки. Условия участия, истории и интеграции уточнить; платные подписки не подключены.","content_read","https://t.me/bpmn2group","Прочитана первичная карточка сообщества аналитиков и пользователей StormBPMN.","2026-10-01","not_separately_checked","not_checked_here","2","true","Проверить реальный доступ к истории, сохранить правила и sample сообщений; найти закрепы, темы, связанные каналы; настроить повторный сбор без удаления пустого источника.","Требуются проверка истории, правил доступа, тест сбора, выделение реального автора потребности и фиксация даты/контекста.","Поиск по профессиональной теме и переход по ссылкам каталогов/самого сообщества с проверкой первичной карточки","added_v3"
"MISB-368","CV & JOB by HR Breakfast — отдельный чат вакансий","https://t.me/hr_breakfast_emergency","C05","C05","Telegram и социальные сообщества","Профессиональные сообщества и функциональные чаты","Беларусь; международные русскоязычные команды","BY","I; P","I; P; R","Сообщество","Выделить автора конкретного запроса и его организацию; сверить задачу и возможность внешнего исполнителя. Для партнёров — субподряд или совместная программа; для редакций — согласованный формат участия.","Работодатель; HR; руководитель образовательного проекта","Вакансии HR; L&D; методология; проектная работа — потенциальные запросы на подрядчика, вопросы о решении задачи или ранние признаки потребности; наличие оплачиваемого заказа требует проверки сообщения.","Аутсорсинг разработки обучения; закрытие проектной потребности","Вакансии HR; L&D; методология; проектная работа; ищем; порекомендуйте; нужен эксперт; подрядчик; разработать; провести; обучение; программа; запуск; масштабирование","Карточка и ссылки открыты; историю обсуждений получать через разрешённый доступ участника или предоставленный экспорт. Сохранять исходные сообщения, ответы и ссылки до оценки.","История чата здесь не проверена. Проверить правила сообщества, наличие доступа к прошлым сообщениям и разрешённый способ сбора.","Публичная карточка: без покупки. Условия участия, истории и интеграции уточнить; платные подписки не подключены.","content_read","https://t.me/hr_breakfast_emergency","Прочитана первичная карточка: чат резюме/вакансий с отдельной ссылкой на основной HR-чат.","2026-10-01","not_separately_checked","not_checked_here","2","true","Проверить реальный доступ к истории, сохранить правила и sample сообщений; найти закрепы, темы, связанные каналы; настроить повторный сбор без удаления пустого источника.","Требуются проверка истории, правил доступа, тест сбора, выделение реального автора потребности и фиксация даты/контекста.","Поиск по профессиональной теме и переход по ссылкам каталогов/самого сообщества с проверкой первичной карточки","added_v3"
"MISB-369","ИнтерКомм — профессиональный канал коммуникаций","https://t.me/inter_comm","C05","C05","Telegram и социальные сообщества","Экспертные каналы, методология и отраслевые медиа","РФ; русскоязычные специалисты СНГ","RU","I; P","I; P","Сообщество","Выделить автора конкретного запроса и его организацию; сверить задачу и возможность внешнего исполнителя. Для партнёров — субподряд или совместная программа; для редакций — согласованный формат участия.","Директор внутренних коммуникаций; HR; организатор конференций","Внутренние коммуникации; корпоративная культура — потенциальные запросы на подрядчика, вопросы о решении задачи или ранние признаки потребности; наличие оплачиваемого заказа требует проверки сообщения.","Обучение внутренних коммуникаторов; деловые мероприятия; цифровой контент","Внутренние коммуникации; корпоративная культура; ищем; порекомендуйте; нужен эксперт; подрядчик; разработать; провести; обучение; программа; запуск; масштабирование","Публичное Telegram-превью / разрешённый экспорт; отдельно обнаружить комментарии и связанный чат. Пагинация и пересекающиеся окна дат; сохранять полный доступный текст.","Публичная карточка или индекс доступны; полнота истории и сборщик не проверены. Отсутствие /s-превью не считать отсутствием источника.","Публичная карточка: без покупки. Условия участия, истории и интеграции уточнить; платные подписки не подключены.","search_index","https://www.t.me/s/inter_comm?before=1472","Индекс первичного Telegram-превью показывает HR-профессиональную тематику и подборки; прямая карточка в инструменте не открылась.","2026-10-01","not_separately_checked","not_checked_here","2","true","Проверить публичное превью и доступный архив; извлечь связанные чаты, рубрики запросов и внешние формы; провести пробный сбор и сохранить его границы.","Требуются проверка истории, правил доступа, тест сбора, выделение реального автора потребности и фиксация даты/контекста.","Поиск по профессиональной теме и переход по ссылкам каталогов/самого сообщества с проверкой первичной карточки","added_v3"
"MISB-370","Метод | Method — как преподавать в цифровой среде","https://t.me/methodgsom","C05","C05","Telegram и социальные сообщества","Экспертные каналы, методология и отраслевые медиа","РФ; русскоязычные специалисты СНГ","RU","I; P","I; P; R","Сообщество","Выделить автора конкретного запроса и его организацию; сверить задачу и возможность внешнего исполнителя. Для партнёров — субподряд или совместная программа; для редакций — согласованный формат участия.","Корпоративный тренер; методист; университет; L&D","Цифровая педагогика; обучение взрослых; преподаватели и корпоративные тренеры — потенциальные запросы на подрядчика, вопросы о решении задачи или ранние признаки потребности; наличие оплачиваемого заказа требует проверки сообщения.","Обучение внутренних тренеров; разработка электронных программ","Цифровая педагогика; обучение взрослых; преподаватели и корпоративные тренеры; ищем; порекомендуйте; нужен эксперт; подрядчик; разработать; провести; обучение; программа; запуск; масштабирование","Публичное Telegram-превью / разрешённый экспорт; отдельно обнаружить комментарии и связанный чат. Пагинация и пересекающиеся окна дат; сохранять полный доступный текст.","Публичная карточка или индекс доступны; полнота истории и сборщик не проверены. Отсутствие /s-превью не считать отсутствием источника.","Публичная карточка: без покупки. Условия участия, истории и интеграции уточнить; платные подписки не подключены.","search_index","https://telegram.me/s/methodgsom","Индекс первичного превью описывает сообщество высшей школы и корпоративного обучения, цифровую педагогику и связанные VK/Max.","2026-10-01","not_separately_checked","not_checked_here","2","true","Проверить публичное превью и доступный архив; извлечь связанные чаты, рубрики запросов и внешние формы; провести пробный сбор и сохранить его границы.","Требуются проверка истории, правил доступа, тест сбора, выделение реального автора потребности и фиксация даты/контекста.","Поиск по профессиональной теме и переход по ссылкам каталогов/самого сообщества с проверкой первичной карточки","added_v3"
"MISB-371","Образовательный клуб — отдельный маршрут экосистемы методологов","https://t.me/v_ed_club","C05","C05","Telegram и социальные сообщества","Профессиональные сообщества и функциональные чаты","РФ; русскоязычные специалисты СНГ","RU","I; P","I; P; R","Сообщество","Выделить автора конкретного запроса и его организацию; сверить задачу и возможность внешнего исполнителя. Для партнёров — субподряд или совместная программа; для редакций — согласованный формат участия.","Методолог; продюсер; организатор клуба","Методология; образовательные проекты — потенциальные запросы на подрядчика, вопросы о решении задачи или ранние признаки потребности; наличие оплачиваемого заказа требует проверки сообщения.","Разработка образовательных продуктов; партнёрский субподряд","Методология; образовательные проекты; ищем; порекомендуйте; нужен эксперт; подрядчик; разработать; провести; обучение; программа; запуск; масштабирование","Карточка и ссылки открыты; историю обсуждений получать через разрешённый доступ участника или предоставленный экспорт. Сохранять исходные сообщения, ответы и ссылки до оценки.","Подтверждён URL в первичной карточке связанного сообщества; целевая карточка, формат клуба и история не подтверждены.","Публичная карточка: без покупки. Условия участия, истории и интеграции уточнить; платные подписки не подключены.","candidate","https://t.me/newmethodologist","Адрес явно опубликован в первичной карточке Сообщества Методистов. Сам целевой канал/чат не открылся; формат и правила не подтверждены.","2026-10-01","not_separately_checked","not_checked_here","3","true","Проверить реальный доступ к истории, сохранить правила и sample сообщений; найти закрепы, темы, связанные каналы; настроить повторный сбор без удаления пустого источника.","Требуются проверка истории, правил доступа, тест сбора, выделение реального автора потребности и фиксация даты/контекста.","Поиск по профессиональной теме и переход по ссылкам каталогов/самого сообщества с проверкой первичной карточки","added_v3"
"MISB-372","Learning Elements — канал конференций по обучению","https://t.me/learningelements","C05","C05","Telegram и социальные сообщества","Экспертные каналы, методология и отраслевые медиа","РФ; русскоязычные специалисты СНГ","RU","I; P; R","I; P; R","Сообщество","Выделить автора конкретного запроса и его организацию; сверить задачу и возможность внешнего исполнителя. Для партнёров — субподряд или совместная программа; для редакций — согласованный формат участия.","Организатор конференций; L&D; корпоративный университет","Корпоративное обучение; внутренние эксперты; AI; разработка курсов — потенциальные запросы на подрядчика, вопросы о решении задачи или ранние признаки потребности; наличие оплачиваемого заказа требует проверки сообщения.","Подготовка экспертов; электронные курсы; спикеры; партнёрские программы","Корпоративное обучение; внутренние эксперты; AI; разработка курсов; ищем; порекомендуйте; нужен эксперт; подрядчик; разработать; провести; обучение; программа; запуск; масштабирование","Публичное Telegram-превью / разрешённый экспорт; отдельно обнаружить комментарии и связанный чат. Пагинация и пересекающиеся окна дат; сохранять полный доступный текст.","Публичная карточка или индекс доступны; полнота истории и сборщик не проверены. Отсутствие /s-превью не считать отсутствием источника.","Публичная карточка: без покупки. Условия участия, истории и интеграции уточнить; платные подписки не подключены.","content_read","https://t.me/s/learningelements","Прочитано первичное превью: конференции по обучению, корпоративные кейсы и открытый набор спикеров для «Эксперты.Elements». Оплачиваемый заказ не установлен.","2026-10-01","not_separately_checked","not_checked_here","2","true","Проверить публичное превью и доступный архив; извлечь связанные чаты, рубрики запросов и внешние формы; провести пробный сбор и сохранить его границы.","Требуются проверка истории, правил доступа, тест сбора, выделение реального автора потребности и фиксация даты/контекста.","Поиск по профессиональной теме и переход по ссылкам каталогов/самого сообщества с проверкой первичной карточки","added_v3"
"MISB-373","Mirapolis — вход в партнёрскую сеть для разработчиков курсов","https://www.mirapolis.ru/for-partners/","C13","C13","Внедрения ERP, ЭДО и LMS","Партнёрские сети LMS и интеграторов","РФ","RU","P","P; R","Внедрение цифровой системы","Совместный проект или субподряд по разработке и запуску обучения","Партнёрский отдел / руководитель внедрения","Вендор прямо приглашает разработчиков курсов, HR-агентства и консультантов; потребность в контенте может возникать у клиентов внедрения.","Электронные курсы, адаптация, обучение руководителей","разработчик курсов; партнер; контент; методология","Проверка изменений публичной страницы и обнаруженных дочерних разделов; сохранять исходный текст и ссылки. Заявки, формы и личные кабинеты подключать только после установления доступного маршрута.","Публичная страница/поисковый индекс; доступ к запросам клиентов и партнёрскому кабинету не установлен.","Просмотр публичной информации без покупки; коммерческие условия партнёрства и доступа к заявкам не проверены. Платные подключения отдельно в пределах общего бюджета.","content_read","https://www.mirapolis.ru/for-partners/","На официальной странице прочитаны приглашение разработчиков курсов и адрес partners@mirapolis.ru.","2026-10-01","not_separately_checked","not_checked_here","1","true","Уточнить канал передачи контентных запросов и требования к портфолио; отдельно обследовать каталог партнёров.","Уточнить передачу запросов партнёрам, формат субподряда и требуемую аккредитацию.","Поиск по приглашениям экспертов, партнёрским программам и каталогам интеграторов; проверка публичного маршрута","added_v3"
"MISB-374","iSpring — партнёрская программа и сеть реселлеров","https://www.ispring.ru/company/reseller-program","C13","C13","Внедрения ERP, ЭДО и LMS","Партнёрские сети LMS и интеграторов","РФ","RU","P","P; R","Внедрение цифровой системы","Совместный проект или субподряд по разработке и запуску обучения","Партнёрский отдел / руководитель внедрения","Реселлеры внедряют LMS и редактор, после чего клиенту требуется первичное наполнение и обучение команды.","Контент для LMS, обучение внутренних экспертов, видеокурсы","внедрение LMS; партнёр; наполнение; курс","Проверка изменений публичной страницы и обнаруженных дочерних разделов; сохранять исходный текст и ссылки. Заявки, формы и личные кабинеты подключать только после установления доступного маршрута.","Публичная страница/поисковый индекс; доступ к запросам клиентов и партнёрскому кабинету не установлен.","Просмотр публичной информации без покупки; коммерческие условия партнёрства и доступа к заявкам не проверены. Платные подключения отдельно в пределах общего бюджета.","content_read","https://www.ispring.ru/company/reseller-program","Прочитана официальная страница партнёрской программы с маршрутами регистрации и каталога партнёров.","2026-10-01","not_separately_checked","not_checked_here","2","true","Обследовать список партнёров и уточнить возможность контентного субподряда без закупки лицензий.","Уточнить передачу запросов партнёрам, формат субподряда и требуемую аккредитацию.","Поиск по приглашениям экспертов, партнёрским программам и каталогам интеграторов; проверка публичного маршрута","added_v3"
"MISB-375","Websoft — каталог партнёров и интеграторов Enterprise","https://websoft.ru/partners","C18","C18","Каталоги и карты экосистем","Партнёрские сети LMS и интеграторов","РФ","RU","P","P; R","Каталог каналов","Совместный проект или субподряд по разработке и запуску обучения","Партнёрский отдел / руководитель внедрения","У каждого интегратора есть собственные проекты HR-автоматизации с возможной потребностью в учебном контенте.","Корпоративные электронные курсы, методология, оценка и кадровый резерв","Websoft; корпоративное обучение; курс; внедрение","Проверка изменений публичной страницы и обнаруженных дочерних разделов; сохранять исходный текст и ссылки. Заявки, формы и личные кабинеты подключать только после установления доступного маршрута.","Публичная страница/поисковый индекс; доступ к запросам клиентов и партнёрскому кабинету не установлен.","Просмотр публичной информации без покупки; коммерческие условия партнёрства и доступа к заявкам не проверены. Платные подключения отдельно в пределах общего бюджета.","content_read","https://websoft.ru/partners","Прочитан официальный каталог с интеграторами и прямыми ссылками на их сайты.","2026-10-01","not_separately_checked","not_checked_here","1","true","Создать отдельную запись для каждого интегратора и маршрутов проектов, вакансий, партнёрства; сохранить связь с каталогом.","Уточнить передачу запросов партнёрам, формат субподряда и требуемую аккредитацию.","Поиск по приглашениям экспертов, партнёрским программам и каталогам интеграторов; проверка публичного маршрута","added_v3"
"MISB-376","Unicraft — партнёры, HR-консультанты и авторы корпоративных курсов","https://www.unicraft.org/page/partners/","C13","C13","Внедрения ERP, ЭДО и LMS","Партнёрские сети LMS и интеграторов","РФ","RU","P","P; R","Внедрение цифровой системы","Совместный проект или субподряд по разработке и запуску обучения","Партнёрский отдел / руководитель внедрения","В программе отдельно названы L&D-специалисты, бизнес-тренеры, разработчики курсов и отраслевые консультанты.","Запуск обучения, электронные курсы, обучение руководителей","L&D; бизнес-тренер; автор; интегратор; курсы","Проверка изменений публичной страницы и обнаруженных дочерних разделов; сохранять исходный текст и ссылки. Заявки, формы и личные кабинеты подключать только после установления доступного маршрута.","Публичная страница/поисковый индекс; доступ к запросам клиентов и партнёрскому кабинету не установлен.","Просмотр публичной информации без покупки; коммерческие условия партнёрства и доступа к заявкам не проверены. Платные подключения отдельно в пределах общего бюджета.","content_read","https://www.unicraft.org/page/partners/","Прочитаны категории партнёров, варианты совместных вебинаров и поддержка пресейла.","2026-10-01","not_separately_checked","not_checked_here","2","true","Запросить схему совместных проектов и отдельно найти партнёров, которым нужен контент.","Уточнить передачу запросов партнёрам, формат субподряда и требуемую аккредитацию.","Поиск по приглашениям экспертов, партнёрским программам и каталогам интеграторов; проверка публичного маршрута","added_v3"
"MISB-377","Академика — размещение курсов и образовательное партнёрство","https://academika.ru/partnership/","C18","C18","Каталоги и карты экосистем","Каталоги курсов и партнёрская дистрибуция","РФ","RU","P","P","Каталог каналов","Лицензирование или размещение курсов МИСБ; входящие корпоративные запросы через партнёра","Менеджер контента / партнёрских программ платформы","Площадка принимает образовательные продукты партнёров; возможны заказ на адаптацию контента и новые входящие обращения.","Лицензирование видеокурсов, разработка и размещение онлайн-программ","разместить курс; партнер; программа; корпоративный","Проверка изменений публичной страницы и обнаруженных дочерних разделов; сохранять исходный текст и ссылки. Заявки, формы и личные кабинеты подключать только после установления доступного маршрута.","Публичная страница/поисковый индекс; доступ к запросам клиентов и партнёрскому кабинету не установлен.","Просмотр публичной информации без покупки; коммерческие условия партнёрства и доступа к заявкам не проверены. Платные подключения отдельно в пределах общего бюджета.","content_read","https://academika.ru/partnership/","На официальной странице описано размещение партнёрских курсов, отсутствие требования эксклюзивности и форма партнёра.","2026-10-01","not_separately_checked","not_checked_here","2","true","Уточнить поддержку курсов ДПО и корпоративных пакетов; отделить размещение от производства на заказ.","Проверить допуск провайдера ДПО, условия размещения, коммерческие права и маршрут корпоративных запросов.","Поиск по приглашениям экспертов, партнёрским программам и каталогам интеграторов; проверка публичного маршрута","added_v3"
"MISB-378","Открытое образование — заявка на партнёрство","https://openedu.ru/partners/apply/","C18","C18","Каталоги и карты экосистем","Каталоги курсов и партнёрская дистрибуция","РФ","RU","P","P","Каталог каналов","Лицензирование или размещение курсов МИСБ; входящие корпоративные запросы через партнёра","Менеджер контента / партнёрских программ платформы","Маршрут к вузам и совместным цифровым образовательным модулям; возможен субподряд вуза-партнёра.","Электронные модули, методическая разработка, совместные программы","партнерство; разместить курс; модуль; разработка","Проверка изменений публичной страницы и обнаруженных дочерних разделов; сохранять исходный текст и ссылки. Заявки, формы и личные кабинеты подключать только после установления доступного маршрута.","Публичная страница/поисковый индекс; доступ к запросам клиентов и партнёрскому кабинету не установлен.","Просмотр публичной информации без покупки; коммерческие условия партнёрства и доступа к заявкам не проверены. Платные подключения отдельно в пределах общего бюджета.","content_read","https://openedu.ru/partners/apply/","Официальная страница партнёрства доступна и содержит раздел о размещении курсов.","2026-10-01","not_separately_checked","not_checked_here","3","true","Проверить критерии допуска; если прямой вход закрыт, искать совместный проект через вуз-партнёр.","Проверить допуск провайдера ДПО, условия размещения, коммерческие права и маршрут корпоративных запросов.","Поиск по приглашениям экспертов, партнёрским программам и каталогам интеграторов; проверка публичного маршрута","added_v3"
"MISB-379","Ecourse Studio — проекты курсов и рамочные работы","https://ecourse.studio/","C19","C19","Учебные провайдеры и авторские сети","Студии электронного обучения и контентный субподряд","РФ","RU","P","P","Субподряд провайдера","Экспертное содержание, методология или разработка модуля под брендом генерального подрядчика","Продюсер / руководитель проектов студии","Студия выполняет курсы, сценарии и интерактивы; для отдельных отраслевых тем может понадобиться внешний эксперт или производственная команда.","Экспертное содержание, сценарии, видеокурсы, корпоративные спецпроекты","сценарий; рамочный договор; курсы; интерактив","Проверка изменений публичной страницы и обнаруженных дочерних разделов; сохранять исходный текст и ссылки. Заявки, формы и личные кабинеты подключать только после установления доступного маршрута.","Публичная страница/поисковый индекс; доступ к запросам клиентов и партнёрскому кабинету не установлен.","Просмотр публичной информации без покупки; коммерческие условия партнёрства и доступа к заявкам не проверены. Платные подключения отдельно в пределах общего бюджета.","content_read","https://ecourse.studio/","Прочитаны отдельные форматы работ: разработка курсов, рамочный договор и регулярная работа команды; опубликован контакт.","2026-10-01","not_separately_checked","not_checked_here","2","true","Пройти разделы услуг и примеров; установить, принимаются ли внешние эксперты и субподрядчики.","Подтвердить, привлекает ли студия внешних исполнителей и принимает ли организацию как подрядчика.","Поиск по приглашениям экспертов, партнёрским программам и каталогам интеграторов; проверка публичного маршрута","added_v3"
"MISB-380","Nova Studio — разработка обучения и упаковка экспертизы","https://dl-nova.com/","C19","C19","Учебные провайдеры и авторские сети","Студии электронного обучения и контентный субподряд","РФ","RU","P","P","Субподряд провайдера","Экспертное содержание, методология или разработка модуля под брендом генерального подрядчика","Продюсер / руководитель проектов студии","Перевод тренингов в онлайн и отраслевые проекты создают возможный спрос на специалистов по содержанию.","Упаковка знаний эксперта, управленческие курсы, методология и сценарии","упаковка тренинга; распаковка эксперта; разработка курсов","Проверка изменений публичной страницы и обнаруженных дочерних разделов; сохранять исходный текст и ссылки. Заявки, формы и личные кабинеты подключать только после установления доступного маршрута.","Публичная страница/поисковый индекс; доступ к запросам клиентов и партнёрскому кабинету не установлен.","Просмотр публичной информации без покупки; коммерческие условия партнёрства и доступа к заявкам не проверены. Платные подключения отдельно в пределах общего бюджета.","content_read","https://dl-nova.com/","Прочитан перечень задач: курсы под ключ, обучение руководителей, перевод тренинга в электронный формат.","2026-10-01","not_separately_checked","not_checked_here","2","true","Найти контакты проектного руководителя и форму предложения экспертной части с конкретным портфолио.","Подтвердить, привлекает ли студия внешних исполнителей и принимает ли организацию как подрядчика.","Поиск по приглашениям экспертов, партнёрским программам и каталогам интеграторов; проверка публичного маршрута","added_v3"
"MISB-381","LEVEL — курсы и бизнес-симуляции для корпоративных клиентов","https://levellab.ru/","C19","C19","Учебные провайдеры и авторские сети","Студии электронного обучения и контентный субподряд","РФ","RU","P","P","Субподряд провайдера","Экспертное содержание, методология или разработка модуля под брендом генерального подрядчика","Продюсер / руководитель проектов студии","Интерактивные корпоративные проекты могут требовать внешней предметной экспертизы и методологии.","Бизнес-кейсы, корпоративная этика, оценка, сценарии симуляций","симуляция; диалоговый тренажёр; кейс; SCORM","Проверка изменений публичной страницы и обнаруженных дочерних разделов; сохранять исходный текст и ссылки. Заявки, формы и личные кабинеты подключать только после установления доступного маршрута.","Публичная страница/поисковый индекс; доступ к запросам клиентов и партнёрскому кабинету не установлен.","Просмотр публичной информации без покупки; коммерческие условия партнёрства и доступа к заявкам не проверены. Платные подключения отдельно в пределах общего бюджета.","content_read","https://levellab.ru/","Публичная страница разработки курсов и бизнес-симуляций открыта; поисковый индекс описывает проекты для корпоративных заказчиков.","2026-10-01","not_separately_checked","not_checked_here","2","true","Проверить раздел портфолио и определить роли, которые студия отдаёт внешним экспертам.","Подтвердить, привлекает ли студия внешних исполнителей и принимает ли организацию как подрядчика.","Поиск по приглашениям экспертов, партнёрским программам и каталогам интеграторов; проверка публичного маршрута","added_v3"
"MISB-382","Ripple Effect — исторический след студии, конфликт идентичности домена","https://rippleeffect.ru/","C19","C19","Учебные провайдеры и авторские сети","Студии электронного обучения и контентный субподряд","РФ","RU","P","P","Восстановить идентичность","","Продюсер / руководитель проектов студии","Старый поисковый индекс описывает студию образовательных программ; требуется восстановить её актуальный адрес, если она продолжает работу.","Исторически: методология и разработка образовательных программ","Ripple Effect; студия обучения; методист; новый сайт","Проверка изменений публичной страницы и обнаруженных дочерних разделов; сохранять исходный текст и ссылки. Заявки, формы и личные кабинеты подключать только после установления доступного маршрута.","Публичная страница/поисковый индекс; доступ к запросам клиентов и партнёрскому кабинету не установлен.","Просмотр публичной информации без покупки; коммерческие условия партнёрства и доступа к заявкам не проверены. Платные подключения отдельно в пределах общего бюджета.","candidate","https://rippleeffect.ru/","Поисковый результат описывает студию обучения, но прямое открытие 01.10.2026 показывает страницу казино Dune/Дюна.","2026-10-01","identity_conflict","not_checked_here","3","true","Сохранить исходную запись и историю; найти прежнюю команду по независимым официальным следам. Не подключать текущий домен к образовательной ленте.","Подтвердить, привлекает ли студия внешних исполнителей и принимает ли организацию как подрядчика.","Поиск по приглашениям экспертов, партнёрским программам и каталогам интеграторов; проверка публичного маршрута","added_v3"
"MISB-383","ЦР ИПСИ — разработчик образовательных программ и спецпроектов","https://cripsi.ru/","C19","C19","Учебные провайдеры и авторские сети","Студии электронного обучения и контентный субподряд","РФ","RU","P","P","Субподряд провайдера","Экспертное содержание, методология или разработка модуля под брендом генерального подрядчика","Продюсер / руководитель проектов студии","Организатор производит онлайн-программы и образовательные мероприятия; нишевая экспертиза может привлекаться по проектам.","Методология, отраслевые программы, разработка онлайн-курсов","образовательный проект; разработка; эксперт; мероприятие","Проверка изменений публичной страницы и обнаруженных дочерних разделов; сохранять исходный текст и ссылки. Заявки, формы и личные кабинеты подключать только после установления доступного маршрута.","Публичная страница/поисковый индекс; доступ к запросам клиентов и партнёрскому кабинету не установлен.","Просмотр публичной информации без покупки; коммерческие условия партнёрства и доступа к заявкам не проверены. Платные подключения отдельно в пределах общего бюджета.","content_read","https://cripsi.ru/","Официальный сайт прочитан: представлены образовательные проекты, услуги и контакты.","2026-10-01","not_separately_checked","not_checked_here","2","true","Обследовать каждый проект и выявить новый набор авторов/партнёров; уточнить формат кооперации.","Подтвердить, привлекает ли студия внешних исполнителей и принимает ли организацию как подрядчика.","Поиск по приглашениям экспертов, партнёрским программам и каталогам интеграторов; проверка публичного маршрута","added_v3"
"MISB-384","Академия Softline — отдельное направление разработки электронных курсов","https://edtech.academyit.ru/","C19","C19","Учебные провайдеры и авторские сети","Студии электронного обучения и контентный субподряд","РФ","RU","P","P","Субподряд провайдера","Экспертное содержание, методология или разработка модуля под брендом генерального подрядчика","Продюсер / руководитель проектов студии","Большие корпоративные проекты могут распределять предметное содержание и производство между соисполнителями.","Электронные курсы, цифровые компетенции, ИБ, soft skills","SCORM; разработка курсов; методист; корпоративный","Проверка изменений публичной страницы и обнаруженных дочерних разделов; сохранять исходный текст и ссылки. Заявки, формы и личные кабинеты подключать только после установления доступного маршрута.","Публичная страница/поисковый индекс; доступ к запросам клиентов и партнёрскому кабинету не установлен.","Просмотр публичной информации без покупки; коммерческие условия партнёрства и доступа к заявкам не проверены. Платные подключения отдельно в пределах общего бюджета.","content_read","https://edtech.academyit.ru/","Прочитана официальная страница разработки курсов; описаны корпоративное обучение и библиотека готового контента.","2026-10-01","not_separately_checked","not_checked_here","2","true","Найти путь квалификации авторов и методистов; просматривать новости новых корпоративных проектов.","Подтвердить, привлекает ли студия внешних исполнителей и принимает ли организацию как подрядчика.","Поиск по приглашениям экспертов, партнёрским программам и каталогам интеграторов; проверка публичного маршрута","added_v3"
"MISB-385","Русская Школа Управления — сотрудничество с образовательными компаниями","https://uprav.ru/about/cooperation/","C19","C19","Учебные провайдеры и авторские сети","Образовательные провайдеры — набор экспертов и соисполнителей","РФ","RU","P","P","Субподряд провайдера","Авторский модуль, преподавание или совместная корпоративная программа","Руководитель учебных программ / продюсер","Школа приглашает компании, ИП и агентства бизнес-образования к сотрудничеству, включая продвижение программ.","Совместные корпоративные программы, экспертные модули, тренинги","партнерство; программа; корпоративное обучение; преподаватель","Проверка изменений публичной страницы и обнаруженных дочерних разделов; сохранять исходный текст и ссылки. Заявки, формы и личные кабинеты подключать только после установления доступного маршрута.","Публичная страница/поисковый индекс; доступ к запросам клиентов и партнёрскому кабинету не установлен.","Просмотр публичной информации без покупки; коммерческие условия партнёрства и доступа к заявкам не проверены. Платные подключения отдельно в пределах общего бюджета.","content_read","https://uprav.ru/about/cooperation/","Официальная страница сотрудничества открыта; в поисковом описании перечислены форматы и категории партнёров.","2026-10-01","not_separately_checked","not_checked_here","1","true","Уточнить размещение собственных программ и передачу предметных модулей внешнему провайдеру.","Уточнить текущие темы, формат договора с институтом и порядок включения в пул исполнителей.","Поиск по приглашениям экспертов, партнёрским программам и каталогам интеграторов; проверка публичного маршрута","added_v3"
"MISB-386","Русская Школа Управления — совместные исследования, публикации и выступления","https://uprav.ru/about/advertisement/","C19","C19","Учебные провайдеры и авторские сети","Экспертные публикации и совместные образовательные мероприятия","РФ","RU","P","P; R","Субподряд провайдера","Экспертная публикация или совместный вебинар с последующим корпоративным запросом","Редактор / руководитель мероприятий","Совместный опрос или выступление перед корпоративной аудиторией может выявить новые образовательные задачи.","Экспертные вебинары, исследования потребности, авторские колонки","опрос; специальный гость; авторская колонка; вебинар","Проверка изменений публичной страницы и обнаруженных дочерних разделов; сохранять исходный текст и ссылки. Заявки, формы и личные кабинеты подключать только после установления доступного маршрута.","Публичная страница/поисковый индекс; доступ к запросам клиентов и партнёрскому кабинету не установлен.","Просмотр публичной информации без покупки; коммерческие условия партнёрства и доступа к заявкам не проверены. Платные подключения отдельно в пределах общего бюджета.","content_read","https://uprav.ru/about/advertisement/","Официальная страница открыта; описаны обмен публикациями, совместные опросы и выступление приглашённого гостя.","2026-10-01","not_separately_checked","not_checked_here","3","true","Разделить платную рекламу и доступные совместные форматы; начинать с экспертного сотрудничества.","Отделить оплачиваемую работу от бесплатного продвижения и согласовать источник входящих запросов.","Поиск по приглашениям экспертов, партнёрским программам и каталогам интеграторов; проверка публичного маршрута","added_v3"
"MISB-387","Бизнес Школа Эксперт — приглашение авторов семинаров и тренеров","https://moscow-expert.ru/content/vakansii/index.html","C19","C19","Учебные провайдеры и авторские сети","Образовательные провайдеры — набор экспертов и соисполнителей","РФ","RU","P","P","Субподряд провайдера","Авторский модуль, преподавание или совместная корпоративная программа","Руководитель учебных программ / продюсер","Провайдер прямо приглашает авторов и ведущих семинаров со своими программами.","Право, финансы, закупки, управление, кадровые программы","автор семинара; эксперт; преподаватель; программа","Проверка изменений публичной страницы и обнаруженных дочерних разделов; сохранять исходный текст и ссылки. Заявки, формы и личные кабинеты подключать только после установления доступного маршрута.","Публичная страница/поисковый индекс; доступ к запросам клиентов и партнёрскому кабинету не установлен.","Просмотр публичной информации без покупки; коммерческие условия партнёрства и доступа к заявкам не проверены. Платные подключения отдельно в пределах общего бюджета.","content_read","https://moscow-expert.ru/content/vakansii/index.html","Прочитано официальное приглашение экспертов с контактным маршрутом.","2026-10-01","not_separately_checked","not_checked_here","1","true","Подготовить реестр модулей МИСБ и установить порядок включения в программу провайдера.","Уточнить текущие темы, формат договора с институтом и порядок включения в пул исполнителей.","Поиск по приглашениям экспертов, партнёрским программам и каталогам интеграторов; проверка публичного маршрута","added_v3"
"MISB-388","УЦ Совета рынка — преподаватели и организаторы корпоративных мероприятий","https://www.ec-mc.ru/collaboration","C19","C19","Учебные провайдеры и авторские сети","Образовательные провайдеры — набор экспертов и соисполнителей","РФ","RU","P","P","Субподряд провайдера","Авторский модуль, преподавание или совместная корпоративная программа","Руководитель учебных программ / продюсер","Прямое приглашение тем семинаров для специалистов электроэнергетики и смежных отраслей; есть отдельное партнёрство для корпоративных мероприятий.","Энергетические рынки, экономика, право, закупки, управленческие программы","электроэнергетика; семинар; автор; корпоративное мероприятие","Проверка изменений публичной страницы и обнаруженных дочерних разделов; сохранять исходный текст и ссылки. Заявки, формы и личные кабинеты подключать только после установления доступного маршрута.","Публичная страница/поисковый индекс; доступ к запросам клиентов и партнёрскому кабинету не установлен.","Просмотр публичной информации без покупки; коммерческие условия партнёрства и доступа к заявкам не проверены. Платные подключения отдельно в пределах общего бюджета.","content_read","https://www.ec-mc.ru/collaboration","Прочитаны три маршрута сотрудничества: преподаватели, рекламодатели, партнёры; есть деловые контакты.","2026-10-01","not_separately_checked","not_checked_here","1","true","Развести два маршрута: экспертные модули и совместная организация корпоративной программы; уточнить актуальные темы.","Уточнить текущие темы, формат договора с институтом и порядок включения в пул исполнителей.","Поиск по приглашениям экспертов, партнёрским программам и каталогам интеграторов; проверка публичного маршрута","added_v3"
"MISB-389","B2B Events — сообщество тренеров, фасилитаторов и спикеров","https://b2bevents.pro/ru/trainings/","C19","C19","Учебные провайдеры и авторские сети","Образовательные провайдеры — набор экспертов и соисполнителей","РФ / международные русскоязычные проекты","RU","P","P","Субподряд провайдера","Авторский модуль, преподавание или совместная корпоративная программа","Руководитель учебных программ / продюсер","Организатор прямо расширяет экспертное сообщество для очных, онлайн и корпоративных тренингов.","Фасилитация, стратсессии, тренинги руководителей, специализированные программы","фасилитатор; тренер; спикер; корпоративный","Проверка изменений публичной страницы и обнаруженных дочерних разделов; сохранять исходный текст и ссылки. Заявки, формы и личные кабинеты подключать только после установления доступного маршрута.","Публичная страница/поисковый индекс; доступ к запросам клиентов и партнёрскому кабинету не установлен.","Просмотр публичной информации без покупки; коммерческие условия партнёрства и доступа к заявкам не проверены. Платные подключения отдельно в пределах общего бюджета.","content_read","https://b2bevents.pro/ru/trainings/","Официальный раздел тренингов открыт; опубликовано приглашение к сотрудничеству.","2026-10-01","not_separately_checked","not_checked_here","1","true","Получить требования к экспертному профилю и установить канал запросов организаторов.","Уточнить текущие темы, формат договора с институтом и порядок включения в пул исполнителей.","Поиск по приглашениям экспертов, партнёрским программам и каталогам интеграторов; проверка публичного маршрута","added_v3"
"MISB-390","Кодекс / Техэксперт — оплачиваемая экспертиза и спикерство","https://kodeks.ru/cooperation","C19","C19","Учебные провайдеры и авторские сети","Образовательные провайдеры — набор экспертов и соисполнителей","РФ","RU","P","P","Субподряд провайдера","Авторский модуль, преподавание или совместная корпоративная программа","Руководитель учебных программ / продюсер","Платформа приглашает отраслевых экспертов создавать консультации; востребованных авторов приглашает выступать на мероприятиях.","Правовые и отраслевые вебинары, энергетика, стандартизация, обучение специалистов","эксперт; консультация; докладчик; энергетика; стандарты","Проверка изменений публичной страницы и обнаруженных дочерних разделов; сохранять исходный текст и ссылки. Заявки, формы и личные кабинеты подключать только после установления доступного маршрута.","Публичная страница/поисковый индекс; доступ к запросам клиентов и партнёрскому кабинету не установлен.","Просмотр публичной информации без покупки; коммерческие условия партнёрства и доступа к заявкам не проверены. Платные подключения отдельно в пределах общего бюджета.","content_read","https://kodeks.ru/cooperation","Прочитаны условия удалённой сдельной экспертной работы и приглашения на онлайн-мероприятия.","2026-10-01","not_separately_checked","not_checked_here","1","true","Найти тематические редакции и регулярный канал задач; предложить пул экспертов МИСБ по подходящим темам.","Уточнить текущие темы, формат договора с институтом и порядок включения в пул исполнителей.","Поиск по приглашениям экспертов, партнёрским программам и каталогам интеграторов; проверка публичного маршрута","added_v3"
"MISB-391","Юрайт — предложение авторского учебного курса","https://urait.ru/info/publish","C18","C18","Каталоги и карты экосистем","Каталоги курсов и партнёрская дистрибуция","РФ","RU","P","P","Каталог каналов","Лицензирование или размещение курсов МИСБ; входящие корпоративные запросы через партнёра","Менеджер контента / партнёрских программ платформы","Издатель приглашает создание и публикацию учебных курсов; возможен заказ на содержание и адаптацию.","Авторские курсы по менеджменту, праву, финансам и HR","автор курса; публикация; практикум; менеджмент","Проверка изменений публичной страницы и обнаруженных дочерних разделов; сохранять исходный текст и ссылки. Заявки, формы и личные кабинеты подключать только после установления доступного маршрута.","Публичная страница/поисковый индекс; доступ к запросам клиентов и партнёрскому кабинету не установлен.","Просмотр публичной информации без покупки; коммерческие условия партнёрства и доступа к заявкам не проверены. Платные подключения отдельно в пределах общего бюджета.","content_read","https://urait.ru/info/publish","Официальная страница для авторов открыта; поисковый текст содержит приглашение к созданию курсов.","2026-10-01","not_separately_checked","not_checked_here","2","true","Проверить требования к авторам ДПО, лицензированию и корпоративному использованию материалов.","Проверить допуск провайдера ДПО, условия размещения, коммерческие права и маршрут корпоративных запросов.","Поиск по приглашениям экспертов, партнёрским программам и каталогам интеграторов; проверка публичного маршрута","added_v3"
"MISB-392","Нетология — набор экспертов в программы обучения","https://netology.ru/experts","C19","C19","Учебные провайдеры и авторские сети","Образовательные провайдеры — набор экспертов и соисполнителей","РФ","RU","P","P","Субподряд провайдера","Авторский модуль, преподавание или совместная корпоративная программа","Руководитель учебных программ / продюсер","Публичный маршрут включения в команду экспертов по разным направлениям, включая бизнес и управление.","Авторство, преподавание, разбор кейсов, управленческие и HR-модули","бизнес; управление; эксперт; преподаватель; автор","Проверка изменений публичной страницы и обнаруженных дочерних разделов; сохранять исходный текст и ссылки. Заявки, формы и личные кабинеты подключать только после установления доступного маршрута.","Публичная страница/поисковый индекс; доступ к запросам клиентов и партнёрскому кабинету не установлен.","Просмотр публичной информации без покупки; коммерческие условия партнёрства и доступа к заявкам не проверены. Платные подключения отдельно в пределах общего бюджета.","content_read","https://netology.ru/experts","Официальная страница набора экспертов прочитана; имеются анкета и направления работы.","2026-10-01","not_separately_checked","not_checked_here","1","true","Уточнить приём института как поставщика команды/модуля; следить за новыми направлениями.","Уточнить текущие темы, формат договора с институтом и порядок включения в пул исполнителей.","Поиск по приглашениям экспертов, партнёрским программам и каталогам интеграторов; проверка публичного маршрута","added_v3"
"MISB-393","Яндекс Практикум — роли экспертов и проектная нагрузка","https://practicum.yandex.ru/job/","C19","C19","Учебные провайдеры и авторские сети","Вакансии как сигнал проектной нагрузки провайдера","РФ","RU","I","I","Субподряд провайдера","Предложение проектного подряда вместо либо параллельно найму; только после подтверждения интереса","Руководитель обучения / производственный руководитель","Вакансии авторов, наставников и других экспертных ролей показывают расширение программ и потребность в производстве.","Цифровые компетенции, управление, методология, экспертное содержание","автор; эксперт; менеджмент; HR; наставник; методист","Проверка изменений публичной страницы и обнаруженных дочерних разделов; сохранять исходный текст и ссылки. Заявки, формы и личные кабинеты подключать только после установления доступного маршрута.","Публичная страница/поисковый индекс; доступ к запросам клиентов и партнёрскому кабинету не установлен.","Просмотр публичной информации без покупки; коммерческие условия партнёрства и доступа к заявкам не проверены. Платные подключения отдельно в пределах общего бюджета.","content_read","https://practicum.yandex.ru/job/","Официальный раздел работы экспертов открыт; видны маршрут отклика и каталог ролей.","2026-10-01","not_separately_checked","not_checked_here","2","true","Сохранять вакансии, выделять проектные/авторские роли и проверять возможность команды-подрядчика.","Вакансия не равна закупке: уточнить допустимость внешней команды и реальную проектную потребность.","Поиск по приглашениям экспертов, партнёрским программам и каталогам интеграторов; проверка публичного маршрута","added_v3"
"MISB-394","Skillbox — портал подключения экспертов","https://expert.skillbox.ru/","C19","C19","Учебные провайдеры и авторские сети","Образовательные провайдеры — набор экспертов и соисполнителей","РФ","RU","P","P","Субподряд провайдера","Авторский модуль, преподавание или совместная корпоративная программа","Руководитель учебных программ / продюсер","Экспертный портал может давать доступ к запросам на авторов и ведущих профессиональных курсов.","Авторство модулей, обучение руководителей, методическая разработка","эксперт; автор; бизнес; управление; курс","Проверка изменений публичной страницы и обнаруженных дочерних разделов; сохранять исходный текст и ссылки. Заявки, формы и личные кабинеты подключать только после установления доступного маршрута.","Публичная страница/поисковый индекс; доступ к запросам клиентов и партнёрскому кабинету не установлен.","Просмотр публичной информации без покупки; коммерческие условия партнёрства и доступа к заявкам не проверены. Платные подключения отдельно в пределах общего бюджета.","search_index","https://expert.skillbox.ru/","Официальный домен найден в поиске с разделом о подключении эксперта; прямое открытие завершилось ошибкой.","2026-10-01","not_separately_checked","not_checked_here","2","true","Повторить проверку и найти ссылку с основного сайта Skillbox; не удалять при повторной ошибке.","Уточнить текущие темы, формат договора с институтом и порядок включения в пул исполнителей.","Поиск по приглашениям экспертов, партнёрским программам и каталогам интеграторов; проверка публичного маршрута","added_v3"
"MISB-395","Skillspace — партнёрская программа методологов и производителей контента","https://skillspace.ru/referral","C13","C13","Внедрения ERP, ЭДО и LMS","Партнёрские сети LMS и интеграторов","РФ","RU","P","P","Внедрение цифровой системы","Совместный проект или субподряд по разработке и запуску обучения","Партнёрский отдел / руководитель внедрения","Методологи, продюсеры и создатели контента объединяются вокруг запуска школ и курсов; возможен взаимный субподряд.","Методология, создание цифровых курсов, сопровождение запуска обучения","партнер; методолог; продюсер; курс","Проверка изменений публичной страницы и обнаруженных дочерних разделов; сохранять исходный текст и ссылки. Заявки, формы и личные кабинеты подключать только после установления доступного маршрута.","Публичная страница/поисковый индекс; доступ к запросам клиентов и партнёрскому кабинету не установлен.","Просмотр публичной информации без покупки; коммерческие условия партнёрства и доступа к заявкам не проверены. Платные подключения отдельно в пределах общего бюджета.","content_read","https://skillspace.ru/referral","Прочитана официальная партнёрская страница; справочный раздел описывает участие специалистов по контенту.","2026-10-01","not_separately_checked","not_checked_here","3","true","Проверить наличие каталога специалистов и канала запросов, отделить комиссию за ПО от заказов на услуги.","Уточнить передачу запросов партнёрам, формат субподряда и требуемую аккредитацию.","Поиск по приглашениям экспертов, партнёрским программам и каталогам интеграторов; проверка публичного маршрута","added_v3"
"MISB-396","Lerna Corp РФ — размещение курсов и корпоративная дистрибуция","https://corp.lerna.ru/partner-program","C18","C18","Каталоги и карты экосистем","Каталоги курсов и партнёрская дистрибуция","РФ","RU","P","P; R","Каталог каналов","Лицензирование или размещение курсов МИСБ; входящие корпоративные запросы через партнёра","Менеджер контента / партнёрских программ платформы","Внизу корпоративной страницы опубликован отдельный контакт для размещения курсов; это вход к библиотеке корпоративного обучения.","Готовые видеокурсы, пакеты управленческих программ, лицензирование","размещение курсов; корпоративный каталог; библиотека","Проверка изменений публичной страницы и обнаруженных дочерних разделов; сохранять исходный текст и ссылки. Заявки, формы и личные кабинеты подключать только после установления доступного маршрута.","Публичная страница/поисковый индекс; доступ к запросам клиентов и партнёрскому кабинету не установлен.","Просмотр публичной информации без покупки; коммерческие условия партнёрства и доступа к заявкам не проверены. Платные подключения отдельно в пределах общего бюджета.","content_read","https://corp.lerna.ru/partner-program","Прочитан официальный контакт размещения курсов partners@lerna.team; сама страница также описывает корпоративную программу.","2026-10-01","not_separately_checked","not_checked_here","1","true","Уточнить требования к курсам МИСБ, модели оплаты и наличие запросов на недостающие темы.","Проверить допуск провайдера ДПО, условия размещения, коммерческие права и маршрут корпоративных запросов.","Поиск по приглашениям экспертов, партнёрским программам и каталогам интеграторов; проверка публичного маршрута","added_v3"
"MISB-397","Lerna Corp Казахстан — региональная партнёрская страница","https://corp.lerna.kz/partner-program","C18","C18","Каталоги и карты экосистем","Каталоги курсов и партнёрская дистрибуция","Казахстан","KZ","P","P; R","Каталог каналов","Лицензирование или размещение курсов МИСБ; входящие корпоративные запросы через партнёра","Менеджер контента / партнёрских программ платформы","Региональный корпоративный каталог может требовать локализованные курсы и экспертов для казахстанских клиентов.","Локализация цифровых курсов, управленческие и HR-программы","Казахстан; курс; корпоративное обучение; партнер","Проверка изменений публичной страницы и обнаруженных дочерних разделов; сохранять исходный текст и ссылки. Заявки, формы и личные кабинеты подключать только после установления доступного маршрута.","Публичная страница/поисковый индекс; доступ к запросам клиентов и партнёрскому кабинету не установлен.","Просмотр публичной информации без покупки; коммерческие условия партнёрства и доступа к заявкам не проверены. Платные подключения отдельно в пределах общего бюджета.","content_read","https://corp.lerna.kz/partner-program","Официальная страница Казахстана открыта; в поиске присутствует маршрут размещения курсов.","2026-10-01","not_separately_checked","not_checked_here","2","true","Установить локального ответственного, требования к адаптации и различия от каталога РФ.","Проверить допуск провайдера ДПО, условия размещения, коммерческие права и маршрут корпоративных запросов.","Поиск по приглашениям экспертов, партнёрским программам и каталогам интеграторов; проверка публичного маршрута","added_v3"
"MISB-398","ProctorEdu — партнёры среди образовательных компаний и разработчиков курсов","https://proctoredu.ru/partnerskaya-programma","C13","C13","Внедрения ERP, ЭДО и LMS","Партнёрские сети LMS и интеграторов","РФ","RU","P","P","Внедрение цифровой системы","Совместный проект или субподряд по разработке и запуску обучения","Партнёрский отдел / руководитель внедрения","Проекты оценки и подтверждения знаний создают соседние задачи по тестам, аттестации и учебному контенту.","Тестовые банки, подготовка к оценке, корпоративные программы","оценка; тестирование; разработчик курсов; партнер","Проверка изменений публичной страницы и обнаруженных дочерних разделов; сохранять исходный текст и ссылки. Заявки, формы и личные кабинеты подключать только после установления доступного маршрута.","Публичная страница/поисковый индекс; доступ к запросам клиентов и партнёрскому кабинету не установлен.","Просмотр публичной информации без покупки; коммерческие условия партнёрства и доступа к заявкам не проверены. Платные подключения отдельно в пределах общего бюджета.","content_read","https://proctoredu.ru/partnerskaya-programma","Официальная страница партнёрства открыта; отдельно названы образовательные компании и разработчики курсов.","2026-10-01","not_separately_checked","not_checked_here","3","true","Уточнить совместные проекты по оценке знаний и условия взаимодействия с действующими партнёрами.","Уточнить передачу запросов партнёрам, формат субподряда и требуемую аккредитацию.","Поиск по приглашениям экспертов, партнёрским программам и каталогам интеграторов; проверка публичного маршрута","added_v3"
"MISB-399","Lifel — тематическая лента вакансий электронного обучения","https://lifel.ru/elearn/vacancy","C19","C19","Учебные провайдеры и авторские сети","Вакансии как сигнал проектной нагрузки провайдера","РФ","RU","I","I","Субподряд провайдера","Предложение проектного подряда вместо либо параллельно найму; только после подтверждения интереса","Руководитель обучения / производственный руководитель","Тематическая подборка выделяет работодателей с задачами разработки курсов, LMS и L&D.","Разработка курсов, методология, временная производственная команда","разработчик курсов; методолог; LMS; обучение","Проверка изменений публичной страницы и обнаруженных дочерних разделов; сохранять исходный текст и ссылки. Заявки, формы и личные кабинеты подключать только после установления доступного маршрута.","Публичная страница/поисковый индекс; доступ к запросам клиентов и партнёрскому кабинету не установлен.","Просмотр публичной информации без покупки; коммерческие условия партнёрства и доступа к заявкам не проверены. Платные подключения отдельно в пределах общего бюджета.","content_read","https://lifel.ru/elearn/vacancy","Открыта тематическая лента со ссылками на первичные вакансии и названиями работодателей.","2026-10-01","not_separately_checked","not_checked_here","2","true","Собирать ссылки на первичные карточки и проектные обязанности; отмечать возможность субподряда как гипотезу.","Вакансия не равна закупке: уточнить допустимость внешней команды и реальную проектную потребность.","Поиск по приглашениям экспертов, партнёрским программам и каталогам интеграторов; проверка публичного маршрута","added_v3"
"MISB-400","Ракурс — вакансии производства электронных курсов","https://ra-kurs.spb.ru/company/about/vacancy/","C19","C19","Учебные провайдеры и авторские сети","Вакансии как сигнал проектной нагрузки провайдера","РФ","RU","I","I","Субподряд провайдера","Предложение проектного подряда вместо либо параллельно найму; только после подтверждения интереса","Руководитель обучения / производственный руководитель","Нагрузка на разработку и взаимодействие с предметными экспертами может быть решена проектной командой.","Сценарии и методология электронных курсов, разработка контента","разработчик электронных курсов; сценарий; эксперт","Проверка изменений публичной страницы и обнаруженных дочерних разделов; сохранять исходный текст и ссылки. Заявки, формы и личные кабинеты подключать только после установления доступного маршрута.","Публичная страница/поисковый индекс; доступ к запросам клиентов и партнёрскому кабинету не установлен.","Просмотр публичной информации без покупки; коммерческие условия партнёрства и доступа к заявкам не проверены. Платные подключения отдельно в пределах общего бюджета.","content_read","https://ra-kurs.spb.ru/company/about/vacancy/","Официальная страница вакансий открыта; описание в поиске включает работу с экспертами и сценариями.","2026-10-01","not_separately_checked","not_checked_here","2","true","Установить актуальность вакансии и допустимость проектного договора; отдельно обследовать раздел партнёров.","Вакансия не равна закупке: уточнить допустимость внешней команды и реальную проектную потребность.","Поиск по приглашениям экспертов, партнёрским программам и каталогам интеграторов; проверка публичного маршрута","added_v3"
"MISB-401","Корпоративный университет ТМХ — вакансия разработчика электронных курсов","https://tmh-university.ru/vacancies/razrabotchik-elektronnykh-kursov/","C19","C19","Учебные провайдеры и авторские сети","Вакансии как сигнал проектной нагрузки провайдера","РФ","RU","I","I","Субподряд провайдера","Предложение проектного подряда вместо либо параллельно найму; только после подтверждения интереса","Руководитель обучения / производственный руководитель","Описанные обязанности по производству курсов указывают на содержательную нагрузку корпоративного университета.","Электронные курсы, методология, корпоративные программы специалистов","электронный курс; LMS; планирование; разработка","Проверка изменений публичной страницы и обнаруженных дочерних разделов; сохранять исходный текст и ссылки. Заявки, формы и личные кабинеты подключать только после установления доступного маршрута.","Публичная страница/поисковый индекс; доступ к запросам клиентов и партнёрскому кабинету не установлен.","Просмотр публичной информации без покупки; коммерческие условия партнёрства и доступа к заявкам не проверены. Платные подключения отдельно в пределах общего бюджета.","search_index","https://tmh-university.ru/vacancies/razrabotchik-elektronnykh-kursov/","Официальный поисковый результат описывает разработку и размещение курсов; прямое открытие дало timeout.","2026-10-01","not_separately_checked","not_checked_here","2","true","Повторно проверить дату и статус; найти закупочный/партнёрский маршрут университета и сопоставить проектные задачи.","Вакансия не равна закупке: уточнить допустимость внешней команды и реальную проектную потребность.","Поиск по приглашениям экспертов, партнёрским программам и каталогам интеграторов; проверка публичного маршрута","added_v3"
"MISB-402","Бизнес Инсайт — приглашение спикеров и образовательных организаций","https://bi-school.ru/dlya-provedeniya-vebinarov-priglashaem-spikerov/","C19","C19","Учебные провайдеры и авторские сети","Образовательные провайдеры — набор экспертов и соисполнителей","РФ","RU","P","P","Субподряд провайдера","Авторский модуль, преподавание или совместная корпоративная программа","Руководитель учебных программ / продюсер","Провайдер приглашает спикеров и институты к участию в вебинарах и экспертной базе.","Вебинары, тренинги, экспертные выступления","спикер; вебинар; институт; партнер","Проверка изменений публичной страницы и обнаруженных дочерних разделов; сохранять исходный текст и ссылки. Заявки, формы и личные кабинеты подключать только после установления доступного маршрута.","Публичная страница/поисковый индекс; доступ к запросам клиентов и партнёрскому кабинету не установлен.","Просмотр публичной информации без покупки; коммерческие условия партнёрства и доступа к заявкам не проверены. Платные подключения отдельно в пределах общего бюджета.","content_read","https://bi-school.ru/dlya-provedeniya-vebinarov-priglashaem-spikerov/","Официальная страница открыта; содержит маршруты базы спикеров, партнёров и приглашения вебинаров.","2026-10-01","not_separately_checked","not_checked_here","2","true","Проверить действующие условия, разделить оплачиваемые выступления и маркетинговые форматы.","Уточнить текущие темы, формат договора с институтом и порядок включения в пул исполнителей.","Поиск по приглашениям экспертов, партнёрским программам и каталогам интеграторов; проверка публичного маршрута","added_v3"
"MISB-403","Юнитория — приглашение преподавателей и бизнес-тренеров","https://unitoria.ru/o-nas/vakansii","C19","C19","Учебные провайдеры и авторские сети","Образовательные провайдеры — набор экспертов и соисполнителей","РФ","RU","P","P","Субподряд провайдера","Авторский модуль, преподавание или совместная корпоративная программа","Руководитель учебных программ / продюсер","Центр приглашает преподавателей, специалистов предприятий и бизнес-тренеров делиться практической экспертизой.","Авторские семинары, развитие специалистов, тренинги","преподаватель; эксперт; бизнес-тренер; лекция","Проверка изменений публичной страницы и обнаруженных дочерних разделов; сохранять исходный текст и ссылки. Заявки, формы и личные кабинеты подключать только после установления доступного маршрута.","Публичная страница/поисковый индекс; доступ к запросам клиентов и партнёрскому кабинету не установлен.","Просмотр публичной информации без покупки; коммерческие условия партнёрства и доступа к заявкам не проверены. Платные подключения отдельно в пределах общего бюджета.","content_read","https://unitoria.ru/o-nas/vakansii","Открыта официальная страница вакансий; в поиске подтверждено приглашение квалифицированных экспертов.","2026-10-01","not_separately_checked","not_checked_here","2","true","Уточнить корпоративные направления и формат договора с образовательной организацией.","Уточнить текущие темы, формат договора с институтом и порядок включения в пул исполнителей.","Поиск по приглашениям экспертов, партнёрским программам и каталогам интеграторов; проверка публичного маршрута","added_v3"
"MISB-404","МЦФЭР Казахстан — приглашение лекторов семинаров","https://seminar.mcfr.kz/sotrudnichesrvo","C19","C19","Учебные провайдеры и авторские сети","Образовательные провайдеры — набор экспертов и соисполнителей","Казахстан","KZ","P","P","Субподряд провайдера","Авторский модуль, преподавание или совместная корпоративная программа","Руководитель учебных программ / продюсер","Провайдер финансово-экономической и управленческой информации приглашает лекторов.","Финансы, право, HR, управление; локализованные семинары","лектор; семинар; Казахстан; финансы; кадры","Проверка изменений публичной страницы и обнаруженных дочерних разделов; сохранять исходный текст и ссылки. Заявки, формы и личные кабинеты подключать только после установления доступного маршрута.","Публичная страница/поисковый индекс; доступ к запросам клиентов и партнёрскому кабинету не установлен.","Просмотр публичной информации без покупки; коммерческие условия партнёрства и доступа к заявкам не проверены. Платные подключения отдельно в пределах общего бюджета.","search_index","https://seminar.mcfr.kz/sotrudnichesrvo","Официальная страница найдена в поиске с приглашением лекторов; прямое открытие не удалось.","2026-10-01","not_separately_checked","not_checked_here","1","true","Проверить действующий контакт на основном домене; уточнить местные требования и новые темы.","Уточнить текущие темы, формат договора с институтом и порядок включения в пул исполнителей.","Поиск по приглашениям экспертов, партнёрским программам и каталогам интеграторов; проверка публичного маршрута","added_v3"
"MISB-405","Центр развития предпринимательства Владивостока — партнёрство с тренерами и центрами","https://crpvl.ru/index.php?information_id=24&route=information%2Finformation","C19","C19","Учебные провайдеры и авторские сети","Образовательные провайдеры — набор экспертов и соисполнителей","РФ / Приморский край","RU","P","P","Субподряд провайдера","Авторский модуль, преподавание или совместная корпоративная программа","Руководитель учебных программ / продюсер","Центр приглашает консалтинговые центры, лекторов и тренеров к совместным образовательным проектам.","Семинары предпринимателям, закупки, управление, HR, деловые игры","партнерство; лекция; бизнес-дисциплины; мастер-класс","Проверка изменений публичной страницы и обнаруженных дочерних разделов; сохранять исходный текст и ссылки. Заявки, формы и личные кабинеты подключать только после установления доступного маршрута.","Публичная страница/поисковый индекс; доступ к запросам клиентов и партнёрскому кабинету не установлен.","Просмотр публичной информации без покупки; коммерческие условия партнёрства и доступа к заявкам не проверены. Платные подключения отдельно в пределах общего бюджета.","content_read","https://crpvl.ru/index.php?information_id=24&route=information%2Finformation","Открыта официальная страница партнёрства; приглашение к совместным программам подтверждено поиском.","2026-10-01","not_separately_checked","not_checked_here","2","true","Выяснить календарь тем, финансирование и порядок отбора исполнителей.","Уточнить текущие темы, формат договора с институтом и порядок включения в пул исполнителей.","Поиск по приглашениям экспертов, партнёрским программам и каталогам интеграторов; проверка публичного маршрута","added_v3"
"MISB-406","Академия технического регулирования Казахстана — приглашение лекторов и экспертов","https://atssm.kz/en/press-center/default/priglashaem-lektorov-i-ekspertov-k-sotrudnichestvu","C19","C19","Учебные провайдеры и авторские сети","Образовательные провайдеры — набор экспертов и соисполнителей","Казахстан","KZ","P","P; R","Субподряд провайдера","Авторский модуль, преподавание или совместная корпоративная программа","Руководитель учебных программ / продюсер","Специализированный образовательный оператор публично приглашает внешних лекторов.","Стандартизация, управление рисками, аудит, антикоррупционный менеджмент, энергетический менеджмент","лектор; эксперт; ISO 37001; ISO 50001; риск; аудит","Проверка изменений публичной страницы и обнаруженных дочерних разделов; сохранять исходный текст и ссылки. Заявки, формы и личные кабинеты подключать только после установления доступного маршрута.","Публичная страница/поисковый индекс; доступ к запросам клиентов и партнёрскому кабинету не установлен.","Просмотр публичной информации без покупки; коммерческие условия партнёрства и доступа к заявкам не проверены. Платные подключения отдельно в пределах общего бюджета.","content_read","https://atssm.kz/en/press-center/default/priglashaem-lektorov-i-ekspertov-k-sotrudnichestvu","С официальной новостной ленты открыто приглашение от 11.03.2026; на сайте представлены соответствующие направления стандартов.","2026-10-01","not_separately_checked","not_checked_here","1","true","Сопоставить экспертов МИСБ с программами; уточнить следующие наборы и условия кооперации.","Уточнить текущие темы, формат договора с институтом и порядок включения в пул исполнителей.","Поиск по приглашениям экспертов, партнёрским программам и каталогам интеграторов; проверка публичного маршрута","added_v3"
"MISB-407","Новый Диск — корпоративное электронное обучение и библиотека SCORM","https://e-learning.nd.ru/","C19","C19","Учебные провайдеры и авторские сети","Студии электронного обучения и контентный субподряд","РФ","RU","P","P","Субподряд провайдера","Экспертное содержание, методология или разработка модуля под брендом генерального подрядчика","Продюсер / руководитель проектов студии","Крупный каталог и заказная разработка создают возможные задачи обновления специализированного контента.","Этика, комплаенс, финансы, управление, цифровые курсы","SCORM; готовый курс; разработка; сотрудничество","Проверка изменений публичной страницы и обнаруженных дочерних разделов; сохранять исходный текст и ссылки. Заявки, формы и личные кабинеты подключать только после установления доступного маршрута.","Публичная страница/поисковый индекс; доступ к запросам клиентов и партнёрскому кабинету не установлен.","Просмотр публичной информации без покупки; коммерческие условия партнёрства и доступа к заявкам не проверены. Платные подключения отдельно в пределах общего бюджета.","search_index","https://e-learning.nd.ru/","Официальный домен найден в поиске: готовые SCORM-курсы, видео, симуляторы и контакт сотрудничества; прямое открытие не удалось.","2026-10-01","not_separately_checked","not_checked_here","2","true","Повторно проверить сайт и найти раздел авторов/производства, затем спросить о темах для обновления.","Подтвердить, привлекает ли студия внешних исполнителей и принимает ли организацию как подрядчика.","Поиск по приглашениям экспертов, партнёрским программам и каталогам интеграторов; проверка публичного маршрута","added_v3"
"MISB-408","Курсон — партнёрская сеть учебных центров и производителей контента","https://courson.ru/","C13","C13","Внедрения ERP, ЭДО и LMS","Партнёрские сети LMS и интеграторов","РФ","RU","P","P","Внедрение цифровой системы","Совместный проект или субподряд по разработке и запуску обучения","Партнёрский отдел / руководитель внедрения","Платформа объединяет обучение у партнёрских центров, содержит видеоуроки и приглашение стать партнёром.","Видеокурсы для специалистов, безопасность руководителей, оценка знаний","партнер; учебный центр; видеоурок; специалист; руководитель","Проверка изменений публичной страницы и обнаруженных дочерних разделов; сохранять исходный текст и ссылки. Заявки, формы и личные кабинеты подключать только после установления доступного маршрута.","Публичная страница/поисковый индекс; доступ к запросам клиентов и партнёрскому кабинету не установлен.","Просмотр публичной информации без покупки; коммерческие условия партнёрства и доступа к заявкам не проверены. Платные подключения отдельно в пределах общего бюджета.","content_read","https://courson.ru/","Прочитаны блоки партнёрских учебных центров, видеоуроков и приглашения стать партнёром.","2026-10-01","not_separately_checked","not_checked_here","2","true","Определить подходящие управленческие/экспертные модули и требования к внешнему поставщику видео.","Уточнить передачу запросов партнёрам, формат субподряда и требуемую аккредитацию.","Поиск по приглашениям экспертов, партнёрским программам и каталогам интеграторов; проверка публичного маршрута","added_v3"
"MISB-409","НИУ ВШЭ — сотрудничество с индустрией и внешние учебные модули","https://www.hse.ru/partners/","C19","C19","Учебные провайдеры и авторские сети","Образовательные провайдеры — набор экспертов и соисполнителей","РФ","RU","P","P","Субподряд провайдера","Авторский модуль, преподавание или совместная корпоративная программа","Руководитель учебных программ / продюсер","Описана возможность участия компаний в актуализации программ и разработки готовых образовательных компонентов.","Совместные модули, корпоративные кейсы, цифровой контент","образовательный компонент; дисциплина; партнер; модуль","Проверка изменений публичной страницы и обнаруженных дочерних разделов; сохранять исходный текст и ссылки. Заявки, формы и личные кабинеты подключать только после установления доступного маршрута.","Публичная страница/поисковый индекс; доступ к запросам клиентов и партнёрскому кабинету не установлен.","Просмотр публичной информации без покупки; коммерческие условия партнёрства и доступа к заявкам не проверены. Платные подключения отдельно в пределах общего бюджета.","content_read","https://www.hse.ru/partners/","Прочитана официальная страница партнёров; поиск раскрывает встроенные учебные модули и совместную разработку.","2026-10-01","not_separately_checked","not_checked_here","3","true","Выбрать конкретные программы ДПО/бизнеса и установить способ коммерческой кооперации.","Уточнить текущие темы, формат договора с институтом и порядок включения в пул исполнителей.","Поиск по приглашениям экспертов, партнёрским программам и каталогам интеграторов; проверка публичного маршрута","added_v3"
"MISB-410","Национальный открытый институт — партнёрство по дистанционным курсам","https://moodle.noironline.ru/loginuser/","C19","C19","Учебные провайдеры и авторские сети","Образовательные провайдеры — набор экспертов и соисполнителей","РФ","RU","P","P","Субподряд провайдера","Авторский модуль, преподавание или совместная корпоративная программа","Руководитель учебных программ / продюсер","На странице входа отдельно предлагаются экспертное преподавание и совместная разработка электронных курсов.","Дистанционные программы, авторские модули, методическая разработка","партнерам; совместная разработка; электронный курс","Проверка изменений публичной страницы и обнаруженных дочерних разделов; сохранять исходный текст и ссылки. Заявки, формы и личные кабинеты подключать только после установления доступного маршрута.","Публичная страница/поисковый индекс; доступ к запросам клиентов и партнёрскому кабинету не установлен.","Просмотр публичной информации без покупки; коммерческие условия партнёрства и доступа к заявкам не проверены. Платные подключения отдельно в пределах общего бюджета.","content_read","https://moodle.noironline.ru/loginuser/","Страница открыта; в поиске подтверждены вопросы экспертам и блок совместной разработки курсов.","2026-10-01","not_separately_checked","not_checked_here","2","true","Найти актуальные контакты института и уточнить коммерческие тематические задачи; не пытаться собирать закрытые курсы.","Уточнить текущие темы, формат договора с институтом и порядок включения в пул исполнителей.","Поиск по приглашениям экспертов, партнёрским программам и каталогам интеграторов; проверка публичного маршрута","added_v3"
"MISB-411","ЭВОЛА — цифровые проекты корпоративного обучения","https://evola.ru/corporatetraining","C13","C13","Внедрения ERP, ЭДО и LMS","Партнёрские сети LMS и интеграторов","РФ","RU","P","P; R","Внедрение цифровой системы","Совместный проект или субподряд по разработке и запуску обучения","Партнёрский отдел / руководитель внедрения","Интегратор разворачивает обучение и инструменты создания контента; проектам может требоваться предметное наполнение.","Электронные курсы, подготовка методологов, корпоративные траектории","корпоративное обучение; Websoft; iSpring; контент","Проверка изменений публичной страницы и обнаруженных дочерних разделов; сохранять исходный текст и ссылки. Заявки, формы и личные кабинеты подключать только после установления доступного маршрута.","Публичная страница/поисковый индекс; доступ к запросам клиентов и партнёрскому кабинету не установлен.","Просмотр публичной информации без покупки; коммерческие условия партнёрства и доступа к заявкам не проверены. Платные подключения отдельно в пределах общего бюджета.","content_read","https://evola.ru/corporatetraining","Официальная страница прочитана; описаны LMS, конструкторы курсов и оценка эффективности.","2026-10-01","not_separately_checked","not_checked_here","2","true","Обследовать кейсы/новости и найти владельца контентной части проекта; уточнить субподряд.","Уточнить передачу запросов партнёрам, формат субподряда и требуемую аккредитацию.","Поиск по приглашениям экспертов, партнёрским программам и каталогам интеграторов; проверка публичного маршрута","added_v3"
"MISB-412","Технологии обучения — HR-автоматизация и инструменты курсов","https://texob.ru/hr/","C13","C13","Внедрения ERP, ЭДО и LMS","Партнёрские сети LMS и интеграторов","РФ","RU","P","P; R","Внедрение цифровой системы","Совместный проект или субподряд по разработке и запуску обучения","Партнёрский отдел / руководитель внедрения","Системный интегратор работает с автоматизацией развития и электронным обучением; возможны задачи методологии и производства контента.","Методология LMS, электронные курсы, обучение руководителей","HR; обучение; электронный курс; сценарий; автоматизация","Проверка изменений публичной страницы и обнаруженных дочерних разделов; сохранять исходный текст и ссылки. Заявки, формы и личные кабинеты подключать только после установления доступного маршрута.","Публичная страница/поисковый индекс; доступ к запросам клиентов и партнёрскому кабинету не установлен.","Просмотр публичной информации без покупки; коммерческие условия партнёрства и доступа к заявкам не проверены. Платные подключения отдельно в пределах общего бюджета.","content_read","https://texob.ru/hr/","Официальная страница открыта; описывает HR-инструменты и создание электронных курсов.","2026-10-01","not_separately_checked","not_checked_here","2","true","Найти проекты с новым обучающим контентом и установить маршрут предложения внешних экспертов.","Уточнить передачу запросов партнёрам, формат субподряда и требуемую аккредитацию.","Поиск по приглашениям экспертов, партнёрским программам и каталогам интеграторов; проверка публичного маршрута","added_v3"
"MISB-413","Глобэкс АйТи — отдельный раздел разработки электронных курсов","https://globexit.ru/services/sozdanie-elektronnyh-kursov/","C19","C19","Учебные провайдеры и авторские сети","Студии электронного обучения и контентный субподряд","РФ","RU","P","P; R","Субподряд провайдера","Экспертное содержание, методология или разработка модуля под брендом генерального подрядчика","Продюсер / руководитель проектов студии","Внедрение Websoft сопровождается услугой разработки курсов; возможна потребность во внешнем отраслевом содержании.","Электронные курсы, сценарии, экспертные модули","электронный курс; Websoft; сценарий; разработка","Проверка изменений публичной страницы и обнаруженных дочерних разделов; сохранять исходный текст и ссылки. Заявки, формы и личные кабинеты подключать только после установления доступного маршрута.","Публичная страница/поисковый индекс; доступ к запросам клиентов и партнёрскому кабинету не установлен.","Просмотр публичной информации без покупки; коммерческие условия партнёрства и доступа к заявкам не проверены. Платные подключения отдельно в пределах общего бюджета.","search_index","https://globexit.ru/","Маршрут раздела подтверждён прямой ссылкой с прочитанной официальной главной страницы; открытие раздела вернуло 415.","2026-10-01","not_separately_checked","not_checked_here","2","true","Повторно проверить раздел обычным чтением; отдельно найти контакты контентного производства.","Подтвердить, привлекает ли студия внешних исполнителей и принимает ли организацию как подрядчика.","Поиск по приглашениям экспертов, партнёрским программам и каталогам интеграторов; проверка публичного маршрута","added_v3"
"MISB-414","Медиум-Центр — белорусский интегратор и разработчик курсов из сети Websoft","https://medium-centr.by/","C13","C13","Внедрения ERP, ЭДО и LMS","Студии электронного обучения и контентный субподряд","Беларусь","BY","P","P; R","Внедрение цифровой системы","Экспертное содержание, методология или разработка модуля под брендом генерального подрядчика","Продюсер / руководитель проектов студии","Официальный каталог Websoft описывает партнёра как разработчика и продавца электронных курсов.","Локализация, SCORM, корпоративные курсы и методология","Беларусь; электронный курс; Websoft; методология","Проверка изменений публичной страницы и обнаруженных дочерних разделов; сохранять исходный текст и ссылки. Заявки, формы и личные кабинеты подключать только после установления доступного маршрута.","Публичная страница/поисковый индекс; доступ к запросам клиентов и партнёрскому кабинету не установлен.","Просмотр публичной информации без покупки; коммерческие условия партнёрства и доступа к заявкам не проверены. Платные подключения отдельно в пределах общего бюджета.","search_index","https://websoft.ru/partners","Прочитан официальный каталог Websoft с названием, описанием и прямой ссылкой на Медиум-Центр. Сам сайт недоступен через инструмент.","2026-10-01","not_separately_checked","not_checked_here","2","true","Проверить актуальную идентичность и контакт по независимым официальным следам; затем определить проектные маршруты.","Подтвердить, привлекает ли студия внешних исполнителей и принимает ли организацию как подрядчика.","Поиск по приглашениям экспертов, партнёрским программам и каталогам интеграторов; проверка публичного маршрута","added_v3"
"MISB-415","Unicraft — авторы экспертного блога об обучении и управлении","https://www.unicraft.org/blog/avtor-bloga/","C19","C19","Учебные провайдеры и авторские сети","Экспертные публикации и совместные образовательные мероприятия","РФ","RU","P","P; R","Субподряд провайдера","Экспертная публикация или совместный вебинар с последующим корпоративным запросом","Редактор / руководитель мероприятий","Отдельный маршрут для авторов позволяет выйти на аудиторию владельцев обучения и получить предметные обращения.","Экспертные материалы, корпоративные вебинары, обучение управлению","автор; обучение; управление персоналом; эксперт","Проверка изменений публичной страницы и обнаруженных дочерних разделов; сохранять исходный текст и ссылки. Заявки, формы и личные кабинеты подключать только после установления доступного маршрута.","Публичная страница/поисковый индекс; доступ к запросам клиентов и партнёрскому кабинету не установлен.","Просмотр публичной информации без покупки; коммерческие условия партнёрства и доступа к заявкам не проверены. Платные подключения отдельно в пределах общего бюджета.","content_read","https://www.unicraft.org/blog/avtor-bloga/","Официальная страница открыта по ссылке из меню партнёрской программы.","2026-10-01","not_separately_checked","not_checked_here","3","true","Проверить условия публикации, допустимый экспертный профиль и возможность совместного вебинара.","Отделить оплачиваемую работу от бесплатного продвижения и согласовать источник входящих запросов.","Поиск по приглашениям экспертов, партнёрским программам и каталогам интеграторов; проверка публичного маршрута","added_v3"
"MISB-416","Stepik — канал размещения и продажи авторских курсов","https://teach.stepik.org/ru/paid-courses","C18","C18","Каталоги и карты экосистем","Каталоги курсов и партнёрская дистрибуция","РФ","RU","P","P","Каталог каналов","Лицензирование или размещение курсов МИСБ; входящие корпоративные запросы через партнёра","Менеджер контента / партнёрских программ платформы","Площадка позволяет авторам продавать курсы и получать обратную связь; корпоративные обращения возможны по темам бизнеса и цифровых навыков.","Готовые видеокурсы, Excel и цифровые навыки, управленческие модули","автор; платный курс; бизнес; корпоративный доступ","Проверка изменений публичной страницы и обнаруженных дочерних разделов; сохранять исходный текст и ссылки. Заявки, формы и личные кабинеты подключать только после установления доступного маршрута.","Публичная страница/поисковый индекс; доступ к запросам клиентов и партнёрскому кабинету не установлен.","Просмотр публичной информации без покупки; коммерческие условия партнёрства и доступа к заявкам не проверены. Платные подключения отдельно в пределах общего бюджета.","content_read","https://teach.stepik.org/ru/paid-courses","Официальная страница создания платных курсов прочитана; есть правила продаж и расчётов с авторами.","2026-10-01","not_separately_checked","not_checked_here","3","true","Уточнить корпоративные лицензии и маршрут обратной связи; не путать продажи мест с заказной разработкой.","Проверить допуск провайдера ДПО, условия размещения, коммерческие права и маршрут корпоративных запросов.","Поиск по приглашениям экспертов, партнёрским программам и каталогам интеграторов; проверка публичного маршрута","added_v3"
"MISB-417","Glabis — встречи сообщества бизнес-тренеров и руководителей обучения","https://glabis.by/posidelki/","C19","C19","Учебные провайдеры и авторские сети","Профессиональные сообщества провайдеров обучения","Беларусь","BY","R","R","Субподряд провайдера","Партнёрские рекомендации, обмен нагрузкой, совместное выполнение проекта","Организатор сообщества / участник с проектом","Встречи объединяют внешних и внутренних тренеров и L&D; обсуждаются изменения запросов клиентов и совместные задачи.","Партнёрские рекомендации, тренинги, фасилитация, обмен проектной нагрузкой","запрос клиента; тренер; L&D; корпоративное обучение","Проверка изменений публичной страницы и обнаруженных дочерних разделов; сохранять исходный текст и ссылки. Заявки, формы и личные кабинеты подключать только после установления доступного маршрута.","Публичная страница/поисковый индекс; доступ к запросам клиентов и партнёрскому кабинету не установлен.","Просмотр публичной информации без покупки; коммерческие условия партнёрства и доступа к заявкам не проверены. Платные подключения отдельно в пределах общего бюджета.","content_read","https://glabis.by/posidelki/","Официальная страница встречи открыта; перечислены внешние тренеры, L&D и руководители обучения.","2026-10-01","not_separately_checked","not_checked_here","2","true","Найти актуальное сообщество после встречи и правила доступа к запросам; сохранить события и связанные каналы раздельно.","Найти доступную ленту запросов, правила участия и способ получения разрешённых уведомлений.","Поиск по приглашениям экспертов, партнёрским программам и каталогам интеграторов; проверка публичного маршрута","added_v3"
"MISB-418","БСПН им. Кунявского — материалы и повестка мероприятий","https://bspn.by/index.php/materialy-meropriyatij","C10","C10","Конференции, премии и клубы","Бизнес-союзы и отраслевые ассоциации","Беларусь","BY","P","P","Организатор конференции","Выявить куратора программы и предложить содержательный модуль / приглашённого преподавателя / производство курса; партнёрство и бюджет заказчика требуют подтверждения.","организатор / потенциальный партнёр","Программы повышения компетенций руководителей и специалистов компаний-членов.","Управление, финансы, бизнес-процессы, развитие руководителей","обучение | повышение квалификации | бизнес-тренер | семинар | стратсессия | электронный курс | кіраўнікоў | навучанне","Сохранять публичные анонсы, новости и ссылки на связанные страницы; извлекать организации, темы, даты и новые каналы; полноту пагинации проверять при подключении.","Публичная страница найдена; автоматическое получение и полнота ленты не проверены.","Публичный просмотр без покупки; тариф доступа к сообществу, участия или партнёрства проверять отдельно, не включать автоматически в бюджет 10 000 ₽/мес.","search_index","https://bspn.by/index.php/materialy-meropriyatij","Поисковый индекс первичного сайта описывает мероприятия для повышения квалификации руководителей и специалистов членских организаций.","2026-10-01","not_separately_checked","not_checked_here","2","true","Проверить основную ленту мероприятий, календарь и список членов; добавить дочерние источники, сохранив этот маршрут.","Не подтверждены RSS/API, пагинация, условия интеграции и наличие актуального запроса на внешнего исполнителя.","Поиск публичных первичных страниц организаций и проверка адресного маршрута","added_v3"
"MISB-419","РСПП Беларуси — сеть предприятий и отраслевых союзов","https://rspp.by/o-rspp/","C08","C08","Отраслевые союзы и СРО","Бизнес-союзы и отраслевые ассоциации","Беларусь","BY","R","R","Отраслевой союз и СРО","Сначала раскрыть членскую сеть и конкретные программы; затем квалифицировать заказчика и возможный договор на обучение.","сеть потенциальных заказчиков","Отраслевые проблемы, изменения управления и группы компаний для дальнейшего поиска потребностей.","Управление изменениями, закупки, экспорт, цифровые навыки руководителей","обучение | повышение квалификации | бизнес-тренер | семинар | стратсессия | электронный курс | кіраўнікоў | навучанне","Сохранять публичные анонсы, новости и ссылки на связанные страницы; извлекать организации, темы, даты и новые каналы; полноту пагинации проверять при подключении.","Публичная страница найдена; автоматическое получение и полнота ленты не проверены.","Публичный просмотр без покупки; тариф доступа к сообществу, участия или партнёрства проверять отдельно, не включать автоматически в бюджет 10 000 ₽/мес.","search_index","https://rspp.by/o-rspp/","Первичный сайт описывает объединение предприятий и отраслевых ассоциаций и взаимодействие с бизнесом по интеграции и регулированию.","2026-10-01","not_separately_checked","not_checked_here","2","true","Извлечь члены и отраслевые союзы; для каждой организации найти кадровую, образовательную и закупочную ветку.","Не подтверждены RSS/API, пагинация, условия интеграции и наличие актуального запроса на внешнего исполнителя.","Поиск публичных первичных страниц организаций и проверка адресного маршрута","added_v3"
"MISB-420","БелАБ — обучение и аттестация бухгалтеров","https://www.belab.by/education","C19","C19","Учебные провайдеры и авторские сети","Профессиональные сообщества специалистов","Беларусь","BY","P","P","Субподряд провайдера","Выявить куратора программы и предложить содержательный модуль / приглашённого преподавателя / производство курса; партнёрство и бюджет заказчика требуют подтверждения.","организатор / потенциальный партнёр","Повышение квалификации бухгалтеров МСП; региональные и дистанционные программы.","Финансы, учёт, управленческая отчётность, электронные программы","обучение | повышение квалификации | бизнес-тренер | семинар | стратсессия | электронный курс | кіраўнікоў | навучанне","Сохранять публичные анонсы, новости и ссылки на связанные страницы; извлекать организации, темы, даты и новые каналы; полноту пагинации проверять при подключении.","Публичная страница найдена; автоматическое получение и полнота ленты не проверены.","Публичный просмотр без покупки; тариф доступа к сообществу, участия или партнёрства проверять отдельно, не включать автоматически в бюджет 10 000 ₽/мес.","content_read","https://www.belab.by/education","Страница прочитана: описаны курсы, повышение квалификации, дистанционное обучение и региональные образовательные партнёры.","2026-10-01","not_separately_checked","not_checked_here","2","true","Перейти в вебинары и новости; выделить партнёрские учреждения во всех названных городах; проверить требования к преподавателям.","Не подтверждены RSS/API, пагинация, условия интеграции и наличие актуального запроса на внешнего исполнителя.","Поиск публичных первичных страниц организаций и проверка адресного маршрута","added_v3"
"MISB-421","СОЮЗ-эксперт — предложение тем и корпоративные программы","https://s-expert.by/","C08","C08","Отраслевые союзы и СРО","Партнёрские провайдеры и организаторы","Беларусь","BY","P","P","Отраслевой союз и СРО","Выявить куратора программы и предложить содержательный модуль / приглашённого преподавателя / производство курса; партнёрство и бюджет заказчика требуют подтверждения.","организатор / потенциальный партнёр","Разработка совместных семинаров и корпоративных программ под запросы клиентов.","Закупки, трудовое право, персональные данные, финансы, менеджмент","обучение | повышение квалификации | бизнес-тренер | семинар | стратсессия | электронный курс | кіраўнікоў | навучанне","Сохранять публичные анонсы, новости и ссылки на связанные страницы; извлекать организации, темы, даты и новые каналы; полноту пагинации проверять при подключении.","Публичная страница найдена; автоматическое получение и полнота ленты не проверены.","Публичный просмотр без покупки; тариф доступа к сообществу, участия или партнёрства проверять отдельно, не включать автоматически в бюджет 10 000 ₽/мес.","content_read","https://s-expert.by/","Страница прочитана: есть корпоративные программы и отдельная возможность предложить тему мероприятия.","2026-10-01","not_separately_checked","not_checked_here","1","true","Извлечь календарь и форму предложения темы; зафиксировать контакт куратора без отправки сообщений.","Не подтверждены RSS/API, пагинация, условия интеграции и наличие актуального запроса на внешнего исполнителя.","Поиск публичных первичных страниц организаций и проверка адресного маршрута","added_v3"
"MISB-422","Инфопарк Беларусь — ИТ-компании и деловые мероприятия","https://infopark.by/","C10","C10","Конференции, премии и клубы","Отраслевые ассоциации и ИТ-сети","Беларусь","BY","P","P","Организатор конференции","Выявить куратора программы и предложить содержательный модуль / приглашённого преподавателя / производство курса; партнёрство и бюджет заказчика требуют подтверждения.","организатор / потенциальный партнёр","Развитие цифровых компетенций бизнеса и управленческой команды ИТ-компаний.","ИИ для руководителей, цифровая трансформация, управление проектами","обучение | повышение квалификации | бизнес-тренер | семинар | стратсессия | электронный курс | кіраўнікоў | навучанне","Сохранять публичные анонсы, новости и ссылки на связанные страницы; извлекать организации, темы, даты и новые каналы; полноту пагинации проверять при подключении.","Публичная страница найдена; автоматическое получение и полнота ленты не проверены.","Публичный просмотр без покупки; тариф доступа к сообществу, участия или партнёрства проверять отдельно, не включать автоматически в бюджет 10 000 ₽/мес.","search_index","https://infopark.by/files/about_association.pdf","Официальный сайт сообщает о поддержке ИТ-индустрии и открытости совместным проектам; официальные программы подтверждают деловые конференции.","2026-10-01","not_separately_checked","not_checked_here","2","true","Собрать состав участников и комитетов, программы конференций и партнёров; сохранить PDF отдельными версиями.","Не подтверждены RSS/API, пагинация, условия интеграции и наличие актуального запроса на внешнего исполнителя.","Поиск публичных первичных страниц организаций и проверка адресного маршрута","added_v3"
"MISB-423","Могилевское отделение БелТПП — деловые визиты и семинары","https://mogilevcci.by/organization-of-visits-and-receptions/","C09","C09","Палаты, МСП, экспорт, производительность","Региональные торгово-промышленные палаты","Беларусь","BY","P","P; R","Региональный оператор","Предложить образовательную часть делового визита или корпоративную стажировку; проверить, кто оплачивает программу.","организатор / потенциальный партнёр","Программы деловых визитов, стажировок и встреч предприятий с образовательными блоками.","Управленческие стажировки, переговоры, экспортные семинары","обучение | повышение квалификации | бизнес-тренер | семинар | стратсессия | электронный курс | кіраўнікоў | навучанне","Сохранять публичные анонсы, новости и ссылки на связанные страницы; извлекать организации, темы, даты и новые каналы; полноту пагинации проверять при подключении.","Публичная страница найдена; автоматическое получение и полнота ленты не проверены.","Публичный просмотр без покупки; тариф доступа к сообществу, участия или партнёрства проверять отдельно, не включать автоматически в бюджет 10 000 ₽/мес.","search_index","https://mogilevcci.by/organization-of-visits-and-receptions/","Первичный сайт прямо включает специализированные конференции и семинары в возможную программу делового визита.","2026-10-01","not_separately_checked","not_checked_here","2","true","Найти календарь визитов и образовательных мероприятий, филиалы и запросы компаний; не ограничиваться заголовком «обучение».","Не подтверждены RSS/API, пагинация, условия интеграции и наличие актуального запроса на внешнего исполнителя.","Поиск публичных первичных страниц организаций и проверка адресного маршрута","added_v3"
"MISB-424","Бизнес-клуб Банка РРБ — лента бизнес-семинаров","https://club.rrb.by/news","C19","C19","Учебные провайдеры и авторские сети","Банковские бизнес-клубы","Беларусь","BY","P","P; R","Субподряд провайдера","Выявить куратора программы и предложить содержательный модуль / приглашённого преподавателя / производство курса; партнёрство и бюджет заказчика требуют подтверждения.","организатор / потенциальный партнёр","Клиентские семинары, бизнес-разборы и развитие предпринимателей банка.","Продажи, управление запасами, финансы для руководителей, бизнес-разборы","обучение | повышение квалификации | бизнес-тренер | семинар | стратсессия | электронный курс | кіраўнікоў | навучанне","Сохранять публичные анонсы, новости и ссылки на связанные страницы; извлекать организации, темы, даты и новые каналы; полноту пагинации проверять при подключении.","Публичная страница найдена; автоматическое получение и полнота ленты не проверены.","Публичный просмотр без покупки; тариф доступа к сообществу, участия или партнёрства проверять отдельно, не включать автоматически в бюджет 10 000 ₽/мес.","search_index","https://club.rrb.by/news","Официальная лента клуба публикует бизнес-семинары; банк анонсировал совместную программу бизнес-разборов с ассоциацией трекеров.","2026-10-01","not_separately_checked","not_checked_here","2","true","Извлечь календарь и организаторов; добавить партнёров клуба и события как связанные источники.","Не подтверждены RSS/API, пагинация, условия интеграции и наличие актуального запроса на внешнего исполнителя.","Поиск публичных первичных страниц организаций и проверка адресного маршрута","added_v3"
"MISB-425","BICC International — сообщество CEO и владельцев ИТ-бизнеса","https://www.bicc.co/","C19","C19","Учебные провайдеры и авторские сети","Закрытые деловые сообщества с публичным входом","Беларусь","BY","R","R","Субподряд провайдера","Искать публичные запросы и куратора программ клуба; доступ к резидентам и партнёрство обсуждаются отдельно.","сообщество потенциальных заказчиков","Запросы руководителей ИТ-компаний, обмен проектами и управленческие проблемы.","Лидерство, продажи B2B, управление проектами и командами","обучение | повышение квалификации | бизнес-тренер | семинар | стратсессия | электронный курс | кіраўнікоў | навучанне","Сохранять публичные анонсы, новости и ссылки на связанные страницы; извлекать организации, темы, даты и новые каналы; полноту пагинации проверять при подключении.","Публичная витрина; внутренние обсуждения и контакты могут быть доступны только членам.","Публичный просмотр без покупки; тариф доступа к сообществу, участия или партнёрства проверять отдельно, не включать автоматически в бюджет 10 000 ₽/мес.","search_index","https://www.bicc.co/","Первичный сайт описывает CEO/Owners-сообщество и обмен непрофильными проектами; это канал обнаружения потребностей, а не публичная доска заказов.","2026-10-01","not_separately_checked","not_checked_here","2","true","Собрать публичные мероприятия и правила партнёрства; закрытую переписку подключать только через предоставленный законный доступ.","Не подтверждены RSS/API, пагинация, условия интеграции и наличие актуального запроса на внешнего исполнителя.","Поиск публичных первичных страниц организаций и проверка адресного маршрута","added_v3"
"MISB-426","ИМПУЛЬС Беларусь — бизнес-клуб и запросы участников","https://impuls.by/about","C19","C19","Учебные провайдеры и авторские сети","Закрытые деловые сообщества с публичным входом","Беларусь","BY","R","R","Субподряд провайдера","Программное сотрудничество с клубом или реакция на явно опубликованный запрос резидента; членство не покупать автоматически.","сообщество потенциальных заказчиков","Проблемы предпринимателей, озвучиваемые на клубных встречах; развитие управленческих компетенций.","Управление, переговоры, продажи, финансовая грамотность руководителя","обучение | повышение квалификации | бизнес-тренер | семинар | стратсессия | электронный курс | кіраўнікоў | навучанне","Сохранять публичные анонсы, новости и ссылки на связанные страницы; извлекать организации, темы, даты и новые каналы; полноту пагинации проверять при подключении.","Публичные описание и анонсы; клубные обсуждения не являются открытой лентой.","Публичный просмотр без покупки; тариф доступа к сообществу, участия или партнёрства проверять отдельно, не включать автоматически в бюджет 10 000 ₽/мес.","content_read","https://impuls.by/about","Первичная страница описывает формат встреч с текущими запросами участников и возможность знакомства через открытые мероприятия.","2026-10-01","not_separately_checked","not_checked_here","2","true","Собрать публичный календарь, тематику и контакты дирекции; внутренние запросы не считать доступными без подключения.","Не подтверждены RSS/API, пагинация, условия интеграции и наличие актуального запроса на внешнего исполнителя.","Поиск публичных первичных страниц организаций и проверка адресного маршрута","added_v3"
"MISB-427","Точка Роста — бизнес-конференция и сеть организатора","https://tochkarosta.by/","C10","C10","Конференции, премии и клубы","Организаторы бизнес-форумов","Беларусь","BY","P","P","Организатор конференции","Выявить куратора программы и предложить содержательный модуль / приглашённого преподавателя / производство курса; партнёрство и бюджет заказчика требуют подтверждения.","организатор / потенциальный партнёр","Следующие мероприятия, спикерская программа и запросы предпринимателей.","Деловые мастер-классы, управление, фасилитация и методика программ","обучение | повышение квалификации | бизнес-тренер | семинар | стратсессия | электронный курс | кіраўнікоў | навучанне","Сохранять публичные анонсы, новости и ссылки на связанные страницы; извлекать организации, темы, даты и новые каналы; полноту пагинации проверять при подключении.","Публичная страница найдена; автоматическое получение и полнота ленты не проверены.","Публичный просмотр без покупки; тариф доступа к сообществу, участия или партнёрства проверять отдельно, не включать автоматически в бюджет 10 000 ₽/мес.","search_index","https://tochkarosta.by/","Первичная страница посвящена конференции 17 сентября 2026 в Минске, программе и организатору.","2026-10-01","not_separately_checked","not_checked_here","2","true","Сохранить прошедшее событие как адресный вход; проверить следующий сезон и связанные страницы организатора.","Не подтверждены RSS/API, пагинация, условия интеграции и наличие актуального запроса на внешнего исполнителя.","Поиск публичных первичных страниц организаций и проверка адресного маршрута","added_v3"
"MISB-428","Digital Day Belarus — программа и профессиональный клуб","https://digitaldaybelarus.com/","C10","C10","Конференции, премии и клубы","Отраслевые конференции и сообщества","Беларусь","BY","P","P","Организатор конференции","Выявить куратора программы и предложить содержательный модуль / приглашённого преподавателя / производство курса; партнёрство и бюджет заказчика требуют подтверждения.","организатор / потенциальный партнёр","Темы цифрового маркетинга, прикладного ИИ и образовательные блоки конференции.","ИИ для бизнеса, маркетинг, практикумы, производство видеоматериалов","обучение | повышение квалификации | бизнес-тренер | семинар | стратсессия | электронный курс | кіраўнікоў | навучанне","Сохранять публичные анонсы, новости и ссылки на связанные страницы; извлекать организации, темы, даты и новые каналы; полноту пагинации проверять при подключении.","Публичная страница найдена; автоматическое получение и полнота ленты не проверены.","Публичный просмотр без покупки; тариф доступа к сообществу, участия или партнёрства проверять отдельно, не включать автоматически в бюджет 10 000 ₽/мес.","search_index","https://digitaldaybelarus.com/","На первичной странице представлены конференция, мастер-классы, записи и закрытый клуб экспертов.","2026-10-01","not_separately_checked","not_checked_here","2","true","Отделить публичную программу, архив выступлений и закрытый клуб; искать правила привлечения экспертов.","Не подтверждены RSS/API, пагинация, условия интеграции и наличие актуального запроса на внешнего исполнителя.","Поиск публичных первичных страниц организаций и проверка адресного маршрута","added_v3"
"MISB-429","AMACON Беларусь — маркетинг, реклама и аналитика","https://amacon.by/","C10","C10","Конференции, премии и клубы","Организаторы бизнес-форумов","Беларусь","BY","P","P","Организатор конференции","Выявить куратора программы и предложить содержательный модуль / приглашённого преподавателя / производство курса; партнёрство и бюджет заказчика требуют подтверждения.","организатор / потенциальный партнёр","Разработка программ и прикладных сессий для маркетинговых команд.","Маркетинг, аналитика, ИИ, деловые тренинги","обучение | повышение квалификации | бизнес-тренер | семинар | стратсессия | электронный курс | кіраўнікоў | навучанне","Сохранять публичные анонсы, новости и ссылки на связанные страницы; извлекать организации, темы, даты и новые каналы; полноту пагинации проверять при подключении.","Публичная страница найдена; автоматическое получение и полнота ленты не проверены.","Публичный просмотр без покупки; тариф доступа к сообществу, участия или партнёрства проверять отдельно, не включать автоматически в бюджет 10 000 ₽/мес.","search_index","https://amacon.by/","Первичный сайт описывает конференцию по маркетингу, рекламе и аналитике и темы практических выступлений.","2026-10-01","not_separately_checked","not_checked_here","2","true","Извлечь программу, партнёров, контакты комитета и архив; отслеживать изменение состава спикеров.","Не подтверждены RSS/API, пагинация, условия интеграции и наличие актуального запроса на внешнего исполнителя.","Поиск публичных первичных страниц организаций и проверка адресного маршрута","added_v3"
"MISB-430","Белорусский промышленный форум — деловая программа и партнёры","https://belpromforum.by/","C10","C10","Конференции, премии и клубы","Промышленные выставки и деловые программы","Беларусь","BY","R","R","Организатор конференции","Искать заказчика учебной части деловой программы или прямую потребность предприятия; экспонент сам по себе ещё не лид.","сеть потенциальных заказчиков","Промышленные компании, отраслевые вызовы и образовательные деловые сессии.","Управление производством для руководителей, бережливый менеджмент, энергетический менеджмент","обучение | повышение квалификации | бизнес-тренер | семинар | стратсессия | электронный курс | кіраўнікоў | навучанне","Сохранять публичные анонсы, новости и ссылки на связанные страницы; извлекать организации, темы, даты и новые каналы; полноту пагинации проверять при подключении.","Публичная страница найдена; автоматическое получение и полнота ленты не проверены.","Публичный просмотр без покупки; тариф доступа к сообществу, участия или партнёрства проверять отдельно, не включать автоматически в бюджет 10 000 ₽/мес.","search_index","https://belpromforum.by/","Первичный сайт публикует новости деловой программы, включая конференции по энергоэффективности.","2026-10-01","not_separately_checked","not_checked_here","2","true","Извлечь организаторов деловых конференций и предприятия; учебные компоненты ранжировать после сохранения всей программы.","Не подтверждены RSS/API, пагинация, условия интеграции и наличие актуального запроса на внешнего исполнителя.","Поиск публичных первичных страниц организаций и проверка адресного маршрута","added_v3"
"MISB-431","Минское отделение БелТПП — публичный Telegram-канал","https://t.me/s/minskcci?before=1915","C05","C05","Telegram и социальные сообщества","Telegram региональных деловых организаций","Беларусь","BY","I","I; R","Сообщество","Выявить куратора программы и предложить содержательный модуль / приглашённого преподавателя / производство курса; партнёрство и бюджет заказчика требуют подтверждения.","организатор / потенциальный партнёр","Бизнес-встречи, международные визиты и образовательные форумы.","Экспорт, переговоры, деловые программы и обучение специалистов","обучение | повышение квалификации | бизнес-тренер | семинар | стратсессия | электронный курс | кіраўнікоў | навучанне","Telegram public preview: сообщения, ссылки, media captions и пагинация; затем проверка разрешённого способа полной истории.","Публичное web-preview канала; полнота и технический режим получения не проверены.","Публичный просмотр без покупки; тариф доступа к сообществу, участия или партнёрства проверять отдельно, не включать автоматически в бюджет 10 000 ₽/мес.","search_index","https://t.me/s/minskcci?before=1915","Индекс публичного канала содержит анонсы деловых встреч и форумов Минского отделения БелТПП.","2026-10-01","not_separately_checked","not_checked_here","2","true","Начальная ссылка указывает архивный курсор: открыть актуальный канал, реализовать обе стороны пагинации и сохранить исходный адрес.","Не подтверждены RSS/API, пагинация, условия интеграции и наличие актуального запроса на внешнего исполнителя.","Поиск публичных первичных страниц организаций и проверка адресного маршрута","added_v3"
"MISB-432","Kazakhstan HR-Forum — HR Club","https://hrf.kgforum.kz/hr-club","C19","C19","Учебные провайдеры и авторские сети","HR-сообщества и клубы","Казахстан","KZ","R","R","Субподряд провайдера","Через программу клуба и явно выраженную проблему конкретного HRD; витрина клуба не равна потоку заказов.","сообщество потенциальных заказчиков","Проблемы HRD, собственников и обучения персонала в Центральной Азии.","HR, лидерство, корпоративные программы, обучение внутренних тренеров","обучение | тренер | обучение руководителей | электронный курс | оқыту | біліктілікті арттыру | оқу | тренинг","Сохранять публичные анонсы, новости и ссылки на связанные страницы; извлекать организации, темы, даты и новые каналы; полноту пагинации проверять при подключении.","Публичная страница найдена; автоматическое получение и полнота ленты не проверены.","Публичный просмотр без покупки; тариф доступа к сообществу, участия или партнёрства проверять отдельно, не включать автоматически в бюджет 10 000 ₽/мес.","search_index","https://hrf.kgforum.kz/hr-club","Поисковый индекс первичной страницы описывает клуб как площадку общения и обучения HR-практиков, CEO и собственников.","2026-10-01","not_separately_checked","not_checked_here","2","true","Проверить текущую программу клуба, организатора и публичные каналы; сохранить доступные запросы и отдельные компании.","Не подтверждены RSS/API, пагинация, условия интеграции и наличие актуального запроса на внешнего исполнителя.","Поиск публичных первичных страниц организаций и проверка адресного маршрута","added_v3"
"MISB-433","ASSET HR — HR-Forum Central Asia","https://forum.assethr.kz/","C10","C10","Конференции, премии и клубы","HR-форумы и образовательные провайдеры","Казахстан","KZ","P","P","Организатор конференции","Выявить куратора программы и предложить содержательный модуль / приглашённого преподавателя / производство курса; партнёрство и бюджет заказчика требуют подтверждения.","организатор / потенциальный партнёр","Корпоративное обучение, центры компетенций и управление талантами.","L&D, методология, корпоративные университеты, электронные курсы","обучение | тренер | обучение руководителей | электронный курс | оқыту | біліктілікті арттыру | оқу | тренинг","Сохранять публичные анонсы, новости и ссылки на связанные страницы; извлекать организации, темы, даты и новые каналы; полноту пагинации проверять при подключении.","Публичная страница найдена; автоматическое получение и полнота ленты не проверены.","Публичный просмотр без покупки; тариф доступа к сообществу, участия или партнёрства проверять отдельно, не включать автоматически в бюджет 10 000 ₽/мес.","content_read","https://forum.assethr.kz/","Страница прочитана: форум 2025 года объединял HR-лидеров региона и содержал треки корпоративного обучения и центров компетенций.","2026-10-01","not_separately_checked","not_checked_here","2","true","Сохранить архив программы и компаний; открыть основной ASSET HR и следующий форум как новые маршруты.","Не подтверждены RSS/API, пагинация, условия интеграции и наличие актуального запроса на внешнего исполнителя.","Поиск публичных первичных страниц организаций и проверка адресного маршрута","added_v3"
"MISB-434","Ассоциация HR-менеджеров Казахстана","https://hrbp.kz/","C07","C07","Функциональные ассоциации","Профессиональные HR-ассоциации","Казахстан","KZ","P","P","Функциональная ассоциация","Выявить куратора программы и предложить содержательный модуль / приглашённого преподавателя / производство курса; партнёрство и бюджет заказчика требуют подтверждения.","организатор / потенциальный партнёр","Развитие HR-компетенций, региональные программы и кадровые стандарты.","HR, оценка, L&D, развитие наставников и менеджеров","обучение | тренер | обучение руководителей | электронный курс | оқыту | біліктілікті арттыру | оқу | тренинг","Сохранять публичные анонсы, новости и ссылки на связанные страницы; извлекать организации, темы, даты и новые каналы; полноту пагинации проверять при подключении.","Публичная страница найдена; автоматическое получение и полнота ленты не проверены.","Публичный просмотр без покупки; тариф доступа к сообществу, участия или партнёрства проверять отдельно, не включать автоматически в бюджет 10 000 ₽/мес.","search_index","https://hrbp.kz/","Официальный сайт в поиске описывает обучение HR-специалистов в регионах и разработку программ обучения и сертификации.","2026-10-01","not_separately_checked","not_checked_here","1","true","Развернуть комитеты, проекты, конкурсы и региональных представителей в отдельные маршруты; проверить привлечённых провайдеров.","Не подтверждены RSS/API, пагинация, условия интеграции и наличие актуального запроса на внешнего исполнителя.","Поиск публичных первичных страниц организаций и проверка адресного маршрута","added_v3"
"MISB-435","HR4People — Казахстан","https://hr4people.kz/","C10","C10","Конференции, премии и клубы","HR-форумы и деловые конференции","Казахстан","KZ","P","P","Организатор конференции","Выявить куратора программы и предложить содержательный модуль / приглашённого преподавателя / производство курса; партнёрство и бюджет заказчика требуют подтверждения.","организатор / потенциальный партнёр","Программы форумов и тематические потребности корпоративных HR-команд.","Управление персоналом, корпоративная культура, обучение руководителей","обучение | тренер | обучение руководителей | электронный курс | оқыту | біліктілікті арттыру | оқу | тренинг","Сохранять публичные анонсы, новости и ссылки на связанные страницы; извлекать организации, темы, даты и новые каналы; полноту пагинации проверять при подключении.","Публичная страница найдена; автоматическое получение и полнота ленты не проверены.","Публичный просмотр без покупки; тариф доступа к сообществу, участия или партнёрства проверять отдельно, не включать автоматически в бюджет 10 000 ₽/мес.","search_index","https://hr4people.kz/hr4peopleastana2026","Первичный сайт описывает форумы с казахстанскими и зарубежными спикерами; отдельная страница приглашает партнёров.","2026-10-01","not_separately_checked","not_checked_here","2","true","Собрать все города и выпуски форума, компании спикеров и контакты программного организатора.","Не подтверждены RSS/API, пагинация, условия интеграции и наличие актуального запроса на внешнего исполнителя.","Поиск публичных первичных страниц организаций и проверка адресного маршрута","added_v3"
"MISB-436","Samruk Business Academy — корпоративные программы","https://sba.kz/education?index=1","C12","C12","Корпоративные новости, отчеты и университеты","Корпоративные академии и университеты","Казахстан","KZ","P","P; R","Корпоративная академия","Выявить куратора программы и предложить содержательный модуль / приглашённого преподавателя / производство курса; партнёрство и бюджет заказчика требуют подтверждения.","организатор / потенциальный партнёр","Кастомизированные семинары и модульные программы для компаний группы.","Управление, финансы, HR, переговоры, корпоративные онлайн-курсы","обучение | тренер | обучение руководителей | электронный курс | оқыту | біліктілікті арттыру | оқу | тренинг","Сохранять публичные анонсы, новости и ссылки на связанные страницы; извлекать организации, темы, даты и новые каналы; полноту пагинации проверять при подключении.","Публичная страница найдена; автоматическое получение и полнота ленты не проверены.","Публичный просмотр без покупки; тариф доступа к сообществу, участия или партнёрства проверять отдельно, не включать автоматически в бюджет 10 000 ₽/мес.","search_index","https://sba.kz/education?index=1","Индекс первичной страницы описывает адаптацию программ под потребности бизнеса и корпоративные модели компетенций национальных компаний.","2026-10-01","not_separately_checked","not_checked_here","1","true","Проверить все вкладки образования, тренеров и закупочный маршрут SBA; не считать index=1 полным каталогом.","Не подтверждены RSS/API, пагинация, условия интеграции и наличие актуального запроса на внешнего исполнителя.","Поиск публичных первичных страниц организаций и проверка адресного маршрута","added_v3"
"MISB-437","НПСБНК Казахстана — партнёрство и финансовое обучение","https://palata.com.kz/","C19","C19","Учебные провайдеры и авторские сети","Профессиональные финансовые сообщества","Казахстан","KZ","P","P","Субподряд провайдера","Выявить куратора программы и предложить содержательный модуль / приглашённого преподавателя / производство курса; партнёрство и бюджет заказчика требуют подтверждения.","организатор / потенциальный партнёр","Расширение программы повышения квалификации финансовых специалистов.","МСФО, финансовый менеджмент, управленческий учёт, электронные курсы","обучение | тренер | обучение руководителей | электронный курс | оқыту | біліктілікті арттыру | оқу | тренинг","Сохранять публичные анонсы, новости и ссылки на связанные страницы; извлекать организации, темы, даты и новые каналы; полноту пагинации проверять при подключении.","Публичная страница найдена; автоматическое получение и полнота ленты не проверены.","Публичный просмотр без покупки; тариф доступа к сообществу, участия или партнёрства проверять отдельно, не включать автоматически в бюджет 10 000 ₽/мес.","search_index","https://palata.com.kz/","Первичный сайт описывает финансовое обучение и явно приглашает заинтересованных лиц к взаимовыгодному партнёрству.","2026-10-01","not_separately_checked","not_checked_here","1","true","Извлечь расписание, партнёрский контакт и требования к преподавателям; отделить локальную сертификацию от общих финансовых программ.","Не подтверждены RSS/API, пагинация, условия интеграции и наличие актуального запроса на внешнего исполнителя.","Поиск публичных первичных страниц организаций и проверка адресного маршрута","added_v3"
"MISB-438","Палата профбухгалтеров РК — реестр аккредитованных учебных центров","https://accountant.kz/index.php?do=static&page=uc_list","C09","C09","Палаты, МСП, экспорт, производительность","Реестры образовательных партнёров","Казахстан","KZ","R","R","Региональный оператор","Совместная поставка через локальный центр; сначала подтвердить его действующую программу и роль в покупке контента.","каталог партнёров","Сеть местных провайдеров для совместных финансовых программ и производства контента.","Финансы, МСФО, методология и электронное обучение","обучение | тренер | обучение руководителей | электронный курс | оқыту | біліктілікті арттыру | оқу | тренинг","Сохранять публичные анонсы, новости и ссылки на связанные страницы; извлекать организации, темы, даты и новые каналы; полноту пагинации проверять при подключении.","Публичная страница найдена; автоматическое получение и полнота ленты не проверены.","Публичный просмотр без покупки; тариф доступа к сообществу, участия или партнёрства проверять отдельно, не включать автоматически в бюджет 10 000 ₽/мес.","search_index","https://accountant.kz/index.php?do=static&page=uc_list","Официальный реестр содержит названия учебных центров, категории аккредитации и даты.","2026-10-01","not_separately_checked","not_checked_here","2","true","Извлечь все центры с датами аккредитации, найти их сайты и корпоративные программы; истёкшая аккредитация не повод удалять источник.","Не подтверждены RSS/API, пагинация, условия интеграции и наличие актуального запроса на внешнего исполнителя.","Поиск публичных первичных страниц организаций и проверка адресного маршрута","added_v3"
"MISB-439","КМГ Инжиниринг — новости компетенций и программ","https://www.kmge.kz/en/latest_news_en/","C19","C19","Учебные провайдеры и авторские сети","Корпоративные центры компетенций","Казахстан","KZ","I","I; R","Субподряд провайдера","Сигнал программы сопоставить с центром компетенций и закупочной процедурой; предложить управленческий или цифровой модуль, если он требуется.","потенциальный корпоративный заказчик","Новые учебные программы, стажировки и развитие специалистов энергетики.","Управление проектами, обучение руководителей и специалистов, модульные программы","обучение | тренер | обучение руководителей | электронный курс | оқыту | біліктілікті арттыру | оқу | тренинг","Сохранять публичные анонсы, новости и ссылки на связанные страницы; извлекать организации, темы, даты и новые каналы; полноту пагинации проверять при подключении.","Публичная страница найдена; автоматическое получение и полнота ленты не проверены.","Публичный просмотр без покупки; тариф доступа к сообществу, участия или партнёрства проверять отдельно, не включать автоматически в бюджет 10 000 ₽/мес.","search_index","https://www.kmge.kz/en/latest_news_en/","Первичный сайт публикует новости обучения и стажировок; официальный отчёт КМГ описывает роль центра компетенций.","2026-10-01","not_separately_checked","not_checked_here","2","true","Найти русскую ленту и страницы центра развития компетенций; перейти к закупкам и планам, сохранив англоязычный маршрут.","Не подтверждены RSS/API, пагинация, условия интеграции и наличие актуального запроса на внешнего исполнителя.","Поиск публичных первичных страниц организаций и проверка адресного маршрута","added_v3"
"MISB-440","QazTrade Academy — образовательная экспортная платформа","https://www.qaztradeacademy.com/","C09","C09","Палаты, МСП, экспорт, производительность","Экспортные программы и операторы обучения","Казахстан","KZ","P","P; R","Региональный оператор","Выявить куратора программы и предложить содержательный модуль / приглашённого преподавателя / производство курса; партнёрство и бюджет заказчика требуют подтверждения.","организатор / потенциальный партнёр","Курсы и вебинары по ВЭД, развитие экспортёров.","Экспорт, переговоры, финансовые расчёты ВЭД, электронный контент","обучение | тренер | обучение руководителей | электронный курс | оқыту | біліктілікті арттыру | оқу | тренинг","Сохранять публичные анонсы, новости и ссылки на связанные страницы; извлекать организации, темы, даты и новые каналы; полноту пагинации проверять при подключении.","Публичная страница найдена; автоматическое получение и полнота ленты не проверены.","Публичный просмотр без покупки; тариф доступа к сообществу, участия или партнёрства проверять отдельно, не включать автоматически в бюджет 10 000 ₽/мес.","search_index","https://www.qaztradeacademy.com/","Первичная страница в поиске описывает модульные экспортные курсы, вебинары и видеоматериалы.","2026-10-01","not_separately_checked","not_checked_here","2","true","Найти каталог, новости, авторов и закупочную ветку оператора; выявить пробелы тематики как гипотезы.","Не подтверждены RSS/API, пагинация, условия интеграции и наличие актуального запроса на внешнего исполнителя.","Поиск публичных первичных страниц организаций и проверка адресного маршрута","added_v3"
"MISB-441","QazTrade — программа экспортной акселерации","https://qaztrade.org.kz/rus/12233-2/","C09","C09","Палаты, МСП, экспорт, производительность","Программные операторы и финансирование обучения","Казахстан","KZ","I","I; R","Региональный оператор","Проверить закупку образовательной части или субподряд действующего оператора, после чего готовить программу под поток.","оператор программы / потенциальный заказчик","Следующие потоки экспортной акселерации и потребность в внешних экспертах.","Экспортная стратегия, маркетинг, фасилитация, бизнес-игры","обучение | тренер | обучение руководителей | электронный курс | оқыту | біліктілікті арттыру | оқу | тренинг","Сохранять публичные анонсы, новости и ссылки на связанные страницы; извлекать организации, темы, даты и новые каналы; полноту пагинации проверять при подключении.","Публичная страница найдена; автоматическое получение и полнота ленты не проверены.","Публичный просмотр без покупки; тариф доступа к сообществу, участия или партнёрства проверять отдельно, не включать автоматически в бюджет 10 000 ₽/мес.","search_index","https://qaztrade.org.kz/rus/12233-2/","Официальная публикация подводит итоги акселерации 2025: обучение, диагностика и поддержка компаний; это историческое подтверждение механики программы.","2026-10-01","not_separately_checked","not_checked_here","2","true","От публикации открыть ленту новых наборов и закупок оператора; найти подрядчиков предыдущего потока и будущую программу.","Не подтверждены RSS/API, пагинация, условия интеграции и наличие актуального запроса на внешнего исполнителя.","Поиск публичных первичных страниц организаций и проверка адресного маршрута","added_v3"
"MISB-442","Ассоциация финансистов Казахстана — сеть и образовательная повестка","https://www.afk.kz/ru/o-nas/informacziya-ob-afk.html","C07","C07","Функциональные ассоциации","Финансовые ассоциации","Казахстан","KZ","R","R","Функциональная ассоциация","Ассоциация как организатор групповой программы либо открытие конкретного банка-заказчика; проверить плательщика.","сеть потенциальных заказчиков","Потребности банков, страховщиков и финансовых организаций в развитии компетенций.","Финансы, риски, комплаенс, управленческие и цифровые навыки","обучение | тренер | обучение руководителей | электронный курс | оқыту | біліктілікті арттыру | оқу | тренинг","Сохранять публичные анонсы, новости и ссылки на связанные страницы; извлекать организации, темы, даты и новые каналы; полноту пагинации проверять при подключении.","Публичная страница найдена; автоматическое получение и полнота ленты не проверены.","Публичный просмотр без покупки; тариф доступа к сообществу, участия или партнёрства проверять отдельно, не включать автоматически в бюджет 10 000 ₽/мес.","search_index","https://www.afk.kz/ru/o-nas/informacziya-ob-afk.html","Официальный сайт описывает состав финансовой сети; первичные новости подтверждают семинары и совместные образовательные инициативы.","2026-10-01","not_separately_checked","not_checked_here","2","true","Извлечь членов и комитеты, календарь и соглашения о совместном обучении; у компаний искать прямые закупочные маршруты.","Не подтверждены RSS/API, пагинация, условия интеграции и наличие актуального запроса на внешнего исполнителя.","Поиск публичных первичных страниц организаций и проверка адресного маршрута","added_v3"
"MISB-443","Astana Hub Education — программы и авторы курсов","https://edu.astanahub.com/","C19","C19","Учебные провайдеры и авторские сети","Платформы цифрового обучения","Казахстан","KZ","P","P; R","Субподряд провайдера","Выявить куратора программы и предложить содержательный модуль / приглашённого преподавателя / производство курса; партнёрство и бюджет заказчика требуют подтверждения.","организатор / потенциальный партнёр","Разработка и локализация учебных модулей, развитие цифровых навыков предпринимателей.","Электронные курсы, ИИ для бизнеса, цифровой маркетинг, методология","обучение | тренер | обучение руководителей | электронный курс | оқыту | біліктілікті арттыру | оқу | тренинг","Сохранять публичные анонсы, новости и ссылки на связанные страницы; извлекать организации, темы, даты и новые каналы; полноту пагинации проверять при подключении.","Публичная страница найдена; автоматическое получение и полнота ленты не проверены.","Публичный просмотр без покупки; тариф доступа к сообществу, участия или партнёрства проверять отдельно, не включать автоматически в бюджет 10 000 ₽/мес.","search_index","https://edu.astanahub.com/","Первичная платформа содержит онлайн-курсы и их тематические описания, включая программы партнёров.","2026-10-01","not_separately_checked","not_checked_here","2","true","Извлечь авторов, организации-партнёров и новые программы; проверить закупки разработки и правила размещения контента.","Не подтверждены RSS/API, пагинация, условия интеграции и наличие актуального запроса на внешнего исполнителя.","Поиск публичных первичных страниц организаций и проверка адресного маршрута","added_v3"
"MISB-444","Astana Hub — вход для корпоративных партнёров","https://astanahub.com/l/welcometo","C19","C19","Учебные провайдеры и авторские сети","Инновационные экосистемы и корпоративные партнёрства","Казахстан","KZ","R","R","Субподряд провайдера","Выявить заказчика обучающего блока акселератора или резидента с прямой потребностью; витрина сотрудничества не означает бюджет.","экосистема / сеть заказчиков","Корпоративные программы, акселерация и развитие управленческих компетенций резидентов.","Менеджмент, бизнес-коммуникации, ИИ и программы предпринимателей","обучение | тренер | обучение руководителей | электронный курс | оқыту | біліктілікті арттыру | оқу | тренинг","Сохранять публичные анонсы, новости и ссылки на связанные страницы; извлекать организации, темы, даты и новые каналы; полноту пагинации проверять при подключении.","Публичная страница найдена; автоматическое получение и полнота ленты не проверены.","Публичный просмотр без покупки; тариф доступа к сообществу, участия или партнёрства проверять отдельно, не включать автоматически в бюджет 10 000 ₽/мес.","search_index","https://astanahub.com/l/welcometo","Первичная страница описывает финансирование, акселерацию, обучение и взаимодействие с корпоративными партнёрами.","2026-10-01","not_separately_checked","not_checked_here","2","true","Извлечь конкретные программы, резидентов и формы партнёрства; проверить отдельную ленту мероприятий и новых инициатив.","Не подтверждены RSS/API, пагинация, условия интеграции и наличие актуального запроса на внешнего исполнителя.","Поиск публичных первичных страниц организаций и проверка адресного маршрута","added_v3"
"MISB-445","KazService — нефтесервисный союз и деловые программы","https://kazservice.kz/","C08","C08","Отраслевые союзы и СРО","Отраслевые ассоциации нефтегазового сектора","Казахстан","KZ","R","R","Отраслевой союз и СРО","Учебный блок отраслевого мероприятия или адресная программа для компании-члена; участие иностранного провайдера уточнить.","сеть потенциальных заказчиков","Запросы нефтесервисных компаний, локализация и кадровая подготовка руководителей.","Закупки, переговоры, управление проектами и поставщиками","обучение | тренер | обучение руководителей | электронный курс | оқыту | біліктілікті арттыру | оқу | тренинг","Сохранять публичные анонсы, новости и ссылки на связанные страницы; извлекать организации, темы, даты и новые каналы; полноту пагинации проверять при подключении.","Публичная страница найдена; автоматическое получение и полнота ленты не проверены.","Публичный просмотр без покупки; тариф доступа к сообществу, участия или партнёрства проверять отдельно, не включать автоматически в бюджет 10 000 ₽/мес.","search_index","https://kazservice.kz/","Первичный сайт публикует конференции и отраслевую повестку; публичный канал сообщает о семинарах с нефтегазовыми операторами.","2026-10-01","not_separately_checked","not_checked_here","2","true","Извлечь членов, партнёров и деловые программы; раскрыть компании в отдельные карточки источников.","Не подтверждены RSS/API, пагинация, условия интеграции и наличие актуального запроса на внешнего исполнителя.","Поиск публичных первичных страниц организаций и проверка адресного маршрута","added_v3"
"MISB-446","Nazarbayev University GSB — индивидуальные корпоративные программы","https://www.gsb.nu.edu.kz/customprograms","C19","C19","Учебные провайдеры и авторские сети","Бизнес-школы как заказчики экспертизы","Казахстан","KZ","P","P","Субподряд провайдера","Предложить профильного преподавателя или модуль команде Executive Education; подтвердить язык, требования к опыту и процедуру закупки.","организатор / потенциальный партнёр","Разработка кастомизированных программ и привлечение внешних преподавателей.","Лидерство, управление изменениями, переговоры, корпоративная методология","обучение | тренер | обучение руководителей | электронный курс | оқыту | біліктілікті арттыру | оқу | тренинг","Сохранять публичные анонсы, новости и ссылки на связанные страницы; извлекать организации, темы, даты и новые каналы; полноту пагинации проверять при подключении.","Публичная страница найдена; автоматическое получение и полнота ленты не проверены.","Публичный просмотр без покупки; тариф доступа к сообществу, участия или партнёрства проверять отдельно, не включать автоматически в бюджет 10 000 ₽/мес.","content_read","https://www.gsb.nu.edu.kz/customprograms","Страница прочитана: после определения потребностей компании команда подбирает преподавателей из университета или извне; указан процесс проектирования программы.","2026-10-01","not_separately_checked","not_checked_here","1","true","Зафиксировать контакт Executive Education и направления программ; проверить порядок отбора внешних экспертов и договорную роль организации.","Не подтверждены RSS/API, пагинация, условия интеграции и наличие актуального запроса на внешнего исполнителя.","Поиск публичных первичных страниц организаций и проверка адресного маршрута","added_v3"
"MISB-447","KASE — календарь Академии и деловых мероприятий","https://kase.kz/ru/media-center/events/","C12","C12","Корпоративные новости, отчеты и университеты","Биржевые академии и профессиональные события","Казахстан","KZ","P","P","Корпоративная академия","Выявить куратора программы и предложить содержательный модуль / приглашённого преподавателя / производство курса; партнёрство и бюджет заказчика требуют подтверждения.","организатор / потенциальный партнёр","Программы для бизнеса и финансовых специалистов по рынку капитала и управлению.","Корпоративные финансы, риски, ESG, корпоративное управление","обучение | тренер | обучение руководителей | электронный курс | оқыту | біліктілікті арттыру | оқу | тренинг","Сохранять публичные анонсы, новости и ссылки на связанные страницы; извлекать организации, темы, даты и новые каналы; полноту пагинации проверять при подключении.","Публичная страница найдена; автоматическое получение и полнота ленты не проверены.","Публичный просмотр без покупки; тариф доступа к сообществу, участия или партнёрства проверять отдельно, не включать автоматически в бюджет 10 000 ₽/мес.","content_read","https://kase.kz/ru/media-center/events/","Страница прочитана: есть категории обучения и Академии, фильтры по годам и анонсы семинаров; первичные события подтверждают приглашённых экспертов.","2026-10-01","not_separately_checked","not_checked_here","2","true","Собрать категории Обучение и Академия с перекрывающимся поиском остальных событий; найти контакты академии и корпоративных участников.","Не подтверждены RSS/API, пагинация, условия интеграции и наличие актуального запроса на внешнего исполнителя.","Поиск публичных первичных страниц организаций и проверка адресного маршрута","added_v3"
"MISB-448","Академия устойчивого развития Союза банков Кыргызстана","https://ubacademy.kg/","C12","C12","Корпоративные новости, отчеты и университеты","Банковские академии и отраслевые провайдеры","Кыргызстан","KG","P","P; R","Корпоративная академия","Выявить куратора программы и предложить содержательный модуль / приглашённого преподавателя / производство курса; партнёрство и бюджет заказчика требуют подтверждения.","организатор / потенциальный партнёр","Курсы и корпоративные программы для банков и финансовых организаций.","ESG, финансовое управление, лидерство, банковские компетенции","обучение | тренер | методология | семинар | электронный курс | окутуу | квалификациясын жогорулатуу","Сохранять публичные анонсы, новости и ссылки на связанные страницы; извлекать организации, темы, даты и новые каналы; полноту пагинации проверять при подключении.","Публичная страница найдена; автоматическое получение и полнота ленты не проверены.","Публичный просмотр без покупки; тариф доступа к сообществу, участия или партнёрства проверять отдельно, не включать автоматически в бюджет 10 000 ₽/мес.","search_index","https://ub.kg/ru/akademiya/","Первичная образовательная платформа в поиске содержит семинары и обратную связь корпоративных слушателей; сайт Союза банков описывает академию.","2026-10-01","not_separately_checked","not_checked_here","1","true","Проверить календарь, форму корпоративного запроса и набор преподавателей; открыть связанных банков как потенциальных заказчиков.","Не подтверждены RSS/API, пагинация, условия интеграции и наличие актуального запроса на внешнего исполнителя.","Поиск публичных первичных страниц организаций и проверка адресного маршрута","added_v3"
"MISB-449","АМФО Кыргызстана — отраслевые проекты и объявления","https://amfi.kg/","C07","C07","Функциональные ассоциации","Микрофинансовые ассоциации","Кыргызстан","KG","P","P","Функциональная ассоциация","Отклик на объявленный отбор или субподряд образовательной части проекта; подтвердить бюджет, аудиторию и сроки.","оператор проектов / потенциальный заказчик","Проекты финансовой грамотности, обучение сотрудников МФО и подготовка тренеров.","Финансовое обучение, тренинг тренеров, методические материалы и онлайн-курсы","обучение | тренер | методология | семинар | электронный курс | окутуу | квалификациясын жогорулатуу","Сохранять публичные анонсы, новости и ссылки на связанные страницы; извлекать организации, темы, даты и новые каналы; полноту пагинации проверять при подключении.","Публичная страница найдена; автоматическое получение и полнота ленты не проверены.","Публичный просмотр без покупки; тариф доступа к сообществу, участия или партнёрства проверять отдельно, не включать автоматически в бюджет 10 000 ₽/мес.","search_index","https://amfi.kg/","Первичный сайт публикует проекты; в истории ассоциации указано обучение сотрудников МФО, встречаются объявления о подборе консультантов по финансовой грамотности.","2026-10-01","not_separately_checked","not_checked_here","1","true","Развернуть проекты, новости, конкурсы и список членов; отличать текущие объявления от исторических.","Не подтверждены RSS/API, пагинация, условия интеграции и наличие актуального запроса на внешнего исполнителя.","Поиск публичных первичных страниц организаций и проверка адресного маршрута","added_v3"
"MISB-450","ИПБА Кыргызстана — расписание и корпоративные программы","https://uchet.kg/obuchenie/","C19","C19","Учебные провайдеры и авторские сети","Профессиональные финансовые сообщества","Кыргызстан","KG","P","P","Субподряд провайдера","Выявить куратора программы и предложить содержательный модуль / приглашённого преподавателя / производство курса; партнёрство и бюджет заказчика требуют подтверждения.","организатор / потенциальный партнёр","Повышение квалификации финансовых специалистов и заказные корпоративные курсы.","МСФО, управленческий учёт, финансы, вебинары и цифровой контент","обучение | тренер | методология | семинар | электронный курс | окутуу | квалификациясын жогорулатуу","Сохранять публичные анонсы, новости и ссылки на связанные страницы; извлекать организации, темы, даты и новые каналы; полноту пагинации проверять при подключении.","Публичная страница найдена; автоматическое получение и полнота ленты не проверены.","Публичный просмотр без покупки; тариф доступа к сообществу, участия или партнёрства проверять отдельно, не включать автоматически в бюджет 10 000 ₽/мес.","search_index","https://uchet.kg/obuchenie/2413-raspisanie-blizhayshih-kursov-ipba-kr.html","Первичные страницы содержат расписание курсов и указание на корпоративные курсы по специальной программе заказчика.","2026-10-01","not_separately_checked","not_checked_here","2","true","Собрать расписание, авторов и темы; проверить правила привлечения внешних преподавателей и партнёрского производства курсов.","Не подтверждены RSS/API, пагинация, условия интеграции и наличие актуального запроса на внешнего исполнителя.","Поиск публичных первичных страниц организаций и проверка адресного маршрута","added_v3"
"MISB-451","ОБА Кыргызстана — краткосрочные профессиональные семинары","https://oba.kg/kratkosrochnye-seminary/","C19","C19","Учебные провайдеры и авторские сети","Профессиональные финансовые сообщества","Кыргызстан","KG","P","P","Субподряд провайдера","Выявить куратора программы и предложить содержательный модуль / приглашённого преподавателя / производство курса; партнёрство и бюджет заказчика требуют подтверждения.","организатор / потенциальный партнёр","Совместные финансовые семинары и развитие профессиональной программы.","МСФО, финансы для менеджеров, методика и электронные курсы","обучение | тренер | методология | семинар | электронный курс | окутуу | квалификациясын жогорулатуу","Сохранять публичные анонсы, новости и ссылки на связанные страницы; извлекать организации, темы, даты и новые каналы; полноту пагинации проверять при подключении.","Публичная страница найдена; автоматическое получение и полнота ленты не проверены.","Публичный просмотр без покупки; тариф доступа к сообществу, участия или партнёрства проверять отдельно, не включать автоматически в бюджет 10 000 ₽/мес.","search_index","https://oba.kg/kratkosrochnye-seminary/","Первичный сайт публикует тематику краткосрочных семинаров и формат их проведения.","2026-10-01","not_separately_checked","not_checked_here","2","true","Проверить действующее расписание, контакты учебного направления, партнёров и возможность заказных программ.","Не подтверждены RSS/API, пагинация, условия интеграции и наличие актуального запроса на внешнего исполнителя.","Поиск публичных первичных страниц организаций и проверка адресного маршрута","added_v3"
"MISB-452","РКФР — собственные закупки и закупки проектных компаний","https://rkdf.kg/category/tendery-i-zakupki/","C02","C02","Корпоративные закупки и квалификация","Прямые закупочные доски институтов развития","Кыргызстан","KG","D","D","Корпоративный поставщик","Проверить ТЗ и срок, выделить профильные работы и процедуру подачи; лицензия сама по себе может не подходить МИСБ.","прямой заказчик / закупочный оператор","Закупки учебных платформ, электронных курсов и услуг развития персонала; образовательные части проектных закупок.","Электронное обучение, адаптация, оценка персонала, методология","обучение | тренер | методология | семинар | электронный курс | окутуу | квалификациясын жогорулатуу","HTML лента, пагинация 1…17 и карточки; приложения и изменения сохранять; даты и дедлайны извлекать из самих карточек.","Открытая лента прочитана; реальная работа адаптера и всех вложений не проверена.","Публичный просмотр без покупки; тариф доступа к сообществу, участия или партнёрства проверять отдельно, не включать автоматически в бюджет 10 000 ₽/мес.","content_read","https://rkdf.kg/category/tendery-i-zakupki/","Прочитана лента закупок: представлены объявления по iSpring Learn, адаптации, обучению, оценке и конструктору курсов, а также закупки проектных компаний. Актуальность конкретных сроков отдельно не проверялась.","2026-10-01","not_separately_checked","not_checked_here","1","true","Подключить ленту и все страницы архива; сохранить объявления, приложения и версии; для лицензий искать сопутствующую разработку контента и обучения.","Не подтверждены RSS/API, пагинация, условия интеграции и наличие актуального запроса на внешнего исполнителя.","Поиск публичных первичных страниц организаций и проверка адресного маршрута","added_v3"
"MISB-453","Bishkek Business Academy — коммерческое и управленческое обучение","https://www.bba.kg/courses","C19","C19","Учебные провайдеры и авторские сети","Партнёрские бизнес-школы","Кыргызстан","KG","P","P","Субподряд провайдера","Выявить куратора программы и предложить содержательный модуль / приглашённого преподавателя / производство курса; партнёрство и бюджет заказчика требуют подтверждения.","организатор / потенциальный партнёр","Расширение программы для среднего и высшего менеджмента и подготовка тренеров.","Продажи, закупки, категорийный менеджмент, Train the Trainer","обучение | тренер | методология | семинар | электронный курс | окутуу | квалификациясын жогорулатуу","Сохранять публичные анонсы, новости и ссылки на связанные страницы; извлекать организации, темы, даты и новые каналы; полноту пагинации проверять при подключении.","Публичная страница найдена; автоматическое получение и полнота ленты не проверены.","Публичный просмотр без покупки; тариф доступа к сообществу, участия или партнёрства проверять отдельно, не включать автоматически в бюджет 10 000 ₽/мес.","search_index","https://www.bba.kg/courses","Официальный каталог включает управление закупками, коммерцией и тренинг тренеров.","2026-10-01","not_separately_checked","not_checked_here","2","true","Выделить корпоративные программы, преподавателей и дефицитные темы; проверить возможность совместной поставки.","Не подтверждены RSS/API, пагинация, условия интеграции и наличие актуального запроса на внешнего исполнителя.","Поиск публичных первичных страниц организаций и проверка адресного маршрута","added_v3"
"MISB-454","Академия финансов Минфина Кыргызстана","https://academy.minfin.kg/","C12","C12","Корпоративные новости, отчеты и университеты","Государственные академии и программы специалистов","Кыргызстан","KG","P","P","Корпоративная академия","Выявить куратора программы и предложить содержательный модуль / приглашённого преподавателя / производство курса; партнёрство и бюджет заказчика требуют подтверждения.","организатор / потенциальный партнёр","Обучение госзакупкам, финансам и подготовка методических материалов.","Закупки, финансовое управление, обучение преподавателей, электронные курсы","обучение | тренер | методология | семинар | электронный курс | окутуу | квалификациясын жогорулатуу","Сохранять публичные анонсы, новости и ссылки на связанные страницы; извлекать организации, темы, даты и новые каналы; полноту пагинации проверять при подключении.","Публичная страница найдена; автоматическое получение и полнота ленты не проверены.","Публичный просмотр без покупки; тариф доступа к сообществу, участия или партнёрства проверять отдельно, не включать автоматически в бюджет 10 000 ₽/мес.","search_index","https://academy.minfin.kg/","Первичный сайт содержит сведения о курсах для сотрудников госпредприятий и МСП, включая обучение электронным закупкам.","2026-10-01","not_separately_checked","not_checked_here","2","true","Собрать новости, планы и закупочные ссылки академии; проверить конкурсы на тренеров и производство материалов.","Не подтверждены RSS/API, пагинация, условия интеграции и наличие актуального запроса на внешнего исполнителя.","Поиск публичных первичных страниц организаций и проверка адресного маршрута","added_v3"
"MISB-455","AmCham Кыргызстан — HR-комитет и образовательные мероприятия","https://www.amcham.kg/en/events/","C09","C09","Палаты, МСП, экспорт, производительность","Международные деловые палаты и HR-комитеты","Кыргызстан","KG","P","P","Региональный оператор","Выявить куратора программы и предложить содержательный модуль / приглашённого преподавателя / производство курса; партнёрство и бюджет заказчика требуют подтверждения.","организатор / потенциальный партнёр","Целевые программы для HR и управленцев компаний-членов.","Лидерство, HR, команды, обучение руководителей","обучение | тренер | методология | семинар | электронный курс | окутуу | квалификациясын жогорулатуу","Сохранять публичные анонсы, новости и ссылки на связанные страницы; извлекать организации, темы, даты и новые каналы; полноту пагинации проверять при подключении.","Публичная страница найдена; автоматическое получение и полнота ленты не проверены.","Публичный просмотр без покупки; тариф доступа к сообществу, участия или партнёрства проверять отдельно, не включать автоматически в бюджет 10 000 ₽/мес.","search_index","https://www.amcham.kg/en/amchamnews/sostojalos-pervoe-zasedanie-komiteta-po-upravleniju-chelovecheskimi-resursami-palaty/","Официальное сообщение о HR-комитете описывает инициативы по целевым мероприятиям и обучению; календарь даёт маршрут мониторинга.","2026-10-01","not_separately_checked","not_checked_here","1","true","Извлечь HR-комитет, компании-участники и новые события; проверить русскую версию и анонсы совместных программ.","Не подтверждены RSS/API, пагинация, условия интеграции и наличие актуального запроса на внешнего исполнителя.","Поиск публичных первичных страниц организаций и проверка адресного маршрута","added_v3"
"MISB-456","Ассоциация банков Узбекистана — международное обучение и опрос потребностей","https://www.uba.uz/ru/about/international-cooperation/","C08","C08","Отраслевые союзы и СРО","Банковские ассоциации и программы повышения квалификации","Узбекистан","UZ","P","P","Отраслевой союз и СРО","Выявить куратора программы и предложить содержательный модуль / приглашённого преподавателя / производство курса; партнёрство и бюджет заказчика требуют подтверждения.","организатор / потенциальный партнёр","Опрос банков о потребностях в обучении и совместные программы переподготовки.","Финансы, риск-менеджмент, банковские навыки, управление","обучение | тренер | корпоративный университет | электронный курс | oʻqitish | o‘qitish | oquv | oʻquv | malaka oshirish | масофавий | ўқитиш","Сохранять публичные анонсы, новости и ссылки на связанные страницы; извлекать организации, темы, даты и новые каналы; полноту пагинации проверять при подключении.","Публичная страница найдена; автоматическое получение и полнота ленты не проверены.","Публичный просмотр без покупки; тариф доступа к сообществу, участия или партнёрства проверять отдельно, не включать автоматически в бюджет 10 000 ₽/мес.","search_index","https://www.uba.uz/ru/about/international-cooperation/","Первичная страница в индексе описывает обучение руководителей и специалистов совместно с образовательными учреждениями, а также опросы банков об актуальных направлениях обучения.","2026-10-01","not_separately_checked","not_checked_here","1","true","Подключить пресс-центр и список учебных партнёров; выявить ответственного за опрос потребностей и будущие программы.","Не подтверждены RSS/API, пагинация, условия интеграции и наличие актуального запроса на внешнего исполнителя.","Поиск публичных первичных страниц организаций и проверка адресного маршрута","added_v3"
"MISB-457","Ассоциация работодателей Узбекистана — HR-встречи","https://emassn.uz/ru/vstrechi/","C07","C07","Функциональные ассоциации","Работодательские и HR-сообщества","Узбекистан","UZ","R","R","Функциональная ассоциация","По тематике встречи определить конкретную компанию и потребность; дополнительно предложить ассоциации совместный образовательный блок.","сообщество потенциальных заказчиков","HR-трансформация, ИИ, финансы в HR и обучение персонала компаний-членов.","HR, лидерство, управление изменениями, цифровое обучение","обучение | тренер | корпоративный университет | электронный курс | oʻqitish | o‘qitish | oquv | oʻquv | malaka oshirish | масофавий | ўқитиш","Сохранять публичные анонсы, новости и ссылки на связанные страницы; извлекать организации, темы, даты и новые каналы; полноту пагинации проверять при подключении.","Публичная страница найдена; автоматическое получение и полнота ленты не проверены.","Публичный просмотр без покупки; тариф доступа к сообществу, участия или партнёрства проверять отдельно, не включать автоматически в бюджет 10 000 ₽/мес.","content_read","https://emassn.uz/ru/vstrechi/","Прочитана лента: воркшопы по HR-стратегии, ИИ, развитию сотрудников и встречи на площадках компаний.","2026-10-01","not_separately_checked","not_checked_here","2","true","Собрать все компании-хозяева и темы; найти текущие новости и Telegram, поскольку видимая лента содержит архивные события.","Не подтверждены RSS/API, пагинация, условия интеграции и наличие актуального запроса на внешнего исполнителя.","Поиск публичных первичных страниц организаций и проверка адресного маршрута","added_v3"
"MISB-458","HR Forum Asia — Ташкент","https://www.hrforumasia.com/tashkent","C10","C10","Конференции, премии и клубы","HR-форумы и деловые конференции","Узбекистан","UZ","P","P","Организатор конференции","Выявить куратора программы и предложить содержательный модуль / приглашённого преподавателя / производство курса; партнёрство и бюджет заказчика требуют подтверждения.","организатор / потенциальный партнёр","Следующие программы форума, корпоративные HR-задачи и мастермайнды.","Развитие руководителей, HR, L&D, практикумы","обучение | тренер | корпоративный университет | электронный курс | oʻqitish | o‘qitish | oquv | oʻquv | malaka oshirish | масофавий | ўқитиш","Сохранять публичные анонсы, новости и ссылки на связанные страницы; извлекать организации, темы, даты и новые каналы; полноту пагинации проверять при подключении.","Публичная страница найдена; автоматическое получение и полнота ленты не проверены.","Публичный просмотр без покупки; тариф доступа к сообществу, участия или партнёрства проверять отдельно, не включать автоматически в бюджет 10 000 ₽/мес.","search_index","https://www.hrforumasia.com/tashkent","Первичный сайт описывает форум 2026 года в Ташкенте с обучающим днём, практикумами и мастермайндами.","2026-10-01","not_separately_checked","not_checked_here","2","true","Сохранить программу и список компаний; найти следующий выпуск, контакты программного комитета и связанные региональные события.","Не подтверждены RSS/API, пагинация, условия интеграции и наличие актуального запроса на внешнего исполнителя.","Поиск публичных первичных страниц организаций и проверка адресного маршрута","added_v3"
"MISB-459","Маркетинговая ассоциация Узбекистана — партнёрская сеть","https://marketing.uz/partnership/","C08","C08","Отраслевые союзы и СРО","Маркетинговые сообщества и партнёрские сети","Узбекистан","UZ","R","R","Отраслевой союз и СРО","Публичный поиск заказчиков и возможное содержательное сотрудничество; платное партнёрство оценивать отдельно от мониторинга.","каталог партнёров / сеть потенциальных заказчиков","Выявление компаний и экспертов, совместных учебных программ и деловых мероприятий.","Маркетинг, продажи, ИИ, вебинары и обучающие события","обучение | тренер | корпоративный университет | электронный курс | oʻqitish | o‘qitish | oquv | oʻquv | malaka oshirish | масофавий | ўқитиш","Сохранять публичные анонсы, новости и ссылки на связанные страницы; извлекать организации, темы, даты и новые каналы; полноту пагинации проверять при подключении.","Публичная страница найдена; автоматическое получение и полнота ленты не проверены.","Публичная страница доступна; партнёрство платное. Взнос не включать в базовый мониторинг и не покупать без отдельного решения.","content_read","https://marketing.uz/partnership/","Страница прочитана: описаны партнёрская сеть, статусы экспертов и платное партнёрство. Наличие сети подтверждено, закупочный спрос не подтверждён.","2026-10-01","not_separately_checked","not_checked_here","2","true","Извлечь публичный список партнёров и программы; не покупать членство. Потребности искать у компаний и в публичных анонсах.","Не подтверждены RSS/API, пагинация, условия интеграции и наличие актуального запроса на внешнего исполнителя.","Поиск публичных первичных страниц организаций и проверка адресного маршрута","added_v3"
"MISB-460","Узбекско-Японский Центр — корпоративные тренинги","https://ujc.uz/novostdetalno_2_86/","C19","C19","Учебные провайдеры и авторские сети","Международные центры бизнес-образования","Узбекистан","UZ","P","P","Субподряд провайдера","Партнёрский модуль или приглашённый преподаватель; проверить текущий спрос, язык и финансовую модель.","организатор / потенциальный партнёр","Совместные программы для руководителей и корпоративных команд.","Менеджмент, переговоры, маркетинг, бизнес-коммуникации","обучение | тренер | корпоративный университет | электронный курс | oʻqitish | o‘qitish | oquv | oʻquv | malaka oshirish | масофавий | ўқитиш","Сохранять публичные анонсы, новости и ссылки на связанные страницы; извлекать организации, темы, даты и новые каналы; полноту пагинации проверять при подключении.","Публичная страница найдена; автоматическое получение и полнота ленты не проверены.","Публичный просмотр без покупки; тариф доступа к сообществу, участия или партнёрства проверять отдельно, не включать автоматически в бюджет 10 000 ₽/мес.","content_read","https://ujc.uz/novostdetalno_2_86/","Прочитана первичная страница с предложением корпоративных тренингов по маркетингу и бизнес-коммуникациям и привлечённым внешним экспертом.","2026-10-01","not_separately_checked","not_checked_here","2","true","Открыть текущий каталог бизнес-курсов и новости; проверить правила привлечения тренеров и направления на русском языке.","Не подтверждены RSS/API, пагинация, условия интеграции и наличие актуального запроса на внешнего исполнителя.","Поиск публичных первичных страниц организаций и проверка адресного маршрута","added_v3"
"MISB-461","Xarid UZEX — государственные и корпоративные закупки услуг","https://xarid.uzex.uz/","C02","C02","Корпоративные закупки и квалификация","Национальные закупочные порталы","Узбекистан","UZ","D","D","Корпоративный поставщик","Найти процедуру с открытым сроком, проверить иностранное участие и язык исполнения; при необходимости квалифицировать локального партнёра.","закупочный портал / прямые заказчики","Заказы на организацию обучения, разработку контента и корпоративные образовательные системы.","Электронные курсы, методология, обучение специалистов и внутренних тренеров","o‘quv | oʻquv | ўқув | malaka | masofaviy | kontent | trener | murabbiy | korporativ universitet | обучение | тренер | корпоративный университет | электронный курс | oʻqitish | o‘qitish | oquv | oʻquv | malaka oshirish | масофавий | ўқитиш","Планы-графики, объявления, карточки, приложения и изменения; API не заявлять доступным до проверки. Параллельные многоязычные поиски плюс выборка вне словаря.","Карточки опубликованы публично; механизм полной выгрузки не проверен. Участие в торгах и требования к электронной подписи исследовать отдельно.","Публичный просмотр без покупки; тариф доступа к сообществу, участия или партнёрства проверять отдельно, не включать автоматически в бюджет 10 000 ₽/мес.","search_index","https://xarid.uzex.uz/purchase/competition/detail/23141","Карточка №23141 содержит услугу организации обучения и онлайн-контента; протокол №467713 — проект корпоративного университета и подготовки внутренних тренеров. Это исторические примеры, не утверждение открытого срока.","2026-10-01","not_separately_checked","not_checked_here","1","true","Сначала восстановить ленты competition и планы-графики из навигации портала; собрать узбекский и русский текст, ТЗ и приложения. Текущий статус каждой закупки проверять отдельно.","Не подтверждены RSS/API, пагинация, условия интеграции и наличие актуального запроса на внешнего исполнителя.","Поиск публичных первичных страниц организаций и проверка адресного маршрута","added_v3"
"MISB-462","IT Park Uzbekistan — новости проектов, резиденты и программы","https://www.it-park.uz/ru/itpark/news","C19","C19","Учебные провайдеры и авторские сети","Инновационные экосистемы и программы развития","Узбекистан","UZ","I","I","Субподряд провайдера","Выявить финансируемый образовательный проект и конкретный конкурс либо местного исполнителя, которому нужна методология.","оператор проектов / сеть потенциальных заказчиков","Новые программы цифровых компетенций, партнёрства и обучение специалистов.","ИИ для бизнеса, цифровые навыки, электронные программы, методология","обучение | тренер | корпоративный университет | электронный курс | oʻqitish | o‘qitish | oquv | oʻquv | malaka oshirish | масофавий | ўқитиш","Сохранять публичные анонсы, новости и ссылки на связанные страницы; извлекать организации, темы, даты и новые каналы; полноту пагинации проверять при подключении.","Публичная страница найдена; автоматическое получение и полнота ленты не проверены.","Публичный просмотр без покупки; тариф доступа к сообществу, участия или партнёрства проверять отдельно, не включать автоматически в бюджет 10 000 ₽/мес.","content_read","https://www.it-park.uz/ru/itpark/news","Лента прочитана: публикации по образовательным и международным проектам; официальные материалы описывают программы цифровых навыков и обучение тренеров.","2026-10-01","not_separately_checked","not_checked_here","2","true","Подключить новости с пагинацией; отдельно раскрыть Digital Inclusion, менторов, резидентов и закупки как дочерние маршруты.","Не подтверждены RSS/API, пагинация, условия интеграции и наличие актуального запроса на внешнего исполнителя.","Поиск публичных первичных страниц организаций и проверка адресного маршрута","added_v3"
"MISB-463","InterForum — порядок включения экспертов в программы","https://interforums.ru/faq","C10","C10","Конференции, премии и клубы","Организаторы профессиональных конференций","РФ","RU","P","P","Организатор конференции","FAQ → карточка форума → продюсер → предложение практикума/модератора → уточнение оплаченного задания","Продюсер конкретного форума","Новый форум, сбор тем, запрос кейса или ведущего практикума","HR; закупки; проектное управление; корпоративное обучение","HR; закупки; проектное управление; корпоративное обучение; ищем эксперта; приглашаем спикеров; предложить тему; практикум; корпоративная программа; нужен преподаватель","Сначала сохранить публичную страницу и ссылки на программы/архив/контакты; затем отслеживать новые карточки и изменения. API/RSS не подтверждены.","Публичная страница или поисковое подтверждение. Заявки и закрытые материалы могут требовать регистрации; доступ отдельно проверить.","Публичное обнаружение без покупки билета. Членство, реклама, спонсорство и участие могут быть платными; тарифы не проверены. Не расходовать бюджет автоматически.","search_index","https://interforums.ru/faq","Официальный FAQ объясняет подачу заявки спикера продюсеру или через форму и отдельно описывает спонсорские пакеты.","2026-10-01","not_separately_checked","not_checked_here","2","true","Сохранить источник. Проверить текущую программу, контакты программной дирекции и сроки приёма; создать дочерние источники для новых выпусков, тематических потоков и организаторов. FAQ → карточка форума → продюсер → предложение практикума/модератора → уточнение оплаченного задания","Не подтверждены открытый оплаченный спрос, гонорар, доступность внешнего поставщика и технический сбор. Сначала установить предмет, плательщика, сроки и маршрут договора.","Поиск на официальном сайте/странице организатора; цепочка программа → продюсер → учебный проект.","added_v3"
"MISB-464","Quorum — регистрация спикеров ВНУТРИКОМ","https://vk.quorumconference.ru/speakers2026","C05","C05","Telegram и социальные сообщества","Приём заявок спикеров","РФ; СНГ","RU","P","P; R","Сообщество","Форма регистрации эксперта → обсуждение практикума для профессиональной аудитории → отдельное согласование гонорара/субподряда","Программный директор HR-конференции","Приём докладов и потребность в HR-воркшопах","Внутренние коммуникации; корпоративная культура; обучение руководителей","Внутренние коммуникации; корпоративная культура; обучение руководителей; ищем эксперта; приглашаем спикеров; предложить тему; практикум; корпоративная программа; нужен преподаватель","Сначала сохранить публичную страницу и ссылки на программы/архив/контакты; затем отслеживать новые карточки и изменения. API/RSS не подтверждены.","Публичная страница или поисковое подтверждение. Заявки и закрытые материалы могут требовать регистрации; доступ отдельно проверить.","Публичное обнаружение без покупки билета. Членство, реклама, спонсорство и участие могут быть платными; тарифы не проверены. Не расходовать бюджет автоматически.","search_index","https://vk.quorumconference.ru/speakers2026","Официальная страница регистрации спикеров XVI HR-конференции; указаны организатор и контакты команды.","2026-10-01","not_separately_checked","not_checked_here","2","true","Сохранить источник. Проверить текущую программу, контакты программной дирекции и сроки приёма; создать дочерние источники для новых выпусков, тематических потоков и организаторов. Форма регистрации эксперта → обсуждение практикума для профессиональной аудитории → отдельное согласование гонорара/субподряда","Не подтверждены открытый оплаченный спрос, гонорар, доступность внешнего поставщика и технический сбор. Сначала установить предмет, плательщика, сроки и маршрут договора.","Поиск на официальном сайте/странице организатора; цепочка программа → продюсер → учебный проект.","added_v3"
"MISB-465","AHConferences — продюсерская компания","https://ahconferences.com/about","C10","C10","Конференции, премии и клубы","Организаторы профессиональных конференций","РФ","RU","P","P","Организатор конференции","Контакты организатора → предложить содержательный модуль для корпоративного мероприятия → выяснить заказчика и формат оплаты","Продюсер мероприятия; руководитель деловых проектов","Формирование тематических деловых встреч и корпоративных завтраков","Управленческие практикумы; финансовые и HR-программы; модерация","Управленческие практикумы; финансовые и HR-программы; модерация; ищем эксперта; приглашаем спикеров; предложить тему; практикум; корпоративная программа; нужен преподаватель","Сначала сохранить публичную страницу и ссылки на программы/архив/контакты; затем отслеживать новые карточки и изменения. API/RSS не подтверждены.","Публичная страница или поисковое подтверждение. Заявки и закрытые материалы могут требовать регистрации; доступ отдельно проверить.","Публичное обнаружение без покупки билета. Членство, реклама, спонсорство и участие могут быть платными; тарифы не проверены. Не расходовать бюджет автоматически.","search_index","https://ahconferences.com/about","Официальный раздел описывает конференционный бизнес, мероприятия для административных руководителей и контакт по сотрудничеству.","2026-10-01","not_separately_checked","not_checked_here","2","true","Сохранить источник. Проверить текущую программу, контакты программной дирекции и сроки приёма; создать дочерние источники для новых выпусков, тематических потоков и организаторов. Контакты организатора → предложить содержательный модуль для корпоративного мероприятия → выяснить заказчика и формат оплаты","Не подтверждены открытый оплаченный спрос, гонорар, доступность внешнего поставщика и технический сбор. Сначала установить предмет, плательщика, сроки и маршрут договора.","Поиск на официальном сайте/странице организатора; цепочка программа → продюсер → учебный проект.","added_v3"
"MISB-466","Auditorium — E-Learning Force и контакт по выступлениям","https://auditorium-cg.ru/elf23","C10","C10","Конференции, премии и клубы","Конференции корпоративного обучения","РФ","RU","P","P; R","Организатор конференции","Контакт «Выступление» → актуальный выпуск форума → экспертный воркшоп или разработка учебного контента по запросу компании","Продюсер форума; руководитель корпоративного L&D из программы","Планы развития электронного обучения в корпоративных кейсах и набор экспертов следующих форумов","Электронные курсы; L&D; методология обучения","Электронные курсы; L&D; методология обучения; ищем эксперта; приглашаем спикеров; предложить тему; практикум; корпоративная программа; нужен преподаватель","Сначала сохранить публичную страницу и ссылки на программы/архив/контакты; затем отслеживать новые карточки и изменения. API/RSS не подтверждены.","Публичная страница или поисковое подтверждение. Заявки и закрытые материалы могут требовать регистрации; доступ отдельно проверить.","Публичное обнаружение без покупки билета. Членство, реклама, спонсорство и участие могут быть платными; тарифы не проверены. Не расходовать бюджет автоматически.","search_index","https://auditorium-cg.ru/elf23","Официальная страница архивного E-Learning Force содержит отдельный контакт по выступлениям; архив используется как вход к организатору.","2026-10-01","not_separately_checked","not_checked_here","2","true","Сохранить источник. Проверить текущую программу, контакты программной дирекции и сроки приёма; создать дочерние источники для новых выпусков, тематических потоков и организаторов. Контакт «Выступление» → актуальный выпуск форума → экспертный воркшоп или разработка учебного контента по запросу компании","Не подтверждены открытый оплаченный спрос, гонорар, доступность внешнего поставщика и технический сбор. Сначала установить предмет, плательщика, сроки и маршрут договора.","Поиск на официальном сайте/странице организатора; цепочка программа → продюсер → учебный проект.","added_v3"
"MISB-467","Ведомости.Конференции — форма предложения эксперта","https://events.vedomosti.ru/about","C10","C10","Конференции, премии и клубы","Деловые медиа и программные дирекции","РФ","RU","P","P","Организатор конференции","Форма эксперта → отбор темы → отдельное предложение платного практикума/учебного модуля","Программный продюсер; директор конференционного направления","Открытая возможность предложить эксперта и новые тематические программы","Право; финансы; HR; стратегия; модерация","Право; финансы; HR; стратегия; модерация; ищем эксперта; приглашаем спикеров; предложить тему; практикум; корпоративная программа; нужен преподаватель","Сначала сохранить публичную страницу и ссылки на программы/архив/контакты; затем отслеживать новые карточки и изменения. API/RSS не подтверждены.","Публичная страница или поисковое подтверждение. Заявки и закрытые материалы могут требовать регистрации; доступ отдельно проверить.","Публичное обнаружение без покупки билета. Членство, реклама, спонсорство и участие могут быть платными; тарифы не проверены. Не расходовать бюджет автоматически.","search_index","https://events.vedomosti.ru/about","Официальная страница содержит форму для обладателей экспертизы, желающих выступить на мероприятиях.","2026-10-01","not_separately_checked","not_checked_here","2","true","Сохранить источник. Проверить текущую программу, контакты программной дирекции и сроки приёма; создать дочерние источники для новых выпусков, тематических потоков и организаторов. Форма эксперта → отбор темы → отдельное предложение платного практикума/учебного модуля","Не подтверждены открытый оплаченный спрос, гонорар, доступность внешнего поставщика и технический сбор. Сначала установить предмет, плательщика, сроки и маршрут договора.","Поиск на официальном сайте/странице организатора; цепочка программа → продюсер → учебный проект.","added_v3"
"MISB-468","Коммерсантъ — федеральная и региональные конференционные редакции","https://events.kommersant.ru/","C10","C10","Конференции, премии и клубы","Деловые медиа и программные дирекции","РФ; регионы","RU","P","P","Организатор конференции","Карточка мероприятия → программный контакт → предложение содержательного блока или обучение компании после уточнения её потребности","Региональный продюсер; руководитель программы; владелец корпоративного кейса","Новые деловые программы, сессии партнёров, компании с раскрытой проблемой","Корпоративное право; финансы; энергетика; стратегия; ИИ для бизнеса","Корпоративное право; финансы; энергетика; стратегия; ИИ для бизнеса; ищем эксперта; приглашаем спикеров; предложить тему; практикум; корпоративная программа; нужен преподаватель","Сначала сохранить публичную страницу и ссылки на программы/архив/контакты; затем отслеживать новые карточки и изменения. API/RSS не подтверждены.","Публичная страница или поисковое подтверждение. Заявки и закрытые материалы могут требовать регистрации; доступ отдельно проверить.","Публичное обнаружение без покупки билета. Членство, реклама, спонсорство и участие могут быть платными; тарифы не проверены. Не расходовать бюджет автоматически.","content_read","https://events.kommersant.ru/","Прочитан календарь, тематические разделы и ссылки на отдельные города; опубликован контакт конференционной дирекции.","2026-10-01","not_separately_checked","not_checked_here","2","true","Сохранить источник. Проверить текущую программу, контакты программной дирекции и сроки приёма; создать дочерние источники для новых выпусков, тематических потоков и организаторов. Карточка мероприятия → программный контакт → предложение содержательного блока или обучение компании после уточнения её потребности","Не подтверждены открытый оплаченный спрос, гонорар, доступность внешнего поставщика и технический сбор. Сначала установить предмет, плательщика, сроки и маршрут договора.","Поиск на официальном сайте/странице организатора; цепочка программа → продюсер → учебный проект.","added_v3"
"MISB-469","Центр событий РБК — контент, спикеры и аккредитованные подрядчики","https://events.rbc.ru/","C10","C10","Конференции, премии и клубы","Операторы деловых мероприятий","РФ","RU","P","P","Организатор конференции","Маршрут партнёра → обсуждение аккредитации/субподряда → поставка содержательного учебного блока","Менеджер корпоративного проекта; программный продюсер","Комплексная организация корпоративного мероприятия с программой и спикерами","Деловые сессии; учебные конференции; модерация; видеокурсы","Деловые сессии; учебные конференции; модерация; видеокурсы; ищем эксперта; приглашаем спикеров; предложить тему; практикум; корпоративная программа; нужен преподаватель","Сначала сохранить публичную страницу и ссылки на программы/архив/контакты; затем отслеживать новые карточки и изменения. API/RSS не подтверждены.","Публичная страница или поисковое подтверждение. Заявки и закрытые материалы могут требовать регистрации; доступ отдельно проверить.","Публичное обнаружение без покупки билета. Членство, реклама, спонсорство и участие могут быть платными; тарифы не проверены. Не расходовать бюджет автоматически.","content_read","https://events.rbc.ru/","Прочитанная страница заявляет работу с аккредитованными подрядчиками и организацию программы, контента, спикеров и видеопродакшна.","2026-10-01","not_separately_checked","not_checked_here","2","true","Сохранить источник. Проверить текущую программу, контакты программной дирекции и сроки приёма; создать дочерние источники для новых выпусков, тематических потоков и организаторов. Маршрут партнёра → обсуждение аккредитации/субподряда → поставка содержательного учебного блока","Не подтверждены открытый оплаченный спрос, гонорар, доступность внешнего поставщика и технический сбор. Сначала установить предмет, плательщика, сроки и маршрут договора.","Поиск на официальном сайте/странице организатора; цепочка программа → продюсер → учебный проект.","added_v3"
"MISB-470","Право.ru — конференции и контакты продюсеров","https://event.pravo.ru/","C10","C10","Конференции, премии и клубы","Юридические конференции","РФ","RU","P","P","Организатор конференции","Календарь → продюсер → профиль эксперта и программа практикума → обсуждение учебного субподряда","Продюсер конференций; руководитель контент-отдела","Новая юридическая программа, подбор практикующего эксперта, запрос корпоративного семинара","Корпоративное право; договоры; комплаенс; трудовое право","Корпоративное право; договоры; комплаенс; трудовое право; ищем эксперта; приглашаем спикеров; предложить тему; практикум; корпоративная программа; нужен преподаватель","Сначала сохранить публичную страницу и ссылки на программы/архив/контакты; затем отслеживать новые карточки и изменения. API/RSS не подтверждены.","Публичная страница или поисковое подтверждение. Заявки и закрытые материалы могут требовать регистрации; доступ отдельно проверить.","Публичное обнаружение без покупки билета. Членство, реклама, спонсорство и участие могут быть платными; тарифы не проверены. Не расходовать бюджет автоматически.","content_read","https://event.pravo.ru/","Прочитана страница конференций с именованными ролями продюсеров, руководителя контента и директора мероприятий.","2026-10-01","not_separately_checked","not_checked_here","2","true","Сохранить источник. Проверить текущую программу, контакты программной дирекции и сроки приёма; создать дочерние источники для новых выпусков, тематических потоков и организаторов. Календарь → продюсер → профиль эксперта и программа практикума → обсуждение учебного субподряда","Не подтверждены открытый оплаченный спрос, гонорар, доступность внешнего поставщика и технический сбор. Сначала установить предмет, плательщика, сроки и маршрут договора.","Поиск на официальном сайте/странице организатора; цепочка программа → продюсер → учебный проект.","added_v3"
"MISB-471","FCongress — программы при поддержке Forbes","https://fcongress.forbes.ru/","C09","C09","Палаты, МСП, экспорт, производительность","Деловые медиа и программные дирекции","РФ","RU","P","P","Региональный оператор","Карточка программы → контакт дирекции → предложение эксперта/модератора → проверка возможности платного учебного блока","Программная дирекция FCongress","Форумы по праву, ТЭК, цифровому развитию и управлению капиталом","Корпоративное право; ТЭК; стратегия; финансы","Корпоративное право; ТЭК; стратегия; финансы; ищем эксперта; приглашаем спикеров; предложить тему; практикум; корпоративная программа; нужен преподаватель","Сначала сохранить публичную страницу и ссылки на программы/архив/контакты; затем отслеживать новые карточки и изменения. API/RSS не подтверждены.","Публичная страница или поисковое подтверждение. Заявки и закрытые материалы могут требовать регистрации; доступ отдельно проверить.","Публичное обнаружение без покупки билета. Членство, реклама, спонсорство и участие могут быть платными; тарифы не проверены. Не расходовать бюджет автоматически.","content_read","https://fcongress.forbes.ru/","Прочитаны календарь ближайших форумов, архив и контакт организатора; отдельный раздел предназначен партнёрам.","2026-10-01","not_separately_checked","not_checked_here","2","true","Сохранить источник. Проверить текущую программу, контакты программной дирекции и сроки приёма; создать дочерние источники для новых выпусков, тематических потоков и организаторов. Карточка программы → контакт дирекции → предложение эксперта/модератора → проверка возможности платного учебного блока","Не подтверждены открытый оплаченный спрос, гонорар, доступность внешнего поставщика и технический сбор. Сначала установить предмет, плательщика, сроки и маршрут договора.","Поиск на официальном сайте/странице организатора; цепочка программа → продюсер → учебный проект.","added_v3"
"MISB-472","GAME & LEARN — отбор спикеров HR-конференции","https://game-learn.ru/","C10","C10","Конференции, премии и клубы","Конференции корпоративного обучения","РФ","RU","P","P","Организатор конференции","Кнопка спикера → заявка на практикум → обсуждение разработки игры или корпоративной адаптации","Продюсер HR-конференции","Набор спикеров по игровым форматам обучения и оценке персонала","Деловые игры; оценка; обучение руководителей; фасилитация","Деловые игры; оценка; обучение руководителей; фасилитация; ищем эксперта; приглашаем спикеров; предложить тему; практикум; корпоративная программа; нужен преподаватель","Сначала сохранить публичную страницу и ссылки на программы/архив/контакты; затем отслеживать новые карточки и изменения. API/RSS не подтверждены.","Публичная страница или поисковое подтверждение. Заявки и закрытые материалы могут требовать регистрации; доступ отдельно проверить.","Публичное обнаружение без покупки билета. Членство, реклама, спонсорство и участие могут быть платными; тарифы не проверены. Не расходовать бюджет автоматически.","search_index","https://game-learn.ru/","Официальный сайт HR-конференции содержит приглашение стать спикером и профессиональную программу.","2026-10-01","not_separately_checked","not_checked_here","2","true","Сохранить источник. Проверить текущую программу, контакты программной дирекции и сроки приёма; создать дочерние источники для новых выпусков, тематических потоков и организаторов. Кнопка спикера → заявка на практикум → обсуждение разработки игры или корпоративной адаптации","Не подтверждены открытый оплаченный спрос, гонорар, доступность внешнего поставщика и технический сбор. Сначала установить предмет, плательщика, сроки и маршрут договора.","Поиск на официальном сайте/странице организатора; цепочка программа → продюсер → учебный проект.","added_v3"
"MISB-473","eLearning Elements — заявки спикеров","https://elearningelements.ru/for-speakers","C10","C10","Конференции, премии и клубы","Конференции корпоративного обучения","РФ","RU","P","P","Организатор конференции","Форма доклада → предложение прикладной мастерской → квалификация запроса на разработку курса у организатора/корпоративного участника","Программный комитет; корпоративные L&D-команды","Запрос прикладных кейсов, методологии и инструментов корпоративного обучения","Электронное обучение; базы знаний; корпоративные университеты","Электронное обучение; базы знаний; корпоративные университеты; ищем эксперта; приглашаем спикеров; предложить тему; практикум; корпоративная программа; нужен преподаватель","Сначала сохранить публичную страницу и ссылки на программы/архив/контакты; затем отслеживать новые карточки и изменения. API/RSS не подтверждены.","Публичная страница или поисковое подтверждение. Заявки и закрытые материалы могут требовать регистрации; доступ отдельно проверить.","Публичное обнаружение без покупки билета. Членство, реклама, спонсорство и участие могут быть платными; тарифы не проверены. Не расходовать бюджет автоматически.","search_index","https://elearningelements.ru/for-speakers","Официальные правила описывают темы корпоративного обучения и бесплатное посещение дня выступления; гонорар не подтверждён.","2026-10-01","not_separately_checked","not_checked_here","2","true","Сохранить источник. Проверить текущую программу, контакты программной дирекции и сроки приёма; создать дочерние источники для новых выпусков, тематических потоков и организаторов. Форма доклада → предложение прикладной мастерской → квалификация запроса на разработку курса у организатора/корпоративного участника","Не подтверждены открытый оплаченный спрос, гонорар, доступность внешнего поставщика и технический сбор. Сначала установить предмет, плательщика, сроки и маршрут договора.","Поиск на официальном сайте/странице организатора; цепочка программа → продюсер → учебный проект.","added_v3"
"MISB-474","WhiteConf — заявка в программу конференции","https://whiteconf.ru/become_speaker/","C10","C10","Конференции, премии и клубы","Конференции EdTech и методологии","РФ","RU","P","P; R","Организатор конференции","Заявка → работа с методистом конференции → предложение учебного субподряда отдельно от выступления","Программный комитет; куратор тематического потока","Приём докладов об онлайн-образовании, экспертных форматах и обучении взрослых","Педагогический дизайн; онлайн-курсы; методология; тренинги","Педагогический дизайн; онлайн-курсы; методология; тренинги; ищем эксперта; приглашаем спикеров; предложить тему; практикум; корпоративная программа; нужен преподаватель","Сначала сохранить публичную страницу и ссылки на программы/архив/контакты; затем отслеживать новые карточки и изменения. API/RSS не подтверждены.","Публичная страница или поисковое подтверждение. Заявки и закрытые материалы могут требовать регистрации; доступ отдельно проверить.","Публичное обнаружение без покупки билета. Членство, реклама, спонсорство и участие могут быть платными; тарифы не проверены. Не расходовать бюджет автоматически.","search_index","https://whiteconf.ru/become_speaker/","Официальная инструкция описывает отбор темы, работу с методистом и включение спикера в поток.","2026-10-01","not_separately_checked","not_checked_here","2","true","Сохранить источник. Проверить текущую программу, контакты программной дирекции и сроки приёма; создать дочерние источники для новых выпусков, тематических потоков и организаторов. Заявка → работа с методистом конференции → предложение учебного субподряда отдельно от выступления","Не подтверждены открытый оплаченный спрос, гонорар, доступность внешнего поставщика и технический сбор. Сначала установить предмет, плательщика, сроки и маршрут договора.","Поиск на официальном сайте/странице организатора; цепочка программа → продюсер → учебный проект.","added_v3"
"MISB-475","МК-Конференции — стратегия обучения персонала","https://www.mk-conference.ru/obychenie1111","C10","C10","Конференции, премии и клубы","Конференции корпоративного обучения","РФ","RU","P","P","Организатор конференции","Страница серии → актуальная форма спикера → предложение прикладной сессии и программы для корпоративного заказчика","Продюсер конференции","Формирование программы по обучению сотрудников и приём спикеров","Стратегия L&D; развитие руководителей; учебные проекты","Стратегия L&D; развитие руководителей; учебные проекты; ищем эксперта; приглашаем спикеров; предложить тему; практикум; корпоративная программа; нужен преподаватель","Сначала сохранить публичную страницу и ссылки на программы/архив/контакты; затем отслеживать новые карточки и изменения. API/RSS не подтверждены.","Публичная страница или поисковое подтверждение. Заявки и закрытые материалы могут требовать регистрации; доступ отдельно проверить.","Публичное обнаружение без покупки билета. Членство, реклама, спонсорство и участие могут быть платными; тарифы не проверены. Не расходовать бюджет автоматически.","search_index","https://www.mk-conference.ru/obychenie1111","Официальная страница содержит программу серии «Стратегия обучения персонала» и ссылку на участие в качестве спикера.","2026-10-01","not_separately_checked","not_checked_here","2","true","Сохранить источник. Проверить текущую программу, контакты программной дирекции и сроки приёма; создать дочерние источники для новых выпусков, тематических потоков и организаторов. Страница серии → актуальная форма спикера → предложение прикладной сессии и программы для корпоративного заказчика","Не подтверждены открытый оплаченный спрос, гонорар, доступность внешнего поставщика и технический сбор. Сначала установить предмет, плательщика, сроки и маршрут договора.","Поиск на официальном сайте/странице организатора; цепочка программа → продюсер → учебный проект.","added_v3"
"MISB-476","FiNPLACE — предложить доклад","https://finplace.ru/","C10","C10","Конференции, премии и клубы","Функциональные банковские конференции","РФ","RU","P","P","Организатор конференции","«Предложить доклад» → кейс/практикум → запрос на авторский модуль для банковской аудитории","Продюсер финансовой конференции","Подбор практиков банковского маркетинга, аналитики и цифровой трансформации","Банковский маркетинг; управление проектами; аналитика; клиентский сервис","Банковский маркетинг; управление проектами; аналитика; клиентский сервис; ищем эксперта; приглашаем спикеров; предложить тему; практикум; корпоративная программа; нужен преподаватель","Сначала сохранить публичную страницу и ссылки на программы/архив/контакты; затем отслеживать новые карточки и изменения. API/RSS не подтверждены.","Публичная страница или поисковое подтверждение. Заявки и закрытые материалы могут требовать регистрации; доступ отдельно проверить.","Публичное обнаружение без покупки билета. Членство, реклама, спонсорство и участие могут быть платными; тарифы не проверены. Не расходовать бюджет автоматически.","search_index","https://finplace.ru/","Официальная страница описывает конференцию банковского маркетинга, спикеров и маршрут предложения доклада.","2026-10-01","not_separately_checked","not_checked_here","2","true","Сохранить источник. Проверить текущую программу, контакты программной дирекции и сроки приёма; создать дочерние источники для новых выпусков, тематических потоков и организаторов. «Предложить доклад» → кейс/практикум → запрос на авторский модуль для банковской аудитории","Не подтверждены открытый оплаченный спрос, гонорар, доступность внешнего поставщика и технический сбор. Сначала установить предмет, плательщика, сроки и маршрут договора.","Поиск на официальном сайте/странице организатора; цепочка программа → продюсер → учебный проект.","added_v3"
"MISB-477","Analyst Days — программный комитет и правила докладчиков","https://analystdays.ru/for_speakers","C10","C10","Конференции, премии и клубы","Профессиональные ИТ-конференции","РФ; СНГ","RU","P","P","Организатор конференции","Заявка докладчика → куратор → предложить практическую мастерскую и корпоративный курс","Программный комитет; руководитель обучения компании-участника","Приём докладов и практик бизнес-анализа, обучение прикладным методам","Бизнес-анализ; управление требованиями; управление проектами","Бизнес-анализ; управление требованиями; управление проектами; ищем эксперта; приглашаем спикеров; предложить тему; практикум; корпоративная программа; нужен преподаватель","Сначала сохранить публичную страницу и ссылки на программы/архив/контакты; затем отслеживать новые карточки и изменения. API/RSS не подтверждены.","Публичная страница или поисковое подтверждение. Заявки и закрытые материалы могут требовать регистрации; доступ отдельно проверить.","Публичное обнаружение без покупки билета. Членство, реклама, спонсорство и участие могут быть платными; тарифы не проверены. Не расходовать бюджет автоматически.","search_index","https://analystdays.ru/for_speakers","Официальные правила описывают заявку, взаимодействие с куратором и резерв докладчиков; оплаченный заказ не заявлен.","2026-10-01","not_separately_checked","not_checked_here","2","true","Сохранить источник. Проверить текущую программу, контакты программной дирекции и сроки приёма; создать дочерние источники для новых выпусков, тематических потоков и организаторов. Заявка докладчика → куратор → предложить практическую мастерскую и корпоративный курс","Не подтверждены открытый оплаченный спрос, гонорар, доступность внешнего поставщика и технический сбор. Сначала установить предмет, плательщика, сроки и маршрут договора.","Поиск на официальном сайте/странице организатора; цепочка программа → продюсер → учебный проект.","added_v3"
"MISB-478","РусРиск — партнёрские тренинги и специализированные разделы программ","https://rusrisk.org/membership","C08","C08","Отраслевые союзы и СРО","Функциональные профессиональные объединения","РФ","RU","P","P","Отраслевой союз и СРО","Обсуждение совместной специализированной программы → распределение модулей → договор на учебные услуги","Руководитель образовательных программ РусРиска","Подготовка специализированного тренинга или раздела программы риск-менеджмента","Риск-менеджмент; внутренний контроль; страхование рисков","Риск-менеджмент; внутренний контроль; страхование рисков; ищем эксперта; приглашаем спикеров; предложить тему; практикум; корпоративная программа; нужен преподаватель","Сначала сохранить публичную страницу и ссылки на программы/архив/контакты; затем отслеживать новые карточки и изменения. API/RSS не подтверждены.","Публичная страница или поисковое подтверждение. Заявки и закрытые материалы могут требовать регистрации; доступ отдельно проверить.","Публичное обнаружение без покупки билета. Членство, реклама, спонсорство и участие могут быть платными; тарифы не проверены. Не расходовать бюджет автоматически.","search_index","https://rusrisk.org/membership","Официальная страница членства упоминает подготовку специализированного тренинга и отдельных разделов программ обучения.","2026-10-01","not_separately_checked","not_checked_here","2","true","Сохранить источник. Проверить текущую программу, контакты программной дирекции и сроки приёма; создать дочерние источники для новых выпусков, тематических потоков и организаторов. Обсуждение совместной специализированной программы → распределение модулей → договор на учебные услуги","Не подтверждены открытый оплаченный спрос, гонорар, доступность внешнего поставщика и технический сбор. Сначала установить предмет, плательщика, сроки и маршрут договора.","Поиск на официальном сайте/странице организатора; цепочка программа → продюсер → учебный проект.","added_v3"
"MISB-479","Национальная Ассоциация Комплаенс — лента Timepad","https://n-a-compliance.timepad.ru/events/","C07","C07","Функциональные ассоциации","Функциональные профессиональные объединения","РФ","RU","P","P","Функциональная ассоциация","Карточка организатора → контакт мероприятия → предложение экспертного блока/совместного курса","Куратор образовательного мероприятия НАК","Анонс вебинара, новая комплаенс-тема или запрос эксперта в профессиональный клуб","Комплаенс; корпоративная этика; управление рисками","Комплаенс; корпоративная этика; управление рисками; ищем эксперта; приглашаем спикеров; предложить тему; практикум; корпоративная программа; нужен преподаватель","Сначала сохранить публичную страницу и ссылки на программы/архив/контакты; затем отслеживать новые карточки и изменения. API/RSS не подтверждены.","Официальная страница организатора найдена в поиске; прямое открытие инструментом не удалось. Сохранить и повторить проверку; не считать подключённой.","Публичное обнаружение без покупки билета. Членство, реклама, спонсорство и участие могут быть платными; тарифы не проверены. Не расходовать бюджет автоматически.","search_index","https://n-a-compliance.timepad.ru/events/","В поисковой выдаче официальной страницы организатора видны комплаенс-вебинары и клубные встречи; прямое открытие не удалось.","2026-10-01","not_separately_checked","not_checked_here","2","true","Сохранить источник. Проверить текущую программу, контакты программной дирекции и сроки приёма; создать дочерние источники для новых выпусков, тематических потоков и организаторов. Карточка организатора → контакт мероприятия → предложение экспертного блока/совместного курса","Не подтверждены открытый оплаченный спрос, гонорар, доступность внешнего поставщика и технический сбор. Сначала установить предмет, плательщика, сроки и маршрут договора.","Поиск на официальном сайте/странице организатора; цепочка программа → продюсер → учебный проект.","added_v3"
"MISB-480","НАУФОР — семинары и курсы","https://naufor.ru/tree.asp?n=13283","C07","C07","Функциональные ассоциации","Финансовые ассоциации и учебные операторы","РФ","RU","P","P","Функциональная ассоциация","Расписание → учебный оператор → предложение отраслевого преподавателя/модуля → проверка квалификационных условий","Руководитель семинаров; Консалтинговый центр НАУФОР","Новые программы для участников финансового рынка, обновление регуляторных тем","Финансовое право; комплаенс; бухгалтерский учёт; внутренний контроль","Финансовое право; комплаенс; бухгалтерский учёт; внутренний контроль; ищем эксперта; приглашаем спикеров; предложить тему; практикум; корпоративная программа; нужен преподаватель","Сначала сохранить публичную страницу и ссылки на программы/архив/контакты; затем отслеживать новые карточки и изменения. API/RSS не подтверждены.","Публичная страница или поисковое подтверждение. Заявки и закрытые материалы могут требовать регистрации; доступ отдельно проверить.","Публичное обнаружение без покупки билета. Членство, реклама, спонсорство и участие могут быть платными; тарифы не проверены. Не расходовать бюджет автоматически.","search_index","https://naufor.ru/tree.asp?n=13283","Официальное расписание содержит семинары/курсы и переход к расписанию Консалтингового центра НАУФОР.","2026-10-01","not_separately_checked","not_checked_here","2","true","Сохранить источник. Проверить текущую программу, контакты программной дирекции и сроки приёма; создать дочерние источники для новых выпусков, тематических потоков и организаторов. Расписание → учебный оператор → предложение отраслевого преподавателя/модуля → проверка квалификационных условий","Не подтверждены открытый оплаченный спрос, гонорар, доступность внешнего поставщика и технический сбор. Сначала установить предмет, плательщика, сроки и маршрут договора.","Поиск на официальном сайте/странице организатора; цепочка программа → продюсер → учебный проект.","added_v3"
"MISB-481","АКИТ — отраслевые мероприятия интернет-торговли","https://akit.ru/events/","C10","C10","Конференции, премии и клубы","Функциональные профессиональные объединения","РФ","RU","P","P","Организатор конференции","Анонс → первичный организатор → предложение учебного модуля для компаний электронной торговли","Куратор АКИТ; организатор конкретного события","Новая деловая программа по электронной торговле, GR, цифровизации и отраслевым изменениям","Право электронной торговли; маркетинг; закупки; управление изменениями","Право электронной торговли; маркетинг; закупки; управление изменениями; ищем эксперта; приглашаем спикеров; предложить тему; практикум; корпоративная программа; нужен преподаватель","Сначала сохранить публичную страницу и ссылки на программы/архив/контакты; затем отслеживать новые карточки и изменения. API/RSS не подтверждены.","Публичная страница или поисковое подтверждение. Заявки и закрытые материалы могут требовать регистрации; доступ отдельно проверить.","Публичное обнаружение без покупки билета. Членство, реклама, спонсорство и участие могут быть платными; тарифы не проверены. Не расходовать бюджет автоматически.","search_index","https://akit.ru/events/","Официальная лента публикует отраслевые мероприятия и ссылки на их программы и организаторов.","2026-10-01","not_separately_checked","not_checked_here","2","true","Сохранить источник. Проверить текущую программу, контакты программной дирекции и сроки приёма; создать дочерние источники для новых выпусков, тематических потоков и организаторов. Анонс → первичный организатор → предложение учебного модуля для компаний электронной торговли","Не подтверждены открытый оплаченный спрос, гонорар, доступность внешнего поставщика и технический сбор. Сначала установить предмет, плательщика, сроки и маршрут договора.","Поиск на официальном сайте/странице организатора; цепочка программа → продюсер → учебный проект.","added_v3"
"MISB-482","Ассоциация банков России — события и функциональные комитеты","https://asros.ru/events/","C07","C07","Функциональные ассоциации","Финансовые ассоциации и учебные операторы","РФ","RU","P","P","Функциональная ассоциация","Повестка комитета/события → согласование содержательного семинара → проверка формата оплаты","Дирекция ассоциации; секретарь профильного комитета","Новая банковская юридическая конференция или повестка комитетов по рискам, отчётности, финансам","Банковское право; риск-менеджмент; комплаенс; финансы","Банковское право; риск-менеджмент; комплаенс; финансы; ищем эксперта; приглашаем спикеров; предложить тему; практикум; корпоративная программа; нужен преподаватель","Сначала сохранить публичную страницу и ссылки на программы/архив/контакты; затем отслеживать новые карточки и изменения. API/RSS не подтверждены.","Публичная страница или поисковое подтверждение. Заявки и закрытые материалы могут требовать регистрации; доступ отдельно проверить.","Публичное обнаружение без покупки билета. Членство, реклама, спонсорство и участие могут быть платными; тарифы не проверены. Не расходовать бюджет автоматически.","content_read","https://asros.ru/events/","Прочитаны календарь и карта профильных комитетов; присутствуют банковская юридическая конференция и рабочая группа по поставщикам услуг.","2026-10-01","not_separately_checked","not_checked_here","2","true","Сохранить источник. Проверить текущую программу, контакты программной дирекции и сроки приёма; создать дочерние источники для новых выпусков, тематических потоков и организаторов. Повестка комитета/события → согласование содержательного семинара → проверка формата оплаты","Не подтверждены открытый оплаченный спрос, гонорар, доступность внешнего поставщика и технический сбор. Сначала установить предмет, плательщика, сроки и маршрут договора.","Поиск на официальном сайте/странице организатора; цепочка программа → продюсер → учебный проект.","added_v3"
"MISB-483","Российский институт директоров — мастер-классы","https://rid.ru/profrazvitie/master-klassy/","C10","C10","Конференции, премии и клубы","Корпоративное управление и советы директоров","РФ","RU","P","P","Организатор конференции","Раздел мастер-классов → предложение экспертной программы → обсуждение партнёрского обучения","Руководитель профразвития РИД","Формирование новых мастер-классов и развитие профессиональных директоров","Корпоративное управление; финансы для директоров; стратегия","Корпоративное управление; финансы для директоров; стратегия; ищем эксперта; приглашаем спикеров; предложить тему; практикум; корпоративная программа; нужен преподаватель","Сначала сохранить публичную страницу и ссылки на программы/архив/контакты; затем отслеживать новые карточки и изменения. API/RSS не подтверждены.","Публичная страница или поисковое подтверждение. Заявки и закрытые материалы могут требовать регистрации; доступ отдельно проверить.","Публичное обнаружение без покупки билета. Членство, реклама, спонсорство и участие могут быть платными; тарифы не проверены. Не расходовать бюджет автоматически.","content_read","https://rid.ru/profrazvitie/master-klassy/","Переход с официального сайта открыл отдельный раздел мастер-классов; сайт также содержит бизнес-курс и профессиональный реестр.","2026-10-01","not_separately_checked","not_checked_here","2","true","Сохранить источник. Проверить текущую программу, контакты программной дирекции и сроки приёма; создать дочерние источники для новых выпусков, тематических потоков и организаторов. Раздел мастер-классов → предложение экспертной программы → обсуждение партнёрского обучения","Не подтверждены открытый оплаченный спрос, гонорар, доступность внешнего поставщика и технический сбор. Сначала установить предмет, плательщика, сроки и маршрут договора.","Поиск на официальном сайте/странице организатора; цепочка программа → продюсер → учебный проект.","added_v3"
"MISB-484","АКАР — образовательное объединение и региональные программы","https://akarussia.ru/about/education/","C08","C08","Отраслевые союзы и СРО","Функциональные профессиональные объединения","РФ","RU","P","P","Отраслевой союз и СРО","Образовательное направление → совместный модуль/практикум → отдельная квалификация заказа","Руководитель образовательного направления; региональный амбассадор","Обновление учебных проектов для коммуникационной отрасли и программ регионального развития","Маркетинг; деловые коммуникации; цифровые навыки; право рекламы","Маркетинг; деловые коммуникации; цифровые навыки; право рекламы; ищем эксперта; приглашаем спикеров; предложить тему; практикум; корпоративная программа; нужен преподаватель","Сначала сохранить публичную страницу и ссылки на программы/архив/контакты; затем отслеживать новые карточки и изменения. API/RSS не подтверждены.","Публичная страница или поисковое подтверждение. Заявки и закрытые материалы могут требовать регистрации; доступ отдельно проверить.","Публичное обнаружение без покупки билета. Членство, реклама, спонсорство и участие могут быть платными; тарифы не проверены. Не расходовать бюджет автоматически.","search_index","https://akarussia.ru/about/education/","Официальный раздел перечисляет образовательное объединение и проекты профессионального образования отрасли.","2026-10-01","not_separately_checked","not_checked_here","2","true","Сохранить источник. Проверить текущую программу, контакты программной дирекции и сроки приёма; создать дочерние источники для новых выпусков, тематических потоков и организаторов. Образовательное направление → совместный модуль/практикум → отдельная квалификация заказа","Не подтверждены открытый оплаченный спрос, гонорар, доступность внешнего поставщика и технический сбор. Сначала установить предмет, плательщика, сроки и маршрут договора.","Поиск на официальном сайте/странице организатора; цепочка программа → продюсер → учебный проект.","added_v3"
"MISB-485","РАСО — мероприятия и региональные комитеты","https://raso.ru/events_raso","C10","C10","Конференции, премии и клубы","Функциональные профессиональные объединения","РФ","RU","P","P","Организатор конференции","Событие/комитет → предложение учебного практикума → совместный проект для членов","Исполнительная дирекция; глава профильного комитета","Новый профессиональный формат по коммуникациям, репутации, ИИ и развитию кадров","PR; репутационные риски; публичные коммуникации; ИИ для специалистов","PR; репутационные риски; публичные коммуникации; ИИ для специалистов; ищем эксперта; приглашаем спикеров; предложить тему; практикум; корпоративная программа; нужен преподаватель","Сначала сохранить публичную страницу и ссылки на программы/архив/контакты; затем отслеживать новые карточки и изменения. API/RSS не подтверждены.","Публичная страница или поисковое подтверждение. Заявки и закрытые материалы могут требовать регистрации; доступ отдельно проверить.","Публичное обнаружение без покупки билета. Членство, реклама, спонсорство и участие могут быть платными; тарифы не проверены. Не расходовать бюджет автоматически.","content_read","https://raso.ru/events_raso","Раздел мероприятий открыт с официального сайта; подтверждены комитеты, региональная сеть и задача развития кадрового потенциала.","2026-10-01","not_separately_checked","not_checked_here","2","true","Сохранить источник. Проверить текущую программу, контакты программной дирекции и сроки приёма; создать дочерние источники для новых выпусков, тематических потоков и организаторов. Событие/комитет → предложение учебного практикума → совместный проект для членов","Не подтверждены открытый оплаченный спрос, гонорар, доступность внешнего поставщика и технический сбор. Сначала установить предмет, плательщика, сроки и маршрут договора.","Поиск на официальном сайте/странице организатора; цепочка программа → продюсер → учебный проект.","added_v3"
"MISB-486","АКМР — образовательный проект","https://corpmedia.ru/obrazovatel-nyy-proekt-akmr/","C08","C08","Отраслевые союзы и СРО","Функциональные профессиональные объединения","РФ","RU","P","P","Отраслевой союз и СРО","Образовательный проект → партнёрская экспертная программа → поставка тренинга/видеомодуля","Куратор образовательного проекта; комитет по образованию","Новые учебные модули для директоров по коммуникациям и корпоративным медиа","Внутренние коммуникации; сопровождение изменений; учебное видео","Внутренние коммуникации; сопровождение изменений; учебное видео; ищем эксперта; приглашаем спикеров; предложить тему; практикум; корпоративная программа; нужен преподаватель","Сначала сохранить публичную страницу и ссылки на программы/архив/контакты; затем отслеживать новые карточки и изменения. API/RSS не подтверждены.","Публичная страница или поисковое подтверждение. Заявки и закрытые материалы могут требовать регистрации; доступ отдельно проверить.","Публичное обнаружение без покупки билета. Членство, реклама, спонсорство и участие могут быть платными; тарифы не проверены. Не расходовать бюджет автоматически.","content_read","https://corpmedia.ru/obrazovatel-nyy-proekt-akmr/","На официальном сайте открывается отдельный образовательный проект; есть комитет по образованию и раздел подрядчиков.","2026-10-01","not_separately_checked","not_checked_here","2","true","Сохранить источник. Проверить текущую программу, контакты программной дирекции и сроки приёма; создать дочерние источники для новых выпусков, тематических потоков и организаторов. Образовательный проект → партнёрская экспертная программа → поставка тренинга/видеомодуля","Не подтверждены открытый оплаченный спрос, гонорар, доступность внешнего поставщика и технический сбор. Сначала установить предмет, плательщика, сроки и маршрут договора.","Поиск на официальном сайте/странице организатора; цепочка программа → продюсер → учебный проект.","added_v3"
"MISB-487","ПАРТАД — новости, семинары и отраслевые изменения","https://partad.ru/News","C07","C07","Функциональные ассоциации","Финансовые ассоциации и учебные операторы","РФ","RU","P","P","Функциональная ассоциация","Анонс/отраслевое изменение → предложение нового учебного модуля → согласование с учебной дирекцией","Куратор семинаров ПАРТАД","Новая тема семинара по требованиям регулятора, отчётности, ЭДО и внутреннему контролю","Финансовый учёт; комплаенс; управление рисками; документооборот","Финансовый учёт; комплаенс; управление рисками; документооборот; ищем эксперта; приглашаем спикеров; предложить тему; практикум; корпоративная программа; нужен преподаватель","Сначала сохранить публичную страницу и ссылки на программы/архив/контакты; затем отслеживать новые карточки и изменения. API/RSS не подтверждены.","Публичная страница или поисковое подтверждение. Заявки и закрытые материалы могут требовать регистрации; доступ отдельно проверить.","Публичное обнаружение без покупки билета. Членство, реклама, спонсорство и участие могут быть платными; тарифы не проверены. Не расходовать бюджет автоматически.","search_index","https://partad.ru/News","Официальная лента содержит новости семинаров и отраслевые материалы; часть найденных примеров архивная.","2026-10-01","not_separately_checked","not_checked_here","2","true","Сохранить источник. Проверить текущую программу, контакты программной дирекции и сроки приёма; создать дочерние источники для новых выпусков, тематических потоков и организаторов. Анонс/отраслевое изменение → предложение нового учебного модуля → согласование с учебной дирекцией","Не подтверждены открытый оплаченный спрос, гонорар, доступность внешнего поставщика и технический сбор. Сначала установить предмет, плательщика, сроки и маршрут договора.","Поиск на официальном сайте/странице организатора; цепочка программа → продюсер → учебный проект.","added_v3"
"MISB-488","Российская ассоциация фасилитаторов — конференция и кейсы заказчиков","https://facilitators.ru/","C10","C10","Конференции, премии и клубы","Фасилитация и управленческие сессии","РФ; СНГ","RU","P","P","Организатор конференции","Кейс/воркшоп → куратор программы → запрос совместного проекта или субподряда фасилитатора","Программный комитет; корпоративный автор кейса","Воркшопы, корпоративные кейсы командной работы и новые задачи трансформации","Стратегические сессии; фасилитация; развитие управленческих команд","Стратегические сессии; фасилитация; развитие управленческих команд; ищем эксперта; приглашаем спикеров; предложить тему; практикум; корпоративная программа; нужен преподаватель","Сначала сохранить публичную страницу и ссылки на программы/архив/контакты; затем отслеживать новые карточки и изменения. API/RSS не подтверждены.","Публичная страница или поисковое подтверждение. Заявки и закрытые материалы могут требовать регистрации; доступ отдельно проверить.","Публичное обнаружение без покупки билета. Членство, реклама, спонсорство и участие могут быть платными; тарифы не проверены. Не расходовать бюджет автоматически.","search_index","https://facilitators.ru/","Официальная конференционная страница публикует воркшопы и выступления корпоративных команд.","2026-10-01","not_separately_checked","not_checked_here","2","true","Сохранить источник. Проверить текущую программу, контакты программной дирекции и сроки приёма; создать дочерние источники для новых выпусков, тематических потоков и организаторов. Кейс/воркшоп → куратор программы → запрос совместного проекта или субподряда фасилитатора","Не подтверждены открытый оплаченный спрос, гонорар, доступность внешнего поставщика и технический сбор. Сначала установить предмет, плательщика, сроки и маршрут договора.","Поиск на официальном сайте/странице организатора; цепочка программа → продюсер → учебный проект.","added_v3"
"MISB-489","Академия социальных технологий — неделя фасилитации","https://ast-academy.ru/events/facilitationweek2026/","C12","C12","Корпоративные новости, отчеты и университеты","Учебные экосистемы и профессиональные события","РФ; СНГ","RU","P","P; R","Корпоративная академия","Календарь совместного проекта → предложение собственного практикума → проверка оплаченного субподряда","Программная дирекция АСТ; партнёрская экспертная организация","Профессиональные практикумы по сложным бизнес-сессиям и партнёрские программы","Фасилитация; стратегия; обучение руководителей","Фасилитация; стратегия; обучение руководителей; ищем эксперта; приглашаем спикеров; предложить тему; практикум; корпоративная программа; нужен преподаватель","Сначала сохранить публичную страницу и ссылки на программы/архив/контакты; затем отслеживать новые карточки и изменения. API/RSS не подтверждены.","Публичная страница или поисковое подтверждение. Заявки и закрытые материалы могут требовать регистрации; доступ отдельно проверить.","Публичное обнаружение без покупки билета. Членство, реклама, спонсорство и участие могут быть платными; тарифы не проверены. Не расходовать бюджет автоматически.","search_index","https://ast-academy.ru/events/facilitationweek2026/","Официальная страница организатора подтверждает совместную неделю фасилитации с Российской ассоциацией фасилитаторов.","2026-10-01","not_separately_checked","not_checked_here","2","true","Сохранить источник. Проверить текущую программу, контакты программной дирекции и сроки приёма; создать дочерние источники для новых выпусков, тематических потоков и организаторов. Календарь совместного проекта → предложение собственного практикума → проверка оплаченного субподряда","Не подтверждены открытый оплаченный спрос, гонорар, доступность внешнего поставщика и технический сбор. Сначала установить предмет, плательщика, сроки и маршрут договора.","Поиск на официальном сайте/странице организатора; цепочка программа → продюсер → учебный проект.","added_v3"
"MISB-490","CNews FORUM — заявка на доклад и корпоративные кейсы","https://www.cnewsforum.ru/","C10","C10","Конференции, премии и клубы","Профессиональные ИТ-конференции","РФ","RU","P","P; R","Организатор конференции","Заявка доклада → обсуждение учебного блока → отдельная квалификация корпоративного запроса","Программный продюсер; корпоративный заказчик из кейса","Запрос прикладных кейсов цифровой/ИИ-трансформации и потребность бизнеса в новых компетенциях","ИИ для руководителей; управление изменениями; цифровые навыки","ИИ для руководителей; управление изменениями; цифровые навыки; ищем эксперта; приглашаем спикеров; предложить тему; практикум; корпоративная программа; нужен преподаватель","Сначала сохранить публичную страницу и ссылки на программы/архив/контакты; затем отслеживать новые карточки и изменения. API/RSS не подтверждены.","Публичная страница или поисковое подтверждение. Заявки и закрытые материалы могут требовать регистрации; доступ отдельно проверить.","Публичное обнаружение без покупки билета. Членство, реклама, спонсорство и участие могут быть платными; тарифы не проверены. Не расходовать бюджет автоматически.","search_index","https://www.cnewsforum.ru/","Официальный сайт содержит заявку на доклад и программу кейсов ИТ-лидеров.","2026-10-01","not_separately_checked","not_checked_here","2","true","Сохранить источник. Проверить текущую программу, контакты программной дирекции и сроки приёма; создать дочерние источники для новых выпусков, тематических потоков и организаторов. Заявка доклада → обсуждение учебного блока → отдельная квалификация корпоративного запроса","Не подтверждены открытый оплаченный спрос, гонорар, доступность внешнего поставщика и технический сбор. Сначала установить предмет, плательщика, сроки и маршрут договора.","Поиск на официальном сайте/странице организатора; цепочка программа → продюсер → учебный проект.","added_v3"
"MISB-491","Global CIO — летняя академия для ИТ-руководителей","https://academy.globalcio.ru/","C12","C12","Корпоративные новости, отчеты и университеты","Учебные экосистемы и профессиональные события","РФ; СНГ","RU","P","P","Корпоративная академия","Программа → учебная дирекция → предложение авторского модуля/приглашённого преподавателя","Руководитель академии; куратор учебного модуля","Обновление управленческих и ИИ-модулей академии","ИТ-лидерство; ИИ для управления; стратегические навыки","ИТ-лидерство; ИИ для управления; стратегические навыки; ищем эксперта; приглашаем спикеров; предложить тему; практикум; корпоративная программа; нужен преподаватель","Сначала сохранить публичную страницу и ссылки на программы/архив/контакты; затем отслеживать новые карточки и изменения. API/RSS не подтверждены.","Публичная страница или поисковое подтверждение. Заявки и закрытые материалы могут требовать регистрации; доступ отдельно проверить.","Публичное обнаружение без покупки билета. Членство, реклама, спонсорство и участие могут быть платными; тарифы не проверены. Не расходовать бюджет автоматически.","search_index","https://academy.globalcio.ru/","Официальная страница описывает академию, ИИ-спецкурс и преподавателей; внешний оплаченный набор не подтверждён.","2026-10-01","not_separately_checked","not_checked_here","2","true","Сохранить источник. Проверить текущую программу, контакты программной дирекции и сроки приёма; создать дочерние источники для новых выпусков, тематических потоков и организаторов. Программа → учебная дирекция → предложение авторского модуля/приглашённого преподавателя","Не подтверждены открытый оплаченный спрос, гонорар, доступность внешнего поставщика и технический сбор. Сначала установить предмет, плательщика, сроки и маршрут договора.","Поиск на официальном сайте/странице организатора; цепочка программа → продюсер → учебный проект.","added_v3"
"MISB-492","ComNews Conferences — отраслевые форумы и проектные офисы","https://www.comnews-conferences.ru/","C10","C10","Конференции, премии и клубы","Отраслевые конференционные операторы","РФ","RU","P","P","Организатор конференции","Карточка форума → программный контакт → предложение практикума/модерации и сопровождения учебного проекта","Программная дирекция; координатор отраслевого форума","Программы по проектным офисам и цифровизации энергетики, металлургии, химии","Управление проектами; цифровая трансформация; отраслевые бизнес-практикумы","Управление проектами; цифровая трансформация; отраслевые бизнес-практикумы; ищем эксперта; приглашаем спикеров; предложить тему; практикум; корпоративная программа; нужен преподаватель","Сначала сохранить публичную страницу и ссылки на программы/архив/контакты; затем отслеживать новые карточки и изменения. API/RSS не подтверждены.","Публичная страница или поисковое подтверждение. Заявки и закрытые материалы могут требовать регистрации; доступ отдельно проверить.","Публичное обнаружение без покупки билета. Членство, реклама, спонсорство и участие могут быть платными; тарифы не проверены. Не расходовать бюджет автоматически.","content_read","https://www.comnews-conferences.ru/","Прочитан календарь отраслевых форумов, раздел организации мероприятий и контакт дирекции.","2026-10-01","not_separately_checked","not_checked_here","2","true","Сохранить источник. Проверить текущую программу, контакты программной дирекции и сроки приёма; создать дочерние источники для новых выпусков, тематических потоков и организаторов. Карточка форума → программный контакт → предложение практикума/модерации и сопровождения учебного проекта","Не подтверждены открытый оплаченный спрос, гонорар, доступность внешнего поставщика и технический сбор. Сначала установить предмет, плательщика, сроки и маршрут договора.","Поиск на официальном сайте/странице организатора; цепочка программа → продюсер → учебный проект.","added_v3"
"MISB-493","ЦИПР — контакт по деловой программе","https://cipr.ru/","C10","C10","Конференции, премии и клубы","Технологическая трансформация и отраслевые форумы","РФ","RU","P","P; R","Организатор конференции","Контакт по деловой программе → эксперт/модератор → уточнение оплаченного задания или корпоративного учебного проекта","Программная дирекция ЦИПР; оператор тематической сессии","Подбор тем и экспертов деловой программы по цифровой трансформации","ИИ для бизнеса; управление изменениями; цифровые компетенции","ИИ для бизнеса; управление изменениями; цифровые компетенции; ищем эксперта; приглашаем спикеров; предложить тему; практикум; корпоративная программа; нужен преподаватель","Сначала сохранить публичную страницу и ссылки на программы/архив/контакты; затем отслеживать новые карточки и изменения. API/RSS не подтверждены.","Публичная страница или поисковое подтверждение. Заявки и закрытые материалы могут требовать регистрации; доступ отдельно проверить.","Публичное обнаружение без покупки билета. Членство, реклама, спонсорство и участие могут быть платными; тарифы не проверены. Не расходовать бюджет автоматически.","content_read","https://cipr.ru/","Прочитана официальная страница с отдельным контактом по участию в деловой программе и организатором конференции.","2026-10-01","not_separately_checked","not_checked_here","2","true","Сохранить источник. Проверить текущую программу, контакты программной дирекции и сроки приёма; создать дочерние источники для новых выпусков, тематических потоков и организаторов. Контакт по деловой программе → эксперт/модератор → уточнение оплаченного задания или корпоративного учебного проекта","Не подтверждены открытый оплаченный спрос, гонорар, доступность внешнего поставщика и технический сбор. Сначала установить предмет, плательщика, сроки и маршрут договора.","Поиск на официальном сайте/странице организатора; цепочка программа → продюсер → учебный проект.","added_v3"
"MISB-494","Учебный центр Интерфакс — отраслевые вебинары и курсы","https://event.interfax.ru/","C06","C06","Профессиональные форумы и медиа","Деловые медиа и учебные операторы","РФ","RU","P","P","Профессиональное медиа","Расписание → учебный центр → предложение внешнего эксперта/авторского курса → проверка возможности договора","Руководитель учебного центра; продюсер вебинаров","Появление новых программ по праву, кадрам, финансам, закупкам и комплаенсу","Право; финансы; закупки; кадры; комплаенс","Право; финансы; закупки; кадры; комплаенс; ищем эксперта; приглашаем спикеров; предложить тему; практикум; корпоративная программа; нужен преподаватель","Сначала сохранить публичную страницу и ссылки на программы/архив/контакты; затем отслеживать новые карточки и изменения. API/RSS не подтверждены.","Публичная страница или поисковое подтверждение. Заявки и закрытые материалы могут требовать регистрации; доступ отдельно проверить.","Публичное обнаружение без покупки билета. Членство, реклама, спонсорство и участие могут быть платными; тарифы не проверены. Не расходовать бюджет автоматически.","content_read","https://event.interfax.ru/","Прочитана лента мероприятий и перечень функциональных направлений учебного центра.","2026-10-01","not_separately_checked","not_checked_here","2","true","Сохранить источник. Проверить текущую программу, контакты программной дирекции и сроки приёма; создать дочерние источники для новых выпусков, тематических потоков и организаторов. Расписание → учебный центр → предложение внешнего эксперта/авторского курса → проверка возможности договора","Не подтверждены открытый оплаченный спрос, гонорар, доступность внешнего поставщика и технический сбор. Сначала установить предмет, плательщика, сроки и маршрут договора.","Поиск на официальном сайте/странице организатора; цепочка программа → продюсер → учебный проект.","added_v3"
"MISB-495","СРО ААС — реестр аккредитованных учебно-методических центров","https://sroaas.ru/reestr/umc/","C10","C10","Конференции, премии и клубы","Сети учебных партнёров и квалификационные экосистемы","РФ","RU","R","R","Организатор конференции","Реестр УМЦ → сайт каждого центра → программа/контакт учебного отдела → предложение субподряда","Руководитель конкретного УМЦ из реестра","Поиск учебных центров, которым нужны преподаватели, цифровые модули и региональный субподряд","Бухучёт; аудит; налоги; внутренний контроль; электронные курсы","Бухучёт; аудит; налоги; внутренний контроль; электронные курсы; ищем эксперта; приглашаем спикеров; предложить тему; практикум; корпоративная программа; нужен преподаватель","Сначала сохранить публичную страницу и ссылки на программы/архив/контакты; затем отслеживать новые карточки и изменения. API/RSS не подтверждены.","Страница реестра открывается, строки реестра не извлеклись. Проверить загрузку реестра и разрешённый способ получения данных.","Публичное обнаружение без покупки билета. Членство, реклама, спонсорство и участие могут быть платными; тарифы не проверены. Не расходовать бюджет автоматически.","content_read","https://sroaas.ru/reestr/umc/","Официальная страница реестра существует; при текстовом чтении строки реестра не извлеклись. На сайте есть расписания и аккредитация УМЦ.","2026-10-01","not_separately_checked","not_checked_here","2","true","Сохранить источник. Проверить текущую программу, контакты программной дирекции и сроки приёма; создать дочерние источники для новых выпусков, тематических потоков и организаторов. Реестр УМЦ → сайт каждого центра → программа/контакт учебного отдела → предложение субподряда","Нужно получить состав УМЦ из публичного реестра, перейти к их сайтам и проверить, принимают ли внешних преподавателей; сам реестр не содержит заказов.","Поиск на официальном сайте/странице организатора; цепочка программа → продюсер → учебный проект.","added_v3"
"MISB-496","Российский микрофинансовый центр — анонсы профессиональных вебинаров","https://www.rmcenter.ru/about/anons/7416/","C07","C07","Функциональные ассоциации","Финансовые ассоциации и учебные операторы","РФ","RU","P","P; R","Функциональная ассоциация","Анонс → организатор → предложение профильного вебинара/серии → уточнение договора на преподавание","Продюсер вебинаров РМЦ/СРО МиР","Вебинары по трудовому праву, управлению и операционным вопросам МФО","Трудовое право; HR; комплаенс; обучение менеджеров","Трудовое право; HR; комплаенс; обучение менеджеров; ищем эксперта; приглашаем спикеров; предложить тему; практикум; корпоративная программа; нужен преподаватель","Сначала сохранить публичную страницу и ссылки на программы/архив/контакты; затем отслеживать новые карточки и изменения. API/RSS не подтверждены.","Публичная страница или поисковое подтверждение. Заявки и закрытые материалы могут требовать регистрации; доступ отдельно проверить.","Публичное обнаружение без покупки билета. Членство, реклама, спонсорство и участие могут быть платными; тарифы не проверены. Не расходовать бюджет автоматически.","search_index","https://www.rmcenter.ru/about/anons/7416/","Официальный анонс вебинара о дистанционной и гибридной работе содержит порядок сбора вопросов через СРО МиР.","2026-10-01","not_separately_checked","not_checked_here","2","true","Перейти из карточки в общую ленту анонсов, сохранить текущий вебинар и новые программы; уточнить у учебной дирекции возможность внешнего преподавания. Не считать порядок вопросов через ЛК публичным API.","Не подтверждены открытый оплаченный спрос, гонорар, доступность внешнего поставщика и технический сбор. Сначала установить предмет, плательщика, сроки и маршрут договора.","Поиск на официальном сайте/странице организатора; цепочка программа → продюсер → учебный проект.","added_v3"
"MISB-497","TECH WEEK — деловые потоки и заявка эксперта","https://techweek.moscow/","C10","C10","Конференции, премии и клубы","Технологическая трансформация и отраслевые форумы","РФ","RU","P","P","Организатор конференции","Актуальный поток → программный контакт → предложение практического учебного формата","Продюсер тематического потока","Новые потоки по технологиям для бизнеса и поиск спикеров/модераторов","ИИ для бизнеса; маркетинг; управленческие навыки; цифровизация","ИИ для бизнеса; маркетинг; управленческие навыки; цифровизация; ищем эксперта; приглашаем спикеров; предложить тему; практикум; корпоративная программа; нужен преподаватель","Сначала сохранить публичную страницу и ссылки на программы/архив/контакты; затем отслеживать новые карточки и изменения. API/RSS не подтверждены.","Публичная страница или поисковое подтверждение. Заявки и закрытые материалы могут требовать регистрации; доступ отдельно проверить.","Публичное обнаружение без покупки билета. Членство, реклама, спонсорство и участие могут быть платными; тарифы не проверены. Не расходовать бюджет автоматически.","content_read","https://techweek.moscow/old","Актуальный сайт открыт; архивная официальная версия /old подтверждает маршрут спикера/модератора. Наличие формы в текущем выпуске требует проверки.","2026-10-01","not_separately_checked","not_checked_here","2","true","Сохранить источник. Проверить текущую программу, контакты программной дирекции и сроки приёма; создать дочерние источники для новых выпусков, тематических потоков и организаторов. Актуальный поток → программный контакт → предложение практического учебного формата","Не подтверждены открытый оплаченный спрос, гонорар, доступность внешнего поставщика и технический сбор. Сначала установить предмет, плательщика, сроки и маршрут договора.","Поиск на официальном сайте/странице организатора; цепочка программа → продюсер → учебный проект.","added_v3"
"MISB-498","TNF — формирование деловой программы и HR-саммит","https://oilgasforum.ru/news/temy-i-status-foruma/opublikovana-programma-tnf/","C10","C10","Конференции, премии и клубы","Отраслевые конференционные операторы","РФ; ТЭК","RU","P","P","Организатор конференции","Новость о программе → текущий HR/цифровой трек → экспертный практикум → квалификация корпоративной потребности","Программная дирекция TNF; куратор HR-саммита","Формирование состава модераторов и спикеров; кадровые и цифровые задачи промышленности","HR для ТЭК; ИИ; управление изменениями; стратегические сессии","HR для ТЭК; ИИ; управление изменениями; стратегические сессии; ищем эксперта; приглашаем спикеров; предложить тему; практикум; корпоративная программа; нужен преподаватель","Сначала сохранить публичную страницу и ссылки на программы/архив/контакты; затем отслеживать новые карточки и изменения. API/RSS не подтверждены.","Публичная страница или поисковое подтверждение. Заявки и закрытые материалы могут требовать регистрации; доступ отдельно проверить.","Публичное обнаружение без покупки билета. Членство, реклама, спонсорство и участие могут быть платными; тарифы не проверены. Не расходовать бюджет автоматически.","search_index","https://oilgasforum.ru/news/temy-i-status-foruma/opublikovana-programma-tnf/","Официальный материал организатора описывает формирование списка модераторов и спикеров, HR-саммит и цифровой трек.","2026-10-01","not_separately_checked","not_checked_here","2","true","Сохранить источник. Проверить текущую программу, контакты программной дирекции и сроки приёма; создать дочерние источники для новых выпусков, тематических потоков и организаторов. Новость о программе → текущий HR/цифровой трек → экспертный практикум → квалификация корпоративной потребности","Не подтверждены открытый оплаченный спрос, гонорар, доступность внешнего поставщика и технический сбор. Сначала установить предмет, плательщика, сроки и маршрут договора.","Поиск на официальном сайте/странице организатора; цепочка программа → продюсер → учебный проект.","added_v3"
"MISB-499","LOGFORUM Central Asia — приём заявок спикеров","https://logistics360.ru/event/logforum26-central-asia/","C10","C10","Конференции, премии и клубы","Отраслевые конференционные операторы","Казахстан; Центральная Азия","KZ","P","P","Организатор конференции","Форма «Стать спикером» → практический мастер-класс → предложение корпоративного учебного модуля","Программный директор форума","Подбор экспертов по цепям поставок и управленческим практикам","Закупки; логистика; управление запасами; переговоры","Закупки; логистика; управление запасами; переговоры; ищем эксперта; приглашаем спикеров; предложить тему; практикум; корпоративная программа; нужен преподаватель","Сначала сохранить публичную страницу и ссылки на программы/архив/контакты; затем отслеживать новые карточки и изменения. API/RSS не подтверждены.","Публичная страница или поисковое подтверждение. Заявки и закрытые материалы могут требовать регистрации; доступ отдельно проверить.","Публичное обнаружение без покупки билета. Членство, реклама, спонсорство и участие могут быть платными; тарифы не проверены. Не расходовать бюджет автоматически.","search_index","https://logistics360.ru/event/logforum26-central-asia/","На официальной странице LOGFORUM указаны тематика, Алматы и отдельный маршрут спикера.","2026-10-01","not_separately_checked","not_checked_here","2","true","Сохранить источник. Проверить текущую программу, контакты программной дирекции и сроки приёма; создать дочерние источники для новых выпусков, тематических потоков и организаторов. Форма «Стать спикером» → практический мастер-класс → предложение корпоративного учебного модуля","Не подтверждены открытый оплаченный спрос, гонорар, доступность внешнего поставщика и технический сбор. Сначала установить предмет, плательщика, сроки и маршрут договора.","Поиск на официальном сайте/странице организатора; цепочка программа → продюсер → учебный проект.","added_v3"
"MISB-500","Международный HR-Форум Азия — партнёры и формирование программы","https://www.hrforumasia.com/partners","C10","C10","Конференции, премии и клубы","Конференции управления персоналом","Казахстан; Центральная Азия","KZ","P","P","Организатор конференции","Контакт партнёрства/спикеров → экспертный формат → отдельная проверка гонорара или субподряда","Программный менеджер форума","Сбор тем и состава спикеров, мастермайнды и HR-курсы","HR; развитие руководителей; систематизация управления; обучение","HR; развитие руководителей; систематизация управления; обучение; ищем эксперта; приглашаем спикеров; предложить тему; практикум; корпоративная программа; нужен преподаватель","Сначала сохранить публичную страницу и ссылки на программы/архив/контакты; затем отслеживать новые карточки и изменения. API/RSS не подтверждены.","Публичная страница или поисковое подтверждение. Заявки и закрытые материалы могут требовать регистрации; доступ отдельно проверить.","Публичное обнаружение без покупки билета. Членство, реклама, спонсорство и участие могут быть платными; тарифы не проверены. Не расходовать бюджет автоматически.","search_index","https://www.hrforumasia.com/partners","Официальная страница индексируется с информацией о формировании спикерского состава и программах в Алматы; страница открывается.","2026-10-01","not_separately_checked","not_checked_here","2","true","Сохранить источник. Проверить текущую программу, контакты программной дирекции и сроки приёма; создать дочерние источники для новых выпусков, тематических потоков и организаторов. Контакт партнёрства/спикеров → экспертный формат → отдельная проверка гонорара или субподряда","Не подтверждены открытый оплаченный спрос, гонорар, доступность внешнего поставщика и технический сбор. Сначала установить предмет, плательщика, сроки и маршрут договора.","Поиск на официальном сайте/странице организатора; цепочка программа → продюсер → учебный проект.","added_v3"
"MISB-501","New Vision Forum — предложение спикера","https://newvision.academy/ru","C10","C10","Конференции, премии и клубы","Деловые форумы и образовательные операторы","Казахстан","KZ","P","P","Организатор конференции","Форма спикера → программа мастер-класса → уточнение платного экспертного заказа","Программная дирекция International Strategy Partners Group","Новые темы и эксперты деловой образовательной программы","Стратегия; лидерство; финансы для бизнеса; ИИ","Стратегия; лидерство; финансы для бизнеса; ИИ; ищем эксперта; приглашаем спикеров; предложить тему; практикум; корпоративная программа; нужен преподаватель","Сначала сохранить публичную страницу и ссылки на программы/архив/контакты; затем отслеживать новые карточки и изменения. API/RSS не подтверждены.","Публичная страница или поисковое подтверждение. Заявки и закрытые материалы могут требовать регистрации; доступ отдельно проверить.","Публичное обнаружение без покупки билета. Членство, реклама, спонсорство и участие могут быть платными; тарифы не проверены. Не расходовать бюджет автоматически.","search_index","https://newvision.academy/ru","Официальная страница форума содержит маршрут «Стать Спикером» и данные организатора в Казахстане.","2026-10-01","not_separately_checked","not_checked_here","2","true","Сохранить источник. Проверить текущую программу, контакты программной дирекции и сроки приёма; создать дочерние источники для новых выпусков, тематических потоков и организаторов. Форма спикера → программа мастер-класса → уточнение платного экспертного заказа","Не подтверждены открытый оплаченный спрос, гонорар, доступность внешнего поставщика и технический сбор. Сначала установить предмет, плательщика, сроки и маршрут договора.","Поиск на официальном сайте/странице организатора; цепочка программа → продюсер → учебный проект.","added_v3"
"MISB-502","KazanForum — хочу стать спикером","https://kazanforum.ru/participation/khochu-stat-spikerom/","C10","C10","Конференции, премии и клубы","Международные деловые форумы","РФ; международный бизнес","RU","P","P","Организатор конференции","Страница спикера → текущая заявка → оператор сессии → предложение практикума и квалификация оплаты","Программная дирекция; оператор тематической сессии","Приём предложений экспертов в тематические деловые сессии","ВЭД; переговоры; финансы; право; межкультурные коммуникации","ВЭД; переговоры; финансы; право; межкультурные коммуникации; ищем эксперта; приглашаем спикеров; предложить тему; практикум; корпоративная программа; нужен преподаватель","Сначала сохранить публичную страницу и ссылки на программы/архив/контакты; затем отслеживать новые карточки и изменения. API/RSS не подтверждены.","Публичная страница или поисковое подтверждение. Заявки и закрытые материалы могут требовать регистрации; доступ отдельно проверить.","Публичное обнаружение без покупки билета. Членство, реклама, спонсорство и участие могут быть платными; тарифы не проверены. Не расходовать бюджет автоматически.","content_read","https://kazanforum.ru/participation/khochu-stat-spikerom/","Открыта официальная страница с названием «Хочу стать спикером»; детали текущего приёма необходимо проверить.","2026-10-01","not_separately_checked","not_checked_here","2","true","Сохранить источник. Проверить текущую программу, контакты программной дирекции и сроки приёма; создать дочерние источники для новых выпусков, тематических потоков и организаторов. Страница спикера → текущая заявка → оператор сессии → предложение практикума и квалификация оплаты","Не подтверждены открытый оплаченный спрос, гонорар, доступность внешнего поставщика и технический сбор. Сначала установить предмет, плательщика, сроки и маршрут договора.","Поиск на официальном сайте/странице организатора; цепочка программа → продюсер → учебный проект.","added_v3"
"MISB-503","Ассоциация ПСМПО — программы C&B и HR-аналитики","https://compandben.org/","C07","C07","Функциональные ассоциации","Функциональные профессиональные объединения","РФ","RU","P","P","Функциональная ассоциация","Каталог программ → контакт учебного направления → предложение преподавателя/модуля/электронного курса","Руководитель образовательных программ ассоциации","Новые HR-программы, учебные модули и стратегические сессии","Компенсации; HR-аналитика; HR-бюджет; Excel; оргдизайн","Компенсации; HR-аналитика; HR-бюджет; Excel; оргдизайн; ищем эксперта; приглашаем спикеров; предложить тему; практикум; корпоративная программа; нужен преподаватель","Сначала сохранить публичную страницу и ссылки на программы/архив/контакты; затем отслеживать новые карточки и изменения. API/RSS не подтверждены.","Публичная страница или поисковое подтверждение. Заявки и закрытые материалы могут требовать регистрации; доступ отдельно проверить.","Публичное обнаружение без покупки билета. Членство, реклама, спонсорство и участие могут быть платными; тарифы не проверены. Не расходовать бюджет автоматически.","content_read","https://compandben.org/","Прочитан официальный каталог очных и онлайн-программ, HR-аналитики, C&B, оргдизайна и стратегических сессий.","2026-10-01","not_separately_checked","not_checked_here","2","true","Сохранить источник. Проверить текущую программу, контакты программной дирекции и сроки приёма; создать дочерние источники для новых выпусков, тематических потоков и организаторов. Каталог программ → контакт учебного направления → предложение преподавателя/модуля/электронного курса","Не подтверждены открытый оплаченный спрос, гонорар, доступность внешнего поставщика и технический сбор. Сначала установить предмет, плательщика, сроки и маршрут договора.","Поиск на официальном сайте/странице организатора; цепочка программа → продюсер → учебный проект.","added_v3"
"MISB-504","РАБО — сбор предложений в план мероприятий","https://rabe.ru/","C10","C10","Конференции, премии и клубы","Сети бизнес-школ и учебных партнёров","РФ; Беларусь; СНГ","RU; BY","P","P","Организатор конференции","План мероприятий → предложение совместного проекта → договор с конкретным учебным оператором","Исполнительная дирекция РАБО; бизнес-школа — оператор программы","Сбор предложений в план, совместные программы бизнес-школ и новые управленческие форматы","Управленческое обучение; бизнес-образование; методология; ИИ в обучении","Управленческое обучение; бизнес-образование; методология; ИИ в обучении; ищем эксперта; приглашаем спикеров; предложить тему; практикум; корпоративная программа; нужен преподаватель","Сначала сохранить публичную страницу и ссылки на программы/архив/контакты; затем отслеживать новые карточки и изменения. API/RSS не подтверждены.","Публичная страница или поисковое подтверждение. Заявки и закрытые материалы могут требовать регистрации; доступ отдельно проверить.","Публичное обнаружение без покупки билета. Членство, реклама, спонсорство и участие могут быть платными; тарифы не проверены. Не расходовать бюджет автоматически.","search_index","https://rabe.ru/","Официальный сайт публикует сбор предложений в план мероприятий 2027 года, совместные конференции и проекты бизнес-школ.","2026-10-01","not_separately_checked","not_checked_here","2","true","Сохранить источник. Проверить текущую программу, контакты программной дирекции и сроки приёма; создать дочерние источники для новых выпусков, тематических потоков и организаторов. План мероприятий → предложение совместного проекта → договор с конкретным учебным оператором","Не подтверждены открытый оплаченный спрос, гонорар, доступность внешнего поставщика и технический сбор. Сначала установить предмет, плательщика, сроки и маршрут договора.","Поиск на официальном сайте/странице организатора; цепочка программа → продюсер → учебный проект.","added_v3"
"MISB-505","Ассоциация «Цифровая энергетика» — публичные мероприятия","https://www.digital-energy.ru/activity/materials/","C10","C10","Конференции, премии и клубы","Отраслевые сообщества цифровой трансформации","РФ","RU","P","P","Организатор конференции","Материал рабочей группы → уточнение компетентностного дефицита → предложение обучающей сессии","Исполнительная дирекция ассоциации; корпоративный куратор трансформации","Обсуждение цифровых компетенций, отраслевых методик и внедрения ИИ в энергокомпаниях","ИИ для управленцев; цифровые компетенции; управление изменениями","ИИ для управленцев; цифровые компетенции; управление изменениями; ищем эксперта; приглашаем спикеров; предложить тему; практикум; корпоративная программа; нужен преподаватель","Сначала сохранить публичную страницу и ссылки на программы/архив/контакты; затем отслеживать новые карточки и изменения. API/RSS не подтверждены.","Публичная страница или поисковое подтверждение. Заявки и закрытые материалы могут требовать регистрации; доступ отдельно проверить.","Публичное обнаружение без покупки билета. Членство, реклама, спонсорство и участие могут быть платными; тарифы не проверены. Не расходовать бюджет автоматически.","search_index","https://www.digital-energy.ru/activity/materials/","Официальная страница публикует отраслевые мероприятия, методики цифровизации и совместные проекты.","2026-10-01","not_separately_checked","not_checked_here","2","true","Сохранить источник. Проверить текущую программу, контакты программной дирекции и сроки приёма; создать дочерние источники для новых выпусков, тематических потоков и организаторов. Материал рабочей группы → уточнение компетентностного дефицита → предложение обучающей сессии","Не подтверждены открытый оплаченный спрос, гонорар, доступность внешнего поставщика и технический сбор. Сначала установить предмет, плательщика, сроки и маршрут договора.","Поиск на официальном сайте/странице организатора; цепочка программа → продюсер → учебный проект.","added_v3"
"MISB-506","Учебный центр «Совет рынка» — корпоративные семинары","https://www.ec-mc.ru/corp","C10","C10","Конференции, премии и клубы","Отраслевые учебные операторы","РФ; электроэнергетика","RU","P","P","Организатор конференции","Корпоративные семинары → предложение отраслевого преподавателя → согласование конкретного модуля/договора","Руководитель корпоративных программ УЦ","Разработка индивидуальной корпоративной программы и потребность во внешнем отраслевом лекторе","Рынки электроэнергии; договоры; финансы; бухучёт; управленческие модули","Рынки электроэнергии; договоры; финансы; бухучёт; управленческие модули; ищем эксперта; приглашаем спикеров; предложить тему; практикум; корпоративная программа; нужен преподаватель","Сначала сохранить публичную страницу и ссылки на программы/архив/контакты; затем отслеживать новые карточки и изменения. API/RSS не подтверждены.","Публичная страница или поисковое подтверждение. Заявки и закрытые материалы могут требовать регистрации; доступ отдельно проверить.","Публичное обнаружение без покупки билета. Членство, реклама, спонсорство и участие могут быть платными; тарифы не проверены. Не расходовать бюджет автоматически.","search_index","https://www.ec-mc.ru/corp","Официальная страница описывает корпоративные семинары и участие отраслевых экспертов с преподавательским опытом.","2026-10-01","not_separately_checked","not_checked_here","2","true","Сохранить источник. Проверить текущую программу, контакты программной дирекции и сроки приёма; создать дочерние источники для новых выпусков, тематических потоков и организаторов. Корпоративные семинары → предложение отраслевого преподавателя → согласование конкретного модуля/договора","Не подтверждены открытый оплаченный спрос, гонорар, доступность внешнего поставщика и технический сбор. Сначала установить предмет, плательщика, сроки и маршрут договора.","Поиск на официальном сайте/странице организатора; цепочка программа → продюсер → учебный проект.","added_v3"
"MISB-507","4CIO — ОКИТ, энергетические ИТ-команды","https://okit2026.4cio.ru/","C10","C10","Конференции, премии и клубы","Профессиональные ИТ-сообщества","РФ; электроэнергетика","RU","P","P; R","Организатор конференции","Программа → организатор 4CIO → практикум/деловая игра → квалификация корпоративного учебного запроса","Программный комитет ОКИТ; учебное направление 4CIO","Внешние доклады, деловые игры по ИИ и задачи ИТ-руководителей энергетики","ИИ для управления; коммуникации; управление проектами; цифровая трансформация","ИИ для управления; коммуникации; управление проектами; цифровая трансформация; ищем эксперта; приглашаем спикеров; предложить тему; практикум; корпоративная программа; нужен преподаватель","Сначала сохранить публичную страницу и ссылки на программы/архив/контакты; затем отслеживать новые карточки и изменения. API/RSS не подтверждены.","Публичная страница или поисковое подтверждение. Заявки и закрытые материалы могут требовать регистрации; доступ отдельно проверить.","Публичное обнаружение без покупки билета. Членство, реклама, спонсорство и участие могут быть платными; тарифы не проверены. Не расходовать бюджет автоматически.","search_index","https://okit2026.4cio.ru/","Официальная страница описывает деловую игру по ИИ, внешних спикеров и участие ИТ-служб энергокомпаний.","2026-10-01","not_separately_checked","not_checked_here","2","true","Сохранить источник. Проверить текущую программу, контакты программной дирекции и сроки приёма; создать дочерние источники для новых выпусков, тематических потоков и организаторов. Программа → организатор 4CIO → практикум/деловая игра → квалификация корпоративного учебного запроса","Не подтверждены открытый оплаченный спрос, гонорар, доступность внешнего поставщика и технический сбор. Сначала установить предмет, плательщика, сроки и маршрут договора.","Поиск на официальном сайте/странице организатора; цепочка программа → продюсер → учебный проект.","added_v3"
