"source_id","source_name","source_url","source_class","source_category","geography","signal_types","need_signal","service_alignment","buyer_route","search_markers","collection_proposal","access_note","cost_note","verification_status","evidence_url","evidence_summary","checked_at","source_state","connector_state","priority_wave","do_not_drop","next_action","discovery_method","parent_hint","relation_hint","source_generation"
"MISB-001","ЕИС: извещения, планы и история контрактов","https://zakupki.gov.ru/epz/order/extendedsearch/results.html","C01","Государственные закупки","РФ","D","Извещение, запрос КП, план закупок или повторная закупка обучения специалистов и руководителей","Корпоративные семинары, ДПО, электронные курсы, деловые конференции","HR/L&D, закупки, финансовая, юридическая и техническая дирекция","(обучение OR семинар OR тренинг OR повышение квалификации OR вебинар OR электронный курс OR стратегическая сессия) + тема/роль; исключения проверять по лотам","Мониторинг открытой поисковой выдачи и документов либо лицензированный агрегатор; частота 1–2 раза в день; API/RSS не подтверждены","Публичная часть; документы/выгрузка могут зависеть от действующих ограничений","Публичный просмотр 0 ₽; доступ к данным через посредника оплачивается отдельно","search_index","https://zakupki.gov.ru/epz/main/public/home.html","Официальная поисковая выдача подтверждает ЕИС 44-ФЗ и 223-ФЗ; массовый API не подтвержден","2026-10-01","cataloged","not_checked_here","1","true","Сопоставить с существующими сборщиками; проверить разделы, пагинацию, документы и ссылки на новые каналы. Сохранить сырые наблюдения до оценки релевантности.","Сохранен из исходного классификатора v1; проверить дополнительные разделы, каналы и связанные организации.","","","baseline_v1"
"MISB-002","Портал поставщиков Москвы","https://zakupki.mos.ru/","C01","Малые закупки и запросы потребностей","РФ","D","Котировочная сессия, запрос потребности, закупка малого объема","Короткие семинары, вебинары, повышение квалификации отдельной группы","Московские и подключенные региональные заказчики","(обучение OR семинар OR тренинг OR повышение квалификации OR вебинар OR электронный курс OR стратегическая сессия) + тема/роль; исключения проверять по лотам","Штатные приглашения по категориям после авторизации + импорт почты; публичные карточки/поиск для проверки","Публичная витрина; личный кабинет для приглашений и оферт","Открытые страницы 0 ₽; стоимость участия отдельно проверить","search_index","https://t.me/s/Supplier_Portal?before=1240","Официальный канал описывает подписку после авторизации на приглашения в сессии и закупки по потребностям","2026-10-01","cataloged","not_checked_here","1","true","Сопоставить с существующими сборщиками; проверить разделы, пагинацию, документы и ссылки на новые каналы. Сохранить сырые наблюдения до оценки релевантности.","Сохранен из исходного классификатора v1; проверить дополнительные разделы, каналы и связанные организации.","","","baseline_v1"
"MISB-003","Росэлторг: корпоративные секции","https://www.roseltorg.ru/","C01","Электронные торговые площадки","РФ","D","Извещение, запрос КП, план закупок или повторная закупка обучения специалистов и руководителей","Корпоративные семинары, ДПО, электронные курсы, деловые конференции","Корпорации, в том числе РусГидро, Интер РАО, Ростех","(обучение OR семинар OR тренинг OR повышение квалификации OR вебинар OR электронный курс OR стратегическая сессия) + тема/роль; исключения проверять по лотам","Мониторинг открытой поисковой выдачи и документов либо лицензированный агрегатор; частота 1–2 раза в день; API/RSS не подтверждены","Открытые карточки; закрытые документы и участие по кабинету","Открытая витрина — без покупки подписки; участие, ЭП и дополнительные сервисы отдельно, тариф не проверен","search_index","https://www.roseltorg.ru/for-suppliers","Официальная инструкция разделяет корпоративную секцию и секции крупных заказчиков","2026-10-01","cataloged","not_checked_here","1","true","Сопоставить с существующими сборщиками; проверить разделы, пагинацию, документы и ссылки на новые каналы. Сохранить сырые наблюдения до оценки релевантности.","Сохранен из исходного классификатора v1; проверить дополнительные разделы, каналы и связанные организации.","","","baseline_v1"
"MISB-004","РТС-тендер","https://www.rts-tender.ru/","C01","Электронные торговые площадки","РФ","D","Извещение, запрос КП, план закупок или повторная закупка обучения специалистов и руководителей","Корпоративные семинары, ДПО, электронные курсы, деловые конференции","Госучреждения, госкомпании, коммерческие заказчики","(обучение OR семинар OR тренинг OR повышение квалификации OR вебинар OR электронный курс OR стратегическая сессия) + тема/роль; исключения проверять по лотам","Мониторинг открытой поисковой выдачи и документов либо лицензированный агрегатор; частота 1–2 раза в день; API/RSS не подтверждены","Публичные извещения; функциональность подачи требует кабинета","Открытая витрина — без покупки подписки; участие, ЭП и дополнительные сервисы отдельно, тариф не проверен","search_index","https://rosseti-zakupki.ru/purchases/informatsiya-o-zakupkochnoy-de/zakupki-opublikovannye-v-eis/","Официальный закупочный канал Россетей подтверждает использование РТС и регистрацию участников","2026-10-01","cataloged","not_checked_here","1","true","Сопоставить с существующими сборщиками; проверить разделы, пагинацию, документы и ссылки на новые каналы. Сохранить сырые наблюдения до оценки релевантности.","Сохранен из исходного классификатора v1; проверить дополнительные разделы, каналы и связанные организации.","","","baseline_v1"
"MISB-005","ЭТП ГПБ","https://etpgpb.ru/","C01","Электронные торговые площадки","РФ","D","Извещение, запрос КП, план закупок или повторная закупка обучения специалистов и руководителей","Обучение руководителей/специалистов, электронные курсы","Группа Газпром, НОВАТЭК и прочие заказчики","(обучение OR семинар OR тренинг OR повышение квалификации OR вебинар OR электронный курс OR стратегическая сессия) + тема/роль; исключения проверять по лотам","Мониторинг открытой поисковой выдачи и документов либо лицензированный агрегатор; частота 1–2 раза в день; API/RSS не подтверждены","Открытый поиск; регистрация для полного взаимодействия","Открытая витрина — без покупки подписки; участие, ЭП и дополнительные сервисы отдельно, тариф не проверен","search_index","https://etpgpb.ru/","Официальная выдача подтверждает поиск торгов и секции 223-ФЗ/корпоративных закупок","2026-10-01","cataloged","not_checked_here","1","true","Сопоставить с существующими сборщиками; проверить разделы, пагинацию, документы и ссылки на новые каналы. Сохранить сырые наблюдения до оценки релевантности.","Сохранен из исходного классификатора v1; проверить дополнительные разделы, каналы и связанные организации.","","","baseline_v1"
"MISB-006","B2B-Center: коммерческие процедуры","https://www.b2b-center.ru/search/","C01","Электронные торговые площадки","РФ","D","Извещение, запрос КП, план закупок или повторная закупка обучения специалистов и руководителей","Тренинги ИТР, HR, финансы, МТО, электронные курсы","Промышленные холдинги и коммерческие компании","(обучение OR семинар OR тренинг OR повышение квалификации OR вебинар OR электронный курс OR стратегическая сессия) + тема/роль; исключения проверять по лотам","Мониторинг открытой поисковой выдачи и документов либо лицензированный агрегатор; частота 1–2 раза в день; API/RSS не подтверждены","Открытый поиск; кабинет для участия","Открытая витрина — без покупки подписки; участие, ЭП и дополнительные сервисы отдельно, тариф не проверен","search_index","https://www.b2b-center.ru/search-tender/tendery-obuchenie/","Индексируется закупка обучения ИТР методам статистического анализа Minitab; широкий поиск содержит и поставки техники с обучением","2026-10-01","cataloged","not_checked_here","1","true","Сопоставить с существующими сборщиками; проверить разделы, пагинацию, документы и ссылки на новые каналы. Сохранить сырые наблюдения до оценки релевантности.","Сохранен из исходного классификатора v1; проверить дополнительные разделы, каналы и связанные организации.","","","baseline_v1"
"MISB-007","Росатом: отраслевой закупочный портал","https://zakupki.rosatom.ru/","C02","Корпоративные закупочные каналы","РФ","D","Закупки отрасли, предварительные потребности и документация","Обучение управлению, закупкам, финансам, HR, разработка курсов","Организатор и конкретное предприятие атомной отрасли","Обучение; развитие компетенций; электронный учебный курс; семинар; стратегическая сессия","Витрина и официальные ЭТП Фабрикант/Росэлторг/другие из карточки; API/RSS не подтверждены","При проверке получена WAF-блокировка; публичный портал подтвержден поиском","Открытая информация — 0 ₽; стоимость участия/аккредитации отдельно, актуальный тариф не подтвержден","search_index","https://zakupki.rosatom.ru/","Официальная страница подтверждена; исследовательский инструмент увидел сообщение Web Application Firewall","2026-10-01","cataloged","not_checked_here","1","true","Сопоставить с существующим проектом; проверить кабинет/регистрацию и штатные уведомления. Если доступ блокирует работу, зарегистрировать ограничение и запасной маршрут.","Сохранен из исходного классификатора v1; проверить дополнительные разделы, каналы и связанные организации.","","","baseline_v1"
"MISB-008","Роснефть: закупки группы и дочерних обществ","https://zakupki.rosneft.ru/","C02","Корпоративные закупочные каналы","РФ","D","Потребность конкретного ДО, план/извещение и ТЗ образовательной услуги","Семинары HR, право, налоги, МТО, недра, экология, капстрой","Обучение персонала и закупки конкретного юрлица группы","Образовательные услуги; семинар; повышение квалификации; развитие компетенций; электронный курс","Контроль открытых списков/документов; переход на секцию Роснефти ТЭК-Торг; первичный номер сохранять","Открытый сайт; для электронной заявки регистрация в секции и ЭП","Открытая информация — 0 ₽; стоимость участия/аккредитации отдельно, актуальный тариф не подтвержден","search_index","https://zakupki.rosneft.ru/","Официальный портал прямо описывает закупки Роснефти/ДО и ссылку https://www.tektorg.ru/rosneft/","2026-10-01","cataloged","not_checked_here","1","true","Сопоставить с существующими сборщиками; проверить разделы, пагинацию, документы и ссылки на новые каналы. Сохранить сырые наблюдения до оценки релевантности.","Сохранен из исходного классификатора v1; проверить дополнительные разделы, каналы и связанные организации.","","","baseline_v1"
"MISB-009","Самрук-Қазына: портал закупок","https://zakup.sk.kz/","C02","Корпоративные закупки","Казахстан","D","Закупки и предварительная квалификация предприятий фонда","Управленческие семинары, финансы, закупки, экологическая и проектная компетентность","КМГ, QazaqGaz, KEGOC, Казатомпром, Самрук-Энерго и другие компании фонда","(обучение OR семинар OR тренинг OR повышение квалификации OR вебинар OR электронный курс OR стратегическая сессия) + тема/роль; исключения проверять по лотам","Динамический портал; штатный поиск/кабинет, выгрузка по согласованному доступу; API/RSS не подтверждены","Сайт требует JavaScript; полноценный доступ проверяется после регистрации","Публичный вход 0 ₽; условия участия/квалификации отдельно, тариф не подтвержден","content_read","https://zakup.sk.kz/","Открыта оболочка официального портала электронных закупок АО ФНБ Самрук-Қазына; для просмотра нужен JS","2026-10-01","cataloged","not_checked_here","1","true","Сопоставить с существующим проектом; проверить кабинет/регистрацию и штатные уведомления. Если доступ блокирует работу, зарегистрировать ограничение и запасной маршрут.","Сохранен из исходного классификатора v1; проверить дополнительные разделы, каналы и связанные организации.","","","baseline_v1"
"MISB-010","TenderGuru: единый агрегатор + API","https://www.tenderguru.ru/","C03","Агрегаторы и API","РФ, Беларусь, Казахстан, Кыргызстан и другие страны","D","Новые извещения, планы и найденные тендеры в одной интеграции","Корпоративные семинары, ДПО, электронные курсы, деловые конференции","HR/L&D, закупки, финансовая, юридическая и техническая дирекция","(обучение OR семинар OR тренинг OR повышение квалификации OR вебинар OR электронный курс OR стратегическая сессия) + тема/роль; исключения проверять по лотам","Документированный API 2.3 JSON/XML/CSV; сначала 1 000 бесплатных запросов/мес, затем фильтрованные дельты; первоисточник сохранять","API документирован; часть полей бесплатного доступа ограничена","Стандарт 12 900 ₽/6 мес = 2 150 ₽/мес; 30 000 API-запросов/мес; аванс превышает 10 000 ₽","content_read","https://www.tenderguru.ru/api","API и лимиты подтверждены; тарифы: https://www.tenderguru.ru/tariffs; проверка 01.10.2026","2026-10-01","cataloged","not_checked_here","1","true","Сопоставить с существующими сборщиками; проверить разделы, пагинацию, документы и ссылки на новые каналы. Сохранить сырые наблюдения до оценки релевантности.","Сохранен из исходного классификатора v1; проверить дополнительные разделы, каналы и связанные организации.","","","baseline_v1"
"MISB-011","ТРЕБУЕТСЯ / экосистема «Лучшие спикеры»","https://trebuetsya.ru/zaprosy/","C04","Запросы на спикеров","РФ; русскоязычные компании","D","Ищут внешнего лектора, тренера, эксперта на деловую программу","Право, HR, управление, закупки; деловые лекции и семинары","Продюсер образовательной программы, корпоративный университет, event-менеджер","требуется спикер | бизнес-тренер | трудовое право | корпоративный университет","Мониторинг новых публичных страниц по ключевым словам; после проверки условий площадки и теста доступности. API/RSS не подтверждены.","Открытые страницы; ответ после регистрации","0 ₽ открытые запросы; ранний доступ с контактами платный, цену уточнить","search_index","https://trebuetsya.ru/","На сайте найдены реальные запросы: спикер по трудовому праву и двухдневный тренинг для корпоративного университета Приморья.","2026-10-01","cataloged","not_checked_here","1","true","Сопоставить с существующими сборщиками; проверить разделы, пагинацию, документы и ссылки на новые каналы. Сохранить сырые наблюдения до оценки релевантности.","Сохранен из исходного классификатора v1; проверить дополнительные разделы, каналы и связанные организации.","","","baseline_v1"
"MISB-012","Хедлайнер — запросы организаторов","https://hedlayner.ru/","C04","Запросы на спикеров","РФ; русскоязычные компании","D","Организатор публикует запрос с темой и условиями, спикер откликается","Экспертные лекции, тренинги руководителей, короткие бизнес-семинары","Компания-организатор, HR, продюсер форума","гонорар | корпоративное | семинар | преподаватель | закупки | финансы","Мониторинг новых публичных страниц по ключевым словам; после проверки условий площадки и теста доступности. API/RSS не подтверждены.","Открытые страницы; ответ после регистрации","0 ₽ ограниченный тариф; платный «Спикер» 3000 ₽; «Агентство» 15000 ₽/мес Период тарифа «Спикер» 3000 ₽ и доступ института уточнить перед оплатой.","content_read","https://hedlayner.ru/tarify/","Официальные тарифы: бесплатный — до 3 откликов/мес с задержкой 48 ч, без чатов; «Спикер» 3000 ₽, до 2 профилей; «Агентство» 15000 ₽/мес.","2026-10-01","cataloged","not_checked_here","1","true","Сопоставить с существующими сборщиками; проверить разделы, пагинацию, документы и ссылки на новые каналы. Сохранить сырые наблюдения до оценки релевантности.","Сохранен из исходного классификатора v1; проверить дополнительные разделы, каналы и связанные организации.","","","baseline_v1"
"MISB-013","HRTime — заказы на обучение и развитие","https://hrtime.ru/","C04","Биржи корпоративных услуг","РФ; русскоязычные компании","D","Заказчик ищет тренера/спикера и указывает задачу, срок, бюджет","Корпоративные семинары, управленческие тренинги, обучение HR, стратсессии","HRD, T&D, собственник, организатор конференции","обучение персонала | тренинг | семинар | стратегическая сессия | разработка курса","Мониторинг новых публичных страниц по ключевым словам; после проверки условий площадки и теста доступности. API/RSS не подтверждены.","Открытые страницы; ответ после регистрации","0 ₽ за публичные карточки; тариф исполнителя отдельно не подтверждён","content_read","https://hrtime.ru/proekt/spiker-na-konferentsiiu-po-teme-formirovaniia-komandy-172255/","Проверена карточка заказа: выступление 29 октября в Сочи; темы — команды, удержание талантов, вовлечённость; бюджет 50–180 тыс. ₽. Рядом опубликованы другие заказы 25–29 сентября 2026.","2026-10-01","cataloged","not_checked_here","1","true","Сопоставить с существующими сборщиками; проверить разделы, пагинацию, документы и ссылки на новые каналы. Сохранить сырые наблюдения до оценки релевантности.","Сохранен из исходного классификатора v1; проверить дополнительные разделы, каналы и связанные организации.","","","baseline_v1"
"MISB-014","iSpring Professional — каталог экспертов","https://www.ispringacademy.ru/ispring-experts","C04","Входящие заказы через витрину экспертов","РФ; русскоязычные компании","R","Компания выбирает сертифицированного специалиста для курса или программы","Электронные курсы и методология корпоративного обучения","Корпоративный L&D, заказчик учебного контента","разработка курса | программа обучения | корпоративный | iSpring","Обновлять справочные записи раз в месяц. Сначала проверить условия регистрации/партнерства и доступ МИСБ. После подключения использовать штатные уведомления или ручной импорт в CRM. Публичная автоматическая лента заказов не подтверждена.","Открытые страницы; ответ после регистрации","Чтение 0 ₽; условия сертификации и включения уточнить","content_read","https://www.ispringacademy.ru/ispring-experts","Официальный каталог прямо предназначен для поиска исполнителей разработки курсов, программ обучения и настройки СДО.","2026-10-01","cataloged","not_checked_here","1","true","Сопоставить с существующим проектом; проверить кабинет/регистрацию и штатные уведомления. Если доступ блокирует работу, зарегистрировать ограничение и запасной маршрут.","Сохранен из исходного классификатора v1; проверить дополнительные разделы, каналы и связанные организации.","","","baseline_v1"
"MISB-015","СПИКЕРСКАЯ","https://t.me/s/speakers_l","C05","Запросы на спикеров","РФ; русскоязычные компании","D","Прямые заявки от корпораций и организаторов с темой, аудиторией и гонораром","Обучающие выступления, бизнес-интенсивы, корпоративные лекции","Корпоративный заказчик, образовательный продюсер","есть гонорар | ищем корпоративного тренера | преподаватель | дистанционная лекция","Публичная веб-лента там, где доступна; иначе разрешённый экспорт участником/пересылка менеджером в приёмный бот. Бот не получает произвольную историю чужих чатов.","Публичный Telegram; для чатов вступление по правилам администратора","0 ₽ открытые анонсы; VIP 5000 ₽, период требует уточнения","search_index","https://t.me/s/speakers_l?after=4992","Открытая лента описывает заявки, включая дистанционные лекции; объявлена подписка 5000 ₽ на контакты запросов с гонораром и ранний доступ.","2026-10-01","cataloged","not_checked_here","1","true","Сопоставить с существующими сборщиками; проверить разделы, пагинацию, документы и ссылки на новые каналы. Сохранить сырые наблюдения до оценки релевантности.","Сохранен из исходного классификатора v1; проверить дополнительные разделы, каналы и связанные организации.","","","baseline_v1"
"MISB-016","Тренер тренеру — поиск экспертов","https://t.me/edu_feed","C05","Нишевые тренерские сообщества","РФ; русскоязычные компании","D","Поиск тренера на проект обучения и партнёрство","Управленческие тренинги, корпоративные семинары","Тренинговый провайдер, HR, руководитель программы","проект | корпоративный | тренинг | долгосрочное сотрудничество","Публичная веб-лента там, где доступна; иначе разрешённый экспорт участником/пересылка менеджером в приёмный бот. Бот не получает произвольную историю чужих чатов.","Публичный Telegram; для чатов вступление по правилам администратора","0 ₽ за чтение открытого канала","search_index","https://t.me/s/edu_feed?before=41&q=%23%D1%82%D1%80%D0%B5%D0%BD%D0%B5%D1%80","Индексируемые публикации содержат приглашения к долгосрочному сотрудничеству на проектах обучения; описан обмен между тренерами, HR и работодателями.","2026-10-01","cataloged","not_checked_here","1","true","Сопоставить с существующими сборщиками; проверить разделы, пагинацию, документы и ссылки на новые каналы. Сохранить сырые наблюдения до оценки релевантности.","Сохранен из исходного классификатора v1; проверить дополнительные разделы, каналы и связанные организации.","","","baseline_v1"
"MISB-017","Digital Learning — DL Marketplace","https://t.me/dl_marketplace","C05","Сообщества L&D и e-learning","РФ; русскоязычные компании","D","Вакансии и заказы на разработку учебных решений","Электронные курсы, методология, интерактивные модули, обучение менеджеров","Руководитель L&D, методолог, корпоративный университет","ищем разработчика | проект | iSpring | SCORM | методолог | курс под ключ","Публичная веб-лента там, где доступна; иначе разрешённый экспорт участником/пересылка менеджером в приёмный бот. Бот не получает произвольную историю чужих чатов.","Публичный Telegram; для чатов вступление по правилам администратора","0 ₽ за чтение открытого канала","content_read","https://digital-learning.ru/vozmozhnosti-dlya-uchastnikov-soobshhestva-digital-learning/","Официальный сайт прямо называет DL-Marketplace каналом вакансий и заказов; ссылка на чат подтверждена. Публикация вакансий/резюме бесплатна.","2026-10-01","cataloged","not_checked_here","1","true","Сопоставить с существующими сборщиками; проверить разделы, пагинацию, документы и ссылки на новые каналы. Сохранить сырые наблюдения до оценки релевантности.","Сохранен из исходного классификатора v1; проверить дополнительные разделы, каналы и связанные организации.","","","baseline_v1"
"MISB-018","Ассоциация директоров по закупкам — CPO Club","https://cpoclub.ru/","C07","Профессиональные закупочные сообщества","РФ","P","Обсуждение закупочной трансформации и кейсы CPO крупнейших компаний.","Категорийный менеджмент, переговоры, управление поставщиками, закупки и МТО","Дирекция клуба → CPO/руководитель методологии закупок","категорийное управление | закупочная функция | обучение закупщиков | поставщики","Мониторинг открытых HTML-анонсов/новостей 1–2 раза в неделю; извлечение компании, подразделения, темы, даты и ссылки; API/RSS не подтверждены.","Открытые страницы; участие в мероприятиях, членство и закрытые материалы отдельно.","Плата за чтение публичной страницы не заявлена. Членство, билеты, контакты и условия автоматического сбора проверяются отдельно; в план не включены.","search_index","https://cpoclub.ru/","Поиск подтверждает официальный сайт профессионального сообщества директоров по закупкам.","2026-10-01","cataloged","not_checked_here","1","true","Сопоставить с существующим проектом; проверить кабинет/регистрацию и штатные уведомления. Если доступ блокирует работу, зарегистрировать ограничение и запасной маршрут.","Сохранен из исходного классификатора v1; проверить дополнительные разделы, каналы и связанные организации.","","","baseline_v1"
"MISB-019","Ассоциация корпоративных казначеев","https://corptreasury.ru/all/news/","C07","Профессиональные финансовые сообщества","РФ","P","Тематические фокус-группы, стандарты и номинанты премии позволяют выявлять казначейские преобразования.","Ликвидность, платежи, управление рисками, казначейство и ИИ","Комитет по обучению/партнерам → корпоративный казначей названной компании","централизация | ликвидность | дебиторская задолженность | ИИ | сертификация","Мониторинг открытых HTML-анонсов/новостей 1–2 раза в неделю; извлечение компании, подразделения, темы, даты и ссылки; API/RSS не подтверждены.","Открытые страницы; участие в мероприятиях, членство и закрытые материалы отдельно.","Плата за чтение публичной страницы не заявлена. Членство, билеты, контакты и условия автоматического сбора проверяются отдельно; в план не включены.","content_read","https://corptreasury.ru/about/%D1%81ommittees/","Комитеты прямо предусматривают обучение, сертификацию, связи с образовательными организациями и фокус-группы с партнерами.","2026-10-01","cataloged","not_checked_here","1","true","Сопоставить с существующими сборщиками; проверить разделы, пагинацию, документы и ссылки на новые каналы. Сохранить сырые наблюдения до оценки релевантности.","Сохранен из исходного классификатора v1; проверить дополнительные разделы, каналы и связанные организации.","","","baseline_v1"
"MISB-020","Ассоциация профессионалов по управлению закупками — APPM","https://appminfo.ru/","C07","Профессиональные закупочные сообщества","РФ","P","Анонсы семинаров и реальные закупочные кейсы помогают сформировать гипотезы о темах.","Корпоративные закупки, переговоры и управление цепями поставок","Дирекция ассоциации → руководители закупок компаний участников","корпоративные закупки | стратегия | процессы | семинар | менеджеры","Мониторинг открытых HTML-анонсов/новостей 1–2 раза в неделю; извлечение компании, подразделения, темы, даты и ссылки; API/RSS не подтверждены.","Открытые страницы; участие в мероприятиях, членство и закрытые материалы отдельно.","Плата за чтение публичной страницы не заявлена. Членство, билеты, контакты и условия автоматического сбора проверяются отдельно; в план не включены.","search_index","https://appminfo.ru/","Официальный сайт сообщает о семинарах, конференциях и курсах для менеджеров и руководителей.","2026-10-01","cataloged","not_checked_here","1","true","Сопоставить с существующими сборщиками; проверить разделы, пагинацию, документы и ссылки на новые каналы. Сохранить сырые наблюдения до оценки релевантности.","Сохранен из исходного классификатора v1; проверить дополнительные разделы, каналы и связанные организации.","","","baseline_v1"
"MISB-021","Ассоциация специалистов в сфере управления документами — АСУД","https://assud.ru/","C07","Документооборот и архивы","РФ","P","Обсуждение перехода на электронные архивы, новые требования к документационному обеспечению.","Делопроизводство, электронный архив, ЭДО и локальные документы","Дирекция АСУД → руководитель управления документационного обеспечения","электронный архив | документооборот | номенклатура дел | локальные акты","Мониторинг открытых HTML-анонсов/новостей 1–2 раза в неделю; извлечение компании, подразделения, темы, даты и ссылки; API/RSS не подтверждены.","Открытые страницы; участие в мероприятиях, членство и закрытые материалы отдельно.","Плата за чтение публичной страницы не заявлена. Членство, билеты, контакты и условия автоматического сбора проверяются отдельно; в план не включены.","content_read","https://assud.ru/","На странице есть реестр членов, мероприятия, форум АРХИВЫ и направления обучения/развития.","2026-10-01","cataloged","not_checked_here","1","true","Сопоставить с существующими сборщиками; проверить разделы, пагинацию, документы и ссылки на новые каналы. Сохранить сырые наблюдения до оценки релевантности.","Сохранен из исходного классификатора v1; проверить дополнительные разделы, каналы и связанные организации.","","","baseline_v1"
"MISB-022","Объединение корпоративных юристов — ОКЮР","https://www.rcca.com.ru/news/action.shtml","C07","Профессиональные юридические сообщества","РФ","I","Публичный кейс изменения юридической функции или сложного правового вопроса конкретной компании.","Корпоративное право, договоры, комплаенс, трудовое право","Руководитель юридической службы из программы → официальный корпоративный канал","юридическая функция | комплаенс | корпоративное право | антимонопольный | ИИ","Мониторинг открытых HTML-анонсов/новостей 1–2 раза в неделю; извлечение компании, подразделения, темы, даты и ссылки; API/RSS не подтверждены.","Открытые страницы; участие в мероприятиях, членство и закрытые материалы отдельно.","Плата за чтение публичной страницы не заявлена. Членство, билеты, контакты и условия автоматического сбора проверяются отдельно; в план не включены.","search_index","https://www.rcca.com.ru/news/action.shtml","Открытый архив мероприятий содержит антимонопольную тематику, применение ИИ юристами и корпоративное право.","2026-10-01","cataloged","not_checked_here","1","true","Сопоставить с существующими сборщиками; проверить разделы, пагинацию, документы и ссылки на новые каналы. Сохранить сырые наблюдения до оценки релевантности.","Сохранен из исходного классификатора v1; проверить дополнительные разделы, каналы и связанные организации.","","","baseline_v1"
"MISB-023","Федеральный центр компетенций — Производительность.РФ","https://pptrf.ru/","C09","Центры производительности","РФ","I","Предприятие вступило в проект или закончило пилот и готовит тиражирование. Предприятие завершает пилот и собирается тиражировать изменения на офисные/управленческие процессы","Бережливое управление для руководителей, управление изменениями, экономический анализ","Руководитель проекта/HR названного предприятия → директор по развитию","тиражирование | бережливое | вступило в проект | руководители | производительность","Мониторинг открытых HTML-анонсов/новостей 1–2 раза в неделю; извлечение компании, подразделения, темы, даты и ссылки; API/RSS не подтверждены.","Открытые страницы; участие в мероприятиях, членство и закрытые материалы отдельно.","Плата за чтение публичной страницы не заявлена. Членство, билеты, контакты и условия автоматического сбора проверяются отдельно; в план не включены.","search_index","https://pptrf.ru/","Официальный сайт содержит новости, кейсы предприятий, журнал и подписку на рассылку.","2026-10-01","cataloged","not_checked_here","1","true","Сопоставить с существующими сборщиками; проверить разделы, пагинацию, документы и ссылки на новые каналы. Сохранить сырые наблюдения до оценки релевантности.","Сохранен из исходного классификатора v1; проверить дополнительные разделы, каналы и связанные организации.","","","baseline_v1"
"MISB-024","МАЙНЕКС Россия — форум и Горный клуб","https://minexrussia.ru/","C10","Отраслевые конференции и премии","РФ","I","Доклад добывающей компании о развитии проекта, регулировании или кадровых изменениях.","Право недр, экология, управление проектами, финансы добычи","Спикер предприятия → руководитель службы/HR недропользователя","недропользование | управление | проект | экология | кадры","Мониторинг открытых HTML-анонсов/новостей 1–2 раза в неделю; извлечение компании, подразделения, темы, даты и ссылки; API/RSS не подтверждены.","Открытые страницы; участие в мероприятиях, членство и закрытые материалы отдельно.","Плата за чтение публичной страницы не заявлена. Членство, билеты, контакты и условия автоматического сбора проверяются отдельно; в план не включены.","search_index","https://minexrussia.ru/","Официальный сайт представляет горный форум, выставку и Горный клуб с отраслевой программой.","2026-10-01","cataloged","not_checked_here","1","true","Сопоставить с существующими сборщиками; проверить разделы, пагинацию, документы и ссылки на новые каналы. Сохранить сырые наблюдения до оценки релевантности.","Сохранен из исходного классификатора v1; проверить дополнительные разделы, каналы и связанные организации.","","","baseline_v1"
"MISB-025","CFO Russia — кейсы финансовых и закупочных функций","https://www.cfo-russia.ru/","C10","Отраслевые конференции и премии","РФ","I","Именной кейс компании о внедрении казначейства, ОЦО, ЭДО или закупочной трансформации.","Финансы, казначейство, учет, закупки, управление изменениями","Именной функциональный руководитель → официальный канал компании","централизация | трансформация | внедрение | казначейство | ОЦО | закупки","Мониторинг открытых HTML-анонсов/новостей 1–2 раза в неделю; извлечение компании, подразделения, темы, даты и ссылки; API/RSS не подтверждены.","Открытые страницы; участие в мероприятиях, членство и закрытые материалы отдельно.","Плата за чтение публичной страницы не заявлена. Членство, билеты, контакты и условия автоматического сбора проверяются отдельно; в план не включены.","search_index","https://www.cfo-russia.ru/","Портал публикует программы конференций, интервью спикеров и отчеты по финансовым/закупочным изменениям.","2026-10-01","cataloged","not_checked_here","1","true","Сопоставить с существующими сборщиками; проверить разделы, пагинацию, документы и ссылки на новые каналы. Сохранить сырые наблюдения до оценки релевантности.","Сохранен из исходного классификатора v1; проверить дополнительные разделы, каналы и связанные организации.","","","baseline_v1"
"MISB-026","HeadHunter — задачи в вакансиях L&D и корпоративных функций","https://hh.ru/","C11","Вакансии как описание будущих задач","РФ","I","Создать систему обучения, подготовить кадровый резерв, привлечь внешних тренеров; особенно вакансия после открытия нового подразделения","Корпоративные семинары; управленческий резерв; разработка электронных курсов","HRD, руководитель обучения, руководитель функции","(""обучение и развитие"" OR ""корпоративный университет"") AND (""с нуля"" OR ""провайдер"" OR ""внешних"")","Официальный API /vacancies с поиском по тексту и датам; регистрация приложения/токен и правила API; без резюме","Публичные вакансии; API по условиям HH, ограничения и авторизацию проверить перед запуском","Публичное чтение 0 ₽; применимость бесплатного API к этому сценарию согласовать по условиям HH","content_read","https://api.hh.ru/openapi/redoc","Официальная документация описывает поиск вакансий; в публичных вакансиях встречается построение обучения с нуля","2026-10-01","cataloged","not_checked_here","1","true","Сопоставить с существующими сборщиками; проверить разделы, пагинацию, документы и ссылки на новые каналы. Сохранить сырые наблюдения до оценки релевантности.","Сохранен из исходного классификатора v1; проверить дополнительные разделы, каналы и связанные организации.","","","baseline_v1"
"MISB-027","1С — истории успеха и будущие этапы внедрения","https://v8.1c.ru/metod/tag-istorii-uspekha/","C13","Цифровая трансформация как повод для обучения","РФ","I","Компания мигрирует с зарубежной ERP или меняет казначейство, учет и бюджетирование; в кейсе есть планы развития","Финансы/управленческий учет; бюджетирование; закупки; обучение новым бизнес-процессам","CFO, руководитель учета/казначейства, руководитель проекта","""истории успеха"" + (""миграция"" OR ""планы"" OR ""следующий этап"")","Публичные кейсы, PDF/видео описания; извлечение проблем, руководителей и будущих этапов","Публичное чтение; API/RSS и разрешение массового сбора не подтверждены","0 ₽ за публичное чтение; работа сборщика входит в общий бюджет","search_index","https://v8.1c.ru/metod/tag-istorii-uspekha/","Публичный раздел содержит истории клиентов и материалы о миграции с зарубежной ERP на 1С","2026-10-01","cataloged","not_checked_here","1","true","Сопоставить с существующими сборщиками; проверить разделы, пагинацию, документы и ссылки на новые каналы. Сохранить сырые наблюдения до оценки релевантности.","Сохранен из исходного классификатора v1; проверить дополнительные разделы, каналы и связанные организации.","","","baseline_v1"
"MISB-028","Directum — корпоративные проекты и Directum Awards","https://club.directum.ru/awards","C13","Цифровая трансформация как повод для обучения","РФ","I","Компания внедряет КЭДО/электронное подписание; в кейсе раскрыта проблема или план следующей очереди","Трудовое право и КЭДО; электронные документы; управление проектами","HRD, руководитель документооборота, юристы, PMO","""КЭДО"" OR ""планы"" OR ""кадровых процессов""","Публичные карточки кейсов/конкурса; дата публикации и раздел «планы»; одна компания-проект одна запись","Публичное чтение; API/RSS и разрешение массового сбора не подтверждены","0 ₽ за публичное чтение; работа сборщика входит в общий бюджет","search_index","https://club.directum.ru/awards?from=banner","Официальный конкурс содержит кейсы ТМК, ТИТАН-2 и других компаний с описанием задач цифровизации","2026-10-01","cataloged","not_checked_here","1","true","Сопоставить с существующими сборщиками; проверить разделы, пагинацию, документы и ссылки на новые каналы. Сохранить сырые наблюдения до оценки релевантности.","Сохранен из исходного классификатора v1; проверить дополнительные разделы, каналы и связанные организации.","","","baseline_v1"
"MISB-029","TAdviser — карточки корпоративных IT-проектов","https://www.tadviser.ru/","C13","Цифровая трансформация как повод для обучения","РФ","I","Запуск LMS/ERP/КЭДО или следующая очередь внедрения в названной компании","Электронные курсы; управление изменениями; КЭДО и документооборот; финансовые/закупочные процессы","Заказчик HR/финансы/документооборот, владелец внедряемого процесса","""Проект"" AND (""LMS"" OR ""КЭДО"" OR ""ERP"") + ""планируется""","Поисковая выдача/доступные карточки; подтверждать у заказчика или вендора; не обходить ограничения","Публичный индекс; прямое открытие основной страницы вернуло 403","0 ₽ за публичное чтение; работа сборщика входит в общий бюджет","search_index","https://www.tadviser.ru/index.php/%D0%9F%D1%80%D0%BE%D0%B5%D0%BA%D1%82%3A%D0%A3%D1%80%D0%B0%D0%BB%D1%81%D0%B8%D0%B1_%D0%A4%D0%9A_%28WebTutor%29)","Найдена карточка корпоративного проекта Уралсиба, содержащая историю трансформации учебного портала в 2026","2026-10-01","cataloged","not_checked_here","1","true","Сопоставить с существующими сборщиками; проверить разделы, пагинацию, документы и ссылки на новые каналы. Сохранить сырые наблюдения до оценки релевантности.","Сохранен из исходного классификатора v1; проверить дополнительные разделы, каналы и связанные организации.","","","baseline_v1"
"MISB-030","Ассоциация индустриальных парков России","https://indparks.ru/","C14","Кластеры, парки и ОЭЗ","РФ","P","Комитет сопровождения резидентов обсуждает общие проблемы УК и предприятий.","Договоры аренды/земля, операционное управление, HR, корпоративное обучение","Куратор комитета → управляющая компания парка → несколько резидентов","резиденты | кадры и образование | правовое регулирование | регламенты","Мониторинг открытых HTML-анонсов/новостей 1–2 раза в неделю; извлечение компании, подразделения, темы, даты и ссылки; API/RSS не подтверждены.","Открытые страницы; участие в мероприятиях, членство и закрытые материалы отдельно.","Плата за чтение публичной страницы не заявлена. Членство, билеты, контакты и условия автоматического сбора проверяются отдельно; в план не включены.","content_read","https://indparks.ru/press/news/aiprossii-zapuskaet-komitet-po-soprovozhdeniyu-rezidentov-/","Комитет прямо предусматривает коллективные тренинги, стажировки и образовательные треки; темы 2026 включают кадры и договоры.","2026-10-01","cataloged","not_checked_here","1","true","Сопоставить с существующими сборщиками; проверить разделы, пагинацию, документы и ссылки на новые каналы. Сохранить сырые наблюдения до оценки релевантности.","Сохранен из исходного классификатора v1; проверить дополнительные разделы, каналы и связанные организации.","","","baseline_v1"
"MISB-031","Фонд развития промышленности — профинансированные проекты и новости","https://frprf.ru/","C14","Инвестиции и новые производства","РФ","I","Одобрен заем или запускается производственный проект: формируются проектная команда, закупки, отчетность и управление рисками","Управление капстроительством; закупки/МТО; бюджетирование; управление проектами","Директор проекта, финансовый директор, HR","""профинансировал"" OR ""одобрил"" OR ""новое производство"" + отрасль","Проверка новых публичных страниц 1 раз в неделю; извлечение компании, даты и цитаты о будущем этапе; контроль изменений","Публичные новости индексируются; прямое открытие раздела проектов вернуло 403","0 ₽ за публичное чтение; работа сборщика входит в общий бюджет","search_index","https://frprf.ru/press-tsentr/novosti/frp-s-2025-goda-profinansiroval-bolee-300-novykh-promyshlennykh-proektov/","Официальная новость подтверждает публикацию сведений о новых профинансированных промышленных проектах","2026-10-01","cataloged","not_checked_here","1","true","Сопоставить с существующими сборщиками; проверить разделы, пагинацию, документы и ссылки на новые каналы. Сохранить сырые наблюдения до оценки релевантности.","Сохранен из исходного классификатора v1; проверить дополнительные разделы, каналы и связанные организации.","","","baseline_v1"
"MISB-032","БУТБ: электронная торговая площадка закупок","https://zakupki.butb.by/auctions/index.html","C01","Государственные и корпоративные закупки","Беларусь","D","Электронная закупка за собственные средства, запрос изучения конъюнктуры рынка","Обучение специалистов и руководителей","Белорусские предприятия/заказчики","(обучение OR семинар OR тренинг OR повышение квалификации OR вебинар OR электронный курс OR стратегическая сессия) + тема/роль; исключения проверять по лотам","Мониторинг открытой поисковой выдачи и документов либо лицензированный агрегатор; частота 1–2 раза в день; API/RSS не подтверждены","Открытая часть; для работы ЭП и аккредитация","Публичная часть 0 ₽; для нерезидентов плата оператора по отдельному прейскуранту, сумма не проверена","content_read","https://zakupki.butb.by/auctions/index.html","Открыта страница: с 11.07.2026 новые процедуры собственных средств в электронном формате; запросы конъюнктуры могут размещаться на ЭТП","2026-10-01","cataloged","not_checked_here","2","true","Сопоставить с существующими сборщиками; проверить разделы, пагинацию, документы и ссылки на новые каналы. Сохранить сырые наблюдения до оценки релевантности.","Сохранен из исходного классификатора v1; проверить дополнительные разделы, каналы и связанные организации.","","","baseline_v1"
"MISB-033","Госзакупки Кыргызской Республики","https://zakupki.gov.kg/popp/","C01","Государственные закупки","Кыргызстан","D","Закупки семинаров, обучения специалистов и управленческих программ","ДПО, вебинары, тренинги специалистов","Госучреждения и организации Кыргызстана","(обучение OR семинар OR тренинг OR повышение квалификации OR вебинар OR электронный курс OR стратегическая сессия) + тема/роль; исключения проверять по лотам","Публичный поиск; одновременно проверять миграцию на goszakupki.okmot.kg; API/RSS не подтверждены","Поиск/категории доступны; кабинет для участия","Открытый просмотр 0 ₽; условия участия и ЭП отдельно","content_read","https://zakupki.gov.kg/popp/","Открыты поиск, планы, договоры, категория образования; официальная ссылка на новый портал и сообщение о запуске 10.07.2026","2026-10-01","cataloged","not_checked_here","2","true","Сопоставить с существующими сборщиками; проверить разделы, пагинацию, документы и ссылки на новые каналы. Сохранить сырые наблюдения до оценки релевантности.","Сохранен из исходного классификатора v1; проверить дополнительные разделы, каналы и связанные организации.","","","baseline_v1"
"MISB-034","ЕАТ «Берёзка»","https://agregatoreat.ru/","C01","Малые закупки и запросы потребностей","РФ","D","Малая закупка конкретного курса; выбор из каталога образовательных услуг","Короткие курсы повышения квалификации, вебинары","Федеральные/иные заказчики малых закупок","(обучение OR семинар OR тренинг OR повышение квалификации OR вебинар OR электронный курс OR стратегическая сессия) + тема/роль; исключения проверять по лотам","Каталог и закупочные сессии; разрешенный агрегатор/штатные уведомления; API не подтвержден","При проверке инструмент получил CAPTCHA; доступность и кабинет нужно проверить","Просмотр открытых сведений без покупки агрегатора; тариф участия отдельно","search_index","https://www.roszakupki.ru/education/detail.php?ID=6611","Образовательный институт указывает возможность заказа курса через номер программы в «Берёзке»; официальный вход ответил CAPTCHA","2026-10-01","cataloged","not_checked_here","2","true","Сопоставить с существующим проектом; проверить кабинет/регистрацию и штатные уведомления. Если доступ блокирует работу, зарегистрировать ограничение и запасной маршрут.","Сохранен из исходного классификатора v1; проверить дополнительные разделы, каналы и связанные организации.","","","baseline_v1"
"MISB-035","Единая платформа закупок Казахстана","https://zakup.gov.kz/","C01","Государственные закупки","Казахстан","D","Извещение, запрос КП, план закупок или повторная закупка обучения специалистов и руководителей","Корпоративное и ведомственное обучение специалистов","Госучреждения и другие заказчики платформы","(обучение OR семинар OR тренинг OR повышение квалификации OR вебинар OR электронный курс OR стратегическая сессия) + тема/роль; исключения проверять по лотам","Публичный поиск новой платформы; старую историю сверять в old.goszakup.gov.kz; документированный API старой платформы не считать проверенным для новой","Публичные реестры; кабинет/местная ЭП для участия","Просмотр открытой части 0 ₽; участие/ЭП и условия нерезидентов отдельно","search_index","https://www.goszakup.gov.kz/ru/announce/index/3507689","Официальный результат сообщает ввод новой платформы и авторизации через zakup.gov.kz с 31.08.2026","2026-10-01","cataloged","not_checked_here","2","true","Сопоставить с существующими сборщиками; проверить разделы, пагинацию, документы и ссылки на новые каналы. Сохранить сырые наблюдения до оценки релевантности.","Сохранен из исходного классификатора v1; проверить дополнительные разделы, каналы и связанные организации.","","","baseline_v1"
"MISB-036","Сбер А / Сбербанк-АСТ","https://www.sberbank-ast.ru/","C01","Электронные торговые площадки","РФ","D","Извещение, запрос КП, план закупок или повторная закупка обучения специалистов и руководителей","Корпоративные семинары, ДПО, электронные курсы, деловые конференции","Госзаказчики и корпоративные секции","(обучение OR семинар OR тренинг OR повышение квалификации OR вебинар OR электронный курс OR стратегическая сессия) + тема/роль; исключения проверять по лотам","Мониторинг открытой поисковой выдачи и документов либо лицензированный агрегатор; частота 1–2 раза в день; API/RSS не подтверждены","Открытые извещения; документы и участие зависят от секции","Открытая витрина — без покупки подписки; участие, ЭП и дополнительные сервисы отдельно, тариф не проверен","search_index","https://psi.sberbank-ast.ru/","Официальный домен в индексе содержит раздел закупок и описание площадки; основной вход при открытии дал timeout","2026-10-01","cataloged","not_checked_here","2","true","Сопоставить с существующими сборщиками; проверить разделы, пагинацию, документы и ссылки на новые каналы. Сохранить сырые наблюдения до оценки релевантности.","Сохранен из исходного классификатора v1; проверить дополнительные разделы, каналы и связанные организации.","","","baseline_v1"
"MISB-037","ТЭК-Торг","https://www.tektorg.ru/","C01","Электронные торговые площадки","РФ","D","Извещение, запрос КП, план закупок или повторная закупка обучения специалистов и руководителей","Семинары для специалистов нефтегаза, экология/недра, закупки, капстрой","Роснефть и другие корпоративные/государственные заказчики","(обучение OR семинар OR тренинг OR повышение квалификации OR вебинар OR электронный курс OR стратегическая сессия) + тема/роль; исключения проверять по лотам","Мониторинг открытой поисковой выдачи и документов либо лицензированный агрегатор; частота 1–2 раза в день; API/RSS не подтверждены","Публичные извещения; регистрация и ЭП для участия","Открытая витрина — без покупки подписки; участие, ЭП и дополнительные сервисы отдельно, тариф не проверен","search_index","https://www.rosneft.ru/Development/Zakupki_tovarov_rabot_i_uslug/","Роснефть прямо называет ТЭК-Торг каналом конкурентных электронных закупок","2026-10-01","cataloged","not_checked_here","2","true","Сопоставить с существующими сборщиками; проверить разделы, пагинацию, документы и ссылки на новые каналы. Сохранить сырые наблюдения до оценки релевантности.","Сохранен из исходного классификатора v1; проверить дополнительные разделы, каналы и связанные организации.","","","baseline_v1"
"MISB-038","Фабрикант","https://www.fabrikant.ru/","C01","Электронные торговые площадки","РФ","D","Извещение, запрос КП, план закупок или повторная закупка обучения специалистов и руководителей","Корпоративные семинары, ДПО, электронные курсы, деловые конференции","Государственные и корпоративные заказчики","(обучение OR семинар OR тренинг OR повышение квалификации OR вебинар OR электронный курс OR стратегическая сессия) + тема/роль; исключения проверять по лотам","Мониторинг открытой поисковой выдачи и документов либо лицензированный агрегатор; частота 1–2 раза в день; API/RSS не подтверждены","Открытая витрина; участие по регламенту секции","Открытая витрина — без покупки подписки; участие, ЭП и дополнительные сервисы отдельно, тариф не проверен","content_read","https://www.fabrikant.ru/","Открыта страница с поиском по словам/ИНН, закупками и отдельными тарифами участия","2026-10-01","cataloged","not_checked_here","2","true","Сопоставить с существующими сборщиками; проверить разделы, пагинацию, документы и ссылки на новые каналы. Сохранить сырые наблюдения до оценки релевантности.","Сохранен из исходного классификатора v1; проверить дополнительные разделы, каналы и связанные организации.","","","baseline_v1"
"MISB-039","Bidzaar","https://bidzaar.com/","C01","Электронные торговые площадки","РФ","D","Коммерческий тендер на корпоративное обучение","Тренинги, дистанционные программы, электронные курсы","Частный корпоративный заказчик","(обучение OR семинар OR тренинг OR повышение квалификации OR вебинар OR электронный курс OR стратегическая сессия) + тема/роль; исключения проверять по лотам","Индексируемые публичные карточки + кабинет/штатные уведомления, если доступны; API не подтвержден","Открытая карточка в индексе; основной сайт не получен инструментом","Просмотр индексируемых анонсов 0 ₽; тариф полного доступа/участия не подтвержден","search_index","https://bidzaar.com/app/process/light/07a39f58-e243-4708-80e0-cee8bbb3e2b4","Найдена официальная историческая карточка «Полный объем обязательных тренингов для сотрудников компании» с тегами корпоративного/дистанционного обучения","2026-10-01","cataloged","not_checked_here","2","true","Сопоставить с существующими сборщиками; проверить разделы, пагинацию, документы и ссылки на новые каналы. Сохранить сырые наблюдения до оценки релевантности.","Сохранен из исходного классификатора v1; проверить дополнительные разделы, каналы и связанные организации.","","","baseline_v1"
"MISB-040","goszakupki.by","https://goszakupki.by/","C01","Государственные закупки","Беларусь","D","Извещение, запрос КП, план закупок или повторная закупка обучения специалистов и руководителей","Повышение квалификации, семинары для HR, финансов и закупок","Государственные и иные заказчики Беларуси","(обучение OR семинар OR тренинг OR повышение квалификации OR вебинар OR электронный курс OR стратегическая сессия) + тема/роль; исключения проверять по лотам","Мониторинг открытой поисковой выдачи и документов либо лицензированный агрегатор; частота 1–2 раза в день; API/RSS не подтверждены","Публичная витрина; для участия кабинет/аккредитация","Публичные сведения без покупки агрегатора; плата оператора/ЭП отдельно","search_index","https://goszakupki.by/","Официальная поисковая выдача подтверждает ЭТП Национального центра поддержки экспорта, 2011–2026","2026-10-01","cataloged","not_checked_here","2","true","Сопоставить с существующими сборщиками; проверить разделы, пагинацию, документы и ссылки на новые каналы. Сохранить сырые наблюдения до оценки релевантности.","Сохранен из исходного классификатора v1; проверить дополнительные разделы, каналы и связанные организации.","","","baseline_v1"
"MISB-041","ICETRADE: ИС «Тендеры»","https://icetrade.by/","C01","Государственные и корпоративные закупки","Беларусь","D","Потребности предприятий за счет собственных средств","ДПО специалистов, корпоративные семинары и конференции","Белорусские предприятия и организации","(обучение OR семинар OR тренинг OR повышение квалификации OR вебинар OR электронный курс OR стратегическая сессия) + тема/роль; исключения проверять по лотам","Публичная лента и документы после технической проверки; альтернативно покрытие лицензированного агрегатора","Публичный информационный ресурс; глубина бесплатных функций требует проверки","Открытые анонсы 0 ₽; подписка/сервисы и участие отдельно","search_index","https://czech.mfa.gov.by/ru/trade_place/2/","Официальная страница посольства Беларуси подтверждает icetrade.by как ресурс закупок за счет собственных средств","2026-10-01","cataloged","not_checked_here","2","true","Сопоставить с существующими сборщиками; проверить разделы, пагинацию, документы и ссылки на новые каналы. Сохранить сырые наблюдения до оценки релевантности.","Сохранен из исходного классификатора v1; проверить дополнительные разделы, каналы и связанные организации.","","","baseline_v1"
"MISB-042","OTC: закупки, малые закупки и запросы КП","https://otc.ru/search/zakaz","C01","Электронные торговые площадки","РФ","D","Запрос КП до торгов, малая закупка, прямая потребность в образовательной услуге","Корпоративные семинары, ДПО, электронные курсы, деловые конференции","Бюджетные и коммерческие организации","(обучение OR семинар OR тренинг OR повышение квалификации OR вебинар OR электронный курс OR стратегическая сессия) + тема/роль; исключения проверять по лотам","Открытая выдача + штатные уведомления на email после настройки; импорт писем в монитор","Поиск открыт; рассылка и кабинет требуют регистрации","Публичный просмотр 0 ₽; состав платных функций/участие проверить","search_index","https://spb.otc.ru/buy/","Официальная выдача показывает поиск запросов коммерческих предложений и email-рассылку","2026-10-01","cataloged","not_checked_here","2","true","Сопоставить с существующими сборщиками; проверить разделы, пагинацию, документы и ссылки на новые каналы. Сохранить сырые наблюдения до оценки релевантности.","Сохранен из исходного классификатора v1; проверить дополнительные разделы, каналы и связанные организации.","","","baseline_v1"
"MISB-043","Tizilim: закупки недропользователей","https://public.tizilim.gov.kz/","C01","Отраслевые закупки","Казахстан","D","Закупки работ/услуг недропользователей, в том числе подготовка специалистов","Недропользование, экология, управление проектами, МТО","Недропользователи и горнодобывающие компании","(обучение OR семинар OR тренинг OR повышение квалификации OR вебинар OR электронный курс OR стратегическая сессия) + тема/роль; исключения проверять по лотам","Мониторинг публичного реестра после проверки нового маршрута; API не подтвержден","Публичная часть и регистрация для операций","Открытые страницы 0 ₽; платность операций не подтверждена","search_index","https://public.tizilim.gov.kz/ru/pages/news","Официальные новости в индексе описывают переход от reestr.nadloc.kz и сохранение отдельных функций старого реестра","2026-10-01","cataloged","not_checked_here","2","true","Сопоставить с существующими сборщиками; проверить разделы, пагинацию, документы и ссылки на новые каналы. Сохранить сырые наблюдения до оценки релевантности.","Сохранен из исходного классификатора v1; проверить дополнительные разделы, каналы и связанные организации.","","","baseline_v1"
"MISB-044","АЛРОСА: анонсы, планы и партнерство с МСП","https://alrosa.ru/buy/procurement-information/","C02","Корпоративные закупочные каналы","РФ","D","Ранний анонс закупки, план и квалификация исполнителя","Семинары по недрам/экологии, HR, закупкам, управлению и финансам","Профильное подразделение и закупки АЛРОСА","Обучение; семинар; повышение квалификации; кадровый резерв; электронные курсы","Публичные анонсы и документы; контроль изменений XLSX планов; официальная программа МСП","Открытая информация; участие по правилам процедуры","Открытая информация — 0 ₽; стоимость участия/аккредитации отдельно, актуальный тариф не подтвержден","search_index","https://alrosa.ru/buy/procurement-information/","Официальный индекс содержит анонсы закупок; раздел /buy/work-subjects/ описывает программу потенциальных поставщиков МСП","2026-10-01","cataloged","not_checked_here","2","true","Сопоставить с существующими сборщиками; проверить разделы, пагинацию, документы и ссылки на новые каналы. Сохранить сырые наблюдения до оценки релевантности.","Сохранен из исходного классификатора v1; проверить дополнительные разделы, каналы и связанные организации.","","","baseline_v1"
"MISB-045","Газпром: закупки и портал контрагентов","https://tenders.gazprom.ru/","C02","Корпоративные закупочные каналы","РФ","D","Открытая потребность плюс приглашения зарегистрированным контрагентам","ДПО специалистов и руководителей, МТО, финансы, право, экология","ПАО Газпром и дочерние общества","Обучение руководителей; образовательные услуги; семинар; вебинар; профессиональное развитие","Открытые объявления на ЭТП ГПБ; регистрация категорий услуг через https://asez.zakupki.gazprom.ru/ и импорт полученных приглашений","Витрина открыта; портал контрагентов требует регистрации","Открытая информация — 0 ₽; стоимость участия/аккредитации отдельно, актуальный тариф не подтвержден","search_index","https://asez.zakupki.gazprom.ru/","Официальный портал предлагает представить информацию о компании и получать приглашения на закупки","2026-10-01","cataloged","not_checked_here","2","true","Сопоставить с существующим проектом; проверить кабинет/регистрацию и штатные уведомления. Если доступ блокирует работу, зарегистрировать ограничение и запасной маршрут.","Сохранен из исходного классификатора v1; проверить дополнительные разделы, каналы и связанные организации.","","","baseline_v1"
"MISB-046","Интер РАО: EnergyHub и ранние потребности","https://energyhub.roseltorg.ru/","C02","Корпоративные закупочные каналы","РФ","D","Сводная потребность, несостоявшиеся закупки и презентационное окно до тендера","Обучение закупщиков и руководителей, управленческие программы, цифровые учебные продукты","Функциональные заказчики компаний Интер РАО","Обучение; развитие персонала; управление; электронный курс; стратегическая сессия","Публичные разделы сводной потребности/несостоявшихся закупок; отдельно разовая регистрация и презентация МИСБ","Открытая витрина потребностей; заявки/аккредитация по форме","Открытая информация — 0 ₽; стоимость участия/аккредитации отдельно, актуальный тариф не подтвержден","content_read","https://energyhub.roseltorg.ru/","Открыта страница: сводная потребность ТРУ, несостоявшиеся закупки, презентационное окно, аккредитация и поиск партнеров","2026-10-01","cataloged","not_checked_here","2","true","Сопоставить с существующими сборщиками; проверить разделы, пагинацию, документы и ссылки на новые каналы. Сохранить сырые наблюдения до оценки релевантности.","Сохранен из исходного классификатора v1; проверить дополнительные разделы, каналы и связанные организации.","","","baseline_v1"
"MISB-047","ЛУКОЙЛ: единая база тендеров","https://lukoil.ru/Company/Tendersandauctions/Tenders","C02","Корпоративные закупочные каналы","РФ","D","Тендер группы и приглашение квалифицированному контрагенту","Семинары специалистов, экологическое/правовое обучение, проектное управление","Центральные функции и общества ЛУКОЙЛ","Обучение; повышение квалификации; семинар; электронные курсы; тренинг","Публичная база по разделу услуг + кабинет контрагента https://lukoil.ru/Company/contractorpa; документы по карточке","Открытая база; участие через кабинет/ИСУ Снабжение","Открытая информация — 0 ₽; стоимость участия/аккредитации отдельно, актуальный тариф не подтвержден","search_index","https://lukoil.ru/Company/Tendersandauctions/Tenders?tab=2","Официальная страница содержит текущие тендеры и указание на автоматизированную систему тендерных процедур","2026-10-01","cataloged","not_checked_here","2","true","Сопоставить с существующими сборщиками; проверить разделы, пагинацию, документы и ссылки на новые каналы. Сохранить сырые наблюдения до оценки релевантности.","Сохранен из исходного классификатора v1; проверить дополнительные разделы, каналы и связанные организации.","","","baseline_v1"
"MISB-048","ММК: портал для поставщиков","https://mmk.ru/ru/for-suppliers/","C02","Корпоративные закупочные каналы","РФ","P","Потребности/конкурентные проработки и обращение поставщика услуг","Бережливое производство для руководителей, HR, МТО, финансы, право","Функция закупок услуг и развития персонала ММК","Обучение специалистов; семинар; повышение квалификации; развитие руководителей","Официальный вход для поставщиков, затем разрешенные уведомления кабинета; API не подтвержден","Публичные инструкции; детали ЭТП после регистрации","Открытая информация — 0 ₽; стоимость участия/аккредитации отдельно, актуальный тариф не подтвержден","search_index","https://mmk.ru/ru/for-suppliers/","Официальный результат описывает предложения по ЭТП, конкурентным проработкам, договорам и платежам","2026-10-01","cataloged","not_checked_here","2","true","Сопоставить с существующим проектом; проверить кабинет/регистрацию и штатные уведомления. Если доступ блокирует работу, зарегистрировать ограничение и запасной маршрут.","Сохранен из исходного классификатора v1; проверить дополнительные разделы, каналы и связанные организации.","","","baseline_v1"
"MISB-049","НЛМК: поставщики/подрядчики и SRM","https://www.nlmk.com/ru/for-suppliers-and-contractors/","C02","Корпоративные закупочные каналы","РФ","P","Квалификация в нужной категории и приглашения на конкурсные процедуры","HR, финансы, МТО, проектное управление, обучение руководителей","Закупки соответствующей категории/HR группы НЛМК","Образовательные услуги; корпоративное обучение; семинар; электронные курсы","Квалификация и подписка на приглашения в SRM; открытая документация/плановые изменения","Публичные инструкции; для закупок регистрация и квалификация","Открытая информация — 0 ₽; стоимость участия/аккредитации отдельно, актуальный тариф не подтвержден","search_index","https://nlmk.com/ru/suppliers/frequently-asked-questions/","Официальные ответы описывают квалификацию и получение приглашений по электронной почте","2026-10-01","cataloged","not_checked_here","2","true","Сопоставить с существующим проектом; проверить кабинет/регистрацию и штатные уведомления. Если доступ блокирует работу, зарегистрировать ограничение и запасной маршрут.","Сохранен из исходного классификатора v1; проверить дополнительные разделы, каналы и связанные организации.","","","baseline_v1"
"MISB-050","НОВАТЭК: закупки работ и услуг","https://www.novatek.ru/ru/about/tenders/service/","C02","Корпоративные закупочные каналы","РФ","D","Открытые процедуры и сбор оферт обществ группы","Семинары по недрам, экологии, МТО, финансам, праву и управлению","Заказчик, указанный в каждой процедуре группы","Образовательные услуги; семинар; обучение специалистов; конференция","Публичный список и документы раз в сутки; переходы на ЭТП ГПБ сохранять в одной карточке","Список открыт; требования участия указаны в оферте/карточке","Открытая информация — 0 ₽; стоимость участия/аккредитации отдельно, актуальный тариф не подтвержден","search_index","https://www.novatek.ru/ru/about/tenders/service/","Официальная страница содержит заказчиков, даты начала и окончания сбора оферт; отдельные карточки ссылаются на etp.gpb.ru","2026-10-01","cataloged","not_checked_here","2","true","Сопоставить с существующими сборщиками; проверить разделы, пагинацию, документы и ссылки на новые каналы. Сохранить сырые наблюдения до оценки релевантности.","Сохранен из исходного классификатора v1; проверить дополнительные разделы, каналы и связанные организации.","","","baseline_v1"
"MISB-051","Норникель: поставщики и SRM","https://nornickel.ru/suppliers/become-supplier/","C02","Корпоративные закупочные каналы","РФ","D","Плановая потребность, анонс/приглашение и общение с закупками в SRM","Корпоративное обучение руководителей/специалистов, электронные курсы","Категорийный закупщик/HR соответствующего дивизиона","Образовательные услуги; повышение квалификации; тренинг; электронный курс","SRM после регистрации + публичные анонсы; Telegram дивизионов брать только по официальным ссылкам","Регистрация в SRM; публичная инструкция","Открытая информация — 0 ₽; стоимость участия/аккредитации отдельно, актуальный тариф не подтвержден","search_index","https://nornickel.ru/suppliers/become-supplier/","Официальная страница описывает доступ к закупочным процедурам и общение со специалистами в SRM; отчет 2024 подтверждает каналы анонсов","2026-10-01","cataloged","not_checked_here","2","true","Сопоставить с существующим проектом; проверить кабинет/регистрацию и штатные уведомления. Если доступ блокирует работу, зарегистрировать ограничение и запасной маршрут.","Сохранен из исходного классификатора v1; проверить дополнительные разделы, каналы и связанные организации.","","","baseline_v1"
"MISB-052","Россети: корпоративный закупочный портал","https://rosseti-zakupki.ru/","C02","Корпоративные закупочные каналы","РФ","D","Публикации/анонсы закупок и каналы обществ группы","Обучение специалистов закупок, HR, экономики, юристов и капстроя","Россети и соответствующее ДЗО","Повышение квалификации; обучение ИТР; семинар; кадровый резерв","Публичный портал и ссылки на ЭТП; дополнять список ИНН обществ, не создавать зеркальные лиды","Открытая информация; для участия отдельная регистрация на ЭТП","Открытая информация — 0 ₽; стоимость участия/аккредитации отдельно, актуальный тариф не подтвержден","search_index","https://rosseti-zakupki.ru/purchases/informatsiya-o-zakupkochnoy-de/zakupki-opublikovannye-v-eis/","Официальный портал содержит раздел закупок, опубликованных в ЕИС, и инструкции по РТС-тендер","2026-10-01","cataloged","not_checked_here","2","true","Сопоставить с существующими сборщиками; проверить разделы, пагинацию, документы и ссылки на новые каналы. Сохранить сырые наблюдения до оценки релевантности.","Сохранен из исходного классификатора v1; проверить дополнительные разделы, каналы и связанные организации.","","","baseline_v1"
"MISB-053","РусГидро: закупочная секция группы","https://www.roseltorg.ru/personal/rushydro","C02","Корпоративные закупочные каналы","РФ","D","Закупки группы и планируемые потребности отдельных заказчиков","Повышение квалификации руководителей/специалистов, МТО, экология, капстрой","РусГидро и компании группы","Обучение; повышение квалификации; семинар; электронный курс","Корпоративная секция Росэлторга + планы на dp.rushydro.ru; сравнение версий опубликованных файлов","Открытый вход и инструкции; часть функциональности в кабинете","Открытая информация — 0 ₽; стоимость участия/аккредитации отдельно, актуальный тариф не подтвержден","search_index","https://www.roseltorg.ru/personal/rushydro","Официальная страница Росэлторга подтверждает закупочную секцию группы РусГидро","2026-10-01","cataloged","not_checked_here","2","true","Сопоставить с существующими сборщиками; проверить разделы, пагинацию, документы и ссылки на новые каналы. Сохранить сырые наблюдения до оценки релевантности.","Сохранен из исходного классификатора v1; проверить дополнительные разделы, каналы и связанные организации.","","","baseline_v1"
"MISB-054","Северсталь: портал поставщиков и подрядчиков","https://suppliers.severstal.com/","C02","Корпоративные закупочные каналы","РФ","P","Предквалификация и приглашения в закупках услуг","Корпоративные управленческие программы, обучение специалистов, электронные курсы","Закупки услуг/HR/L&D группы Северсталь","Корпоративное обучение; развитие руководителей; обучение специалистов; разработка курсов","Зарегистрировать категорию услуг в SRM; импорт штатных приглашений после согласованного доступа","Официальный портал SRM; прямое чтение инструментом получило 403","Открытая информация — 0 ₽; стоимость участия/аккредитации отдельно, актуальный тариф не подтвержден","search_index","https://suppliers.severstal.com/","Официальная поисковая выдача прямо указывает электронные закупки группы через SAP SRM","2026-10-01","cataloged","not_checked_here","2","true","Сопоставить с существующим проектом; проверить кабинет/регистрацию и штатные уведомления. Если доступ блокирует работу, зарегистрировать ограничение и запасной маршрут.","Сохранен из исходного классификатора v1; проверить дополнительные разделы, каналы и связанные организации.","","","baseline_v1"
"MISB-055","СИБУР: услуги, планы и квалификация","https://www.sibur.ru/ru/procurement/","C02","Корпоративные закупочные каналы","РФ","D","Планы, актуальные процедуры и квалификация поставщиков услуг","Управленческие семинары, повышение квалификации функциональных специалистов, e-learning","Функция закупок услуг и HR/L&D СИБУР","Образовательные услуги; тренинг; развитие компетенций; электронные курсы","Публичные процедуры и файлы планов + квалификация SRM; дополнительный Telegram @siburholdingprocurement как канал того же источника","Открытые планы/контакты; заявки среди квалифицированных поставщиков","Открытая информация — 0 ₽; стоимость участия/аккредитации отдельно, актуальный тариф не подтвержден","search_index","https://www.sibur.ru/ru/procurement/start/","Официальная инструкция содержит процедуру квалификации; /procedure/ называет SAP SRM площадкой закупок работ/услуг, /procurement/ содержит план 2026 XLSX","2026-10-01","cataloged","not_checked_here","2","true","Сопоставить с существующими сборщиками; проверить разделы, пагинацию, документы и ссылки на новые каналы. Сохранить сырые наблюдения до оценки релевантности.","Сохранен из исходного классификатора v1; проверить дополнительные разделы, каналы и связанные организации.","","","baseline_v1"
"MISB-056","Сургутнефтегаз: система взаимодействия с поставщиками","https://www.surgutneftegas.ru/procurement/","C02","Корпоративные закупочные каналы","РФ","P","Анкета поставщика и доступ к релевантным конкурсам","Профильные семинары нефтегазовых специалистов, финансы, право, HR","Профильная служба/организатор закупки Сургутнефтегаза","Образовательные услуги; повышение квалификации руководителей; семинар","Регистрация анкеты; далее разрешенные уведомления и кабинет, вручную проверить категорию образовательных услуг","Официальная страница, регистрация анкеты, вход в систему","Открытая информация — 0 ₽; стоимость участия/аккредитации отдельно, актуальный тариф не подтвержден","search_index","https://www.surgutneftegas.ru/procurement/","В индексе официальной страницы представлены система поставщиков, краткий порядок конкурсов, анкета и вход","2026-10-01","cataloged","not_checked_here","2","true","Сопоставить с существующим проектом; проверить кабинет/регистрацию и штатные уведомления. Если доступ блокирует работу, зарегистрировать ограничение и запасной маршрут.","Сохранен из исходного классификатора v1; проверить дополнительные разделы, каналы и связанные организации.","","","baseline_v1"
"MISB-057","Татнефть: центр закупок и ТЗП","https://www.tatneft.ru/zakupki/center_zakupok","C02","Корпоративные закупочные каналы","РФ","D","Лоты услуг группы и планируемая потребность","Управленческие семинары, бережливое производство для ИТР, финансы, закупки","Центр закупок и общества Татнефти","Обучение ИТР; руководители; семинар; программа развития; корпоративное обучение","Переходы из центра закупок на etp.tatneft.ru и B2B-Center; отдельный аудит актуального плана; API не подтвержден","Центр закупок открыт; участие требует регистрации на названных площадках","Открытая информация — 0 ₽; стоимость участия/аккредитации отдельно, актуальный тариф не подтвержден","search_index","https://www.tatneft.ru/zakupki/center_zakupok","Официальная страница называет основной etp.tatneft.ru и B2B-Center; услуги есть в классе заказа ТЗП","2026-10-01","cataloged","not_checked_here","2","true","Сопоставить с существующими сборщиками; проверить разделы, пагинацию, документы и ссылки на новые каналы. Сохранить сырые наблюдения до оценки релевантности.","Сохранен из исходного классификатора v1; проверить дополнительные разделы, каналы и связанные организации.","","","baseline_v1"
"MISB-058","ERG: портал закупок и аттестация поставщиков","https://torgi.erg.kz/home","C02","Корпоративные закупочные каналы","Казахстан","D","Конкурентные закупки предприятий и аттестация поставщиков","Семинары управленцев, МТО, финансы, экология и недра","Предприятия Евразийской группы в Казахстане","Обучение специалистов; семинар; тренинг; повышение квалификации","Официальный портал, регистрация/аттестация, штатные приглашения; публичный API не подтвержден","Для взаимодействия регистрация и аттестация; открытая информация о закупочной системе","Открытая информация — 0 ₽; стоимость участия/аккредитации отдельно, актуальный тариф не подтвержден","search_index","https://www.erg.kz/ru/news/show/3212","Официальная новость ERG дает точный адрес torgi.erg.kz/home и описывает регистрацию, аттестацию, участие","2026-10-01","cataloged","not_checked_here","2","true","Сопоставить с существующим проектом; проверить кабинет/регистрацию и штатные уведомления. Если доступ блокирует работу, зарегистрировать ограничение и запасной маршрут.","Сохранен из исходного классификатора v1; проверить дополнительные разделы, каналы и связанные организации.","","","baseline_v1"
"MISB-059","Qarmet Partners: закупки группы","https://qpartners.kz/public/buys","C02","Корпоративные закупочные каналы","Казахстан","D","Открытая процедура с организатором, сроками и документами","Развитие управленческих и функциональных компетенций","Закупки/HR АО Qarmet","Обучение; повышение квалификации; тренинг; семинар; разработка курсов","Мониторинг публичного списка и карточек; структурирование по номеру лота; API/RSS не подтверждены","Публичные карточки индексируются; регистрация для участия","Открытая информация — 0 ₽; стоимость участия/аккредитации отдельно, актуальный тариф не подтвержден","search_index","https://qpartners.kz/public/buys","Официальная выдача Qarmet Partners показывает список закупок, заказчика Qarmet и контакты поддержки","2026-10-01","cataloged","not_checked_here","2","true","Сопоставить с существующими сборщиками; проверить разделы, пагинацию, документы и ссылки на новые каналы. Сохранить сырые наблюдения до оценки релевантности.","Сохранен из исходного классификатора v1; проверить дополнительные разделы, каналы и связанные организации.","","","baseline_v1"
"MISB-060","Тендерплан: агрегатор и API","https://tenderplan.ru/","C03","Агрегаторы и API","РФ; отдельный продукт Казахстан","D","Поиск и контроль изменений закупок, планы и история заказчика","Корпоративные семинары, ДПО, электронные курсы, деловые конференции","HR/L&D, закупки, финансовая, юридическая и техническая дирекция","(обучение OR семинар OR тренинг OR повышение квалификации OR вебинар OR электронный курс OR стратегическая сессия) + тема/роль; исключения проверять по лотам","Документированный API с серверным access_token; перед оплатой проверить нужные методы и квоты","Официальная документация API доступна; требуется токен","Тариф не подтвержден: страница rates не отдала числовые цены; покупать только альтернативой, не вторым агрегатором","search_index","https://tenderplan.ru/api/doc/","Официальный Swagger в поиске подтверждает API и требование серверного ключа; rates открыта без числовой цены","2026-10-01","cataloged","not_checked_here","2","true","Сопоставить с существующими сборщиками; проверить разделы, пагинацию, документы и ссылки на новые каналы. Сохранить сырые наблюдения до оценки релевантности.","Сохранен из исходного классификатора v1; проверить дополнительные разделы, каналы и связанные организации.","","","baseline_v1"
"MISB-061","Ассоциация бизнес-тренеров — подбор экспертов","https://konkurs.biznes-trainer.ru/uslugi","C04","Партнёры — профессиональные ассоциации","РФ; русскоязычные компании","P","Ассоциация принимает запросы компаний и рекомендует сертифицированных экспертов","Корпоративные семинары, развитие руководителей, методические программы","Ассоциация как распределитель запроса; HR компании","подбор тренера | семинар руководителей | корпоративное обучение","Сначала проверить условия регистрации/партнерства и доступ МИСБ. После подключения использовать штатные уведомления или ручной импорт в CRM. Публичная автоматическая лента заказов не подтверждена.","Открытые страницы; ответ после регистрации","Условия членства/сертификации запросить; в базовый бюджет не заложено","content_read","https://konkurs.biznes-trainer.ru/uslugi","Официальная страница описывает запрос по email, подбор из реестра и прямые договоры заказчика с выбранными экспертами.","2026-10-01","cataloged","not_checked_here","2","true","Сопоставить с существующим проектом; проверить кабинет/регистрацию и штатные уведомления. Если доступ блокирует работу, зарегистрировать ограничение и запасной маршрут.","Сохранен из исходного классификатора v1; проверить дополнительные разделы, каналы и связанные организации.","","","baseline_v1"
"MISB-062","ГАРАНТ — клуб профессионалов","https://forum.garant.ru/","C04","Профессиональные вопросы и боли","РФ; русскоязычные компании","I","Юристы, кадровики, финансисты и закупщики обсуждают прикладную проблему","Корпоративное право, трудовое право, налоги, закупки","Юридическая/финансовая/кадровая служба","223-ФЗ | 44-ФЗ | кадровый | договор | корпоративный | НДС","Мониторинг новых публичных страниц по ключевым словам; после проверки условий площадки и теста доступности. API/RSS не подтверждены.","Открытые страницы; ответ после регистрации","0 ₽ за просмотр; платные опции не включены в бюджет","content_read","https://forum.garant.ru/","Проверены отдельные разделы юристов, финансистов, кадровиков и участников госзакупок; последние сообщения датированы 2026 годом.","2026-10-01","cataloged","not_checked_here","2","true","Сопоставить с существующими сборщиками; проверить разделы, пагинацию, документы и ссылки на новые каналы. Сохранить сырые наблюдения до оценки релевантности.","Сохранен из исходного классификатора v1; проверить дополнительные разделы, каналы и связанные организации.","","","baseline_v1"
"MISB-063","Профи.ру — бизнес-тренеры","https://profi.ru/registration/buhgaltery_i_yuristy/business-trainer/","C04","Маркетплейсы услуг","РФ; русскоязычные компании","D","Заказ клиента на бизнес-тренинг с выбором исполнителя","Тренинги руководителей, переговоры, деловые навыки","Владелец МСП, HR","корпоративный тренинг | руководители | переговоры | группа сотрудников","URL ведет на регистрацию исполнителя. После регистрации проверить кабинет и штатные уведомления о заказах. Открытая автоматическая лента не подтверждена.","Открытые страницы; ответ после регистрации","Просмотр/регистрация по правилам сервиса; стоимость откликов/комиссий индивидуальна, лимит теста ≤1500 ₽/мес","search_index","https://profi.ru/registration/buhgaltery_i_yuristy/business-trainer/","Официальная страница для бизнес-тренеров предлагает выбирать заказы и содержит отзывы исполнителей о платных предложениях клиентам.","2026-10-01","cataloged","not_checked_here","2","true","Сопоставить с существующими сборщиками; проверить разделы, пагинацию, документы и ссылки на новые каналы. Сохранить сырые наблюдения до оценки релевантности.","Сохранен из исходного классификатора v1; проверить дополнительные разделы, каналы и связанные организации.","","","baseline_v1"
"MISB-064","FL.ru — лента проектов","https://www.fl.ru/projects/","C04","Биржи проектных работ","РФ; русскоязычные компании","D","Заказчик размещает ТЗ на разработку курса","Электронные курсы, учебные презентации, образовательный контент","Компания, образовательный провайдер","SCORM | разработка курса | учебные материалы | обучение сотрудников","Мониторинг новых публичных страниц по ключевым словам; после проверки условий площадки и теста доступности. API/RSS не подтверждены.","Открытые страницы; ответ после регистрации","0 ₽ за просмотр; платные опции не включены в бюджет","search_index","https://www.fl.ru/projects/5516091/razrabotka-kursa-kompyuternaya-gramotnost--iskusstvennyiy-intellekt.html","Найден проект 31.07.2026 на разработку курса компьютерной грамотности и ИИ; отдельные архивные проекты требовали SCORM.","2026-10-01","cataloged","not_checked_here","2","true","Сопоставить с существующими сборщиками; проверить разделы, пагинацию, документы и ссылки на новые каналы. Сохранить сырые наблюдения до оценки релевантности.","Сохранен из исходного классификатора v1; проверить дополнительные разделы, каналы и связанные организации.","","","baseline_v1"
"MISB-065","Freelance.ru — задания и проекты","https://freelance.ru/task","C04","Биржи проектных работ","РФ; русскоязычные компании","D","Проектные задания на обучение, наставничество и материалы","Разработка электронных курсов, методических комплектов, учебных презентаций","Бизнес-заказчик, продюсер образовательного проекта","обучение сотрудников | обучающий курс | методолог | учебный | SCORM","Мониторинг новых публичных страниц по ключевым словам; после проверки условий площадки и теста доступности. API/RSS не подтверждены.","Открытые страницы; ответ после регистрации","0 ₽ за просмотр; платные опции не включены в бюджет","search_index","https://freelance.ru/task","Действующая биржа имеет категорию «Обучение и наставничество» и поиск по заданиям.","2026-10-01","cataloged","not_checked_here","2","true","Сопоставить с существующими сборщиками; проверить разделы, пагинацию, документы и ссылки на новые каналы. Сохранить сырые наблюдения до оценки релевантности.","Сохранен из исходного классификатора v1; проверить дополнительные разделы, каналы и связанные организации.","","","baseline_v1"
"MISB-066","HUBSpeakers — бюро спикеров","https://hubspeakers.ru/","C04","Партнёры — спикерские бюро","РФ; русскоязычные компании","P","Бюро получает корпоративные запросы и нуждается в подходящем эксперте","Корпоративные семинары и выступления по управлению, HR, финансам","Продюсер бюро, организатор делового события","корпоративное обучение | деловая программа | бизнес-конференция","Сначала проверить условия регистрации/партнерства и доступ МИСБ. После подключения использовать штатные уведомления или ручной импорт в CRM. Публичная автоматическая лента заказов не подтверждена.","Открытые страницы; ответ после регистрации","Переговоры бесплатно; комиссия/условия сотрудничества индивидуальны","search_index","https://hubspeakers.ru/magazine/spikerov-bolshe-chem-mest-na-stsene-kak-peregrelsya-ryinok-vyistuplenij/","Статья самого бюро 2026 года подтверждает получение запросов от организаторов и смещение спроса к практическому содержанию.","2026-10-01","cataloged","not_checked_here","2","true","Сопоставить с существующим проектом; проверить кабинет/регистрацию и штатные уведомления. Если доступ блокирует работу, зарегистрировать ограничение и запасной маршрут.","Сохранен из исходного классификатора v1; проверить дополнительные разделы, каналы и связанные организации.","","","baseline_v1"
"MISB-067","Teachbase — партнёрская программа","https://teachbase.ru/partnerskaya-programma-teachbase/","C04","Партнёры — платформы обучения","РФ; русскоязычные компании","P","Клиенты LMS нуждаются в методологии и учебном контенте","Разработка электронных курсов и корпоративных программ","Партнёрский менеджер LMS; корпоративный L&D","разработка контента | библиотека курсов | партнер | корпоративный университет","Сначала проверить условия регистрации/партнерства и доступ МИСБ. После подключения использовать штатные уведомления или ручной импорт в CRM. Публичная автоматическая лента заказов не подтверждена.","Открытые страницы; ответ после регистрации","Заявка на партнёрство без опубликованного взноса; условия индивидуальны","search_index","https://teachbase.ru/partnerskaya-programma-teachbase/","Официальная программа предусматривает совместный маркетинг и работу с клиентами; у платформы есть библиотека курсов и разработка контента.","2026-10-01","cataloged","not_checked_here","2","true","Сопоставить с существующим проектом; проверить кабинет/регистрацию и штатные уведомления. Если доступ блокирует работу, зарегистрировать ограничение и запасной маршрут.","Сохранен из исходного классификатора v1; проверить дополнительные разделы, каналы и связанные организации.","","","baseline_v1"
"MISB-068","Злой HR","https://t.me/s/zloihr","C05","Сообщества HR","РФ; русскоязычные компании","D","Участники ищут поставщика услуги, рекомендуемого тренера или решение HR-задачи","HR, кадровое право, подбор для HR, обучение руководителей","HR-менеджер компании, HRD","порекомендуйте тренера | ищу тренеров | обучение сотрудников | запрос на услуги","Публичная веб-лента там, где доступна; иначе разрешённый экспорт участником/пересылка менеджером в приёмный бот. Бот не получает произвольную историю чужих чатов.","Публичный Telegram; для чатов вступление по правилам администратора","0 ₽ за чтение открытого канала","content_read","https://t.me/s/zloihr","В открытой ленте есть регулярная рубрика, разрешающая запросы на услуги и рекомендации компаний. Поиск также нашёл запрос тренеров по B2B-продажам для сельхозсектора.","2026-10-01","cataloged","not_checked_here","2","true","Сопоставить с существующими сборщиками; проверить разделы, пагинацию, документы и ссылки на новые каналы. Сохранить сырые наблюдения до оценки релевантности.","Сохранен из исходного классификатора v1; проверить дополнительные разделы, каналы и связанные организации.","","","baseline_v1"
"MISB-069","Digital Learning — основной профессиональный чат","https://t.me/npsonline","C05","Сообщества L&D и e-learning","РФ; русскоязычные компании","I","L&D обсуждает внедрение, выбор решения, методологические проблемы","Электронные курсы, система корпоративного обучения","Руководитель L&D/корпоративного университета","ищем подрядчика | нужен курс | внедряем | разработка | методология","Публичная веб-лента там, где доступна; иначе разрешённый экспорт участником/пересылка менеджером в приёмный бот. Бот не получает произвольную историю чужих чатов.","Публичный Telegram; для чатов вступление по правилам администратора","0 ₽ за чтение открытого канала","search_index","https://t.me/dl_marketplace","Карточка DL-Marketplace подтверждает основной чат @npsonline; обзор iSpring описывает обсуждение методологии и разработки курсов.","2026-10-01","cataloged","not_checked_here","2","true","Сопоставить с существующими сборщиками; проверить разделы, пагинацию, документы и ссылки на новые каналы. Сохранить сырые наблюдения до оценки релевантности.","Сохранен из исходного классификатора v1; проверить дополнительные разделы, каналы и связанные организации.","","","baseline_v1"
"MISB-070","EdMarket Club — вакансии, партнёры, эксперты","https://t.me/edmarketclubjob","C05","Сообщества EdTech","РФ; русскоязычные компании","I","Поиск партнёра/эксперта или команды для образовательного проекта","Разработка курсов и программ для взрослых, методическое производство","EdTech-компания, учебный центр, продюсер","эксперт | партнер | методолог | корпоративный | SCORM | ДПО","Публичная веб-лента там, где доступна; иначе разрешённый экспорт участником/пересылка менеджером в приёмный бот. Бот не получает произвольную историю чужих чатов.","Публичный Telegram; для чатов вступление по правилам администратора","0 ₽ за чтение открытого канала","content_read","https://t.me/edmarketclubjob","Проверенное описание группы прямо включает поиск работы, сотрудников, партнёров, экспертов и стажировок в EdTech.","2026-10-01","cataloged","not_checked_here","2","true","Сопоставить с существующими сборщиками; проверить разделы, пагинацию, документы и ссылки на новые каналы. Сохранить сырые наблюдения до оценки релевантности.","Сохранен из исходного классификатора v1; проверить дополнительные разделы, каналы и связанные организации.","","","baseline_v1"
"MISB-071","HR[хаб] вакансии","https://t.me/s/hrhubvacancy","C05","Вакансии как сигнал проектов обучения","РФ; русскоязычные компании","I","Компания ищет L&D-партнёра, методолога, руководителя образовательных проектов","Корпоративные программы, кадровый резерв, электронные курсы","HRD, руководитель T&D, образовательный проект","T&D-партнер | корпоративный университет | разработка программ | фасилитация","Публичная веб-лента там, где доступна; иначе разрешённый экспорт участником/пересылка менеджером в приёмный бот. Бот не получает произвольную историю чужих чатов.","Публичный Telegram; для чатов вступление по правилам администратора","0 ₽ за чтение открытого канала","search_index","https://t.me/s/hrhubvacancy?before=3659","В ленте найден поиск партнёра по обучению и менеджера образовательных проектов для Северстали; обязанности включают программы развития и сессии.","2026-10-01","cataloged","not_checked_here","2","true","Сопоставить с существующими сборщиками; проверить разделы, пагинацию, документы и ссылки на новые каналы. Сохранить сырые наблюдения до оценки релевантности.","Сохранен из исходного классификатора v1; проверить дополнительные разделы, каналы и связанные организации.","","","baseline_v1"
"MISB-072","Бухонлайн — форум","https://www.buhonline.ru/forum/","C06","Профессиональные вопросы и боли","РФ; русскоязычные компании","I","Компания переходит на новый учётный порядок и сталкивается с ошибками","Налоги, бухгалтерский учёт, документооборот","Бухгалтер/главбух компании","УПД | счет-фактура | НДС | переход | обучение","Мониторинг новых публичных страниц по ключевым словам; после проверки условий площадки и теста доступности. API/RSS не подтверждены.","Открытые страницы; ответ после регистрации","0 ₽ за просмотр; платные опции не включены в бюджет","search_index","https://www.buhonline.ru/forum/index?g=posts&t=858160","Найден реальный вопрос ООО о документах при переходе на НДС в 2026 году.","2026-10-01","cataloged","not_checked_here","2","true","Сопоставить с существующими сборщиками; проверить разделы, пагинацию, документы и ссылки на новые каналы. Сохранить сырые наблюдения до оценки релевантности.","Сохранен из исходного классификатора v1; проверить дополнительные разделы, каналы и связанные организации.","","","baseline_v1"
"MISB-073","Интеграл — форум экологов","https://forum.integral.ru/","C06","Нишевые профессиональные сообщества","РФ; русскоязычные компании","I","Промышленный эколог ищет решение по природоохранной документации","Экология предприятия, ПЭК, НВОС, КЭР, отходы и недропользование","Эколог предприятия, начальник экологической службы","КЭР | ПЭК | НВОС | отчетность | недра | обучение","Мониторинг новых публичных страниц по ключевым словам; после проверки условий площадки и теста доступности. API/RSS не подтверждены.","Открытые страницы; ответ после регистрации","0 ₽ за просмотр; платные опции не включены в бюджет","search_index","https://integral.ru/club","Официальный сайт подтверждает форум и его разделы нормативно-методических вопросов охраны окружающей среды.","2026-10-01","cataloged","not_checked_here","2","true","Сопоставить с существующими сборщиками; проверить разделы, пагинацию, документы и ссылки на новые каналы. Сохранить сырые наблюдения до оценки релевантности.","Сохранен из исходного классификатора v1; проверить дополнительные разделы, каналы и связанные организации.","","","baseline_v1"
"MISB-074","Кадровик-практик — профессиональный форум","https://www.kadrovik-praktik.ru/communication/forum/","C06","Профессиональные вопросы и боли","РФ; русскоязычные компании","I","Практическая сложность кадрового учёта и трудовых процедур","Кадровое делопроизводство, трудовое право, HR","Руководитель кадровой службы, кадровик","воинский учет | трудовой договор | суммированный учет | обучение | проверка ГИТ","Мониторинг новых публичных страниц по ключевым словам; после проверки условий площадки и теста доступности. API/RSS не подтверждены.","Открытые страницы; ответ после регистрации","0 ₽ за просмотр; платные опции не включены в бюджет","search_index","https://www.kadrovik-praktik.ru/communication/forum/","Официальный форум объединяет кадровиков; есть разделы кадрового делопроизводства, 1С и поиск работы.","2026-10-01","cataloged","not_checked_here","2","true","Сопоставить с существующими сборщиками; проверить разделы, пагинацию, документы и ссылки на новые каналы. Сохранить сырые наблюдения до оценки релевантности.","Сохранен из исходного классификатора v1; проверить дополнительные разделы, каналы и связанные организации.","","","baseline_v1"
"MISB-075","Клерк.Сообщество","https://club.klerk.ru/latest","C06","Профессиональные вопросы и боли","РФ; русскоязычные компании","I","Бухгалтер/финансист обсуждает незнакомую процедуру или новый режим учёта","Налоги, бухгалтерский учёт, ЭДО, кадровое право","Главбух, финансовая служба","НДС | ЭТрН | ФСБУ | не понимаем | обучение бухгалтеров","Мониторинг новых публичных страниц по ключевым словам; после проверки условий площадки и теста доступности. API/RSS не подтверждены.","Открытые страницы; ответ после регистрации","0 ₽ за просмотр; платные опции не включены в бюджет","search_index","https://club.klerk.ru/latest","Проверена активная лента сентября 2026, включая вопросы по электронным перевозочным документам, НДС и учёту.","2026-10-01","cataloged","not_checked_here","2","true","Сопоставить с существующими сборщиками; проверить разделы, пагинацию, документы и ссылки на новые каналы. Сохранить сырые наблюдения до оценки релевантности.","Сохранен из исходного классификатора v1; проверить дополнительные разделы, каналы и связанные организации.","","","baseline_v1"
"MISB-076","Audit-it — форум","https://www.audit-it.ru/forum/","C06","Профессиональные вопросы и боли","РФ; русскоязычные компании","I","Практические сложности налогообложения, аудита и отчётности","Налоги, финансовый учёт, внутренний контроль","Главбух, аудитор, финансовый директор","НДС | аудит | отчетность | ФСБУ | внутренний контроль","Мониторинг новых публичных страниц по ключевым словам; после проверки условий площадки и теста доступности. API/RSS не подтверждены.","Открытые страницы; ответ после регистрации","0 ₽ за просмотр; платные опции не включены в бюджет","search_index","https://www.audit-it.ru/forum/","Подтверждены тематические разделы и обсуждения 2026 года по НДС, отчётности и ответственности аудитора.","2026-10-01","cataloged","not_checked_here","2","true","Сопоставить с существующими сборщиками; проверить разделы, пагинацию, документы и ссылки на новые каналы. Сохранить сырые наблюдения до оценки релевантности.","Сохранен из исходного классификатора v1; проверить дополнительные разделы, каналы и связанные организации.","","","baseline_v1"
"MISB-077","Executive.ru — сообщество менеджеров","https://www.e-xecutive.ru/community","C06","Профессиональные вопросы и боли","РФ; русскоязычные компании","I","Руководители и L&D обсуждают свои управленческие проблемы","Управление, стратсессии, HR, финансы, корпоративное обучение","Руководитель компании/функции, L&D","нужен тренинг | как обучить | управленческая команда | корпоративное обучение","Мониторинг новых публичных страниц по ключевым словам; после проверки условий площадки и теста доступности. API/RSS не подтверждены.","Открытые страницы; ответ после регистрации","0 ₽ за просмотр; платные опции не включены в бюджет","search_index","https://www.e-xecutive.ru/education/korporativnoe-obuchenie","Специальная рубрика адресована L&D и тренерам, проводящим программы по заказу компаний; есть комментарии и профили участников.","2026-10-01","cataloged","not_checked_here","2","true","Сопоставить с существующими сборщиками; проверить разделы, пагинацию, документы и ссылки на новые каналы. Сохранить сырые наблюдения до оценки релевантности.","Сохранен из исходного классификатора v1; проверить дополнительные разделы, каналы и связанные организации.","","","baseline_v1"
"MISB-078","Ассоциация менеджеров — комитеты","https://amr.ru/committees/","C07","Профессиональные управленческие сообщества","РФ","P","Заседание функционального комитета и публично сформулированная проблема компании.","HR, финансовое управление, право, корпоративное управление","Дирекция комитета → руководители функций компаний-участников","комитет | человеческие ресурсы | развитие | компетенции | трансформация","Мониторинг открытых HTML-анонсов/новостей 1–2 раза в неделю; извлечение компании, подразделения, темы, даты и ссылки; API/RSS не подтверждены.","Открытые страницы; участие в мероприятиях, членство и закрытые материалы отдельно.","Плата за чтение публичной страницы не заявлена. Членство, билеты, контакты и условия автоматического сбора проверяются отдельно; в план не включены.","search_index","https://amr.ru/committees/","Комитет по человеческим ресурсам описывает профессиональное развитие менеджеров и обмен корпоративными практиками.","2026-10-01","cataloged","not_checked_here","2","true","Сопоставить с существующими сборщиками; проверить разделы, пагинацию, документы и ссылки на новые каналы. Сохранить сырые наблюдения до оценки релевантности.","Сохранен из исходного классификатора v1; проверить дополнительные разделы, каналы и связанные организации.","","","baseline_v1"
"MISB-079","Ассоциация РОСЭУ — календарь ЭДО","https://xn--n1adei3c.xn--p1ai/information/calendar.php","C07","Электронный документооборот","РФ","P","Новая тема календаря или проект внедрения КЭДО у компании/интегратора.","КЭДО, юридическая значимость электронных документов, электронная подпись","Дирекция ассоциации/интегратор → заказчик внедрения и HR/юридическая функция","КЭДО | электронная подпись | внедрение | электронный документооборот","Мониторинг открытых HTML-анонсов/новостей 1–2 раза в неделю; извлечение компании, подразделения, темы, даты и ссылки; API/RSS не подтверждены.","Открытые страницы; участие в мероприятиях, членство и закрытые материалы отдельно.","Плата за чтение публичной страницы не заявлена. Членство, билеты, контакты и условия автоматического сбора проверяются отдельно; в план не включены.","search_index","https://xn--n1adei3c.xn--p1ai/information/calendar.php","Календарь отраслевых мероприятий принимает предложения по включению мероприятий через форму.","2026-10-01","cataloged","not_checked_here","2","true","Сопоставить с существующими сборщиками; проверить разделы, пагинацию, документы и ссылки на новые каналы. Сохранить сырые наблюдения до оценки релевантности.","Сохранен из исходного классификатора v1; проверить дополнительные разделы, каналы и связанные организации.","","","baseline_v1"
"MISB-080","Ассоциация специалистов по развитию человеческого потенциала","https://ashrm.ru/","C07","Профессиональные HR-сообщества","РФ","P","Повестка цифрового обучения, HR-стратегии и визитов на предприятия показывает круг HR-задач и компаний.","HR-управление; корпоративные семинары для руководителей; цифровое обучение","Организатор/дирекция ассоциации → HR-директора предприятий, названных в отчетах","корпоративное обучение | HR-стратегия | внедрение | развитие руководителей","Мониторинг открытых HTML-анонсов/новостей 1–2 раза в неделю; извлечение компании, подразделения, темы, даты и ссылки; API/RSS не подтверждены.","Открытые страницы; участие в мероприятиях, членство и закрытые материалы отдельно.","Плата за чтение публичной страницы не заявлена. Членство, билеты, контакты и условия автоматического сбора проверяются отдельно; в план не включены.","search_index","https://ashrm.ru/","На сайте есть форумы по HR-стратегии и цифровизации корпоративного обучения, новости визитов на производство.","2026-10-01","cataloged","not_checked_here","2","true","Сопоставить с существующими сборщиками; проверить разделы, пагинацию, документы и ссылки на новые каналы. Сохранить сырые наблюдения до оценки релевантности.","Сохранен из исходного классификатора v1; проверить дополнительные разделы, каналы и связанные организации.","","","baseline_v1"
"MISB-081","Институт внутренних аудиторов","https://www.iia-ru.ru/announce/","C07","Аудит, контроль и риск-менеджмент","РФ","I","Создание клуба/новой практики и кейс компании по рискам или контролю.","Внутренний аудит, внутренний контроль, риск-менеджмент","Руководитель внутреннего аудита названной компании → HR/обучение","ИТ-аудит | управление рисками | внутренний контроль | трансформация","Мониторинг открытых HTML-анонсов/новостей 1–2 раза в неделю; извлечение компании, подразделения, темы, даты и ссылки; API/RSS не подтверждены.","Открытые страницы; участие в мероприятиях, членство и закрытые материалы отдельно.","Плата за чтение публичной страницы не заявлена. Членство, билеты, контакты и условия автоматического сбора проверяются отдельно; в план не включены.","search_index","https://www.iia-ru.ru/announce/","Официальный сайт публикует анонсы, кейсы компаний и информацию о формировании Клуба ИТ-аудиторов.","2026-10-01","cataloged","not_checked_here","2","true","Сопоставить с существующими сборщиками; проверить разделы, пагинацию, документы и ссылки на новые каналы. Сохранить сырые наблюдения до оценки релевантности.","Сохранен из исходного классификатора v1; проверить дополнительные разделы, каналы и связанные организации.","","","baseline_v1"
"MISB-082","Институт профессиональных бухгалтеров России","https://www.ipbr.org/","C07","Бухгалтерские профессиональные сообщества","РФ","P","Новые методические вопросы и региональные мероприятия помогают сформировать гипотезы о темах на обновление знаний.","Бухгалтерский учет, налоги, финансы, внутренний контроль","Региональный институт/учебный партнер → главный бухгалтер корпоративного участника","новый стандарт | налоговый консультант | главный бухгалтер | корпоративный бизнес-анализ","Мониторинг открытых HTML-анонсов/новостей 1–2 раза в неделю; извлечение компании, подразделения, темы, даты и ссылки; API/RSS не подтверждены.","Открытые страницы; участие в мероприятиях, членство и закрытые материалы отдельно.","Плата за чтение публичной страницы не заявлена. Членство, билеты, контакты и условия автоматического сбора проверяются отдельно; в план не включены.","search_index","https://www.ipbr.org/","На официальном сайте опубликованы профессиональные конкурсы, методические материалы и конференции.","2026-10-01","cataloged","not_checked_here","2","true","Сопоставить с существующими сборщиками; проверить разделы, пагинацию, документы и ссылки на новые каналы. Сохранить сырые наблюдения до оценки релевантности.","Сохранен из исходного классификатора v1; проверить дополнительные разделы, каналы и связанные организации.","","","baseline_v1"
"MISB-083","Национальное объединение внутренних аудиторов и контролеров — НОВАК","https://nuiac.ru/","C07","Аудит, контроль и риск-менеджмент","РФ","P","Публичные программы и выступления по внутреннему контролю, налоговому мониторингу и ГОЗ.","Внутренний контроль, аудит, раздельный учет, риски","Организатор/профильный комитет → корпоративные руководители контроля","налоговый мониторинг | ГОЗ | внутренний контроль | риск-менеджмент","Мониторинг открытых HTML-анонсов/новостей 1–2 раза в неделю; извлечение компании, подразделения, темы, даты и ссылки; API/RSS не подтверждены.","Открытые страницы; участие в мероприятиях, членство и закрытые материалы отдельно.","Плата за чтение публичной страницы не заявлена. Членство, билеты, контакты и условия автоматического сбора проверяются отдельно; в план не включены.","search_index","https://nuiac.ru/ex_details","Официальная страница описывает объединение аудиторов, контролеров и риск-менеджеров и сотрудничество с корпорациями.","2026-10-01","cataloged","not_checked_here","2","true","Сопоставить с существующими сборщиками; проверить разделы, пагинацию, документы и ссылки на новые каналы. Сохранить сырые наблюдения до оценки релевантности.","Сохранен из исходного классификатора v1; проверить дополнительные разделы, каналы и связанные организации.","","","baseline_v1"
"MISB-084","Национальное объединение корпоративных секретарей — НОКС","https://nokc.org.ru/sobytiya/","C07","Корпоративное управление и советы директоров","РФ","I","Изменения практик совета директоров, автоматизация аппарата СД, вакансии корпоративных секретарей.","Корпоративное управление, работа СД, корпоративные процедуры","Корпоративный секретарь компании → руководитель юридического блока/HR","совет директоров | корпоративный секретарь | ИИ | реорганизация | корпоративное управление","Мониторинг открытых HTML-анонсов/новостей 1–2 раза в неделю; извлечение компании, подразделения, темы, даты и ссылки; API/RSS не подтверждены.","Открытые страницы; участие в мероприятиях, членство и закрытые материалы отдельно.","Плата за чтение публичной страницы не заявлена. Членство, билеты, контакты и условия автоматического сбора проверяются отдельно; в план не включены.","search_index","https://nokc.org.ru/sobytiya/","События НОКС включают ответственность СД, стандарты корпоративного управления и рабочие группы ESG.","2026-10-01","cataloged","not_checked_here","2","true","Сопоставить с существующими сборщиками; проверить разделы, пагинацию, документы и ссылки на новые каналы. Сохранить сырые наблюдения до оценки релевантности.","Сохранен из исходного классификатора v1; проверить дополнительные разделы, каналы и связанные организации.","","","baseline_v1"
"MISB-085","Экологический союз — корпоративные кейсы сертификации","https://ecounion.ru/press-tsentr/","C07","Экология и устойчивое развитие","РФ","I","Новая сертификация компании, внедрение Zero Waste или ответственных закупок.","Экологический менеджмент, экологические требования к закупкам, ESG","Руководитель устойчивого развития/экологии компании из новости","сертификация | Zero Waste | ответственные закупки | экологический менеджмент","Мониторинг открытых HTML-анонсов/новостей 1–2 раза в неделю; извлечение компании, подразделения, темы, даты и ссылки; API/RSS не подтверждены.","Открытые страницы; участие в мероприятиях, членство и закрытые материалы отдельно.","Плата за чтение публичной страницы не заявлена. Членство, билеты, контакты и условия автоматического сбора проверяются отдельно; в план не включены.","search_index","https://ecounion.ru/press-tsentr/","В новостях названы компании, прошедшие экологическую проверку, и деловые мероприятия по ответственным закупкам.","2026-10-01","cataloged","not_checked_here","2","true","Сопоставить с существующими сборщиками; проверить разделы, пагинацию, документы и ссылки на новые каналы. Сохранить сырые наблюдения до оценки релевантности.","Сохранен из исходного классификатора v1; проверить дополнительные разделы, каналы и связанные организации.","","","baseline_v1"
"MISB-086","АСКАО — строительный комплекс атомной отрасли","https://xn--80aa3arm.xn--p1ai/","C08","Узкие отраслевые объединения","РФ","P","Финансовый или кадровый форум подрядчиков атомного строительства.","Финансы строительства, закупки, договоры, управленческие навыки","Финансовый/HR-комитет ассоциации → компании-подрядчики","финансовый комитет | кадровый компас | технический заказчик | договоры","Мониторинг открытых HTML-анонсов/новостей 1–2 раза в неделю; извлечение компании, подразделения, темы, даты и ссылки; API/RSS не подтверждены.","Открытые страницы; участие в мероприятиях, членство и закрытые материалы отдельно.","Плата за чтение публичной страницы не заявлена. Членство, билеты, контакты и условия автоматического сбора проверяются отдельно; в план не включены.","search_index","https://xn--80aa3arm.xn--p1ai/","Официальная страница публикует новости отраслевых мероприятий и представляет объединение строительных организаций.","2026-10-01","cataloged","not_checked_here","2","true","Сопоставить с существующим проектом; проверить кабинет/регистрацию и штатные уведомления. Если доступ блокирует работу, зарегистрировать ограничение и запасной маршрут.","Сохранен из исходного классификатора v1; проверить дополнительные разделы, каналы и связанные организации.","","","baseline_v1"
"MISB-087","Евразийский союз экспертов по недропользованию — ЕСОЭН","https://eues.ru/","C08","Недропользование и геология","РФ","P","Изменения требований к экспертизе и открытые обсуждения профессиональных дефицитов.","Право недропользования, управление проектами недропользования, отчетность","Дирекция/организатор → руководитель недропользования компании","недропользование | экспертиза | законодательство | квалификация | конференция","Мониторинг открытых HTML-анонсов/новостей 1–2 раза в неделю; извлечение компании, подразделения, темы, даты и ссылки; API/RSS не подтверждены.","Открытые страницы; участие в мероприятиях, членство и закрытые материалы отдельно.","Плата за чтение публичной страницы не заявлена. Членство, билеты, контакты и условия автоматического сбора проверяются отдельно; в план не включены.","search_index","https://eues.ru/","На сайте есть образовательные программы, профильные конференции и контакты взаимодействия с экспертами.","2026-10-01","cataloged","not_checked_here","2","true","Сопоставить с существующими сборщиками; проверить разделы, пагинацию, документы и ссылки на новые каналы. Сохранить сырые наблюдения до оценки релевантности.","Сохранен из исходного классификатора v1; проверить дополнительные разделы, каналы и связанные организации.","","","baseline_v1"
"MISB-088","Национальная ассоциация по экспертизе недр — НАЭН","https://naen.ru/","C08","Недропользование и геология","РФ","R","Состав организаций, профессиональные публикации и темы недропользования.","Право недр, экологические требования, управленческие семинары","Организация из материалов/членов → руководитель геологической службы/HR","недропользование | регулирование | отчетность | конференция | экспертиза","Обновлять справочные записи раз в месяц. Мониторинг открытых HTML-анонсов/новостей после обнаружения изменений; извлечение компании, подразделения, темы, даты и ссылки; API/RSS не подтверждены.","Открытые страницы; участие в мероприятиях, членство и закрытые материалы отдельно.","Плата за чтение публичной страницы не заявлена. Членство, билеты, контакты и условия автоматического сбора проверяются отдельно; в план не включены.","search_index","https://naen.ru/","Официальный сайт объединяет организации отрасли и публикует новости, включая журнал Недропользование XXI век.","2026-10-01","cataloged","not_checked_here","2","true","Сопоставить с существующими сборщиками; проверить разделы, пагинацию, документы и ссылки на новые каналы. Сохранить сырые наблюдения до оценки релевантности.","Сохранен из исходного классификатора v1; проверить дополнительные разделы, каналы и связанные организации.","","","baseline_v1"
"MISB-089","НОПРИЗ — мероприятия и новости","https://www.nopriz.ru/events/","C08","Строительные объединения и СРО","РФ","P","Дискуссия о ценообразовании, экспертизе или переходе проектировщиков на новую практику.","Управление проектированием и капстроем, договоры, стоимость строительства","Комитет/региональная СРО → директор проектной организации, ГИП","стоимость строительства | экспертиза | управление проектом | нормативные изменения","Мониторинг открытых HTML-анонсов/новостей 1–2 раза в неделю; извлечение компании, подразделения, темы, даты и ссылки; API/RSS не подтверждены.","Открытые страницы; участие в мероприятиях, членство и закрытые материалы отдельно.","Плата за чтение публичной страницы не заявлена. Членство, билеты, контакты и условия автоматического сбора проверяются отдельно; в план не включены.","search_index","https://www.nopriz.ru/events/?COMP_ID=t_events&CUR_TAB=0&bxajaxid=&mode=nj&month=3&year=2026","В официальном календаре опубликованы программы по стоимости строительства и заседания профильных комитетов.","2026-10-01","cataloged","not_checked_here","2","true","Сопоставить с существующими сборщиками; проверить разделы, пагинацию, документы и ссылки на новые каналы. Сохранить сырые наблюдения до оценки релевантности.","Сохранен из исходного классификатора v1; проверить дополнительные разделы, каналы и связанные организации.","","","baseline_v1"
"MISB-090","НОСТРОЙ — новости отрасли и СРО","https://nostroy.ru/company/news/","C08","Строительные объединения и СРО","РФ","P","Региональная СРО обсуждает кадровые или регуляторные изменения с компаниями.","Управление строительством, договоры, сметы/стоимость, финансовый контроль","Руководитель региональной СРО → руководители строительных компаний","строительный контроль | ценообразование | кадровая политика | стратегическая сессия","Мониторинг открытых HTML-анонсов/новостей 1–2 раза в неделю; извлечение компании, подразделения, темы, даты и ссылки; API/RSS не подтверждены.","Открытые страницы; участие в мероприятиях, членство и закрытые материалы отдельно.","Плата за чтение публичной страницы не заявлена. Членство, билеты, контакты и условия автоматического сбора проверяются отдельно; в план не включены.","search_index","https://nostroy.ru/company/news/","Новости содержат кадровые и регуляторные вопросы строительных организаций и работу с региональными объединениями.","2026-10-01","cataloged","not_checked_here","2","true","Сопоставить с существующими сборщиками; проверить разделы, пагинацию, документы и ссылки на новые каналы. Сохранить сырые наблюдения до оценки релевантности.","Сохранен из исходного классификатора v1; проверить дополнительные разделы, каналы и связанные организации.","","","baseline_v1"
"MISB-091","Российская ассоциация водоснабжения и водоотведения — РАВВ","https://raww.ru/","C08","Узкие отраслевые объединения","РФ","I","Водоканалы обсуждают экологические платежи, инвестиционные программы, тарифы и договоры.","Экология, водопользование, финансы ЖКХ, договоры и закупки","Руководитель/юрист/эколог водоканала из новости → HR/обучение","водопользование | сбросы | тарифы | инвестиционная программа | договоры","Мониторинг открытых HTML-анонсов/новостей 1–2 раза в неделю; извлечение компании, подразделения, темы, даты и ссылки; API/RSS не подтверждены.","Открытые страницы; участие в мероприятиях, членство и закрытые материалы отдельно.","Плата за чтение публичной страницы не заявлена. Членство, билеты, контакты и условия автоматического сбора проверяются отдельно; в план не включены.","content_read","https://raww.ru/","Официальный сайт содержит отраслевую позицию по ущербу водным объектам и новости ассоциации.","2026-10-01","cataloged","not_checked_here","2","true","Сопоставить с существующими сборщиками; проверить разделы, пагинацию, документы и ссылки на новые каналы. Сохранить сырые наблюдения до оценки релевантности.","Сохранен из исходного классификатора v1; проверить дополнительные разделы, каналы и связанные организации.","","","baseline_v1"
"MISB-092","KAZENERGY — развитие человеческого капитала","https://www.kazenergy.com/operation/human-capital/","C08","Зарубежные отраслевые объединения","Казахстан","P","Повестка человеческого капитала нефтегазовых и энергетических компаний Казахстана.","Управление персоналом, развитие руководителей, корпоративное управление","Дирекция человеческого капитала → HR нефтегазовых компаний членов","человеческий капитал | квалификации | корпоративное обучение | руководители","Мониторинг открытых HTML-анонсов/новостей 1–2 раза в неделю; извлечение компании, подразделения, темы, даты и ссылки; API/RSS не подтверждены.","Открытые страницы; участие в мероприятиях, членство и закрытые материалы отдельно.","Плата за чтение публичной страницы не заявлена. Членство, билеты, контакты и условия автоматического сбора проверяются отдельно; в план не включены.","content_read","https://www.kazenergy.com/operation/human-capital/","Официальная страница описывает кадровый потенциал, квалификации, трудовые отношения и анализ потребностей.","2026-10-01","cataloged","not_checked_here","2","true","Сопоставить с существующими сборщиками; проверить разделы, пагинацию, документы и ссылки на новые каналы. Сохранить сырые наблюдения до оценки релевантности.","Сохранен из исходного классификатора v1; проверить дополнительные разделы, каналы и связанные организации.","","","baseline_v1"
"MISB-093","Белорусская торгово-промышленная палата — образовательные мероприятия","https://edu.cci.by/","C09","Зарубежные палаты и бизнес-объединения","Беларусь","P","Семинар для экспортных подразделений и заявленные профессиональные дефициты.","ВЭД, переговоры, право ЕАЭС, управление и коммуникации","Организатор БелТПП → руководители экспорта компаний участников","компетенции | экспорт | интеллектуальная собственность | семинар","Мониторинг открытых HTML-анонсов/новостей 1–2 раза в неделю; извлечение компании, подразделения, темы, даты и ссылки; API/RSS не подтверждены.","Открытые страницы; участие в мероприятиях, членство и закрытые материалы отдельно.","Плата за чтение публичной страницы не заявлена. Членство, билеты, контакты и условия автоматического сбора проверяются отдельно; в план не включены.","search_index","https://edu.cci.by/","Открытая страница программы посвящена компетенциям специалистов и содержит спикеров/условия участия.","2026-10-01","cataloged","not_checked_here","2","true","Сопоставить с существующими сборщиками; проверить разделы, пагинацию, документы и ссылки на новые каналы. Сохранить сырые наблюдения до оценки релевантности.","Сохранен из исходного классификатора v1; проверить дополнительные разделы, каналы и связанные организации.","","","baseline_v1"
"MISB-094","Бизнес-ассоциация JIA","https://jia.kg/","C09","Зарубежные палаты и бизнес-объединения","Кыргызстан","P","Совместные программы развития и мероприятия для предпринимателей-резидентов.","Управление, финансы, продажи B2B, HR, переговоры","Менеджер по работе с резидентами → компания участник/сборная группа","обучение | развитие | бизнес-тур | управление | резиденты","Мониторинг открытых HTML-анонсов/новостей 1–2 раза в неделю; извлечение компании, подразделения, темы, даты и ссылки; API/RSS не подтверждены.","Открытые страницы; участие в мероприятиях, членство и закрытые материалы отдельно.","Плата за чтение публичной страницы не заявлена. Членство, билеты, контакты и условия автоматического сбора проверяются отдельно; в план не включены.","search_index","https://jia.kg/about/","Официальные страницы описывают объединение предпринимателей, бизнес-услуги и обмен опытом.","2026-10-01","cataloged","not_checked_here","2","true","Сопоставить с существующими сборщиками; проверить разделы, пагинацию, документы и ссылки на новые каналы. Сохранить сырые наблюдения до оценки релевантности.","Сохранен из исходного классификатора v1; проверить дополнительные разделы, каналы и связанные организации.","","","baseline_v1"
"MISB-095","Деловая Россия — новости комитетов","https://www.deloros.ru/press-centr/novosti/novosti-komitetov/","C09","ТПП и бизнес-объединения","РФ","I","Встреча по изменениям правил и названные предприятия, обсуждающие конкретные трудности.","Право, инвестиционные проекты, управленческие семинары, ИИ","Председатель отраслевого комитета → директор компании, озвучивший задачу","инвестпроект | преференциальная территория | обучение | практическое применение ИИ","Мониторинг открытых HTML-анонсов/новостей 1–2 раза в неделю; извлечение компании, подразделения, темы, даты и ссылки; API/RSS не подтверждены.","Открытые страницы; участие в мероприятиях, членство и закрытые материалы отдельно.","Плата за чтение публичной страницы не заявлена. Членство, билеты, контакты и условия автоматического сбора проверяются отдельно; в план не включены.","search_index","https://www.deloros.ru/press-centr/novosti/novosti-komitetov/","Лента комитетов содержит инвестпроекты, цифровые права, промкооперацию и встречи по практическому ИИ.","2026-10-01","cataloged","not_checked_here","2","true","Сопоставить с существующими сборщиками; проверить разделы, пагинацию, документы и ссылки на новые каналы. Сохранить сырые наблюдения до оценки релевантности.","Сохранен из исходного классификатора v1; проверить дополнительные разделы, каналы и связанные организации.","","","baseline_v1"
"MISB-096","Мой бизнес Смоленской области — семинары","https://cpp67.ru/seminary/","C09","Центры поддержки МСП","РФ","P","План образовательных мероприятий позволяет предложить модуль, эксперта или совместную программу.","Управление, финансы, учет, налоги, право, HR","Координатор образовательных программ центра → предприятия целевой аудитории","семинар | управленческий | налоги | финансы | руководители","Мониторинг открытых HTML-анонсов/новостей 1–2 раза в неделю; извлечение компании, подразделения, темы, даты и ссылки; API/RSS не подтверждены.","Открытые страницы; участие в мероприятиях, членство и закрытые материалы отдельно.","Плата за чтение публичной страницы не заявлена. Членство, билеты, контакты и условия автоматического сбора проверяются отдельно; в план не включены.","search_index","https://cpp67.ru/seminary/","На странице опубликован календарь семинаров центра Мой бизнес.","2026-10-01","cataloged","not_checked_here","2","true","Сопоставить с существующими сборщиками; проверить разделы, пагинацию, документы и ссылки на новые каналы. Сохранить сырые наблюдения до оценки релевантности.","Сохранен из исходного классификатора v1; проверить дополнительные разделы, каналы и связанные организации.","","","baseline_v1"
"MISB-097","Московская торгово-промышленная палата — календарь","https://mostpp.ru/events/","C09","ТПП и бизнес-объединения","РФ","P","Профильный комитет проводит цикл семинаров по текущей боли компаний.","ГОЗ/раздельный учет, правовая безопасность, HR, ВЭД","Ответственный за мероприятие → комитет/гильдия → компании аудитории","ГОЗ | раздельный учет | кадры | экспортный контроль | риски","Мониторинг открытых HTML-анонсов/новостей 1–2 раза в неделю; извлечение компании, подразделения, темы, даты и ссылки; API/RSS не подтверждены.","Открытые страницы; участие в мероприятиях, членство и закрытые материалы отдельно.","Плата за чтение публичной страницы не заявлена. Членство, билеты, контакты и условия автоматического сбора проверяются отдельно; в план не включены.","search_index","https://mostpp.ru/events/","Календарь содержит темы финансов/учета ГОЗ, экспортного контроля и подбора персонала.","2026-10-01","cataloged","not_checked_here","2","true","Сопоставить с существующими сборщиками; проверить разделы, пагинацию, документы и ссылки на новые каналы. Сохранить сырые наблюдения до оценки релевантности.","Сохранен из исходного классификатора v1; проверить дополнительные разделы, каналы и связанные организации.","","","baseline_v1"
"MISB-098","Национальные чемпионы — комитет кадровой политики","https://www.natchamp.org/about/hr/","C09","Быстрорастущие технологические компании","РФ","P","HR-комитет быстрорастущих компаний формирует практики и клубные встречи.","HR-стратегия, рост управленческой команды, кадровый резерв, корпоративное обучение","Руководитель HR-комитета → HR компаний участников ассоциации","кадровая политика | рост | HR-сообщество | компетенции | клубная встреча","Мониторинг открытых HTML-анонсов/новостей 1–2 раза в неделю; извлечение компании, подразделения, темы, даты и ссылки; API/RSS не подтверждены.","Открытые страницы; участие в мероприятиях, членство и закрытые материалы отдельно.","Плата за чтение публичной страницы не заявлена. Членство, билеты, контакты и условия автоматического сбора проверяются отдельно; в план не включены.","search_index","https://www.natchamp.org/about/hr/","Официальная страница сообщает о создании кадрового комитета и формировании HR-сообщества компаний членов.","2026-10-01","cataloged","not_checked_here","2","true","Сопоставить с существующими сборщиками; проверить разделы, пагинацию, документы и ссылки на новые каналы. Сохранить сырые наблюдения до оценки релевантности.","Сохранен из исходного классификатора v1; проверить дополнительные разделы, каналы и связанные организации.","","","baseline_v1"
"MISB-099","НПП Атамекен — новости и региональные палаты","https://atameken.kz/","C09","Зарубежные палаты и бизнес-объединения","Казахстан","P","Региональные бизнес-вопросы, новые образовательные инициативы, мероприятия отраслевых комитетов.","Управление, HR, финансы, деловые переговоры; локализованные правовые семинары","Региональная палата/образовательный координатор → компания член","повышение квалификации | правовые риски | вебинар | предприниматели","Мониторинг открытых HTML-анонсов/новостей 1–2 раза в неделю; извлечение компании, подразделения, темы, даты и ссылки; API/RSS не подтверждены.","Открытые страницы; участие в мероприятиях, членство и закрытые материалы отдельно.","Плата за чтение публичной страницы не заявлена. Членство, билеты, контакты и условия автоматического сбора проверяются отдельно; в план не включены.","search_index","https://atameken.kz/news/57020-npp-atameken-zapustila-postoyanno-dejstvuyushchuyu-vebinarnuyu-platformu-po-zashchite-prav-biznesa","Официальный сайт публикует новости; подтвержден запуск постоянной вебинарной платформы по защите прав бизнеса.","2026-10-01","cataloged","not_checked_here","2","true","Сопоставить с существующими сборщиками; проверить разделы, пагинацию, документы и ссылки на новые каналы. Сохранить сырые наблюдения до оценки релевантности.","Сохранен из исходного классификатора v1; проверить дополнительные разделы, каналы и связанные организации.","","","baseline_v1"
"MISB-100","ОПОРА РОССИИ — образование и отраслевые комитеты","https://www.opora.ru/obrazovanie/","C09","ТПП и бизнес-объединения","РФ","P","Отраслевой комитет собирает вопросы бизнеса и планирует обучающий цикл.","Налоги, учет, право, HR и управление МСП","Образовательное направление/региональный комитет → руководители МСП","семинар | повышение квалификации | налоговые изменения | предприниматели","Мониторинг открытых HTML-анонсов/новостей 1–2 раза в неделю; извлечение компании, подразделения, темы, даты и ссылки; API/RSS не подтверждены.","Открытые страницы; участие в мероприятиях, членство и закрытые материалы отдельно.","Плата за чтение публичной страницы не заявлена. Членство, билеты, контакты и условия автоматического сбора проверяются отдельно; в план не включены.","search_index","https://www.opora.ru/obrazovanie/","Официальный раздел описывает семинары, вебинары, курсы и повышение квалификации.","2026-10-01","cataloged","not_checked_here","2","true","Сопоставить с существующими сборщиками; проверить разделы, пагинацию, документы и ссылки на новые каналы. Сохранить сырые наблюдения до оценки релевантности.","Сохранен из исходного классификатора v1; проверить дополнительные разделы, каналы и связанные организации.","","","baseline_v1"
"MISB-101","Палата налоговых консультантов","https://www.palata-nk.ru/events/","C09","Налоговые профессиональные сообщества","РФ","P","Темы налоговых споров и запросы практиков позволяют предложить узкие прикладные модули.","Налоговые риски, налоговый контроль, договоры и учет","Организатор Палаты → корпоративные налоговые подразделения/партнерские консультанты","налоговый мониторинг | доказательства | налоговые риски | семинар","Мониторинг открытых HTML-анонсов/новостей 1–2 раза в неделю; извлечение компании, подразделения, темы, даты и ссылки; API/RSS не подтверждены.","Открытые страницы; участие в мероприятиях, членство и закрытые материалы отдельно.","Плата за чтение публичной страницы не заявлена. Членство, билеты, контакты и условия автоматического сбора проверяются отдельно; в план не включены.","search_index","https://www.palata-nk.ru/events/","В открытом календаре есть мероприятия по цифровизации налогового контроля и доказательствам в спорах.","2026-10-01","cataloged","not_checked_here","2","true","Сопоставить с существующими сборщиками; проверить разделы, пагинацию, документы и ссылки на новые каналы. Сохранить сырые наблюдения до оценки релевантности.","Сохранен из исходного классификатора v1; проверить дополнительные разделы, каналы и связанные организации.","","","baseline_v1"
"MISB-102","РСПП — функциональные комитеты","https://rspp.ru/committee/","C09","ТПП и бизнес-объединения","РФ","P","Комитет публикует позицию по новой регуляторной или управленческой проблеме.","Налоги, корпоративное право, финансы, HR, экология, энергетика","Секретариат функционального комитета → профильный директор компании участника","корпоративные отношения | налоговая политика | экология | рынок труда | финансовая политика","Мониторинг открытых HTML-анонсов/новостей 1–2 раза в неделю; извлечение компании, подразделения, темы, даты и ссылки; API/RSS не подтверждены.","Открытые страницы; участие в мероприятиях, членство и закрытые материалы отдельно.","Плата за чтение публичной страницы не заявлена. Членство, билеты, контакты и условия автоматического сбора проверяются отдельно; в план не включены.","search_index","https://rspp.ru/committee/","Официальный список содержит комитеты по налогам, корпоративным отношениям, финансам, энергетике и экологии.","2026-10-01","cataloged","not_checked_here","2","true","Сопоставить с существующими сборщиками; проверить разделы, пагинацию, документы и ссылки на новые каналы. Сохранить сырые наблюдения до оценки релевантности.","Сохранен из исходного классификатора v1; проверить дополнительные разделы, каналы и связанные организации.","","","baseline_v1"
"MISB-103","Рязанский центр экспорта — новости ЦПЭ","https://www.exportcenter62.ru/news/tspe/","C09","Региональные центры поддержки экспорта","РФ","I","Старт экспортного акселератора и упомянутые компании, выходящие на новый рынок. Искать следующий набор или отдельный отбор провайдера; анонс текущей программы может означать, что исполнитель уже выбран.","ВЭД, переговоры, договоры, валютные расчеты, финансы","Куратор акселератора → экспортный директор участника","акселератор | переговоры | платежи | экспортный контракт | логистика","Мониторинг открытых HTML-анонсов/новостей 1–2 раза в неделю; извлечение компании, подразделения, темы, даты и ссылки; API/RSS не подтверждены.","Открытые страницы; участие в мероприятиях, членство и закрытые материалы отдельно.","Плата за чтение публичной страницы не заявлена. Членство, билеты, контакты и условия автоматического сбора проверяются отдельно; в план не включены.","search_index","https://www.exportcenter62.ru/news/tspe/","Лента публикует образовательные модули акселератора и новости экспортных/платежных решений.","2026-10-01","cataloged","not_checked_here","2","true","Сопоставить с существующими сборщиками; проверить разделы, пагинацию, документы и ссылки на новые каналы. Сохранить сырые наблюдения до оценки релевантности.","Сохранен из исходного классификатора v1; проверить дополнительные разделы, каналы и связанные организации.","","","baseline_v1"
"MISB-104","ТПП Кыргызской Республики — раздел Для бизнеса","https://www.cci.kg/news/4.html","C09","Зарубежные палаты и бизнес-объединения","Кыргызстан","P","Анонс программы по управлению и цепям поставок; выход на координатора бизнес-обучения.","Управление цепями поставок, финансы, переговоры, управленческие программы","Департамент цифровизации и бизнес-обучения → руководители предприятий","цепочки поставок | управление бизнесом | семинар | бизнес-обучение","Мониторинг открытых HTML-анонсов/новостей 1–2 раза в неделю; извлечение компании, подразделения, темы, даты и ссылки; API/RSS не подтверждены.","Открытые страницы; участие в мероприятиях, членство и закрытые материалы отдельно.","Плата за чтение публичной страницы не заявлена. Членство, билеты, контакты и условия автоматического сбора проверяются отдельно; в план не включены.","content_read","https://www.cci.kg/news/4.html","Открытый раздел содержит семинар по цепям поставок и управленческий практикум; есть департамент бизнес-обучения.","2026-10-01","cataloged","not_checked_here","2","true","Сопоставить с существующими сборщиками; проверить разделы, пагинацию, документы и ссылки на новые каналы. Сохранить сырые наблюдения до оценки релевантности.","Сохранен из исходного классификатора v1; проверить дополнительные разделы, каналы и связанные организации.","","","baseline_v1"
"MISB-105","ТПП РФ — сеть региональных палат","https://tpprf.ru/ru/about/geography/","C09","ТПП и бизнес-объединения","РФ","R","Выявление региональной палаты и профильного комитета с отраслевыми компаниями.","Региональные корпоративные семинары по праву, финансам, закупкам и HR","Руководитель профильного комитета региональной ТПП → компании членов","комитет | профессиональное образование | закупки | кадры | промышленность","Обновлять справочные записи раз в месяц. Мониторинг открытых HTML-анонсов/новостей после обнаружения изменений; извлечение компании, подразделения, темы, даты и ссылки; API/RSS не подтверждены.","Открытые страницы; участие в мероприятиях, членство и закрытые материалы отдельно.","Плата за чтение публичной страницы не заявлена. Членство, билеты, контакты и условия автоматического сбора проверяются отдельно; в план не включены.","search_index","https://tpprf.ru/ru/about/geography/","Официальная страница дает географию палат; у сети есть комитеты по профессиональному и бизнес-образованию.","2026-10-01","cataloged","not_checked_here","2","true","Сопоставить с существующими сборщиками; проверить разделы, пагинацию, документы и ссылки на новые каналы. Сохранить сырые наблюдения до оценки релевантности.","Сохранен из исходного классификатора v1; проверить дополнительные разделы, каналы и связанные организации.","","","baseline_v1"
"MISB-106","Центр поддержки экспорта Югры","https://export-ugra.ru/news/press/","C09","Региональные центры поддержки экспорта","РФ","P","Отбор компаний в бизнес-миссию или запрос обратной связи по мерам поддержки.","ВЭД, деловые переговоры, договоры, управленческие семинары","Организатор ЦПЭ → HR/экспортный директор компании из делегации","бизнес-миссия | опрос | вебинар | экспорт | компетенции","Мониторинг открытых HTML-анонсов/новостей 1–2 раза в неделю; извлечение компании, подразделения, темы, даты и ссылки; API/RSS не подтверждены.","Открытые страницы; участие в мероприятиях, членство и закрытые материалы отдельно.","Плата за чтение публичной страницы не заявлена. Членство, билеты, контакты и условия автоматического сбора проверяются отдельно; в план не включены.","search_index","https://export-ugra.ru/news/press/","Открытая лента содержит образовательные события, опросы и бизнес-миссии.","2026-10-01","cataloged","not_checked_here","2","true","Сопоставить с существующими сборщиками; проверить разделы, пагинацию, документы и ссылки на новые каналы. Сохранить сырые наблюдения до оценки релевантности.","Сохранен из исходного классификатора v1; проверить дополнительные разделы, каналы и связанные организации.","","","baseline_v1"
"MISB-107","Саммит HR-директоров и HR Club","https://hrsummit.ru/hrclub","C10","Отраслевые конференции и премии","РФ","R","Списки спикеров и проекты корпоративных университетов дают имена и компании для квалификации.","Обучение руководителей; развитие кадрового резерва; электронные курсы","Директор корпоративного университета/обучения из программы → его компания","корпоративный университет | обучение | трансформация | кадровый резерв","Обновлять справочные записи раз в месяц. Мониторинг открытых HTML-анонсов/новостей после обнаружения изменений; извлечение компании, подразделения, темы, даты и ссылки; API/RSS не подтверждены.","Открытые страницы; участие в мероприятиях, членство и закрытые материалы отдельно.","Плата за чтение публичной страницы не заявлена. Членство, билеты, контакты и условия автоматического сбора проверяются отдельно; в план не включены.","search_index","https://hrsummit.ru/hrclub","Страница сообщества перечисляет HR-руководителей, корпоративные университеты и номинации премии по корпоративному обучению.","2026-10-01","cataloged","not_checked_here","2","true","Сопоставить с существующими сборщиками; проверить разделы, пагинацию, документы и ссылки на новые каналы. Сохранить сырые наблюдения до оценки релевантности.","Сохранен из исходного классификатора v1; проверить дополнительные разделы, каналы и связанные организации.","","","baseline_v1"
"MISB-108","Работа России — открытые вакансии по ИНН работодателя","https://trudvsem.ru/","C11","Вакансии и расширение штатных функций","РФ","I","Предприятие набирает экологов, юристов, специалистов МТО, проектный офис или отдел обучения","Экология/недропользование; договорная работа; закупки; управление капстроительством","Начальник профильного подразделения и HR","""обучения""; ""руководитель проекта""; ""закупкам"" + ИНН из целевого списка","Открытый API opendata.trudvsem.ru/api/v1/vacancies; пагинация и обновления; проверить действующий production endpoint","Открытые данные; документация найдена в индексе официального домена, production запрос не тестировался","0 ₽ за публичное чтение; работа сборщика входит в общий бюджет","search_index","https://web-stud-demo01.k8s.trudvsem.ru/opendata/api","Публичная документация Роструда описывает вакансии, поиск по тексту, работодателю и ИНН, изменения записей","2026-10-01","cataloged","not_checked_here","2","true","Сопоставить с существующими сборщиками; проверить разделы, пагинацию, документы и ссылки на новые каналы. Сохранить сырые наблюдения до оценки релевантности.","Сохранен из исходного классификатора v1; проверить дополнительные разделы, каналы и связанные организации.","","","baseline_v1"
"MISB-109","Хабр Карьера — вакансии руководителей обучения и цифровой трансформации","https://career.habr.com/vacancies","C11","Вакансии как описание будущих задач","РФ","I","Корпоративное обучение руководителей, запуск воркшопов и новых цифровых процессов","Обучение руководителей управлению изменениями; деловое применение ИИ; электронные курсы","Руководитель проекта обучения, HR, директор трансформации","""обучение"" AND (""руководителей"" OR ""корпоративное"" OR ""воркшоп"")","Публичный поиск/подписки, затем извлечение текста вакансии; единица — компания + задача","Публичное чтение; API/RSS и разрешение массового сбора не подтверждены","0 ₽ за публичное чтение; работа сборщика входит в общий бюджет","search_index","https://career.habr.com/vacancies/1000167015","Найдена вакансия МегаФона «Руководитель проекта по профессиональному обучению»; пример механизма, актуальность вакансии отдельно","2026-10-01","cataloged","not_checked_here","2","true","Сопоставить с существующими сборщиками; проверить разделы, пагинацию, документы и ссылки на новые каналы. Сохранить сырые наблюдения до оценки релевантности.","Сохранен из исходного классификатора v1; проверить дополнительные разделы, каналы и связанные организации.","","","baseline_v1"
"MISB-110","Enbek — электронная биржа труда Казахстана","https://www.enbek.kz/ru","C11","Вакансии и расширение штатных функций","Казахстан","I","Новые должности обучения, управления проектами и HR на промышленных предприятиях Казахстана","Управленческие программы; проектное управление; электронные курсы","HRD и руководитель соответствующей функции компании РК","""развитие персонала""; ""обучение персонала""; ""управление проектами""","Публичные страницы вакансий по разрешенному режиму; ручной контроль первых выборок","Публичное чтение; API/RSS и разрешение массового сбора не подтверждены","0 ₽ за публичное чтение; работа сборщика входит в общий бюджет","content_read","https://www.enbek.kz/ru","Открыта официальная страница с публичным разделом вакансий и данными работодателей","2026-10-01","cataloged","not_checked_here","2","true","Сопоставить с существующими сборщиками; проверить разделы, пагинацию, документы и ссылки на новые каналы. Сохранить сырые наблюдения до оценки релевантности.","Сохранен из исходного классификатора v1; проверить дополнительные разделы, каналы и связанные организации.","","","baseline_v1"
"MISB-111","SuperJob — вакансии подразделений обучения","https://www.superjob.ru/","C11","Вакансии как описание будущих задач","РФ","I","Набор менеджера по обучению с задачей закупки внешних семинаров или запуска дистанционного обучения","Семинары HR/трудовое право; обучение руководителей; электронные курсы","HRD, директор корпоративного учебного центра","""обучение персонала"" AND (""организация"" OR ""провайдеры"" OR ""план"")","Официальный API вакансий; ключ приложения; фильтр по дате и отрасли; контакты из API не требуются","Регистрация приложения и X-Api-App-Id; персональные контакты имеют отдельные условия","Публичное чтение 0 ₽; доступ приложения и допустимость коммерческого использования уточнить","search_index","https://api.superjob.ru/","Документация содержит поиск /2.0/vacancies/, фильтр даты, ключевых слов и компании","2026-10-01","cataloged","not_checked_here","2","true","Сопоставить с существующими сборщиками; проверить разделы, пагинацию, документы и ссылки на новые каналы. Сохранить сырые наблюдения до оценки релевантности.","Сохранен из исходного классификатора v1; проверить дополнительные разделы, каналы и связанные организации.","","","baseline_v1"
"MISB-112","Газпром — отчет о социальной деятельности группы","https://www.gazprom.ru/sustainability/sustainability-management/reports/","C12","Планы обучения в корпоративных раскрытиях","РФ","I","Новые подходы к дистанционному обучению, образовательным продуктам и компетенциям корпоративных функций","Предметные семинары ТЭК; дистанционные курсы; HR и методология обучения","Функциональный заказчик в обществе группы, HR, Газпром корпоративный институт","""план"" OR ""разработка"" OR ""новые программы"" + обучение руководителей/специалистов","Мониторить архив новых отчетов, затем извлекать будущие программы/тиражирование. Версионная ссылка в основании — пример структуры.","Публичное чтение; API/RSS и разрешение массового сбора не подтверждены","0 ₽ за публичное чтение; работа сборщика входит в общий бюджет","search_index","https://sustainability.gazpromreport.ru/2025/4-gazprom-group-people/personnel-development/","Официальный отчет группы содержит раздел развития персонала и внедрения новых учебно-методических разработок","2026-10-01","cataloged","not_checked_here","2","true","Сопоставить с существующими сборщиками; проверить разделы, пагинацию, документы и ссылки на новые каналы. Сохранить сырые наблюдения до оценки релевантности.","Сохранен из исходного классификатора v1; проверить дополнительные разделы, каналы и связанные организации.","","","baseline_v1"
"MISB-113","Интерфакс — Центр раскрытия корпоративной информации","https://www.e-disclosure.ru/","C12","Корпоративная отчетность и изменения","РФ","I","Новый годовой отчет/существенный факт раскрывает цели кадрового резерва, реорганизацию или создание ОЦО","Управленческий резерв; корпоративное право; трудовое право; финансы/документы","HRD, корпоративный секретарь, CFO, юрдепартамент","""планы"" AND (""обучение"" OR ""кадровый резерв"" OR ""ОЦО"" OR ""реорганизация"")","Список целевых эмитентов; ежемесячная проверка новых файлов; локальное извлечение PDF/ZIP","Публичные документы индексируются; открытие главной вернуло 403, готовый API не подтвержден","0 ₽ за публичное чтение; работа сборщика входит в общий бюджет","search_index","https://www.e-disclosure.ru/portal/files.aspx?id=7985&type=2","В карточках эмитентов есть раздел годовых отчетов с датами размещения и файлами; пример Россети Центр","2026-10-01","cataloged","not_checked_here","2","true","Сопоставить с существующими сборщиками; проверить разделы, пагинацию, документы и ссылки на новые каналы. Сохранить сырые наблюдения до оценки релевантности.","Сохранен из исходного классификатора v1; проверить дополнительные разделы, каналы и связанные организации.","","","baseline_v1"
"MISB-114","Норникель — отчеты об экосистеме обучения и кадровых планах","https://nornickel.com/sustainability/","C12","Планы обучения в корпоративных раскрытиях","РФ","I","В стратегии/отчете названы новые направления подготовки лидеров или функциональных специалистов","Менеджмент; HR; управление проектами; закупки/экология/право","Корпоративный университет, HR, функциональные департаменты","""стратегия обучения"" OR ""непрерывное обучение лидеров"" OR ""планы""","Мониторить актуальный раздел отчетов, переходить к новому году и кадровым планам. Историческая страница 2024 года не является лентой новых заказов.","Публичное чтение; API/RSS и разрешение массового сбора не подтверждены","0 ₽ за публичное чтение; работа сборщика входит в общий бюджет","search_index","https://sr2024.nornickel.ru/ru/human-capital-development/training-programs.html","Официальный отчет 2024 описывает стратегию обучения 2022–2025 и направления развития лидеров Архив содержит отчет 2025 года; мониторить новые отчеты, историческую ссылку использовать только как пример.","2026-10-01","cataloged","not_checked_here","2","true","Сопоставить с существующими сборщиками; проверить разделы, пагинацию, документы и ссылки на новые каналы. Сохранить сырые наблюдения до оценки релевантности.","Сохранен из исходного классификатора v1; проверить дополнительные разделы, каналы и связанные организации.","","","baseline_v1"
"MISB-115","Росатом — публичная отчетность группы и организаций","https://report.rosatom.ru/","C12","Планы обучения в корпоративных раскрытиях","РФ","I","Отчет/новая стратегия называет развитие корпоративных функций, кадрового резерва и будущие компетенции","Управленческий резерв; закупки/финансы/HR; электронные курсы","Корпоративная академия, функциональная школа, HR дочернего общества","""планы"" AND (""корпоративных функций"" OR ""лидеров"" OR ""кадрового резерва"")","Мониторинг новых отчетов и стратегий, включая дочерние организации; извлечение только планов/тем, отличающихся от прошлого периода","Публичное чтение; API/RSS и разрешение массового сбора не подтверждены","0 ₽ за публичное чтение; работа сборщика входит в общий бюджет","search_index","https://report.rosatom.ru/go/rosatom/go_rosatom_2024/app/rosatom_2024_3.pdf","Официальное приложение 2024 описывает обучение корпоративным функциям в отраслевых школах","2026-10-01","cataloged","not_checked_here","2","true","Сопоставить с существующими сборщиками; проверить разделы, пагинацию, документы и ссылки на новые каналы. Сохранить сырые наблюдения до оценки релевантности.","Сохранен из исходного классификатора v1; проверить дополнительные разделы, каналы и связанные организации.","","","baseline_v1"
"MISB-116","Роснефть — кадровые программы и развитие персонала","https://www.rosneft.ru/Development/personnel/staff_development/","C12","Планы обучения в корпоративных раскрытиях","РФ","I","Новая программа развития руководителей/специалистов или расширение охвата удаленных подразделений","Функциональные семинары ТЭК; HR; юристы; капстроительство; электронные курсы","Департамент персонала, HR дочернего общества, корпоративный учебный центр","""специалистов"" AND (""новая программа"" OR ""развитие"" OR ""обучение"")","Новые кадровые пресс-релизы и обновления раздела; привязка к конкретной дочке/функции","Публичное чтение; API/RSS и разрешение массового сбора не подтверждены","0 ₽ за публичное чтение; работа сборщика входит в общий бюджет","search_index","https://www.rosneft.ru/Development/personnel/staff_development/","Официальный раздел описывает систему развития и обучения персонала; новости компании раскрывают новые программы","2026-10-01","cataloged","not_checked_here","2","true","Сопоставить с существующими сборщиками; проверить разделы, пагинацию, документы и ссылки на новые каналы. Сохранить сырые наблюдения до оценки релевантности.","Сохранен из исходного классификатора v1; проверить дополнительные разделы, каналы и связанные организации.","","","baseline_v1"
"MISB-117","Россети — стандарты организации и их обновления","https://www.rosseti.ru/suppliers/technical-policy/organization-standards/","C12","Изменения корпоративных требований","РФ","I","Изменился корпоративный стандарт процессов группы: определить затронутые подразделения и подрядчиков","Закупки/МТО; договорная работа; проектное управление; документационное обеспечение","Владелец процесса группы и руководители подрядчиков","Новая редакция + ""проектирование"" OR ""закупки"" OR ""документация""","Diff реестра стандартов/новых PDF; классификация изменений только по управленческим и правовым темам","Публичное чтение; API/RSS и разрешение массового сбора не подтверждены","0 ₽ за публичное чтение; работа сборщика входит в общий бюджет","search_index","https://www.rosseti.ru/suppliers/technical-policy/organization-standards/","Официальная страница публикует стандарты с датами редакций, включая 2026","2026-10-01","cataloged","not_checked_here","2","true","Сопоставить с существующими сборщиками; проверить разделы, пагинацию, документы и ссылки на новые каналы. Сохранить сырые наблюдения до оценки релевантности.","Сохранен из исходного классификатора v1; проверить дополнительные разделы, каналы и связанные организации.","","","baseline_v1"
"MISB-118","СИБУР — корпоративный университет и публикации программ","https://www.sibur.ru/ru/corporate-university/","C12","Планы обучения в корпоративных раскрытиях","РФ","I","Обновился перечень программ или заявлена новая тема для руководителей/специалистов","Разработка модулей; управление/HR/финансы/закупки; электронный контент","Корпоративный университет, владелец программы, HR предприятия","""эффективность"" OR ""руководителей"" OR ""управление"" + новая дата программы","Diff опубликованных программ и учебных планов; исключить рабочие профессии; сопоставлять изменения с новыми задачами компании","Публичное чтение; API/RSS и разрешение массового сбора не подтверждены","0 ₽ за публичное чтение; работа сборщика входит в общий бюджет","search_index","https://www.sibur.ru/ru/corporate-university/","Официальный сайт содержит учебные программы с датами публикации и сведения о дистанционном обучении","2026-10-01","cataloged","not_checked_here","2","true","Сопоставить с существующими сборщиками; проверить разделы, пагинацию, документы и ссылки на новые каналы. Сохранить сырые наблюдения до оценки релевантности.","Сохранен из исходного классификатора v1; проверить дополнительные разделы, каналы и связанные организации.","","","baseline_v1"
"MISB-119","CNews — новости внедрений и корпоративных трансформаций","https://www.cnews.ru/news","C13","Цифровая трансформация как повод для обучения","РФ","I","Компания объявила миграцию ERP, документооборота, запуск общего центра обслуживания","Управление изменениями; финансовые процессы; КЭДО/архив; обучение руководителей","Директор трансформации, руководитель ОЦО, HRD","""переход"" OR ""внедряет"" OR ""ОЦО"" OR ""корпоративное обучение"" + компания","Новые публикации + первичный пресс-релиз заказчика; исключать новости продуктов без корпоративного заказчика","Публичное чтение; API/RSS и разрешение массового сбора не подтверждены","0 ₽ за публичное чтение; работа сборщика входит в общий бюджет","content_read","https://www.cnews.ru/news","Открыта лента IT-новостей с тематикой ERP, HRM, СЭД и КЭДО","2026-10-01","cataloged","not_checked_here","2","true","Сопоставить с существующими сборщиками; проверить разделы, пагинацию, документы и ссылки на новые каналы. Сохранить сырые наблюдения до оценки релевантности.","Сохранен из исходного классификатора v1; проверить дополнительные разделы, каналы и связанные организации.","","","baseline_v1"
"MISB-120","ELMA365 — истории успеха клиентов","https://elma365.com/ru/success-stories/","C13","Цифровая трансформация как повод для обучения","РФ","I","Перестройка процессов, создание ОЦО, внедрение проектного управления или КЭДО в конкретной компании","Процессное/проектное управление; управленческие навыки; документооборот","Владелец процесса, PMO, HRD","""процесс"" AND (""масштабирование"" OR ""планы"" OR ""ОЦО"")","Новые кейсы по категориям; проверка будущих этапов и цитат руководителей","Публичное чтение; API/RSS и разрешение массового сбора не подтверждены","0 ₽ за публичное чтение; работа сборщика входит в общий бюджет","content_read","https://elma365.com/ru/success-stories/","Открыт официальный раздел историй клиентов; продукты охватывают документооборот, КЭДО и ОЦО","2026-10-01","cataloged","not_checked_here","2","true","Сопоставить с существующими сборщиками; проверить разделы, пагинацию, документы и ссылки на новые каналы. Сохранить сырые наблюдения до оценки релевантности.","Сохранен из исходного классификатора v1; проверить дополнительные разделы, каналы и связанные организации.","","","baseline_v1"
"MISB-121","iSpring — корпоративные кейсы обучения","https://www.ispring.ru/elearning-insights/case-study","C13","Планы развития корпоративного обучения","РФ","I","В кейсе названы компания, руководитель обучения и еще не закрытые темы/этапы обучения","Предметные электронные курсы; обучение внутренних тренеров; управленческие семинары","Руководитель обучения, методолог корпоративного университета","""планируем"" OR ""следующий этап"" OR ""разрабатывать курсы""","Публичные кейсы; искать будущие планы, затем проверять их свежесть на сайте компании","Публичное чтение; API/RSS и разрешение массового сбора не подтверждены","0 ₽ за публичное чтение; работа сборщика входит в общий бюджет","search_index","https://www.ispring.ru/elearning-insights/case-study","Официальный раздел кейсов содержит Smartway, MANGO OFFICE, Горэлектротранс и описания развития обучения","2026-10-01","cataloged","not_checked_here","2","true","Сопоставить с существующими сборщиками; проверить разделы, пагинацию, документы и ссылки на новые каналы. Сохранить сырые наблюдения до оценки релевантности.","Сохранен из исходного классификатора v1; проверить дополнительные разделы, каналы и связанные организации.","","","baseline_v1"
"MISB-122","Mirapolis — кейсы корпоративного обучения в блоге","https://www.mirapolis.ru/blog/","C13","Планы развития корпоративного обучения","РФ","I","Запущена платформа, но объявлено развитие контента, оценка компетенций, стандартизация обучения филиалов","Разработка электронных курсов; обучение руководителей; HR-методология","Руководитель L&D, корпоративного университета","""кейс"" AND (""планы"" OR ""компетенций"" OR ""обучение"")","Публичный блог и кейсы, новые статьи; старые кейсы только для enrichment","Публичное чтение; API/RSS и разрешение массового сбора не подтверждены","0 ₽ за публичное чтение; работа сборщика входит в общий бюджет","search_index","https://www.mirapolis.ru/blog/obuchenie-dlya-prodazh-kak-v-astrale/","Публичный корпоративный кейс ГК Астрал; блог описывает задачи и организацию обучения заказчиков","2026-10-01","cataloged","not_checked_here","2","true","Сопоставить с существующими сборщиками; проверить разделы, пагинацию, документы и ссылки на новые каналы. Сохранить сырые наблюдения до оценки релевантности.","Сохранен из исходного классификатора v1; проверить дополнительные разделы, каналы и связанные организации.","","","baseline_v1"
"MISB-123","Websoft — кейсы и выступления корпоративных заказчиков","https://websoft.ru/","C13","Планы развития корпоративного обучения","РФ","I","Оценка выявила дефицит компетенций или компания расширяет поддерживающее обучение менеджеров","Электронные курсы по функциям; менеджмент; обучение специалистов; методология оценки","Корпоративный университет, руководитель L&D","""поддерживающее обучение"" OR ""карта знаний"" OR ""планы""","Официальные кейсы, события и видеоописания; извлекать незакрытый дефицит и будущий этап","Публичное чтение; API/RSS и разрешение массового сбора не подтверждены","0 ₽ за публичное чтение; работа сборщика входит в общий бюджет","content_read","https://websoft.ru/tpost/bm9kuxpo81-formirovanie-programmi-podderzhivayusche?amp=true","Официальный кейс объясняет построение программы обучения менеджеров АЗС по профилю компетенций","2026-10-01","cataloged","not_checked_here","2","true","Сопоставить с существующими сборщиками; проверить разделы, пагинацию, документы и ссылки на новые каналы. Сохранить сырые наблюдения до оценки релевантности.","Сохранен из исходного классификатора v1; проверить дополнительные разделы, каналы и связанные организации.","","","baseline_v1"
"MISB-124","Ассоциация кластеров, технопарков и ОЭЗ России — АКИТ РФ","https://akitrf.ru/press-center/news_association/","C14","Кластеры, парки и ОЭЗ","РФ","I","Новый резидент, новая площадка, развитие управленческих компетенций холдинга.","Управление проектами, земля, финансы, HR, цифровая трансформация","УК/резидент из новости → HR/директор по развитию","новый резидент | обучение топ-менеджеров | запуск | цифровизация","Мониторинг открытых HTML-анонсов/новостей 1–2 раза в неделю; извлечение компании, подразделения, темы, даты и ссылки; API/RSS не подтверждены.","Открытые страницы; участие в мероприятиях, членство и закрытые материалы отдельно.","Плата за чтение публичной страницы не заявлена. Членство, билеты, контакты и условия автоматического сбора проверяются отдельно; в план не включены.","search_index","https://akitrf.ru/press-center/news_association/top-menedzhery-rusklimata-proshli-vtoroy-modul-v-akademii-tsifrovoy-transformatsii/","В ленте членов есть кейс обучения топ-менеджеров Русклимата и новости резидентов ОЭЗ.","2026-10-01","cataloged","not_checked_here","2","true","Сопоставить с существующими сборщиками; проверить разделы, пагинацию, документы и ссылки на новые каналы. Сохранить сырые наблюдения до оценки релевантности.","Сохранен из исходного классификатора v1; проверить дополнительные разделы, каналы и связанные организации.","","","baseline_v1"
"MISB-125","ВЭБ.РФ — новости финансируемых проектов","https://veb.ru/","C14","Инвестиции и новые производства","РФ","I","Одобренный крупный инфраструктурный или промышленный проект, назван оператор и партнеры","Проектное финансирование для управленцев; капстроительство; закупки; риск-менеджмент","Руководство проектной компании, CFO, директор проекта","""финансирование"" AND (""проект"" OR ""строительство"") + название компании","Новые пресс-релизы ВЭБ с извлечением проектной компании, бюджета и стадии; связывать с первоисточником компании","Публичное чтение; API/RSS и разрешение массового сбора не подтверждены","0 ₽ за публичное чтение; работа сборщика входит в общий бюджет","search_index","https://veb.ru/","На официальной странице публикуются сведения о финансируемых проектах и бюджетах","2026-10-01","cataloged","not_checked_here","2","true","Сопоставить с существующими сборщиками; проверить разделы, пагинацию, документы и ссылки на новые каналы. Сохранить сырые наблюдения до оценки релевантности.","Сохранен из исходного классификатора v1; проверить дополнительные разделы, каналы и связанные организации.","","","baseline_v1"
"MISB-126","Инвестиционный портал Омской области","https://investomsk.ru/","C14","Инвестиции и новые производства","РФ","I","Названный инициатор регионального инвестиционного проекта, модернизация или выход на новый этап","Капстроительство; земля; договорная работа; закупки/МТО; проектные финансы","Проектная компания или действующее предприятие","""инвестиционный проект"" AND (""реализация"" OR ""модернизация"" OR ""строительство"")","Публичные новости/раздел проектов; почтовая подписка при самостоятельном подключении владельцем","Публичное чтение; API/RSS и разрешение массового сбора не подтверждены","0 ₽ за публичное чтение; работа сборщика входит в общий бюджет","search_index","https://investomsk.ru/","Официальный портал содержит инвестиционные проекты, новости и возможность подписки","2026-10-01","cataloged","not_checked_here","2","true","Сопоставить с существующими сборщиками; проверить разделы, пагинацию, документы и ссылки на новые каналы. Сохранить сырые наблюдения до оценки релевантности.","Сохранен из исходного классификатора v1; проверить дополнительные разделы, каналы и связанные организации.","","","baseline_v1"
"MISB-127","Интер РАО — годовая отчетность о персонале и инвестиционных проектах","https://www.interrao.ru/","C14","Планы обучения в корпоративных раскрытиях","РФ","I","Новые проекты/планы развития персонала в отчетности группы или конкретного энергопредприятия","Управление энергетическими проектами; функциональные семинары; кадровый резерв","HR, руководитель функции, инвестиционный блок дочерней компании","""планы"" + ""развитие персонала""; ""инвестиционный проект""","Новые отчеты и корпоративные новости; связывать инвестиционный план и план подготовки команды","Публичное чтение; API/RSS и разрешение массового сбора не подтверждены","0 ₽ за публичное чтение; работа сборщика входит в общий бюджет","search_index","https://www.interrao.ru/upload/iblock/016/s8kmfqddvz73ghloqndfc0x98uar33u5/2_GO_2024.pdf","Официальный годовой отчет за 2024 содержит раздел развития персонала","2026-10-01","cataloged","not_checked_here","2","true","Сопоставить с существующими сборщиками; проверить разделы, пагинацию, документы и ссылки на новые каналы. Сохранить сырые наблюдения до оценки релевантности.","Сохранен из исходного классификатора v1; проверить дополнительные разделы, каналы и связанные организации.","","","baseline_v1"
"MISB-128","КРДВ — резиденты и новости инвестиционных проектов","https://erdc.ru/","C14","Инвестиции и новые производства","РФ","I","Новый резидент ТОР/СПВ/АЗРФ с названной компанией, строительством и сроком запуска","Земля/недра; экология; капстроительство; трудовое право; управление проектом","Руководитель проекта резидента, HR, юристы","""резидент"" AND (""создаст"" OR ""строительство"" OR ""запуск"")","Новости КРДВ и доступные реестры резидентов; изменения статуса сопоставлять с компанией","Публичное чтение; API/RSS и разрешение массового сбора не подтверждены","0 ₽ за публичное чтение; работа сборщика входит в общий бюджет","content_read","https://erdc.ru/about-azrf/","Официальный ресурс раскрывает резидентство, условия реализации проекта и новости новых компаний","2026-10-01","cataloged","not_checked_here","2","true","Сопоставить с существующими сборщиками; проверить разделы, пагинацию, документы и ссылки на новые каналы. Сохранить сырые наблюдения до оценки релевантности.","Сохранен из исходного классификатора v1; проверить дополнительные разделы, каналы и связанные организации.","","","baseline_v1"
"MISB-129","ОЭЗ Алабуга — резиденты со стадиями реализации","https://alabuga.ru/ru/residents/","C14","Инвестиции и новые производства","РФ","I","Карточка резидента меняется с «проектируется» на строительство/действует; появляются менеджеры проекта","Запуск системы HR; капстроительство; договоры; снабжение; управленческие навыки","Руководитель нового предприятия, HRD, директор по строительству","""Проектируется""; ""Строится""; название нового резидента","Снимок карточек резидентов ежемесячно + новости еженедельно; diff стадии и руководства","Публичное чтение; API/RSS и разрешение массового сбора не подтверждены","0 ₽ за публичное чтение; работа сборщика входит в общий бюджет","search_index","https://alabuga.ru/ru/residents/polimeroobrabatyvayushchaya-/","В официальном каталоге есть статусы «Действует» и «Проектируется», названия компаний и специализация","2026-10-01","cataloged","not_checked_here","2","true","Сопоставить с существующими сборщиками; проверить разделы, пагинацию, документы и ссылки на новые каналы. Сохранить сырые наблюдения до оценки релевантности.","Сохранен из исходного классификатора v1; проверить дополнительные разделы, каналы и связанные организации.","","","baseline_v1"
"MISB-130","ОЭЗ Липецк — новости проектов и резидентов","https://www.sezlipetsk.ru/","C14","Инвестиции и новые производства","РФ","I","Проект нового предприятия или расширение мощностей с периодом строительства","Капстроительство; бюджетирование; договорная работа; управленческая подготовка","Директор проекта, финансовый директор, HRD","""начнут строить"" OR ""создадут производство"" OR ""резидент""","Новости ОЭЗ и карточки предприятий, отслеживание новых проектов по дате","Публичное чтение; API/RSS и разрешение массового сбора не подтверждены","0 ₽ за публичное чтение; работа сборщика входит в общий бюджет","search_index","https://www.sezlipetsk.ru/","Официальный домен подтвержден поиском; есть новости резидентов и объявление о строительстве завода кормов","2026-10-01","cataloged","not_checked_here","2","true","Сопоставить с существующими сборщиками; проверить разделы, пагинацию, документы и ссылки на новые каналы. Сохранить сырые наблюдения до оценки релевантности.","Сохранен из исходного классификатора v1; проверить дополнительные разделы, каналы и связанные организации.","","","baseline_v1"
"MISB-131","ОЭЗ Технополис Москва — резиденты и запуски заводов","https://technomoscow.ru/","C14","Инвестиции и новые производства","РФ","I","Подписан новый резидент или объявлено строительство завода с конкретной датой и компанией","HR/трудовое право; проектное управление; закупки; финансы; документы","Руководство резидента, директор проекта, HR","""новый резидент"" OR ""построят"" OR ""запустят производство""","Публичные новости и каталог резидентов; объединять дату запуска и кадровые сигналы","Публичное чтение; API/RSS и разрешение массового сбора не подтверждены","0 ₽ за публичное чтение; работа сборщика входит в общий бюджет","content_read","https://technomoscow.ru/","Открыта страница: разделы резидентов, вакансий, полезных контактов и новости запусков сентября 2026","2026-10-01","cataloged","not_checked_here","2","true","Сопоставить с существующими сборщиками; проверить разделы, пагинацию, документы и ссылки на новые каналы. Сохранить сырые наблюдения до оценки релевантности.","Сохранен из исходного классификатора v1; проверить дополнительные разделы, каналы и связанные организации.","","","baseline_v1"
"MISB-132","Платформа поддержки инфраструктурных проектов — база ГЧП","https://www.pppi.ru/projects/","C14","Инвестиции и новые производства","РФ","I","Новая концессия или инфраструктурный проект с частным партнером и этапами реализации","Концессии/ГЧП; договорная работа; финансовая модель; управление проектом","Частный партнер, проектная компания, орган управления проектом","Статус проекта; концессионер; финансовое закрытие; строительство","Проверка новых публичных страниц 1 раз в неделю; извлечение компании, даты и цитаты о будущем этапе; контроль изменений","Часть базы индексируется; прямое открытие вызвало цикл перенаправлений; объем бесплатных карточек проверить","Использовать только открытые карточки 0 ₽; платные тарифы/выгрузки в базовый бюджет не заложены","search_index","https://www.pppi.ru/projects/","Поисковый индекс показывает публичную базу проектов, включая железнодорожные и портовые проекты","2026-10-01","cataloged","not_checked_here","2","true","Сопоставить с существующим проектом; проверить кабинет/регистрацию и штатные уведомления. Если доступ блокирует работу, зарегистрировать ограничение и запасной маршрут.","Сохранен из исходного классификатора v1; проверить дополнительные разделы, каналы и связанные организации.","","","baseline_v1"
"MISB-133","Сделано у нас — новые предприятия и модернизация","https://sdelanounas.ru/","C14","Отраслевые события с привязкой к компании","РФ","I","Строительство или расширение предприятия в промышленности: появилась новая управленческая/проектная задача","Капстроительство; закупки; управление проектами; подготовка руководителей","Директор предприятия, директор проекта, HR","""строительство"" OR ""новое производство"" OR ""модернизация"" + компания","Публичная лента; каждый сигнал проверять по ссылке на первичный корпоративный источник","Публичное чтение; API/RSS и разрешение массового сбора не подтверждены","0 ₽ за публичное чтение; работа сборщика входит в общий бюджет","content_read","https://sdelanounas.ru/","Открыт публичный ресурс с лентой отраслевых публикаций","2026-10-01","cataloged","not_checked_here","2","true","Сопоставить с существующими сборщиками; проверить разделы, пагинацию, документы и ссылки на новые каналы. Сохранить сырые наблюдения до оценки релевантности.","Сохранен из исходного классификатора v1; проверить дополнительные разделы, каналы и связанные организации.","","","baseline_v1"
"MISB-134","База решений ФАС — мотивировка нарушений закупочной процедуры","https://br.fas.gov.ru/","C15","Регуляторные и организационные события","РФ","I","Решение по конкретному заказчику указывает повторяющуюся процедурную ошибку","Семинар закупочной комиссии по 223-ФЗ/44-ФЗ; антимонопольный комплаенс","Руководитель закупок, юрдепартамент, контрактная служба","ИНН/название + ""признать"" + ""нарушение"" + ""223-ФЗ""","Публичные решения/поиск по целевым ИНН; извлекать итоговое решение и предмет, не только факт жалобы","Публичный индекс; прямое открытие в проверке завершилось тайм-аутом","0 ₽ за публичное чтение; работа сборщика входит в общий бюджет","search_index","https://br.fas.gov.ru/?procedure=43021&type=0","Официальная база индексирует свежие решения/жалобы по заказчикам и законодательству о закупках","2026-10-01","cataloged","not_checked_here","2","true","Сопоставить с существующими сборщиками; проверить разделы, пагинацию, документы и ссылки на новые каналы. Сохранить сырые наблюдения до оценки релевантности.","Сохранен из исходного классификатора v1; проверить дополнительные разделы, каналы и связанные организации.","","","baseline_v1"
"MISB-135","ГИС ЕГРЗ — заключения экспертизы проектной документации","https://egrz.ru/organisation/reestr-advance/latest","C15","Регуляторные и организационные события","РФ","I","Появилось заключение по крупному объекту целевого предприятия — новый этап капстроительства","Управление капитальными проектами; договоры подряда; сметная/инвестиционная работа","Технический заказчик, служба капстроительства, директор проекта","Наименование предприятия + объект + дата включения заключения","Точечный публичный поиск/доступная выгрузка по целевым компаниям; ручная проверка заявителя","Публичный интерфейс динамический; API и допустимость массового получения не подтверждены","0 ₽ за публичное чтение; работа сборщика входит в общий бюджет","search_index","https://egrz.ru/organisation/reestr-advance/latest","Официальный индекс показывает расширенный поиск реестра и фильтр даты включения","2026-10-01","cataloged","not_checked_here","2","true","Сопоставить с существующим проектом; проверить кабинет/регистрацию и штатные уведомления. Если доступ блокирует работу, зарегистрировать ограничение и запасной маршрут.","Сохранен из исходного классификатора v1; проверить дополнительные разделы, каналы и связанные организации.","","","baseline_v1"
"MISB-136","ЕРКНМ / ЕРП — планы контрольных мероприятий","https://proverki.gov.ru/portal/public-search","C15","Регуляторные и организационные события","РФ","I","У целевой компании назначено мероприятие по профильной сфере с будущей датой","Трудовое право; кадровый учет; экология; обязательные требования для руководителей","Начальник HR/экологии/юридической службы","ИНН компании + орган контроля + дата планового мероприятия","Официальные открытые данные планов + поиск по ИНН; дата проверки как событие, не диагноз","Открытый поиск/скачивание, конкретный формат выгрузки и поля проверить при подключении","0 ₽ за публичное чтение; работа сборщика входит в общий бюджет","search_index","https://proverki.gov.ru/portal/public-open-data/check/2026/plans?isFederalLaw248=false","Официальная страница открытых данных содержит паспорт и скачивание планов 2026; актуальный публичный адрес proverki.gov.ru","2026-10-01","cataloged","not_checked_here","2","true","Сопоставить с существующими сборщиками; проверить разделы, пагинацию, документы и ссылки на новые каналы. Сохранить сырые наблюдения до оценки релевантности.","Сохранен из исходного классификатора v1; проверить дополнительные разделы, каналы и связанные организации.","","","baseline_v1"
"MISB-137","Роснедра — итоги предоставления участков недр","https://rosnedra.gov.ru/activity/auktsiony-i-konkursy/","C15","Регуляторные и организационные события","РФ","I","Установлен победитель аукциона на участок недр: будущая работа с лицензией, землей и экологией","Недропользование; земельные отношения; экология; договорная работа","Юристы/служба недропользования победителя, руководитель нового проекта","""итоги"" OR ""победитель"" OR ""утвердить результаты"" + компания","Новые итоговые протоколы и приказы, не объявления о продаже лицензий; извлечь победителя и стадию","Публичное чтение; API/RSS и разрешение массового сбора не подтверждены","0 ₽ за публичное чтение; работа сборщика входит в общий бюджет","search_index","https://rosnedra.gov.ru/activity/auktsiony-i-konkursy/prikaz_ot_28_03_2014_33_ob_utverzhdenii_rezultatov_auktsiona_na_poluchenie_prava_polzovaniya_nedrami/","Публичный раздел содержит приказы об итогах аукционов; приведенная ссылка — подтверждение типа документа, не текущий лид","2026-10-01","cataloged","not_checked_here","2","true","Сопоставить с существующими сборщиками; проверить разделы, пагинацию, документы и ссылки на новые каналы. Сохранить сырые наблюдения до оценки релевантности.","Сохранен из исходного классификатора v1; проверить дополнительные разделы, каналы и связанные организации.","","","baseline_v1"
"MISB-138","Росприроднадзор — публичные материалы экологических обсуждений","https://rpn.gov.ru/","C15","Регуляторные и организационные события","РФ","I","Подготовка нового промышленного проекта/рекультивации: опубликованы заказчик, ИНН, сроки и документы","Экологическое право; ОВОС; взаимодействие с надзором; проектное управление","Экологическая служба заказчика проекта, директор по строительству","""общественные обсуждения"" + (""заказчик"" OR ""ИНН"") + ""строительство""","Региональные публичные разделы; новая дата обсуждений + ИНН; архивные записи не выдавать за свежие","Публичное чтение; API/RSS и разрешение массового сбора не подтверждены","0 ₽ за публичное чтение; работа сборщика входит в общий бюджет","search_index","https://rpn.gov.ru/regions/52/public/061220222039445-5823927.html","Официальная карточка содержит данные заказчика и материалы общественных обсуждений","2026-10-01","cataloged","not_checked_here","2","true","Сопоставить с существующими сборщиками; проверить разделы, пагинацию, документы и ссылки на новые каналы. Сохранить сырые наблюдения до оценки релевантности.","Сохранен из исходного классификатора v1; проверить дополнительные разделы, каналы и связанные организации.","","","baseline_v1"
"MISB-139","Федресурс — реорганизация и существенные корпоративные события","https://fedresurs.ru/","C15","Регуляторные и организационные события","РФ","I","Присоединение/выделение компании: потребность в согласовании кадровых, учетных и документальных процедур","Корпоративное право; кадровое делопроизводство; учет при реорганизации","Юрдепартамент, CFO, HRD компаний-участников","Тип сообщения «Реорганизация юридического лица» + ИНН","Точечные проверки целевого списка/легальная подписка; массовый API без подтвержденных условий не планировать","Публичные сообщения; инструмент прямого чтения получил 401, условия машинного доступа требуют проверки","Публичное чтение 0 ₽; платные сервисы доставки не заложены","search_index","https://download.fedresurs.ru/HELP/2.%20SFACTS/3.%20USER_MANUAL/3.1%20MESSAGE_TYPES/Message_types_1.4.pdf","Официальное руководство описывает сообщение о реорганизации и компании-участники","2026-10-01","cataloged","not_checked_here","2","true","Сопоставить с существующим проектом; проверить кабинет/регистрацию и штатные уведомления. Если доступ блокирует работу, зарегистрировать ограничение и запасной маршрут.","Сохранен из исходного классификатора v1; проверить дополнительные разделы, каналы и связанные организации.","","","baseline_v1"
"MISB-140","Контур.Закупки: агрегатор","https://zakupki.kontur.ru/","C03","Агрегаторы и API","РФ","D","Поиск корпоративных/государственных закупок и анализ заказчиков","Корпоративные семинары, ДПО, электронные курсы, деловые конференции","HR/L&D, закупки, финансовая, юридическая и техническая дирекция","(обучение OR семинар OR тренинг OR повышение квалификации OR вебинар OR электронный курс OR стратегическая сессия) + тема/роль; исключения проверять по лотам","Штатные уведомления и разрешенный экспорт; условия API уточнить до интеграции","Публичные карточки ограничены; расширенный доступ по подписке","Тариф и цена API не подтверждены; альтернативный агрегатор, в базовый бюджет не включать","search_index","https://zakupki.kontur.ru/","Официальная страница заявляет 440+ площадок, командную работу и интеграцию в CRM","2026-10-01","cataloged","not_checked_here","3","true","Сопоставить с существующими сборщиками; проверить разделы, пагинацию, документы и ссылки на новые каналы. Сохранить сырые наблюдения до оценки релевантности.","Сохранен из исходного классификатора v1; проверить дополнительные разделы, каналы и связанные организации.","","","baseline_v1"
"MISB-141","АВОК — диалог специалистов","https://forum.abok.ru/","C04","Нишевые профессиональные сообщества","РФ; русскоязычные компании","I","Инженер/проектировщик обсуждает нормативные и организационные сложности проекта","Нормативы строительства, энергосбережение, управление проектами","Главный инженер, ГИП, технический заказчик","нормативы | энергоэффективность | проектирование | обучение | документация","Мониторинг новых публичных страниц по ключевым словам; после проверки условий площадки и теста доступности. API/RSS не подтверждены. Доступ к стене/обсуждениям/комментариям отдельно не подтвержден; проверить разрешенный интерфейс платформы.","Открытые страницы; ответ после регистрации","0 ₽ за просмотр; платные опции не включены в бюджет","search_index","https://forum.abok.ru/lofiversion/index.php/","Проверены разделы по инженерным системам, энергоэффективности и профессиональному общению.","2026-10-01","cataloged","not_checked_here","3","true","Сопоставить с существующими сборщиками; проверить разделы, пагинацию, документы и ссылки на новые каналы. Сохранить сырые наблюдения до оценки релевантности.","Сохранен из исходного классификатора v1; проверить дополнительные разделы, каналы и связанные организации.","","","baseline_v1"
"MISB-142","Спикеры России","https://xn--e1afbahzdlaeha0k.xn--p1ai/","C04","Спикерские платформы","РФ; русскоязычные компании","P","Организаторы оставляют запрос, платформа подбирает подходящего эксперта","Бизнес-лекции, отраслевые семинары, обучение руководителей","Организатор форума, корпоративный event-менеджер","корпоративный | управление | право | HR | обучение","Сначала проверить условия регистрации/партнерства и доступ МИСБ. После подключения использовать штатные уведомления или ручной импорт в CRM. Публичная автоматическая лента заказов не подтверждена.","Открытые страницы; ответ после регистрации","Условия включения в платформу запросить; не заложено в базовый бюджет","search_index","https://xn--e1afbahzdlaeha0k.xn--p1ai/","Официальная страница описывает подачу запросов организаторами и получение экспертами релевантных запросов.","2026-10-01","cataloged","not_checked_here","3","true","Сопоставить с существующим проектом; проверить кабинет/регистрацию и штатные уведомления. Если доступ блокирует работу, зарегистрировать ограничение и запасной маршрут.","Сохранен из исходного классификатора v1; проверить дополнительные разделы, каналы и связанные организации.","","","baseline_v1"
"MISB-143","Deadline.Media — запросы на экспертов и выступления","https://deadline.media/","C04","Партнёрские и экспертные запросы","РФ; русскоязычные компании","P","Ищут эксперта для комментария, эфира, вебинара или семинара","Экспертные лекции по профилю МИСБ; деловые выступления","Редактор, PR-менеджер, организатор мероприятия","спикер | вебинар | семинар | налоги | управление","Мониторинг новых публичных страниц по ключевым словам; после проверки условий площадки и теста доступности. API/RSS не подтверждены.","Открытые страницы; ответ после регистрации","На открытой странице объявлено бесплатно; актуальность условий уточнить","search_index","https://deadline.media/index.php","Сайт перечисляет запросы на комментарии и отдельное направление «Спикеры на выступления: вебинары, конференции, семинары»; есть Telegram-рассылка DeadlineMedia.","2026-10-01","cataloged","not_checked_here","3","true","Сопоставить с существующими сборщиками; проверить разделы, пагинацию, документы и ссылки на новые каналы. Сохранить сырые наблюдения до оценки релевантности.","Сохранен из исходного классификатора v1; проверить дополнительные разделы, каналы и связанные организации.","","","baseline_v1"
"MISB-144","Kwork — обучение и консалтинг","https://kwork.ru/categories/training-consulting","C04","Входящие заказы через витрину услуг","РФ; русскоязычные компании","R","Покупатель выбирает готовую услугу обучения и присылает бриф","Управленческие микроформаты, вебинары, разработка материалов","МСП, предприниматель","обучение руководителей | корпоративный тренинг | разработка онлайн-курса","Обновлять справочные записи раз в месяц. Сначала проверить условия регистрации/партнерства и доступ МИСБ. После подключения использовать штатные уведомления или ручной импорт в CRM. Публичная автоматическая лента заказов не подтверждена.","Открытые страницы; ответ после регистрации","Условия публикации и комиссия по действующему тарифу; отдельная подписка не заложена","search_index","https://kwork.ru/training-consulting/33377810/biznes-spiker-trening-vystuplenie-master-klass-obuchenie-upravleniyu","Подтверждена категория и карточка обучения управлению для топ-менеджеров.","2026-10-01","cataloged","not_checked_here","3","true","Сопоставить с существующим проектом; проверить кабинет/регистрацию и штатные уведомления. Если доступ блокирует работу, зарегистрировать ограничение и запасной маршрут.","Сохранен из исходного классификатора v1; проверить дополнительные разделы, каналы и связанные организации.","","","baseline_v1"
"MISB-145","Status Speaker — платформа спикеров","https://status-speaker.ru/","C04","Спикерские платформы","РФ; русскоязычные компании","P","Заявлен поиск выступлений и ответы на запросы организаторов","Деловые выступления и корпоративные лекции","Организатор мероприятия/спикерское агентство","корпоративный | HR | финансы | обучение | запрос","Сначала проверить условия регистрации/партнерства и доступ МИСБ. После подключения использовать штатные уведомления или ручной импорт в CRM. Публичная автоматическая лента заказов не подтверждена.","Открытые страницы; ответ после регистрации","Не подтверждено; не оплачивать до проверки","candidate","https://status-speaker.ru/","Поисковая выдача официальной страницы описывает профили экспертов, ответы на запросы и договорённости; полное содержимое браузерный загрузчик не извлёк.","2026-10-01","candidate","not_checked_here","3","true","Проверить действующий официальный адрес и происхождение. Сохранить кандидат даже при ошибке или отсутствии активных запросов.","Сохранен из исходного классификатора v1; проверить дополнительные разделы, каналы и связанные организации.","","","baseline_v1"
"MISB-146","YouDo — задания по обучению","https://youdo.com/tasks-all","C04","Маркетплейсы услуг","РФ; русскоязычные компании","D","Заказчик публикует конкретное задание на тренинг","Короткие тренинги, учебные материалы, деловые коммуникации","МСП, руководитель команды","тренинг переговоры | тренер по продажам | обучение персонала","Мониторинг новых публичных страниц по ключевым словам; после проверки условий площадки и теста доступности. API/RSS не подтверждены.","Открытые страницы; ответ после регистрации","Публичное чтение 0 ₽; платные отклики/пакеты уточнить, тест только в общем лимите","search_index","https://youdo.com/u4898846","В истории исполнителя есть выполненное задание на тренинг успешных переговоров/заинтересованности клиента.","2026-10-01","cataloged","not_checked_here","3","true","Сопоставить с существующими сборщиками; проверить разделы, пагинацию, документы и ссылки на новые каналы. Сохранить сырые наблюдения до оценки релевантности.","Сохранен из исходного классификатора v1; проверить дополнительные разделы, каналы и связанные организации.","","","baseline_v1"
"MISB-147","Вакансии в образовании — EduJobs","https://t.me/s/edujobs","C05","Вакансии как сигнал проектов обучения","РФ; русскоязычные компании","I","Новый образовательный продукт или нехватка методических/преподавательских ресурсов","Методология, программы ДПО, электронные курсы","Бизнес-школа, учебный центр, корпоративный университет","ДПО | корпоративное | методист | проектная занятость | взрослые","Публичная веб-лента там, где доступна; иначе разрешённый экспорт участником/пересылка менеджером в приёмный бот. Бот не получает произвольную историю чужих чатов.","Публичный Telegram; для чатов вступление по правилам администратора","0 ₽ за чтение открытого канала","content_read","https://t.me/s/edujobs","Проверена действующая лента сентября 2026; в том числе вакансии в направлении дополнительного образования бизнес-школы ВШЭ.","2026-10-01","cataloged","not_checked_here","3","true","Сопоставить с существующими сборщиками; проверить разделы, пагинацию, документы и ссылки на новые каналы. Сохранить сырые наблюдения до оценки релевантности.","Сохранен из исходного классификатора v1; проверить дополнительные разделы, каналы и связанные организации.","","","baseline_v1"
"MISB-148","Вакансии и резюме HR-специалистов","https://t.me/jobs_vacancy_cv","C05","Вакансии как сигнал проектов обучения","РФ; русскоязычные компании","I","Найм корпоративного бизнес-тренера показывает потребность в развитии","Обучение HR и руководителей, программы развития","HRD, HRBP","бизнес-тренер | обучение | проект | кадровый резерв","Публичная веб-лента там, где доступна; иначе разрешённый экспорт участником/пересылка менеджером в приёмный бот. Бот не получает произвольную историю чужих чатов.","Публичный Telegram; для чатов вступление по правилам администратора","0 ₽ за чтение открытого канала","search_index","https://telegram.me/s/jobs_vacancy_cv?before=1973&q=%23%D0%B1%D0%B8%D0%B7%D0%BD%D0%B5%D1%81_%D1%82%D1%80%D0%B5%D0%BD%D0%B5%D1%80","Поиск обнаружил вакансию бизнес-тренера компании в банковском страховании.","2026-10-01","cataloged","not_checked_here","3","true","Сопоставить с существующими сборщиками; проверить разделы, пагинацию, документы и ссылки на новые каналы. Сохранить сырые наблюдения до оценки релевантности.","Сохранен из исходного классификатора v1; проверить дополнительные разделы, каналы и связанные организации.","","","baseline_v1"
"MISB-149","Кто взял кликер — корпоративное обучение","https://t.me/s/corp_edu","C05","Нишевые обсуждения L&D","РФ; русскоязычные компании","I","Вопросы практиков о текущем проекте и выборе подхода к обучению","Корпоративные программы, управленческие навыки, электронные курсы","Специалист/руководитель L&D","текущий проект | нужна программа | внедрение обучения | вопрос | партнер","Публичная веб-лента там, где доступна; иначе разрешённый экспорт участником/пересылка менеджером в приёмный бот. Бот не получает произвольную историю чужих чатов.","Публичный Telegram; для чатов вступление по правилам администратора","0 ₽ за чтение открытого канала","content_read","https://t.me/s/corp_edu","Проверена рубрика вопросов о рабочих проектах; также публикуются кейсы корпоративного обучения и приглашения обсудить запрос.","2026-10-01","cataloged","not_checked_here","3","true","Сопоставить с существующими сборщиками; проверить разделы, пагинацию, документы и ссылки на новые каналы. Сохранить сырые наблюдения до оценки релевантности.","Сохранен из исходного классификатора v1; проверить дополнительные разделы, каналы и связанные организации.","","","baseline_v1"
"MISB-150","ЗАКОНИЯ — юридический форум","https://forum.zakonia.ru/","C06","Профессиональные вопросы и боли","РФ; русскоязычные компании","I","Практические вопросы договоров, финансового права и кадрового дела","Корпоративное/договорное/трудовое право, налоги","Корпоративный юрист, кадровик, бухгалтер","корпоративное | договор поставки | финансовое право | кадровое делопроизводство","Мониторинг новых публичных страниц по ключевым словам; после проверки условий площадки и теста доступности. API/RSS не подтверждены.","Открытые страницы; ответ после регистрации","0 ₽ за просмотр; платные опции не включены в бюджет","search_index","https://forum.zakonia.ru/","Официальная структура содержит кадровое делопроизводство и финансовое право с вопросами по налогам, отчётности и проверкам.","2026-10-01","cataloged","not_checked_here","3","true","Сопоставить с существующими сборщиками; проверить разделы, пагинацию, документы и ссылки на новые каналы. Сохранить сырые наблюдения до оценки релевантности.","Сохранен из исходного классификатора v1; проверить дополнительные разделы, каналы и связанные организации.","","","baseline_v1"
"MISB-151","Кадровик-инфо","https://kadrovik-info.ru/","C06","Профессиональные вопросы и боли","РФ; русскоязычные компании","I","Кадровик задаёт вопрос о сложном кадровом процессе","Трудовое право, кадровое делопроизводство, работа с персоналом","Специалист/начальник отдела кадров","вахтовый метод | СУРВ | междусменный отдых | кадровые документы","Мониторинг новых публичных страниц по ключевым словам; после проверки условий площадки и теста доступности. API/RSS не подтверждены.","Открытые страницы; ответ после регистрации","0 ₽ за просмотр; платные опции не включены в бюджет","search_index","https://kadrovik-info.ru/","Профиль форума — кадровые документы и работа с персоналом; в индексируемой ленте вопросы о СУРВ и вахтовом методе.","2026-10-01","cataloged","not_checked_here","3","true","Сопоставить с существующими сборщиками; проверить разделы, пагинацию, документы и ссылки на новые каналы. Сохранить сырые наблюдения до оценки релевантности.","Сохранен из исходного классификатора v1; проверить дополнительные разделы, каналы и связанные организации.","","","baseline_v1"
"MISB-152","Тендеры.ру — форум специалистов по закупкам","https://www.tendery.ru/forum/","C06","Профессиональные вопросы и боли","РФ; русскоязычные компании","I","Закупщик ищет разъяснение или обучение организации закупок","44-ФЗ, 223-ФЗ, коммерческие закупки, работа контрактной службы","Закупщик, контрактный управляющий","обучение организации закупок | 223-ФЗ | 44-ФЗ | корпоративные закупки","Мониторинг новых публичных страниц по ключевым словам; после проверки условий площадки и теста доступности. API/RSS не подтверждены.","Открытые страницы; ответ после регистрации","0 ₽ за просмотр; платные опции не включены в бюджет","search_index","https://www.tendery.ru/forum/index.php?sid=600d0256cb028677b450e4a4c2f8cb33","Подтверждены подфорумы по финансовым вопросам закупок и раздел «Обучение организации закупок: что, где, как».","2026-10-01","cataloged","not_checked_here","3","true","Сопоставить с существующими сборщиками; проверить разделы, пагинацию, документы и ссылки на новые каналы. Сохранить сырые наблюдения до оценки релевантности.","Сохранен из исходного классификатора v1; проверить дополнительные разделы, каналы и связанные организации.","","","baseline_v1"
"MISB-153","ФорумЮристов.ру","https://forumyuristov.ru/","C06","Профессиональные вопросы и боли","РФ; русскоязычные компании","I","Бизнес ищет разъяснение по корпоративным процедурам и закупкам","Корпоративное право, договорная работа, 44-ФЗ","Юрист/собственник компании","реорганизация | корпоративное право | 44-ФЗ | договор | юридический отдел","Мониторинг новых публичных страниц по ключевым словам; после проверки условий площадки и теста доступности. API/RSS не подтверждены.","Открытые страницы; ответ после регистрации","0 ₽ за просмотр; платные опции не включены в бюджет","search_index","https://forumyuristov.ru/","На форуме есть раздел корпоративного права и вопросы аккредитации для закупок.","2026-10-01","cataloged","not_checked_here","3","true","Сопоставить с существующими сборщиками; проверить разделы, пагинацию, документы и ссылки на новые каналы. Сохранить сырые наблюдения до оценки релевантности.","Сохранен из исходного классификатора v1; проверить дополнительные разделы, каналы и связанные организации.","","","baseline_v1"
"MISB-154","DWG.RU — форум проектировщиков","https://forum.dwg.ru/","C06","Нишевые профессиональные сообщества","РФ; русскоязычные компании","I","Сложности организации проектирования, документации и работы ПТО","Организация строительства, управление проектами, договорные вопросы","ГИП, руководитель проектной/строительной компании","организация проектирования | ПТО | документация | повышение квалификации","Мониторинг новых публичных страниц по ключевым словам; после проверки условий площадки и теста доступности. API/RSS не подтверждены.","Открытые страницы; ответ после регистрации","0 ₽ за просмотр; платные опции не включены в бюджет","content_read","https://forum.dwg.ru/","Проверены действующие разделы по организации проектирования, строительству и поиску исполнителей; свежие сообщения сентября 2026.","2026-10-01","cataloged","not_checked_here","3","true","Сопоставить с существующими сборщиками; проверить разделы, пагинацию, документы и ссылки на новые каналы. Сохранить сырые наблюдения до оценки релевантности.","Сохранен из исходного классификатора v1; проверить дополнительные разделы, каналы и связанные организации.","","","baseline_v1"
"MISB-155","HR-Portal — форум","https://hr-portal.ru/forum","C06","Профессиональные вопросы и боли","РФ; русскоязычные компании","I","HR обсуждает выбор обучения, организацию L&D, HR-аналитику","HR-аналитика, обучение HR, система обучения руководителей","HR-менеджер компании","посоветуйте курс | нужна программа | обучение HR | дистанционное обучение","Мониторинг новых публичных страниц по ключевым словам; после проверки условий площадки и теста доступности. API/RSS не подтверждены.","Открытые страницы; ответ после регистрации","0 ₽ за просмотр; платные опции не включены в бюджет","search_index","https://hr-portal.ru/forum/obuchenie-hr-analitika","Есть вопрос участника о выборе курса HR-аналитики; на форуме разделы по управлению и обучению персонала.","2026-10-01","cataloged","not_checked_here","3","true","Сопоставить с существующими сборщиками; проверить разделы, пагинацию, документы и ссылки на новые каналы. Сохранить сырые наблюдения до оценки релевантности.","Сохранен из исходного классификатора v1; проверить дополнительные разделы, каналы и связанные организации.","","","baseline_v1"
"MISB-156","Pressfeed — запросы журналистов и экспертов","https://pressfeed.ru/","C06","Партнёрские и экспертные запросы","РФ; русскоязычные компании","P","Журналист/редактор ищет прикладного эксперта по теме бизнеса","Экспертные вебинары, демонстрационные материалы, приглашения в программы","Редактор профильного СМИ; далее аудитория специалистов","налоги | трудовое право | закупки | HR | корпоративное обучение","Мониторинг новых публичных страниц по ключевым словам; после проверки условий площадки и теста доступности. API/RSS не подтверждены.","Открытые страницы; ответ после регистрации","Бесплатный базовый доступ с ограничениями; платный тариф в базовый бюджет не включать","search_index","https://pressfeed.ru/","Официальный сервис соединяет редакции с экспертами; доступен бесплатный старт. Это запрос на экспертизу, не автоматически оплачиваемое обучение.","2026-10-01","cataloged","not_checked_here","3","true","Сопоставить с существующими сборщиками; проверить разделы, пагинацию, документы и ссылки на новые каналы. Сохранить сырые наблюдения до оценки релевантности.","Сохранен из исходного классификатора v1; проверить дополнительные разделы, каналы и связанные организации.","","","baseline_v1"
"MISB-157","Инвестиционная карта России","https://invest.gov.ru/","C14","Реестры для обогащения лидов","РФ","R","Карточки инвестиционных площадок и региональная инфраструктура: определить будущую географию и операторов","Региональные программы для руководителей; земля и инвестиционное проектирование","Оператор площадки/инвестагентство; инвестор только после установления компании","Промышленная площадка; инфраструктура; регион; известный инвестор","Обновлять справочные записи раз в месяц. Ручная выборка нужных территорий; подключать выгрузку только если оператор ее предоставляет","Картографический интерфейс; API и массовая выгрузка не подтверждены","0 ₽ за публичное чтение; работа сборщика входит в общий бюджет","search_index","https://economy.alania.gov.ru/news/4296","Официальное региональное министерство подтверждает назначение invest.gov.ru как карты площадок; прямая страница вернула 403","2026-10-01","cataloged","not_checked_here","3","true","Сопоставить с существующим проектом; проверить кабинет/регистрацию и штатные уведомления. Если доступ блокирует работу, зарегистрировать ограничение и запасной маршрут.","Сохранен из исходного классификатора v1; проверить дополнительные разделы, каналы и связанные организации.","","","baseline_v1"
"MISB-158","Картотека арбитражных дел / Электронный страж","https://kad.arbitr.ru/","C15","Регуляторные и организационные события","РФ","I","Повторяемые споры по подряду, поставкам или договорным процедурам у целевой компании","Договорная/претензионная работа; управление рисками поставок и строительства","Юрдепартамент, закупки, руководитель капстроительства","ИНН/название + предмет спора + итоговый судебный акт","Точечный мониторинг компаний через официальный интерфейс/Электронный страж; автоматический массовый парсинг не заявлен","Публичная картотека; подписки могут требовать вход; массовый API не подтвержден","0 ₽ за публичное чтение; работа сборщика входит в общий бюджет","content_read","https://kad.arbitr.ru/","Открыта картотека с поиском по участнику, дате регистрации, типу дела и ссылкой на Электронный страж","2026-10-01","cataloged","not_checked_here","3","true","Сопоставить с существующим проектом; проверить кабинет/регистрацию и штатные уведомления. Если доступ блокирует работу, зарегистрировать ограничение и запасной маршрут.","Сохранен из исходного классификатора v1; проверить дополнительные разделы, каналы и связанные организации.","","","baseline_v1"
"MISB-159","ФНС — ГИР БО (бухгалтерская отчетность)","https://bo.nalog.gov.ru/","C16","Реестры для обогащения лидов","РФ","R","Оценить масштаб и платежеспособность уже найденного предприятия по отчетности","Выбор формата и масштаба корпоративной программы; финансовые темы только при втором сигнале","Финансовый директор/руководитель, уже установленный из другого источника","ИНН компании; выручка; динамика; аудиторское заключение","Обновлять справочные записи раз в месяц. Точечное чтение/скачивание отчетности; обновление при новом отчетном периоде","Публичное чтение; платный сервис массового предоставления — отдельный продукт","0 ₽ при точечном публичном чтении; массовую платную подписку не включать","search_index","https://bo.nalog.gov.ru/about","Официальная страница описывает государственный ресурс бухгалтерской отчетности и аудиторских заключений","2026-10-01","cataloged","not_checked_here","3","true","Сопоставить с существующим проектом; проверить кабинет/регистрацию и штатные уведомления. Если доступ блокирует работу, зарегистрировать ограничение и запасной маршрут.","Сохранен из исходного классификатора v1; проверить дополнительные разделы, каналы и связанные организации.","","","baseline_v1"
"MISB-160","Газпром нефть — единый закупочный портал группы","https://zakupki.gazprom-neft.ru/","C02","Корпоративные закупочные каналы","РФ","D","Конкурентные отборы и запросы по развитию персонала группы","Корпоративное обучение руководителей и специалистов; ДПО; электронные курсы; деловые мероприятия","HR/L&D, корпоративный университет, закупки, функциональные дирекции","обучение OR повышение квалификации OR развитие персонала OR семинар OR тренинг OR вебинар OR электронный курс OR видеокурс OR стратегическая сессия OR фасилитация OR наставничество","Открытая витрина и связанные карточки/вложения; сначала проверить способы выгрузки и уведомления. API/RSS не подтверждены; автоматический адаптер не испытан.","Открытая информация; участие/часть документов могут требовать регистрацию и квалификацию","Публичный просмотр без плановой покупки подписки; стоимость участия и интеграции уточнять, покупку не включать автоматически","search_index","https://zakupki.gazprom-neft.ru/","Проверка 01.10.2026: Поисковая выдача официального домена подтверждает назначение; прямое чтение завершилось тайм-аутом.","2026-10-01","cataloged","not_checked_here","1","true","Проверить витрину в разрешённом браузере, подписки по категориям, список обществ и полные документы; связать с ЭТП ГПБ.","Расширение исходных 159: поиск официального канала и переходы из закупочной/корпоративной страницы","Газпром нефть; ЭТП ГПБ","related_channel","added_v2"
"MISB-161","Т Плюс — закупочная секция и профессиональные обсуждения ТЗ","https://www.roseltorg.ru/personal/t_plus","C02","Корпоративные закупочные каналы","РФ","D","Текущие закупки и ранние обсуждения технических требований до объявления закупки","Корпоративное обучение руководителей и специалистов; ДПО; электронные курсы; деловые мероприятия","HR/L&D, корпоративный университет, закупки, функциональные дирекции","обучение OR повышение квалификации OR развитие персонала OR семинар OR тренинг OR вебинар OR электронный курс OR видеокурс OR стратегическая сессия OR фасилитация OR наставничество","Открытая витрина и связанные карточки/вложения; сначала проверить способы выгрузки и уведомления. API/RSS не подтверждены; автоматический адаптер не испытан.","Открытая информация; участие/часть документов могут требовать регистрацию и квалификацию","Публичный просмотр без плановой покупки подписки; стоимость участия и интеграции уточнять, покупку не включать автоматически","search_index","https://www.roseltorg.ru/personal/t_plus","Проверка 01.10.2026: Официальная страница Росэлторга описывает закупки и возможность предварительных публичных профессиональных обсуждений.","2026-10-01","cataloged","not_checked_here","1","true","Выделить две ленты: закупки и обсуждения ТЗ; искать филиалы и региональные теплоснабжающие общества.","Расширение исходных 159: поиск официального канала и переходы из закупочной/корпоративной страницы","Росэлторг; Т Плюс","related_channel","added_v2"
"MISB-162","ОМК — цифровые тендеры и регистрация партнёра","https://tender.omk.ru/auth/?backLink=%2F","C02","Корпоративные закупочные каналы","РФ","P","Допуск к закупкам группы после регистрации организации и пользователя","Корпоративное обучение руководителей и специалистов; ДПО; электронные курсы; деловые мероприятия","HR/L&D, корпоративный университет, закупки, функциональные дирекции","обучение OR повышение квалификации OR развитие персонала OR семинар OR тренинг OR вебинар OR электронный курс OR видеокурс OR стратегическая сессия OR фасилитация OR наставничество","Открытая витрина и связанные карточки/вложения; сначала проверить способы выгрузки и уведомления. API/RSS не подтверждены; автоматический адаптер не испытан.","Видна входная страница; рабочий кабинет требует регистрацию партнёра","Публичный просмотр без плановой покупки подписки; стоимость участия и интеграции уточнять, покупку не включать автоматически","search_index","https://tender.omk.ru/auth/?backLink=%2F","Проверка 01.10.2026: Поисковый индекс официального домена показывает страницу «Участвуйте в тендерах» и необходимость регистрации компании.","2026-10-01","cataloged","not_checked_here","1","true","Проверить открытую часть; подготовить перечень категорий образовательных услуг для регистрации и уведомлений.","Расширение исходных 159: поиск официального канала и переходы из закупочной/корпоративной страницы","ОМК","related_channel","added_v2"
"MISB-163","Полюс — публичный портал поставщиков","https://tenders.polyus.com/","C02","Корпоративные закупочные каналы","РФ","R","Новости закупок, новые правила доступа и маршруты к активным процедурам","Корпоративное обучение руководителей и специалистов; ДПО; электронные курсы; деловые мероприятия","HR/L&D, корпоративный университет, закупки, функциональные дирекции","обучение OR повышение квалификации OR развитие персонала OR семинар OR тренинг OR вебинар OR электронный курс OR видеокурс OR стратегическая сессия OR фасилитация OR наставничество","Открытая витрина и связанные карточки/вложения; сначала проверить способы выгрузки и уведомления. API/RSS не подтверждены; автоматический адаптер не испытан.","Открытая информация; участие/часть документов могут требовать регистрацию и квалификацию","Публичный просмотр без плановой покупки подписки; стоимость участия и интеграции уточнять, покупку не включать автоматически","content_read","https://tenders.polyus.com/","Проверка 01.10.2026: Страница прочитана; содержит активные процедуры, новости о квалификации и переходы к SRM.","2026-10-01","cataloged","not_checked_here","2","true","Сохранять как карту маршрутов; раз в неделю проверять, не изменены ли витрина, SRM и квалификация.","Расширение исходных 159: поиск официального канала и переходы из закупочной/корпоративной страницы","Полюс","related_channel","added_v2"
"MISB-164","Полюс — отдельная витрина активных процедур","https://tender.polyus.com/procedures/ACTIVE","C02","Корпоративные закупочные каналы","РФ","D","Открытые закупочные процедуры группы и контакты ответственных","Корпоративное обучение руководителей и специалистов; ДПО; электронные курсы; деловые мероприятия","HR/L&D, корпоративный университет, закупки, функциональные дирекции","обучение OR повышение квалификации OR развитие персонала OR семинар OR тренинг OR вебинар OR электронный курс OR видеокурс OR стратегическая сессия OR фасилитация OR наставничество","Открытая витрина и связанные карточки/вложения; сначала проверить способы выгрузки и уведомления. API/RSS не подтверждены; автоматический адаптер не испытан.","Открытая информация; участие/часть документов могут требовать регистрацию и квалификацию","Публичный просмотр без плановой покупки подписки; стоимость участия и интеграции уточнять, покупку не включать автоматически","content_read","https://tenders.polyus.com/","Проверка 01.10.2026: Точный URL получен по ссылке «Активные процедуры» с tenders.polyus.com; чтение конечной витрины дало тайм-аут.","2026-10-01","cataloged","not_checked_here","1","true","Проверить доступность и пагинацию; отдельно учитывать Полюс Красноярск, Полюс Строй и другие юрлица.","Расширение исходных 159: поиск официального канала и переходы из закупочной/корпоративной страницы","Полюс — публичный портал поставщиков","related_channel","added_v2"
"MISB-165","Полюс — категорийная квалификация и SRM","https://tenders.polyus.com/ru/become-a-supplier/","C02","Корпоративные закупочные каналы","РФ","P","Категорийный допуск, без которого часть тендеров может быть недоступна","Корпоративное обучение руководителей и специалистов; ДПО; электронные курсы; деловые мероприятия","HR/L&D, корпоративный университет, закупки, функциональные дирекции","обучение OR повышение квалификации OR развитие персонала OR семинар OR тренинг OR вебинар OR электронный курс OR видеокурс OR стратегическая сессия OR фасилитация OR наставничество","Открытая витрина и связанные карточки/вложения; сначала проверить способы выгрузки и уведомления. API/RSS не подтверждены; автоматический адаптер не испытан.","Открытая информация; участие/часть документов могут требовать регистрацию и квалификацию","Страница прямо указывает бесплатное использование Полюс SRM; затраты на подготовку квалификации отдельно","content_read","https://tenders.polyus.com/ru/become-a-supplier/","Проверка 01.10.2026: Страница прочитана; описывает бесплатный Полюс SRM, квалификацию по группам номенклатуры и влияние допуска на доступ к карточке.","2026-10-01","cataloged","not_checked_here","1","true","Подготовить список всех смежных образовательных категорий; установить ответственного за квалификацию и входящие приглашения.","Расширение исходных 159: поиск официального канала и переходы из закупочной/корпоративной страницы","Полюс — публичный портал поставщиков","related_channel","added_v2"
"MISB-166","ТМК — электронная торговая площадка группы","https://zakupki.tmk-group.com/","C01","Корпоративные закупочные каналы","РФ","D","Закупки группы ТМК и возможные запросы по развитию персонала","Корпоративное обучение руководителей и специалистов; ДПО; электронные курсы; деловые мероприятия","HR/L&D, корпоративный университет, закупки, функциональные дирекции","обучение OR повышение квалификации OR развитие персонала OR семинар OR тренинг OR вебинар OR электронный курс OR видеокурс OR стратегическая сессия OR фасилитация OR наставничество","Открытая витрина и связанные карточки/вложения; сначала проверить способы выгрузки и уведомления. API/RSS не подтверждены; автоматический адаптер не испытан.","JS/Cookies; полный каталог и документы не проверены","Публичный просмотр без плановой покупки подписки; стоимость участия и интеграции уточнять, покупку не включать автоматически","content_read","https://zakupki.tmk-group.com/","Проверка 01.10.2026: Страница возвращает название ЭТП Трубной металлургической компании и требует JavaScript/Cookies.","2026-10-01","cataloged","not_checked_here","1","true","Проверить список категорий работ/услуг и видимость без входа; не ограничиваться сырьём и материалами.","Расширение исходных 159: поиск официального канала и переходы из закупочной/корпоративной страницы","ТМК","related_channel","added_v2"
"MISB-167","РЖД — отдельный электронный магазин малых закупок","https://eshoprzd.ru/","C01","Корпоративные закупочные каналы","РФ","D","Небольшие закупки услуг для подразделений РЖД","Корпоративное обучение руководителей и специалистов; ДПО; электронные курсы; деловые мероприятия","HR/L&D, корпоративный университет, закупки, функциональные дирекции","обучение OR повышение квалификации OR развитие персонала OR семинар OR тренинг OR вебинар OR электронный курс OR видеокурс OR стратегическая сессия OR фасилитация OR наставничество","Открытая витрина и связанные карточки/вложения; сначала проверить способы выгрузки и уведомления. API/RSS не подтверждены; автоматический адаптер не испытан.","Открытая информация; участие/часть документов могут требовать регистрацию и квалификацию","Публичный просмотр без плановой покупки подписки; стоимость участия и интеграции уточнять, покупку не включать автоматически","content_read","https://eshoprzd.ru/","Проверка 01.10.2026: Открывается с названием «Электронный магазин ОАО РЖД | Комита»; текст лотов не извлечён.","2026-10-01","cataloged","not_checked_here","1","true","Проверить ленты услуг, филиалы, архив и нотификации; учитывать отдельно от крупных закупок РЖД.","Расширение исходных 159: поиск официального канала и переходы из закупочной/корпоративной страницы","РЖД; Комита","related_channel","added_v2"
"MISB-168","КОМИТА — самостоятельная электронная торговая площадка","https://etp.comita.ru/","C01","Корпоративные закупочные каналы","РФ","D","Процедуры заказчиков на отдельной ЭТП","Корпоративное обучение руководителей и специалистов; ДПО; электронные курсы; деловые мероприятия","HR/L&D, корпоративный университет, закупки, функциональные дирекции","обучение OR повышение квалификации OR развитие персонала OR семинар OR тренинг OR вебинар OR электронный курс OR видеокурс OR стратегическая сессия OR фасилитация OR наставничество","Открытая витрина и связанные карточки/вложения; сначала проверить способы выгрузки и уведомления. API/RSS не подтверждены; автоматический адаптер не испытан.","Открытая информация; участие/часть документов могут требовать регистрацию и квалификацию","Публичный просмотр без плановой покупки подписки; стоимость участия и интеграции уточнять, покупку не включать автоматически","content_read","https://etp.comita.ru/","Проверка 01.10.2026: Открывается как «Электронная торговая площадка КОМИТА», содержимое во фрейме.","2026-10-01","cataloged","not_checked_here","1","true","Проверить адрес публичного фрейма, список заказчиков и отдельные секции; не считать eshoprzd.ru полным покрытием Комиты.","Расширение исходных 159: поиск официального канала и переходы из закупочной/корпоративной страницы","Комита; РЖД","related_channel","added_v2"
"MISB-169","Tender.Pro — закупки и каталоги корпоративных заказчиков","https://www.tender.pro/","C01","Коммерческие ЭТП","РФ; Беларусь; СНГ","D","Запросы на услуги и корпоративные процедуры вне федеральных площадок","Корпоративное обучение руководителей и специалистов; ДПО; электронные курсы; деловые мероприятия","HR/L&D, корпоративный университет, закупки, функциональные дирекции","обучение OR повышение квалификации OR развитие персонала OR семинар OR тренинг OR вебинар OR электронный курс OR видеокурс OR стратегическая сессия OR фасилитация OR наставничество","Открытая витрина и связанные карточки/вложения; сначала проверить способы выгрузки и уведомления. API/RSS не подтверждены; автоматический адаптер не испытан.","Открытая информация; участие/часть документов могут требовать регистрацию и квалификацию","Публичный просмотр без плановой покупки подписки; стоимость участия и интеграции уточнять, покупку не включать автоматически","search_index","https://www.rmk-group.ru/production/supliers/","Проверка 01.10.2026: Официальная страница РМК прямо ведёт на Tender.Pro; в поиске доступны карточки заказчиков и закупок.","2026-10-01","cataloged","not_checked_here","1","true","Развернуть каталоги заказчиков в дочерние каналы; отдельно проверить категории обучения и работ/услуг.","Расширение исходных 159: поиск официального канала и переходы из закупочной/корпоративной страницы","Tender.Pro","independent","added_v2"
"MISB-170","СУЭК — профиль закупок на Tender.Pro","https://www.tender.pro/api/company/14423/view?active_tab=purchases","C02","Корпоративные закупочные каналы","РФ","D","Корпоративные закупки СУЭК и маршруты к процедурам","Корпоративное обучение руководителей и специалистов; ДПО; электронные курсы; деловые мероприятия","HR/L&D, корпоративный университет, закупки, функциональные дирекции","обучение OR повышение квалификации OR развитие персонала OR семинар OR тренинг OR вебинар OR электронный курс OR видеокурс OR стратегическая сессия OR фасилитация OR наставничество","Открытая витрина и связанные карточки/вложения; сначала проверить способы выгрузки и уведомления. API/RSS не подтверждены; автоматический адаптер не испытан.","Открытая информация; участие/часть документов могут требовать регистрацию и квалификацию","Публичный просмотр без плановой покупки подписки; стоимость участия и интеграции уточнять, покупку не включать автоматически","search_index","https://www.tender.pro/api/company/14423/view?active_tab=purchases","Проверка 01.10.2026: Индексирует страницу «Закупки компании СУЭК», ИНН 7708129854. Путь /api/ является URL страницы, не подтверждением программного API.","2026-10-01","cataloged","not_checked_here","1","true","Сопоставить с корпоративным SRM и обществами СГК; проверить актуальность профиля, не удалять при нулевой выдаче.","Расширение исходных 159: поиск официального канала и переходы из закупочной/корпоративной страницы","Tender.Pro; СУЭК; СГК","related_channel","added_v2"
"MISB-171","РУСАЛ — прочие услуги, текущие процедуры и архив","https://rusal.ru/suppliers/selection/prochie-uslugi/?PAGEN_1=5","C02","Корпоративные закупочные каналы","РФ","D","Закупки услуг группы, включая скрытые под широкими наименованиями","Корпоративное обучение руководителей и специалистов; ДПО; электронные курсы; деловые мероприятия","HR/L&D, корпоративный университет, закупки, функциональные дирекции","обучение OR повышение квалификации OR развитие персонала OR семинар OR тренинг OR вебинар OR электронный курс OR видеокурс OR стратегическая сессия OR фасилитация OR наставничество","Открытая витрина и связанные карточки/вложения; сначала проверить способы выгрузки и уведомления. API/RSS не подтверждены; автоматический адаптер не испытан.","Открытая информация; участие/часть документов могут требовать регистрацию и квалификацию","Публичный просмотр без плановой покупки подписки; стоимость участия и интеграции уточнять, покупку не включать автоматически","search_index","https://rusal.ru/suppliers/selection/prochie-uslugi/?PAGEN_1=5","Проверка 01.10.2026: Поисковый индекс показывает действующую ленту прочих услуг с процедурами от 29.09.2026 и заказчиками дочерних компаний.","2026-10-01","cataloged","not_checked_here","1","true","Стартовать с этой известной страницы, найти первую страницу и все состояния через реальные ссылки; читать ТЗ по широкому словарю.","Расширение исходных 159: поиск официального канала и переходы из закупочной/корпоративной страницы","РУСАЛ","related_channel","added_v2"
"MISB-172","РМК — тендеры, запросы КП и правила взаимодействия","https://www.rmk-group.ru/production/supliers/","C02","Корпоративные закупочные каналы","РФ; Казахстан","D","Ранние и текущие запросы работ/услуг компаний РМК","Корпоративное обучение руководителей и специалистов; ДПО; электронные курсы; деловые мероприятия","HR/L&D, корпоративный университет, закупки, функциональные дирекции","обучение OR повышение квалификации OR развитие персонала OR семинар OR тренинг OR вебинар OR электронный курс OR видеокурс OR стратегическая сессия OR фасилитация OR наставничество","Открытая витрина и связанные карточки/вложения; сначала проверить способы выгрузки и уведомления. API/RSS не подтверждены; автоматический адаптер не испытан.","Открытая информация; участие/часть документов могут требовать регистрацию и квалификацию","Публичный просмотр без плановой покупки подписки; стоимость участия и интеграции уточнять, покупку не включать автоматически","content_read","https://www.rmk-group.ru/production/supliers/","Проверка 01.10.2026: Страница прочитана; описывает тендеры, электронные торги, запросы КП и Tender.Pro для стандартизированной продукции.","2026-10-01","cataloged","not_checked_here","1","true","Не считать Tender.Pro полным покрытием услуг; выделить контакт тендерной работы и отдельные закупочные сайты предприятий.","Расширение исходных 159: поиск официального канала и переходы из закупочной/корпоративной страницы","Русская медная компания; Tender.Pro","related_channel","added_v2"
"MISB-173","ВСМПО-АВИСМА — тендерная информация и потребности корпорации","https://vsmpo.net/tenders/","C02","Корпоративные закупочные каналы","РФ","D","Публикации потребностей и закупочные документы крупных предприятий","Корпоративное обучение руководителей и специалистов; ДПО; электронные курсы; деловые мероприятия","HR/L&D, корпоративный университет, закупки, функциональные дирекции","обучение OR повышение квалификации OR развитие персонала OR семинар OR тренинг OR вебинар OR электронный курс OR видеокурс OR стратегическая сессия OR фасилитация OR наставничество","Открытая витрина и связанные карточки/вложения; сначала проверить способы выгрузки и уведомления. API/RSS не подтверждены; автоматический адаптер не испытан.","Открытая информация; участие/часть документов могут требовать регистрацию и квалификацию","Публичный просмотр без плановой покупки подписки; стоимость участия и интеграции уточнять, покупку не включать автоматически","search_index","https://vsmpo.net/tenders/","Проверка 01.10.2026: Официальный индекс содержит разделы «Все тендеры», «Наша потребность», документы и приглашение на B2B-Center.","2026-10-01","cataloged","not_checked_here","1","true","Развернуть все ссылки потребностей и оба производственных контура; сопоставить с B2B-Center, сохраняя оба канала.","Расширение исходных 159: поиск официального канала и переходы из закупочной/корпоративной страницы","ВСМПО-АВИСМА; B2B-Center","related_channel","added_v2"
"MISB-174","ФосАгро и Апатит — корпоративные тендеры работ и услуг","https://www.phosagro.ru/procurement/competitions/","C02","Корпоративные закупочные каналы","РФ","D","Тендеры на работы/услуги группы и переходы на собственную ЭТП","Корпоративное обучение руководителей и специалистов; ДПО; электронные курсы; деловые мероприятия","HR/L&D, корпоративный университет, закупки, функциональные дирекции","обучение OR повышение квалификации OR развитие персонала OR семинар OR тренинг OR вебинар OR электронный курс OR видеокурс OR стратегическая сессия OR фасилитация OR наставничество","Открытая витрина и связанные карточки/вложения; сначала проверить способы выгрузки и уведомления. API/RSS не подтверждены; автоматический адаптер не испытан.","Открытая информация; участие/часть документов могут требовать регистрацию и квалификацию","Публичный просмотр без плановой покупки подписки; стоимость участия и интеграции уточнять, покупку не включать автоматически","content_read","https://www.phosagro.ru/procurement/competitions/","Проверка 01.10.2026: Страница прочитана; закупка работ и услуг выделена отдельно от материалов и оборудования.","2026-10-01","cataloged","not_checked_here","1","true","Извлечь фактическую ссылку раздела работ/услуг и действующие процедуры; проверить образовательные категории.","Расширение исходных 159: поиск официального канала и переходы из закупочной/корпоративной страницы","ФосАгро; Апатит","related_channel","added_v2"
"MISB-175","ФосАгро — вход поставщика и квалификация до закупки","https://www.phosagro.ru/procurement/to-suppliers/how-to-be-a-supplier/","C02","Корпоративные закупочные каналы","РФ","P","Предварительный допуск к приглашениям и закупкам услуг","Корпоративное обучение руководителей и специалистов; ДПО; электронные курсы; деловые мероприятия","HR/L&D, корпоративный университет, закупки, функциональные дирекции","обучение OR повышение квалификации OR развитие персонала OR семинар OR тренинг OR вебинар OR электронный курс OR видеокурс OR стратегическая сессия OR фасилитация OR наставничество","Открытая витрина и связанные карточки/вложения; сначала проверить способы выгрузки и уведомления. API/RSS не подтверждены; автоматический адаптер не испытан.","Открытая информация; участие/часть документов могут требовать регистрацию и квалификацию","Публичный просмотр без плановой покупки подписки; стоимость участия и интеграции уточнять, покупку не включать автоматически","search_index","https://www.phosagro.ru/procurement/to-suppliers/how-to-be-a-supplier/","Проверка 01.10.2026: Официальная выдача описывает регистрацию на ЭТП и обязательные анкеты потенциального поставщика.","2026-10-01","cataloged","not_checked_here","1","true","Подготовить матрицу категорий услуг МИСБ и документов; проверить доступные уведомления после регистрации.","Расширение исходных 159: поиск официального канала и переходы из закупочной/корпоративной страницы","ФосАгро и Апатит — корпоративные тендеры работ и услуг","related_channel","added_v2"
"MISB-176","Удоканская медь — отдельный профиль заказчика ЭТП ГПБ","https://new.etpgpb.ru/customers/ooo-udokanskaya-med/","C01","Корпоративные закупочные каналы","РФ","D","Процедуры конкретного горно-металлургического заказчика","Корпоративное обучение руководителей и специалистов; ДПО; электронные курсы; деловые мероприятия","HR/L&D, корпоративный университет, закупки, функциональные дирекции","обучение OR повышение квалификации OR развитие персонала OR семинар OR тренинг OR вебинар OR электронный курс OR видеокурс OR стратегическая сессия OR фасилитация OR наставничество","Открытая витрина и связанные карточки/вложения; сначала проверить способы выгрузки и уведомления. API/RSS не подтверждены; автоматический адаптер не испытан.","Открытая информация; участие/часть документов могут требовать регистрацию и квалификацию","Публичный просмотр без плановой покупки подписки; стоимость участия и интеграции уточнять, покупку не включать автоматически","search_index","https://new.etpgpb.ru/customers/ooo-udokanskaya-med/","Проверка 01.10.2026: Официальная ЭТП индексирует профиль «УДОКАНСКАЯ МЕДЬ» и раздел «Как стать поставщиком».","2026-10-01","cataloged","not_checked_here","1","true","Сопоставить ИНН и корпоративные закупочные маршруты; изучить квалификацию, не считать открытую выдачу полной.","Расширение исходных 159: поиск официального канала и переходы из закупочной/корпоративной страницы","ЭТП ГПБ; Удоканская медь","related_channel","added_v2"
"MISB-177","ЕАСУЗ Московской области — вход в региональный электронный магазин","https://easuz.mosreg.ru/","C01","Региональные малые закупки","РФ / Московская область","D","Малые закупки обучения региональных и муниципальных учреждений","Корпоративное обучение руководителей и специалистов; ДПО; электронные курсы; деловые мероприятия","Контрактные службы и HR региональных/муниципальных учреждений","обучение OR повышение квалификации OR развитие персонала OR семинар OR тренинг OR вебинар OR электронный курс OR видеокурс OR стратегическая сессия OR фасилитация OR наставничество","Открытая витрина и связанные карточки/вложения; сначала проверить способы выгрузки и уведомления. API/RSS не подтверждены; автоматический адаптер не испытан.","Открытая информация; участие/часть документов могут требовать регистрацию и квалификацию","Публичный просмотр без плановой покупки подписки; стоимость участия и интеграции уточнять, покупку не включать автоматически","search_index","https://easuz.mosreg.ru/","Проверка 01.10.2026: Индекс официального портала показывает раздел «Электронный магазин»; прямое чтение дало тайм-аут.","2026-10-01","cataloged","not_checked_here","1","true","Перейти по реальной ссылке магазина и сохранить конечный адрес; отдельно собирать региональные планы и запросы.","Расширение исходных 159: поиск официального канала и переходы из закупочной/корпоративной страницы","Московская область; ЕАСУЗ","related_channel","added_v2"
"MISB-178","Санкт-Петербург — электронный магазин малых закупок","https://estore.gz-spb.ru/","C01","Региональные малые закупки","РФ / Санкт-Петербург","D","Малые закупки услуг, предложения и образовательные заказы учреждений","Корпоративное обучение руководителей и специалистов; ДПО; электронные курсы; деловые мероприятия","Учреждения Санкт-Петербурга, HR и контрактные службы","обучение OR повышение квалификации OR развитие персонала OR семинар OR тренинг OR вебинар OR электронный курс OR видеокурс OR стратегическая сессия OR фасилитация OR наставничество","Открытая витрина и связанные карточки/вложения; сначала проверить способы выгрузки и уведомления. API/RSS не подтверждены; автоматический адаптер не испытан.","Открытая информация; участие/часть документов могут требовать регистрацию и квалификацию","Публичный просмотр без плановой покупки подписки; стоимость участия и интеграции уточнять, покупку не включать автоматически","search_index","https://www.gov.spb.ru/gov/otrasl/kgz/obrasheniya-grazhdan/otvety-na-obrasheniya-zatragivayushie-interesy-neopredelennogo-kruga-l/","Проверка 01.10.2026: Адрес присутствует в индексируемой закупочной документации; факт действующей подсистемы подтверждён Комитетом по госзаказу. Прямое чтение — тайм-аут.","2026-10-01","cataloged","not_checked_here","1","true","Проверить актуальный вход с сайта Комитета, открытые лоты и публичные оферты; фиксировать оба канала.","Расширение исходных 159: поиск официального канала и переходы из закупочной/корпоративной страницы","АИС ГЗ Санкт-Петербурга; Портал поставщиков Москвы","related_channel","added_v2"
"MISB-179","Свердловская область — малые закупки","https://torgi.egov66.ru/smallpurchases/","C01","Региональные малые закупки","РФ / Свердловская область","D","Малые закупки, запросы КП и образовательные потребности учреждений","Корпоративное обучение руководителей и специалистов; ДПО; электронные курсы; деловые мероприятия","Региональные и муниципальные учреждения","обучение OR повышение квалификации OR развитие персонала OR семинар OR тренинг OR вебинар OR электронный курс OR видеокурс OR стратегическая сессия OR фасилитация OR наставничество","Открытая витрина и связанные карточки/вложения; сначала проверить способы выгрузки и уведомления. API/RSS не подтверждены; автоматический адаптер не испытан.","Открытая информация; участие/часть документов могут требовать регистрацию и квалификацию","Публичный просмотр без плановой покупки подписки; стоимость участия и интеграции уточнять, покупку не включать автоматически","search_index","https://torgi.egov66.ru/smallpurchases/","Проверка 01.10.2026: Официальный индекс показывает разделы извещений, контрактов, запросов коммерческих предложений и документации.","2026-10-01","cataloged","not_checked_here","1","true","Подключить каждую ленту отдельно; проверить выгрузку в Excel, пагинацию, историю изменений.","Расширение исходных 159: поиск официального канала и переходы из закупочной/корпоративной страницы","Информационная система закупок Свердловской области","related_channel","added_v2"
"MISB-180","Свердловская область — отдельная лента извещений малых закупок","https://torgi.egov66.ru/smallpurchases/GzwSP/NoticesGrid?ItemId=16&show_title=on","C01","Региональные малые закупки","РФ / Свердловская область","D","Извещения, которые нельзя потерять при чтении только информационной главной страницы","Корпоративное обучение руководителей и специалистов; ДПО; электронные курсы; деловые мероприятия","Региональные и муниципальные учреждения","обучение OR повышение квалификации OR развитие персонала OR семинар OR тренинг OR вебинар OR электронный курс OR видеокурс OR стратегическая сессия OR фасилитация OR наставничество","Открытая витрина и связанные карточки/вложения; сначала проверить способы выгрузки и уведомления. API/RSS не подтверждены; автоматический адаптер не испытан.","Открытая информация; участие/часть документов могут требовать регистрацию и квалификацию","Публичный просмотр без плановой покупки подписки; стоимость участия и интеграции уточнять, покупку не включать автоматически","search_index","https://torgi.egov66.ru/smallpurchases/GzwSP/NoticesGrid?ItemId=16&show_title=on","Проверка 01.10.2026: Индекс официального домена показывает ленту извещений и кнопку выгрузки в Excel.","2026-10-01","cataloged","not_checked_here","1","true","Проверить фактический экспорт, выдачу без фильтров и границы периода; затем сделать адаптер с контрольным числом строк.","Расширение исходных 159: поиск официального канала и переходы из закупочной/корпоративной страницы","Свердловская область — малые закупки","related_channel","added_v2"
"MISB-181","Югра — витрина запросов цен для малых закупок","https://zakupki.admhmao.ru/vitriny-zakupok-malogo-ob-ema/zapros-tsen-dlya-zakupok-malogo-ob-ema/zapros-tsen-dlya-zakupok-malogo-ob-ema-detalno","C01","Региональные малые закупки","РФ / ХМАО–Югра","D","Предварительные запросы цен и небольшие закупки образовательных услуг","Корпоративное обучение руководителей и специалистов; ДПО; электронные курсы; деловые мероприятия","Региональные и муниципальные учреждения Югры","обучение OR повышение квалификации OR развитие персонала OR семинар OR тренинг OR вебинар OR электронный курс OR видеокурс OR стратегическая сессия OR фасилитация OR наставничество","Открытая витрина и связанные карточки/вложения; сначала проверить способы выгрузки и уведомления. API/RSS не подтверждены; автоматический адаптер не испытан.","Открытая информация; участие/часть документов могут требовать регистрацию и квалификацию","Публичный просмотр без плановой покупки подписки; стоимость участия и интеграции уточнять, покупку не включать автоматически","search_index","https://zakupki.admhmao.ru/vitriny-zakupok-malogo-ob-ema/zapros-tsen-dlya-zakupok-malogo-ob-ema/zapros-tsen-dlya-zakupok-malogo-ob-ema-detalno","Проверка 01.10.2026: Официальная индексируемая страница департамента госзаказа содержит витрину объектов закупки.","2026-10-01","cataloged","not_checked_here","1","true","Проверить доступность таблицы и запросы цен; связать с интеграциями РТС-Маркет и Портала поставщиков Москвы.","Расширение исходных 159: поиск официального канала и переходы из закупочной/корпоративной страницы","Закупки Югры; РТС-Маркет; Портал поставщиков Москвы","related_channel","added_v2"
"MISB-182","Татарстан — официальный вход в БАРС.Электронный магазин","https://goszakupki.tatarstan.ru/goods.htm","C01","Региональные малые закупки","РФ / Татарстан","D","Региональные малые закупки и вход в отдельную информационную систему","Корпоративное обучение руководителей и специалистов; ДПО; электронные курсы; деловые мероприятия","Региональные и муниципальные учреждения Татарстана","обучение OR повышение квалификации OR развитие персонала OR семинар OR тренинг OR вебинар OR электронный курс OR видеокурс OR стратегическая сессия OR фасилитация OR наставничество","Открытая витрина и связанные карточки/вложения; сначала проверить способы выгрузки и уведомления. API/RSS не подтверждены; автоматический адаптер не испытан.","Открытая информация; участие/часть документов могут требовать регистрацию и квалификацию","Публичный просмотр без плановой покупки подписки; стоимость участия и интеграции уточнять, покупку не включать автоматически","search_index","https://goszakupki.tatarstan.ru/goods.htm","Проверка 01.10.2026: Официальная страница индексируется с названием системы и ссылкой входа БАРС.Электронный магазин.","2026-10-01","cataloged","not_checked_here","1","true","Разрешить конечный URL через официальную страницу; проверить открытые потребности, архив и документацию.","Расширение исходных 159: поиск официального канала и переходы из закупочной/корпоративной страницы","Госкомитет Республики Татарстан по закупкам","related_channel","added_v2"
"MISB-183","Татарстан — ЭТП zakupki.tatar","https://www.etpzakupki.tatar/app/Home/page","C01","Региональные малые закупки","РФ / Татарстан","D","Региональные закупки и самостоятельные заказчики на ЭТП","Корпоративное обучение руководителей и специалистов; ДПО; электронные курсы; деловые мероприятия","Учреждения и организации Татарстана","обучение OR повышение квалификации OR развитие персонала OR семинар OR тренинг OR вебинар OR электронный курс OR видеокурс OR стратегическая сессия OR фасилитация OR наставничество","Открытая витрина и связанные карточки/вложения; сначала проверить способы выгрузки и уведомления. API/RSS не подтверждены; автоматический адаптер не испытан.","Открытая информация; участие/часть документов могут требовать регистрацию и квалификацию","Публичный просмотр без плановой покупки подписки; стоимость участия и интеграции уточнять, покупку не включать автоматически","search_index","https://www.etpzakupki.tatar/app/Home/page","Проверка 01.10.2026: Индекс площадки показывает регистрацию заказчика/участника, статистику торгов и переход на zakupki.tatar.","2026-10-01","cataloged","not_checked_here","2","true","Проверить категории услуг и пересечение с БАРС/ЗаказРФ; до сравнения не объединять эти источники.","Расширение исходных 159: поиск официального канала и переходы из закупочной/корпоративной страницы","Закупки Татарстана","related_channel","added_v2"
"MISB-184","MITWORK — Евразийский электронный портал","https://eep.mitwork.kz/ru/","C01","Закупки Казахстана и Кыргызстана","Казахстан","D","Прямые закупки и пункты планов квазигосударственных/частных заказчиков","Корпоративное обучение руководителей и специалистов; ДПО; электронные курсы; деловые мероприятия","HR/L&D, корпоративный университет, закупки, функциональные дирекции","обучение OR повышение квалификации OR развитие персонала OR семинар OR тренинг OR вебинар OR электронный курс OR видеокурс OR стратегическая сессия OR фасилитация OR наставничество OR оқыту OR біліктілікті арттыру OR персоналды дамыту","Открытая витрина и связанные карточки/вложения; сначала проверить способы выгрузки и уведомления. API/RSS не подтверждены; автоматический адаптер не испытан.","Открытая информация; участие/часть документов могут требовать регистрацию и квалификацию","Публичный просмотр без плановой покупки подписки; стоимость участия и интеграции уточнять, покупку не включать автоматически","content_read","https://eep.mitwork.kz/ru/","Проверка 01.10.2026: Страница прочитана; показывает активные закупки, планы, лоты и категорию услуг для бизнеса.","2026-10-01","cataloged","not_checked_here","1","true","Разделить планы и объявления; проверить русский/казахский словарь и не ограничивать по классу услуги.","Расширение исходных 159: поиск официального канала и переходы из закупочной/корпоративной страницы","Единая платформа закупок Казахстана; MITWORK","related_channel","added_v2"
"MISB-185","GetContract — запросы коммерческих предложений Казахстана","https://getcontract.kz/","C02","Запросы КП и коммерческие витрины","Казахстан","D","Запросы КП от компаний до формального тендера","Корпоративное обучение руководителей и специалистов; ДПО; электронные курсы; деловые мероприятия","HR/L&D, корпоративный университет, закупки, функциональные дирекции","обучение OR повышение квалификации OR развитие персонала OR семинар OR тренинг OR вебинар OR электронный курс OR видеокурс OR стратегическая сессия OR фасилитация OR наставничество","Открытая витрина и связанные карточки/вложения; сначала проверить способы выгрузки и уведомления. API/RSS не подтверждены; автоматический адаптер не испытан.","Страница JS; интерфейс, регистрация и доступ к RFQ требуют проверки","Публичный просмотр без плановой покупки подписки; стоимость участия и интеграции уточнять, покупку не включать автоматически","content_read","https://www.mitwork.kz/","Проверка 01.10.2026: Официальная MITWORK описывает сервис запросов/отправки КП; конечная страница открылась как JS-оболочка.","2026-10-01","cataloged","not_checked_here","1","true","Проверить видимость входящих запросов услуг и уведомления поставщику; отделить справочник компаний от реальных RFQ.","Расширение исходных 159: поиск официального канала и переходы из закупочной/корпоративной страницы","MITWORK; Евразийский электронный портал","related_channel","added_v2"
"MISB-186","MP.kz — отдельная категория тренингов и образования","https://mp.kz/?TenderLots=list&category_id=33&tender_lot_state_id=4","C01","Коммерческие ЭТП","Казахстан","D","Обучение и тренинги коммерческих банков, телекома и других компаний","Корпоративное обучение руководителей и специалистов; ДПО; электронные курсы; деловые мероприятия","HR/L&D, корпоративный университет, закупки, функциональные дирекции","обучение OR повышение квалификации OR развитие персонала OR семинар OR тренинг OR вебинар OR электронный курс OR видеокурс OR стратегическая сессия OR фасилитация OR наставничество","Открытая витрина и связанные карточки/вложения; сначала проверить способы выгрузки и уведомления. API/RSS не подтверждены; автоматический адаптер не испытан.","Открытая информация; участие/часть документов могут требовать регистрацию и квалификацию","Публичный просмотр без плановой покупки подписки; стоимость участия и интеграции уточнять, покупку не включать автоматически","search_index","https://mp.kz/?TenderLots=list&category_id=33&tender_lot_state_id=4","Проверка 01.10.2026: Поисковая выдача показывает категорию «Тренинги. Услуги образования. Подбор персонала» и, например, запрос Bereke Bank на профайлинг.","2026-10-01","cataloged","not_checked_here","1","true","Проверить значение state_id=4; затем пройти все состояния, родительские разделы и смежные категории без узкого фильтра.","Расширение исходных 159: поиск официального канала и переходы из закупочной/корпоративной страницы","MP.kz","related_channel","added_v2"
"MISB-187","КПО — система электронных торгов","https://www.kpo.kz/ru/postavshchikam/sistema-ehlektronnykh-torgov","C01","Корпоративные закупочные каналы","Казахстан","D","Закупки Карачаганакского проекта и квалификация поставщиков услуг","Корпоративное обучение руководителей и специалистов; ДПО; электронные курсы; деловые мероприятия","HR/L&D, корпоративный университет, закупки, функциональные дирекции","обучение OR повышение квалификации OR развитие персонала OR семинар OR тренинг OR вебинар OR электронный курс OR видеокурс OR стратегическая сессия OR фасилитация OR наставничество","Открытая витрина и связанные карточки/вложения; сначала проверить способы выгрузки и уведомления. API/RSS не подтверждены; автоматический адаптер не испытан.","Открытая информация; участие/часть документов могут требовать регистрацию и квалификацию","Публичный просмотр без плановой покупки подписки; стоимость участия и интеграции уточнять, покупку не включать автоматически","search_index","https://www.kpo.kz/ru/postavshchikam/sistema-ehlektronnykh-torgov","Проверка 01.10.2026: Официальная индексируемая страница раздела «Поставщикам» подтверждена.","2026-10-01","cataloged","not_checked_here","1","true","Проверить новый маршрут SAP Business Network и публичную часть; сохранить предыдущий маршрут в истории миграций.","Расширение исходных 159: поиск официального канала и переходы из закупочной/корпоративной страницы","Карачаганак Петролеум Оперейтинг; KPO","related_channel","added_v2"
"MISB-188","КПО — регистрация поставщиков и приглашения","https://www.kpo.kz/ru/postavshchikam/registracija-v-baze-dannykh-postavshchikov-kpo?cHash=a9edd81e12f6e9165da077ad7d1666a7&ysclid=123","C02","Корпоративные закупочные каналы","Казахстан","P","Включение в базу для получения закрытых или адресных запросов обучения","Корпоративное обучение руководителей и специалистов; ДПО; электронные курсы; деловые мероприятия","HR/L&D, корпоративный университет, закупки, функциональные дирекции","обучение OR повышение квалификации OR развитие персонала OR семинар OR тренинг OR вебинар OR электронный курс OR видеокурс OR стратегическая сессия OR фасилитация OR наставничество","Открытая витрина и связанные карточки/вложения; сначала проверить способы выгрузки и уведомления. API/RSS не подтверждены; автоматический адаптер не испытан.","Открытая информация; участие/часть документов могут требовать регистрацию и квалификацию","Публичный просмотр без плановой покупки подписки; стоимость участия и интеграции уточнять, покупку не включать автоматически","search_index","https://www.kpo.kz/ru/postavshchikam/registracija-v-baze-dannykh-postavshchikov-kpo?cHash=a9edd81e12f6e9165da077ad7d1666a7&ysclid=123","Проверка 01.10.2026: Официальный индекс сообщает необходимость новой регистрации всех поставщиков в SAP Business Network после запуска платформы.","2026-10-01","cataloged","not_checked_here","1","true","Получить канонический URL и актуальные инструкции; проверить категории услуг МИСБ и допуск нерезидентов.","Расширение исходных 159: поиск официального канала и переходы из закупочной/корпоративной страницы","КПО — система электронных торгов","related_channel","added_v2"
"MISB-189","Тенгизшевройл — Supplier Expression of Interest","https://seoi.tengizchevroil.com/","C02","Корпоративные закупочные каналы","Казахстан","P","Доступ к будущим приглашениям через выражение интереса поставщика","Корпоративное обучение руководителей и специалистов; ДПО; электронные курсы; деловые мероприятия","HR/L&D, корпоративный университет, закупки, функциональные дирекции","обучение OR повышение квалификации OR развитие персонала OR семинар OR тренинг OR вебинар OR электронный курс OR видеокурс OR стратегическая сессия OR фасилитация OR наставничество","Открытая витрина и связанные карточки/вложения; сначала проверить способы выгрузки и уведомления. API/RSS не подтверждены; автоматический адаптер не испытан.","Открытая информация; участие/часть документов могут требовать регистрацию и квалификацию","Регистрация SEOI официально бесплатна; участие/приглашение не гарантированы","search_index","https://seoi.tengizchevroil.com/","Проверка 01.10.2026: Официальный портал прямо указывает бесплатную регистрацию и что SEOI не является приглашением к тендеру.","2026-10-01","cataloged","not_checked_here","1","true","Проверить услуги обучения/развития и необходимые документы; в мониторинге вести очередь квалификации, не называть регистрационную страницу готовым лидом.","Расширение исходных 159: поиск официального канала и переходы из закупочной/корпоративной страницы","Тенгизшевройл; TCO","related_channel","added_v2"
"MISB-190","NCOC — портал поставщиков ProCon","https://procon-supplier.ncoc.kz/","C02","Корпоративные закупочные каналы","Казахстан","D","Приглашения и тендеры North Caspian Operating Company","Корпоративное обучение руководителей и специалистов; ДПО; электронные курсы; деловые мероприятия","HR/L&D, корпоративный университет, закупки, функциональные дирекции","обучение OR повышение квалификации OR развитие персонала OR семинар OR тренинг OR вебинар OR электронный курс OR видеокурс OR стратегическая сессия OR фасилитация OR наставничество","Открытая витрина и связанные карточки/вложения; сначала проверить способы выгрузки и уведомления. API/RSS не подтверждены; автоматический адаптер не испытан.","Часть информации публична; тендеры и кабинет по доступу поставщика","Публичный просмотр без плановой покупки подписки; стоимость участия и интеграции уточнять, покупку не включать автоматически","search_index","https://procon-supplier.ncoc.kz/procon/Supplier_Site/2_Online_Tendering_Instructions_Eng.pdf","Проверка 01.10.2026: Адрес подтверждён официальной инструкцией NCOC по электронным торгам. В открытом индексе есть документация REST API, но доступ и разрешение на API не проверены.","2026-10-01","cataloged","not_checked_here","1","true","Начать с инструкций и легального доступа поставщика; затем запросить допустимые уведомления/интеграцию. Не считать найденную API-документацию готовым подключением.","Расширение исходных 159: поиск официального канала и переходы из закупочной/корпоративной страницы","NCOC","related_channel","added_v2"
"MISB-191","KAZ Minerals — объявления и возможности для поставщиков","https://www.kazminerals.com/suppliers/","C02","Корпоративные закупочные каналы","Казахстан; Кыргызстан","D","Объявления о закупках и регистрация поставщика услуг","Корпоративное обучение руководителей и специалистов; ДПО; электронные курсы; деловые мероприятия","HR/L&D, корпоративный университет, закупки, функциональные дирекции","обучение OR повышение квалификации OR развитие персонала OR семинар OR тренинг OR вебинар OR электронный курс OR видеокурс OR стратегическая сессия OR фасилитация OR наставничество","Открытая витрина и связанные карточки/вложения; сначала проверить способы выгрузки и уведомления. API/RSS не подтверждены; автоматический адаптер не испытан.","Открытая информация; участие/часть документов могут требовать регистрацию и квалификацию","Публичный просмотр без плановой покупки подписки; стоимость участия и интеграции уточнять, покупку не включать автоматически","search_index","https://www.kazminerals.com/suppliers/","Проверка 01.10.2026: Официальная выдача содержит Announcements, General information и маршруты регистрации.","2026-10-01","cataloged","not_checked_here","1","true","Собрать все объявления и отдельные предприятия, включая Bozymchak в Кыргызстане; читать GWS-классификатор.","Расширение исходных 159: поиск официального канала и переходы из закупочной/корпоративной страницы","KAZ Minerals; Востокцветмет; Востокэнерго; Бозымчак","related_channel","added_v2"
"MISB-192","Казахмыс — система электронных торгов и прогноз ТРУ","https://umts.kazakhmys.kz/","C01","Корпоративные закупочные каналы","Казахстан","D","Закупки, прогнозы ТРУ и допуск по группам/подгруппам","Корпоративное обучение руководителей и специалистов; ДПО; электронные курсы; деловые мероприятия","HR/L&D, корпоративный университет, закупки, функциональные дирекции","обучение OR повышение квалификации OR развитие персонала OR семинар OR тренинг OR вебинар OR электронный курс OR видеокурс OR стратегическая сессия OR фасилитация OR наставничество","Открытая витрина и связанные карточки/вложения; сначала проверить способы выгрузки и уведомления. API/RSS не подтверждены; автоматический адаптер не испытан.","Открытая информация; участие/часть документов могут требовать регистрацию и квалификацию","Публичный просмотр без плановой покупки подписки; стоимость участия и интеграции уточнять, покупку не включать автоматически","content_read","https://umts.kazakhmys.kz/","Проверка 01.10.2026: Страница прочитана; есть новые/архивные объявления, регистрация нерезидентов, доска РУ, прогноз ТРУ и открытие доступа по группам.","2026-10-01","cataloged","not_checked_here","1","true","Развернуть каждую из лент в отдельный route; получить справочник групп и полный набор категорий МИСБ.","Расширение исходных 159: поиск официального канала и переходы из закупочной/корпоративной страницы","Казахмыс; Tizilim","related_channel","added_v2"
"MISB-193","Казахмыс — отдельная доска работ и услуг","https://umts.kazakhmys.kz/bulletin_board.aspx","C02","Корпоративные закупочные каналы","Казахстан","D","Работы/услуги и запросы вне товарной части электронных торгов","Корпоративное обучение руководителей и специалистов; ДПО; электронные курсы; деловые мероприятия","HR/L&D, корпоративный университет, закупки, функциональные дирекции","обучение OR повышение квалификации OR развитие персонала OR семинар OR тренинг OR вебинар OR электронный курс OR видеокурс OR стратегическая сессия OR фасилитация OR наставничество","Открытая витрина и связанные карточки/вложения; сначала проверить способы выгрузки и уведомления. API/RSS не подтверждены; автоматический адаптер не испытан.","Открытая информация; участие/часть документов могут требовать регистрацию и квалификацию","Публичный просмотр без плановой покупки подписки; стоимость участия и интеграции уточнять, покупку не включать автоматически","content_read","https://umts.kazakhmys.kz/bulletin_board.aspx","Проверка 01.10.2026: Страница прочитана; публикует заявки на закуп работ и услуг, контакты и способы получения ТЗ.","2026-10-01","cataloged","not_checked_here","1","true","Парсить текст заявок и вложения; проверять дату обновления и альтернативную ленту при отсутствии новых записей.","Расширение исходных 159: поиск официального канала и переходы из закупочной/корпоративной страницы","Казахмыс — система электронных торгов и прогноз ТРУ","related_channel","added_v2"
"MISB-194","Кыргызстан — единая точка входа в три закупочные системы","https://www.zakupki.okmot.kg/","C02","Закупки Казахстана и Кыргызстана","Кыргызстан","R","Открытие дополнительных каналов старого/нового портала и госкомпаний","Корпоративное обучение руководителей и специалистов; ДПО; электронные курсы; деловые мероприятия","HR/L&D, корпоративный университет, закупки, функциональные дирекции","обучение OR повышение квалификации OR развитие персонала OR семинар OR тренинг OR вебинар OR электронный курс OR видеокурс OR стратегическая сессия OR фасилитация OR наставничество","Открытая витрина и связанные карточки/вложения; сначала проверить способы выгрузки и уведомления. API/RSS не подтверждены; автоматический адаптер не испытан.","Открытая информация; участие/часть документов могут требовать регистрацию и квалификацию","Публичный просмотр без плановой покупки подписки; стоимость участия и интеграции уточнять, покупку не включать автоматически","search_index","https://www.zakupki.okmot.kg/","Проверка 01.10.2026: Официальный индекс показывает три отдельных перехода: старый портал, новый портал, портал ГосКомпаний.","2026-10-01","cataloged","not_checked_here","1","true","Разрешить все три реальные ссылки и создать отдельные адаптеры; сравнить пересечение с zakupki.gov.kg/popp/.","Расширение исходных 159: поиск официального канала и переходы из закупочной/корпоративной страницы","Госзакупки Кыргызской Республики","related_channel","added_v2"
"MISB-195","Кыргызстан — дополнительный маршрут старого портала","https://zakupki.okmot.kg/popp/home.xhtml","C02","Закупки Казахстана и Кыргызстана","Кыргызстан","D","Прямые закупки и резервный маршрут доступа к государственным процедурам","Корпоративное обучение руководителей и специалистов; ДПО; электронные курсы; деловые мероприятия","HR/L&D, корпоративный университет, закупки, функциональные дирекции","обучение OR повышение квалификации OR развитие персонала OR семинар OR тренинг OR вебинар OR электронный курс OR видеокурс OR стратегическая сессия OR фасилитация OR наставничество","Открытая витрина и связанные карточки/вложения; сначала проверить способы выгрузки и уведомления. API/RSS не подтверждены; автоматический адаптер не испытан.","Открытая информация; участие/часть документов могут требовать регистрацию и квалификацию","Публичный просмотр без плановой покупки подписки; стоимость участия и интеграции уточнять, покупку не включать автоматически","search_index","https://zakupki.okmot.kg/popp/home.xhtml","Проверка 01.10.2026: Индекс показывает Portal PP, регионы и карточки закупок 2026 года.","2026-10-01","cataloged","not_checked_here","1","true","Сопоставить ID закупок с zakupki.gov.kg/popp/; хранить как зеркало до доказательства различий, не отключать из-за дублей.","Расширение исходных 159: поиск официального канала и переходы из закупочной/корпоративной страницы","Госзакупки Кыргызской Республики; zakupki.gov.kg/popp/","mirror","added_v2"
"MISB-196","Кумтор Голд Компани — прямая лента закупок","https://www.kumtor.kg/ru/category/procurement/","C02","Корпоративные закупочные каналы","Кыргызстан","D","Прямые запросы работ и услуг крупного работодателя","Корпоративное обучение руководителей и специалистов; ДПО; электронные курсы; деловые мероприятия","HR/L&D, корпоративный университет, закупки, функциональные дирекции","обучение OR повышение квалификации OR развитие персонала OR семинар OR тренинг OR вебинар OR электронный курс OR видеокурс OR стратегическая сессия OR фасилитация OR наставничество","Открытая витрина и связанные карточки/вложения; сначала проверить способы выгрузки и уведомления. API/RSS не подтверждены; автоматический адаптер не испытан.","Открытая информация; участие/часть документов могут требовать регистрацию и квалификацию","Публичный просмотр без плановой покупки подписки; стоимость участия и интеграции уточнять, покупку не включать автоматически","content_read","https://www.kumtor.kg/ru/category/procurement/","Проверка 01.10.2026: Страница прочитана; показывает свежие записи 01.10.2026 с дедлайнами и подробностями закупок.","2026-10-01","cataloged","not_checked_here","1","true","Мониторить ленту с пагинацией и вложениями; проверять кыргызскую/английскую версии и регистрацию поставщиков.","Расширение исходных 159: поиск официального канала и переходы из закупочной/корпоративной страницы","Кумтор Голд Компани","independent","added_v2"
"MISB-197","Белорусская железная дорога — отдельная зарубежная лента TenderGuru","https://tendery-stran-mira.tenderguru.ru/companies/belorusskaya-zheleznaya-doroga","C02","Агрегаторы и альтернативные маршруты","Беларусь","D","Закупки крупного холдинга и отдельных подразделений","Корпоративное обучение руководителей и специалистов; ДПО; электронные курсы; деловые мероприятия","HR/L&D, корпоративный университет, закупки, функциональные дирекции","обучение OR повышение квалификации OR развитие персонала OR семинар OR тренинг OR вебинар OR электронный курс OR видеокурс OR стратегическая сессия OR фасилитация OR наставничество","Открытая витрина и связанные карточки/вложения; сначала проверить способы выгрузки и уведомления. API/RSS не подтверждены; автоматический адаптер не испытан.","Открытая информация; участие/часть документов могут требовать регистрацию и квалификацию","Публичный просмотр без плановой покупки подписки; стоимость участия и интеграции уточнять, покупку не включать автоматически","search_index","https://tendery-stran-mira.tenderguru.ru/companies/belorusskaya-zheleznaya-doroga","Проверка 01.10.2026: Индексирует ленту организации и упоминает выгрузку JSON/XML; объём доступных данных и тариф API не проверены.","2026-10-01","cataloged","not_checked_here","1","true","Проверить наличие услуг обучения за 24 месяца; извлекать первоисточник каждого лота и новые названия подразделений.","Расширение исходных 159: поиск официального канала и переходы из закупочной/корпоративной страницы","TenderGuru; Белорусская железная дорога","aggregator","added_v2"
"MISB-198","Белоруснефть — отдельная зарубежная лента TenderGuru","https://tendery-stran-mira.tenderguru.ru/companies/po-belorusneft","C02","Агрегаторы и альтернативные маршруты","Беларусь","D","Закупки группы и её нефтепродуктообеспечивающих предприятий","Корпоративное обучение руководителей и специалистов; ДПО; электронные курсы; деловые мероприятия","HR/L&D, корпоративный университет, закупки, функциональные дирекции","обучение OR повышение квалификации OR развитие персонала OR семинар OR тренинг OR вебинар OR электронный курс OR видеокурс OR стратегическая сессия OR фасилитация OR наставничество","Открытая витрина и связанные карточки/вложения; сначала проверить способы выгрузки и уведомления. API/RSS не подтверждены; автоматический адаптер не испытан.","Открытая информация; участие/часть документов могут требовать регистрацию и квалификацию","Публичный просмотр без плановой покупки подписки; стоимость участия и интеграции уточнять, покупку не включать автоматически","search_index","https://tendery-stran-mira.tenderguru.ru/companies/po-belorusneft","Проверка 01.10.2026: Индекс показывает источник ПО «Белоруснефть» и фильтр обучения; это дополнительный маршрут к первоисточникам.","2026-10-01","cataloged","not_checked_here","1","true","Расширить на дочерние предприятия; разбирать оригинальные ссылки и исторические образовательные закупки.","Расширение исходных 159: поиск официального канала и переходы из закупочной/корпоративной страницы","TenderGuru; Белоруснефть","aggregator","added_v2"
"MISB-199","Беларуськалий — закупочная лента EnergyBase","https://energybase.ru/vendor/belaruskali/tenders","C02","Агрегаторы и альтернативные маршруты","Беларусь","D","Закупки и изучение конъюнктуры рынка отдельного промышленного холдинга","Корпоративное обучение руководителей и специалистов; ДПО; электронные курсы; деловые мероприятия","HR/L&D, корпоративный университет, закупки, функциональные дирекции","обучение OR повышение квалификации OR развитие персонала OR семинар OR тренинг OR вебинар OR электронный курс OR видеокурс OR стратегическая сессия OR фасилитация OR наставничество","Открытая витрина и связанные карточки/вложения; сначала проверить способы выгрузки и уведомления. API/RSS не подтверждены; автоматический адаптер не испытан.","Открытая информация; участие/часть документов могут требовать регистрацию и квалификацию","Публичный просмотр без плановой покупки подписки; стоимость участия и интеграции уточнять, покупку не включать автоматически","search_index","https://energybase.ru/vendor/belaruskali/tenders","Проверка 01.10.2026: Индекс показывает ленту закупок и свежие процедуры заказчика; в карточках встречается изучение конъюнктуры рынка.","2026-10-01","cataloged","not_checked_here","2","true","Собрать оригинальные адреса закупок и картировать дочерние предприятия; мониторить широкие услуги без фильтра только по обучению.","Расширение исходных 159: поиск официального канала и переходы из закупочной/корпоративной страницы","EnergyBase; Беларуськалий","aggregator","added_v2"
"MISB-200","Ростех — реестр закупочных организаций и выход на РТ-Комплектимпекс","https://rostec.ru/purchase/","C02","Корпоративные закупочные каналы","РФ","R","Поиск недостающих закупочных контуров предприятий госкорпорации","Корпоративное обучение руководителей и специалистов; ДПО; электронные курсы; деловые мероприятия","HR/L&D, корпоративный университет, закупки, функциональные дирекции","обучение OR повышение квалификации OR развитие персонала OR семинар OR тренинг OR вебинар OR электронный курс OR видеокурс OR стратегическая сессия OR фасилитация OR наставничество","Открытая витрина и связанные карточки/вложения; сначала проверить способы выгрузки и уведомления. API/RSS не подтверждены; автоматический адаптер не испытан.","Открытая информация; участие/часть документов могут требовать регистрацию и квалификацию","Публичный просмотр без плановой покупки подписки; стоимость участия и интеграции уточнять, покупку не включать автоматически","search_index","https://rostec.ru/purchase/","Проверка 01.10.2026: Официальный индекс указывает, что перечень присоединившихся организаций доступен в кабинете заказчика РТ-Комплектимпекс.","2026-10-01","cataloged","not_checked_here","1","true","Построить дерево холдингов и закупочных представителей; проверить доступные открытые разделы rt-ci.ru и самостоятельные порталы дочерних обществ.","Расширение исходных 159: поиск официального канала и переходы из закупочной/корпоративной страницы","Ростех; РТ-Комплектимпекс","related_channel","added_v2"
"MISB-201","Качканарская теплоснабжающая компания — самостоятельный закупочный раздел","https://ktk.evraz.com/zakupki/","C02","Корпоративные закупочные каналы","РФ","D","Закупки нишевого корпоративного заказчика, который легко потерять при мониторинге головного холдинга","Корпоративное обучение руководителей и специалистов; ДПО; электронные курсы; деловые мероприятия","HR/L&D, корпоративный университет, закупки, функциональные дирекции","обучение OR повышение квалификации OR развитие персонала OR семинар OR тренинг OR вебинар OR электронный курс OR видеокурс OR стратегическая сессия OR фасилитация OR наставничество","Открытая витрина и связанные карточки/вложения; сначала проверить способы выгрузки и уведомления. API/RSS не подтверждены; автоматический адаптер не испытан.","Открытая информация; участие/часть документов могут требовать регистрацию и квалификацию","Публичный просмотр без плановой покупки подписки; стоимость участия и интеграции уточнять, покупку не включать автоматически","search_index","https://ktk.evraz.com/zakupki/","Проверка 01.10.2026: Официальный индекс показывает приглашения юридических лиц к конкурсам и порядок получения документации.","2026-10-01","cataloged","not_checked_here","2","true","Проверить свежесть извещений и связь с текущей структурой группы; не выводить собственника только из старого домена.","Расширение исходных 159: поиск официального канала и переходы из закупочной/корпоративной страницы","ktk.evraz.com; исторический контур ЕВРАЗ","unknown","added_v2"
"MISB-202","Агентство по госзаказу Татарстана — биржа потребностей и e-mail рассылка","https://www.agzrt.ru/","C01","Региональные малые закупки","РФ","R","Потребности организаций и переходы к закупкам малого объёма","Корпоративное обучение руководителей и специалистов; ДПО; электронные курсы; деловые мероприятия","Государственные и коммерческие заказчики Татарстана и других регионов","обучение OR повышение квалификации OR развитие персонала OR семинар OR тренинг OR вебинар OR электронный курс OR видеокурс OR стратегическая сессия OR фасилитация OR наставничество","Открытая витрина и связанные карточки/вложения; сначала проверить способы выгрузки и уведомления. API/RSS не подтверждены; автоматический адаптер не испытан.","Открытая информация; участие/часть документов могут требовать регистрацию и квалификацию","Официальный индекс указывает бесплатную e-mail рассылку потребностей; условия интеграции ещё не проверены","search_index","https://www.agzrt.ru/","Проверка 01.10.2026: Официальный индекс описывает биржевую площадку малых закупок, статистику потребностей и бесплатную e-mail рассылку.","2026-10-01","cataloged","not_checked_here","1","true","Найти точную ссылку биржи/подписки; оценить охват ЗаказРФ и региональные потребности отдельно от тендерной ленты.","Расширение исходных 159: поиск официального канала и переходы из закупочной/корпоративной страницы","АГЗРТ; ЗаказРФ","related_channel","added_v2"
"MISB-203","BestSpeakers — отдельная лента запросов","https://bestspeakers.ru/category/zaprosy-na-spikerov/","C04","Биржи спикеров и запросов","РФ и русскоязычные заказчики; географию фиксировать для каждого сообщения","D","Запрос организатора на тему, формат, дату и кандидатов","Корпоративные семинары, вебинары, тренинги руководителей и специалистов, деловые и стратегические сессии","HR/L&D, руководители функций, организаторы конференций и деловых клубов","ищем / нужен / посоветуйте / порекомендуйте / подрядчик / запрос КП + обучение / тренинг / семинар / методист / электронный курс / фасилитация / управленцы","Публичная HTML-лента и доступные вложения; Telegram-группы через разрешенный аккаунт/экспорт после проверки правил; проверять новые сообщения и правки, хранить permalink и сырой текст. API не подтвержден.","Публичное описание; глубина истории, комментарии и доступ к чату проверяются отдельно","Просмотр открытой части 0 ₽; платные контакты/подписка и автоматизация — по отдельно проверенным условиям","content_read","https://bestspeakers.ru/category/zaprosy-na-spikerov/","Подтвержден самостоятельный раздел запросов. Вернуть в реестр как дополнительный маршрут общего семейства.","2026-10-01","cataloged","not_checked_here","1","true","Снять доступный архив за 90 дней; проверить пагинацию, вложения, комментарии и обновления; сохранять все сомнительные сигналы. Извлечь новые каналы из ссылок и пересылок.","Веб-поиск и переход по подтвержденной ссылке","ТРЕБУЕТСЯ / экосистема «Лучшие спикеры»","ecosystem_route_or_repost","added_v2"
"MISB-204","Планета тренингов — запросы на тренинги","https://planetatreningov.ru/kakie-treningi/zaprosy-na-treningi/","C04","Биржи спикеров и запросов","РФ и русскоязычные заказчики; географию фиксировать для каждого сообщения","D","Заказ корпоративного тренинга или деловой сессии","Корпоративные семинары, вебинары, тренинги руководителей и специалистов, деловые и стратегические сессии","HR/L&D, руководители функций, организаторы конференций и деловых клубов","ищем / нужен / посоветуйте / порекомендуйте / подрядчик / запрос КП + обучение / тренинг / семинар / методист / электронный курс / фасилитация / управленцы","Публичная HTML-лента и доступные вложения; Telegram-группы через разрешенный аккаунт/экспорт после проверки правил; проверять новые сообщения и правки, хранить permalink и сырой текст. API не подтвержден.","Публичное описание; глубина истории, комментарии и доступ к чату проверяются отдельно","Просмотр открытой части 0 ₽; платные контакты/подписка и автоматизация — по отдельно проверенным условиям","content_read","https://planetatreningov.ru/kakie-treningi/zaprosy-na-treningi/","Раздел содержит 130 карточек: тренинг для руководителей 1С-франчайзи и сессия юридической службы; есть пагинация.","2026-10-01","cataloged","not_checked_here","1","true","Снять доступный архив за 90 дней; проверить пагинацию, вложения, комментарии и обновления; сохранять все сомнительные сигналы. Извлечь новые каналы из ссылок и пересылок.","Веб-поиск и переход по подтвержденной ссылке","ТРЕБУЕТСЯ / экосистема «Лучшие спикеры»","ecosystem_route_or_repost","added_v2"
"MISB-205","SpeakerMarket — запросы организаторов","https://speakermarket.ru/marketplace/requests/","C04","Биржи спикеров и запросов","РФ и русскоязычные заказчики; географию фиксировать для каждого сообщения","D","Подбор эксперта под задачу заказчика","Корпоративные семинары, вебинары, тренинги руководителей и специалистов, деловые и стратегические сессии","HR/L&D, руководители функций, организаторы конференций и деловых клубов","ищем / нужен / посоветуйте / порекомендуйте / подрядчик / запрос КП + обучение / тренинг / семинар / методист / электронный курс / фасилитация / управленцы","Публичная HTML-лента и доступные вложения; Telegram-группы через разрешенный аккаунт/экспорт после проверки правил; проверять новые сообщения и правки, хранить permalink и сырой текст. API не подтвержден.","Публичное описание; глубина истории, комментарии и доступ к чату проверяются отдельно","Просмотр открытой части 0 ₽; платные контакты/подписка и автоматизация — по отдельно проверенным условиям","content_read","https://speakermarket.ru/marketplace/requests/","В ленте запросы банка, юридической службы, темы ИИ, продаж и критического мышления.","2026-10-01","cataloged","not_checked_here","1","true","Снять доступный архив за 90 дней; проверить пагинацию, вложения, комментарии и обновления; сохранять все сомнительные сигналы. Извлечь новые каналы из ссылок и пересылок.","Веб-поиск и переход по подтвержденной ссылке","ТРЕБУЕТСЯ / экосистема «Лучшие спикеры»","ecosystem_route_or_repost","added_v2"
"MISB-206","Проект СПИКЕРЫ — партнерская и закрытая биржа","https://project-speakers.ru/","C04","Партнерства и агентские каналы","РФ и русскоязычные заказчики; географию фиксировать для каждого сообщения","P","Передача запросов, субподряд выступлений и учебных программ","Корпоративные семинары, вебинары, тренинги руководителей и специалистов, деловые и стратегические сессии","HR/L&D, руководители функций, организаторы конференций и деловых клубов","ищем / нужен / посоветуйте / порекомендуйте / подрядчик / запрос КП + обучение / тренинг / семинар / методист / электронный курс / фасилитация / управленцы","Публичная HTML-лента и доступные вложения; Telegram-группы через разрешенный аккаунт/экспорт после проверки правил; проверять новые сообщения и правки, хранить permalink и сырой текст. API не подтвержден.","Публичное описание; глубина истории, комментарии и доступ к чату проверяются отдельно","Просмотр открытой части 0 ₽; платные контакты/подписка и автоматизация — по отдельно проверенным условиям","content_read","https://project-speakers.ru/","На сайте описаны партнерская программа и закрытое сообщество с запросами на выступления.","2026-10-01","cataloged","not_checked_here","2","true","Проверить доступ к закрытой ленте и условия партнерства; реестр не выключать из-за отсутствия открытого API.","Веб-поиск и переход по подтвержденной ссылке","ТРЕБУЕТСЯ / экосистема «Лучшие спикеры»","ecosystem_route_or_repost","added_v2"
"MISB-207","Найти спикера — каталог и маршрут к заказчикам","https://find-speaker.ru/","C04","Партнерства и агентские каналы","РФ и русскоязычные заказчики; географию фиксировать для каждого сообщения","P","Подбор спикера, партнерские обращения, исходящие ссылки на каналы спроса","Корпоративные семинары, вебинары, тренинги руководителей и специалистов, деловые и стратегические сессии","HR/L&D, руководители функций, организаторы конференций и деловых клубов","ищем / нужен / посоветуйте / порекомендуйте / подрядчик / запрос КП + обучение / тренинг / семинар / методист / электронный курс / фасилитация / управленцы","Публичная HTML-лента и доступные вложения; Telegram-группы через разрешенный аккаунт/экспорт после проверки правил; проверять новые сообщения и правки, хранить permalink и сырой текст. API не подтвержден.","Публичное описание; глубина истории, комментарии и доступ к чату проверяются отдельно","Просмотр открытой части 0 ₽; платные контакты/подписка и автоматизация — по отдельно проверенным условиям","content_read","https://find-speaker.ru/","Подтвержден действующий открытый каталог. Прямой поток закупочных запросов на главной не установлен.","2026-10-01","cataloged","not_checked_here","2","true","Снять доступный архив за 90 дней; проверить пагинацию, вложения, комментарии и обновления; сохранять все сомнительные сигналы. Извлечь новые каналы из ссылок и пересылок.","Веб-поиск и переход по подтвержденной ссылке","ТРЕБУЕТСЯ / экосистема «Лучшие спикеры»","ecosystem_route_or_repost","added_v2"
"MISB-208","BestSpeakers — Telegram с запросами","https://t.me/Project_Best_Speakers","C05","Telegram: запросы и проекты","РФ и русскоязычные заказчики; географию фиксировать для каждого сообщения","D","Оперативные публикации запросов на выступления","Корпоративные семинары, вебинары, тренинги руководителей и специалистов, деловые и стратегические сессии","HR/L&D, руководители функций, организаторы конференций и деловых клубов","ищем / нужен / посоветуйте / порекомендуйте / подрядчик / запрос КП + обучение / тренинг / семинар / методист / электронный курс / фасилитация / управленцы","Публичная HTML-лента и доступные вложения; Telegram-группы через разрешенный аккаунт/экспорт после проверки правил; проверять новые сообщения и правки, хранить permalink и сырой текст. API не подтвержден.","Публичное описание; глубина истории, комментарии и доступ к чату проверяются отдельно","Просмотр открытой части 0 ₽; платные контакты/подписка и автоматизация — по отдельно проверенным условиям","content_read","https://bestspeakers.ru/","Официальный сайт прямо ссылается на этот Telegram как на канал запросов.","2026-10-01","cataloged","not_checked_here","1","true","Снять доступный архив за 90 дней; проверить пагинацию, вложения, комментарии и обновления; сохранять все сомнительные сигналы. Извлечь новые каналы из ссылок и пересылок.","Веб-поиск и переход по подтвержденной ссылке","ТРЕБУЕТСЯ / экосистема «Лучшие спикеры»","ecosystem_route_or_repost","added_v2"
"MISB-209","BestSpeakers — профессиональный Telegram-чат","https://t.me/BestSpeakersRu","C05","Telegram: профессиональные чаты","РФ и русскоязычные заказчики; географию фиксировать для каждого сообщения","P","Рекомендации, замены спикеров, совместное исполнение","Корпоративные семинары, вебинары, тренинги руководителей и специалистов, деловые и стратегические сессии","Агентства, тренеры, координаторы обучения","ищем / нужен / посоветуйте / порекомендуйте / подрядчик / запрос КП + обучение / тренинг / семинар / методист / электронный курс / фасилитация / управленцы","Публичная HTML-лента и доступные вложения; Telegram-группы через разрешенный аккаунт/экспорт после проверки правил; проверять новые сообщения и правки, хранить permalink и сырой текст. API не подтвержден.","Публичное описание; глубина истории, комментарии и доступ к чату проверяются отдельно","Просмотр открытой части 0 ₽; платные контакты/подписка и автоматизация — по отдельно проверенным условиям","content_read","https://t.me/BestSpeakersRu","Чат подтвержден ссылкой официального BestSpeakers; содержание истории не проверено.","2026-10-01","cataloged","not_checked_here","2","true","Снять доступный архив за 90 дней; проверить пагинацию, вложения, комментарии и обновления; сохранять все сомнительные сигналы. Извлечь новые каналы из ссылок и пересылок.","Веб-поиск и переход по подтвержденной ссылке","ТРЕБУЕТСЯ / экосистема «Лучшие спикеры»","ecosystem_route_or_repost","added_v2"
"MISB-210","BestSpeakers — VK","https://vk.com/bestspeakers","C05","VK: запросы и профессиональные сообщества","РФ и русскоязычные заказчики; географию фиксировать для каждого сообщения","D","Публикации запросов и их комментарии","Корпоративные семинары, вебинары, тренинги руководителей и специалистов, деловые и стратегические сессии","HR/L&D, руководители функций, организаторы конференций и деловых клубов","ищем / нужен / посоветуйте / порекомендуйте / подрядчик / запрос КП + обучение / тренинг / семинар / методист / электронный курс / фасилитация / управленцы","Публичная HTML-лента и доступные вложения; Telegram-группы через разрешенный аккаунт/экспорт после проверки правил; проверять новые сообщения и правки, хранить permalink и сырой текст. API не подтвержден. Доступ к стене/обсуждениям/комментариям отдельно не подтвержден; проверить разрешенный интерфейс платформы.","Публичное описание; глубина истории, комментарии и доступ к чату проверяются отдельно","Просмотр открытой части 0 ₽; платные контакты/подписка и автоматизация — по отдельно проверенным условиям","search_index","https://bestspeakers.ru/predlagaem-podbor-spikerov-dlya-meropriyatij/","Официальная страница приводит точный VK-адрес. Стену и текущую полноту потока еще проверить.","2026-10-01","cataloged","not_checked_here","1","true","Снять доступный архив за 90 дней; проверить пагинацию, вложения, комментарии и обновления; сохранять все сомнительные сигналы. Извлечь новые каналы из ссылок и пересылок.","Веб-поиск и переход по подтвержденной ссылке","ТРЕБУЕТСЯ / экосистема «Лучшие спикеры»","ecosystem_route_or_repost","added_v2"
"MISB-211","BestSpeakers — Одноклассники","https://ok.ru/group/67289716752433","C05","Социальные сети: зеркала запросов","РФ и русскоязычные заказчики; географию фиксировать для каждого сообщения","D","Дополнительная публикация запроса, возможные новые детали или комментарии","Корпоративные семинары, вебинары, тренинги руководителей и специалистов, деловые и стратегические сессии","HR/L&D, руководители функций, организаторы конференций и деловых клубов","ищем / нужен / посоветуйте / порекомендуйте / подрядчик / запрос КП + обучение / тренинг / семинар / методист / электронный курс / фасилитация / управленцы","Публичная HTML-лента и доступные вложения; Telegram-группы через разрешенный аккаунт/экспорт после проверки правил; проверять новые сообщения и правки, хранить permalink и сырой текст. API не подтвержден. Доступ к стене/обсуждениям/комментариям отдельно не подтвержден; проверить разрешенный интерфейс платформы.","Публичное описание; глубина истории, комментарии и доступ к чату проверяются отдельно","Просмотр открытой части 0 ₽; платные контакты/подписка и автоматизация — по отдельно проверенным условиям","search_index","https://ok.ru/group/67289716752433/topic/159363404503857","Подтвержден запрос производителя электротехники на вебинары руководителям по мышлению и эмоциональному интеллекту.","2026-10-01","cataloged","not_checked_here","1","true","Снять доступный архив за 90 дней; проверить пагинацию, вложения, комментарии и обновления; сохранять все сомнительные сигналы. Извлечь новые каналы из ссылок и пересылок.","Веб-поиск и переход по подтвержденной ссылке","ТРЕБУЕТСЯ / экосистема «Лучшие спикеры»","ecosystem_route_or_repost","added_v2"
"MISB-212","BestSpeakers — Boosty с платными контактами","https://boosty.to/bestspeakers","C04","Платные ленты прямого спроса","РФ и русскоязычные заказчики; географию фиксировать для каждого сообщения","D","Ранний доступ к запросам и контактам организаторов","Корпоративные семинары, вебинары, тренинги руководителей и специалистов, деловые и стратегические сессии","HR/L&D, руководители функций, организаторы конференций и деловых клубов","ищем / нужен / посоветуйте / порекомендуйте / подрядчик / запрос КП + обучение / тренинг / семинар / методист / электронный курс / фасилитация / управленцы","Публичная HTML-лента и доступные вложения; Telegram-группы через разрешенный аккаунт/экспорт после проверки правил; проверять новые сообщения и правки, хранить permalink и сырой текст. API не подтвержден.","Публичное описание; глубина истории, комментарии и доступ к чату проверяются отдельно","Подписка платная; цену проверить перед подключением, в пределах общего бюджета 10 000 ₽/мес.","search_index","https://boosty.to/bestspeakers","Описание проекта подтверждает публикацию запросов и закрытый Telegram после оплаты; актуальная цена не установлена.","2026-10-01","cataloged","not_checked_here","1","true","Снять доступный архив за 90 дней; проверить пагинацию, вложения, комментарии и обновления; сохранять все сомнительные сигналы. Извлечь новые каналы из ссылок и пересылок.","Веб-поиск и переход по подтвержденной ссылке","ТРЕБУЕТСЯ / экосистема «Лучшие спикеры»","ecosystem_route_or_repost","added_v2"
"MISB-213","Digital Learning — сайт и карта экосистемы","https://digital-learning.ru/ekosistema-soobshhestva/","C18","Каталоги и автоматическое открытие источников","РФ и русскоязычные заказчики; географию фиксировать для каждого сообщения","R","Новые тематические и региональные чаты, выходящие из основного сообщества","Разработка электронных курсов, методология, учебные материалы, обучение внутренних тренеров и руководителей","L&D, корпоративные университеты, HRD, продюсеры B2B-образования","ищем / нужен / посоветуйте / порекомендуйте / подрядчик / запрос КП + обучение / тренинг / семинар / методист / электронный курс / фасилитация / управленцы","Публичная HTML-лента и доступные вложения; Telegram-группы через разрешенный аккаунт/экспорт после проверки правил; проверять новые сообщения и правки, хранить permalink и сырой текст. API не подтвержден.","Публичное описание; глубина истории, комментарии и доступ к чату проверяются отдельно","Просмотр открытой части 0 ₽; платные контакты/подписка и автоматизация — по отдельно проверенным условиям","content_read","https://digital-learning.ru/ekosistema-soobshhestva/","Официальная карта содержит специализированные чаты, региональную ветку и архивные переговорки.","2026-10-01","cataloged","not_checked_here","1","true","Обходить карту и сравнивать исходящие ссылки еженедельно; каждому новому чату отдельный source_id, даже при общих владельцах.","Веб-поиск и переход по подтвержденной ссылке","Digital Learning — основной профессиональный чат","ecosystem_specialized_route","added_v2"
"MISB-214","Digital Learning — основной новостной Telegram","https://t.me/ielearning","C05","Telegram: L&D и корпоративное обучение","РФ и русскоязычные заказчики; географию фиксировать для каждого сообщения","I","Кейсы, новые задачи заказчиков, открытые приглашения и ссылки на дискуссии","Разработка электронных курсов, методология, учебные материалы, обучение внутренних тренеров и руководителей","L&D, корпоративные университеты, HRD, продюсеры B2B-образования","ищем / нужен / посоветуйте / порекомендуйте / подрядчик / запрос КП + обучение / тренинг / семинар / методист / электронный курс / фасилитация / управленцы","Публичная HTML-лента и доступные вложения; Telegram-группы через разрешенный аккаунт/экспорт после проверки правил; проверять новые сообщения и правки, хранить permalink и сырой текст. API не подтвержден.","Публичное описание; глубина истории, комментарии и доступ к чату проверяются отдельно","Просмотр открытой части 0 ₽; платные контакты/подписка и автоматизация — по отдельно проверенным условиям","content_read","https://digital-learning.ru/dl/","Официальная страница сообщества указывает канал @ielearning.","2026-10-01","cataloged","not_checked_here","2","true","Снять доступный архив за 90 дней; проверить пагинацию, вложения, комментарии и обновления; сохранять все сомнительные сигналы. Извлечь новые каналы из ссылок и пересылок.","Веб-поиск и переход по подтвержденной ссылке","Digital Learning — основной профессиональный чат","ecosystem_specialized_route","added_v2"
"MISB-215","Digital Learning — VK","https://vk.com/digitallearning","C05","VK: L&D и корпоративное обучение","РФ и русскоязычные заказчики; географию фиксировать для каждого сообщения","I","Комментарии участников, кейсы заказчиков и новые партнерские направления","Разработка электронных курсов, методология, учебные материалы, обучение внутренних тренеров и руководителей","L&D, корпоративные университеты, HRD, продюсеры B2B-образования","ищем / нужен / посоветуйте / порекомендуйте / подрядчик / запрос КП + обучение / тренинг / семинар / методист / электронный курс / фасилитация / управленцы","Публичная HTML-лента и доступные вложения; Telegram-группы через разрешенный аккаунт/экспорт после проверки правил; проверять новые сообщения и правки, хранить permalink и сырой текст. API не подтвержден. Доступ к стене/обсуждениям/комментариям отдельно не подтвержден; проверить разрешенный интерфейс платформы.","Публичное описание; глубина истории, комментарии и доступ к чату проверяются отдельно","Просмотр открытой части 0 ₽; платные контакты/подписка и автоматизация — по отдельно проверенным условиям","content_read","https://digital-learning.ru/dl/","Официальная страница сообщества указывает VK; доступность комментариев еще проверить.","2026-10-01","cataloged","not_checked_here","2","true","Снять доступный архив за 90 дней; проверить пагинацию, вложения, комментарии и обновления; сохранять все сомнительные сигналы. Извлечь новые каналы из ссылок и пересылок.","Веб-поиск и переход по подтвержденной ссылке","Digital Learning — основной профессиональный чат","ecosystem_specialized_route","added_v2"
"MISB-216","Digital Learning Сибирь","https://t.me/DL_Siberia","C05","Telegram: региональные HR-сообщества","РФ и русскоязычные заказчики; географию фиксировать для каждого сообщения","I","Региональные рекомендации тренеров и обсуждения задач обучения","Разработка электронных курсов, методология, учебные материалы, обучение внутренних тренеров и руководителей","HR и L&D компаний Сибири","ищем / нужен / посоветуйте / порекомендуйте / подрядчик / запрос КП + обучение / тренинг / семинар / методист / электронный курс / фасилитация / управленцы","Публичная HTML-лента и доступные вложения; Telegram-группы через разрешенный аккаунт/экспорт после проверки правил; проверять новые сообщения и правки, хранить permalink и сырой текст. API не подтвержден.","Публичное описание; глубина истории, комментарии и доступ к чату проверяются отдельно","Просмотр открытой части 0 ₽; платные контакты/подписка и автоматизация — по отдельно проверенным условиям","content_read","https://t.me/DL_Siberia","Подтверждена группа про обучение и HR в Сибири; официальная карта обозначает новую ветку 2026 года.","2026-10-01","cataloged","not_checked_here","2","true","Снять доступный архив за 90 дней; проверить пагинацию, вложения, комментарии и обновления; сохранять все сомнительные сигналы. Извлечь новые каналы из ссылок и пересылок.","Веб-поиск и переход по подтвержденной ссылке","Digital Learning — основной профессиональный чат","ecosystem_specialized_route","added_v2"
"MISB-217","Методический кружок Digital Learning","https://t.me/metod_krug","C05","Telegram: методисты и педагогический дизайн","РФ и русскоязычные заказчики; географию фиксировать для каждого сообщения","I","Не закрытые внутренними силами задачи разработки программ","Разработка электронных курсов, методология, учебные материалы, обучение внутренних тренеров и руководителей","L&D, корпоративные университеты, HRD, продюсеры B2B-образования","ищем / нужен / посоветуйте / порекомендуйте / подрядчик / запрос КП + обучение / тренинг / семинар / методист / электронный курс / фасилитация / управленцы","Публичная HTML-лента и доступные вложения; Telegram-группы через разрешенный аккаунт/экспорт после проверки правил; проверять новые сообщения и правки, хранить permalink и сырой текст. API не подтвержден.","Публичное описание; глубина истории, комментарии и доступ к чату проверяются отдельно","Просмотр открытой части 0 ₽; платные контакты/подписка и автоматизация — по отдельно проверенным условиям","content_read","https://t.me/metod_krug","Подтвержден чат обмена опытом; описание ведет к отдельной ленте вакансий.","2026-10-01","cataloged","not_checked_here","2","true","Снять доступный архив за 90 дней; проверить пагинацию, вложения, комментарии и обновления; сохранять все сомнительные сигналы. Извлечь новые каналы из ссылок и пересылок.","Веб-поиск и переход по подтвержденной ссылке","Digital Learning — основной профессиональный чат","ecosystem_specialized_route","added_v2"
"MISB-218","Digital Learning — Кружок «Очумелые ручки»","https://t.me/dl_tehcnology","C05","Telegram: технологии обучения","РФ и русскоязычные заказчики; географию фиксировать для каждого сообщения","I","Проблемы с курсами/СДО, нехватка исполнителей и экспертизы","Разработка электронных курсов, методология, учебные материалы, обучение внутренних тренеров и руководителей","Владельцы LMS, руководители электронного обучения","ищем / нужен / посоветуйте / порекомендуйте / подрядчик / запрос КП + обучение / тренинг / семинар / методист / электронный курс / фасилитация / управленцы","Публичная HTML-лента и доступные вложения; Telegram-группы через разрешенный аккаунт/экспорт после проверки правил; проверять новые сообщения и правки, хранить permalink и сырой текст. API не подтвержден.","Публичное описание; глубина истории, комментарии и доступ к чату проверяются отдельно","Просмотр открытой части 0 ₽; платные контакты/подписка и автоматизация — по отдельно проверенным условиям","content_read","https://t.me/dl_tehcnology","Подтвержден выделенный технологический чат; необычное написание handle сохранено точно.","2026-10-01","cataloged","not_checked_here","2","true","Снять доступный архив за 90 дней; проверить пагинацию, вложения, комментарии и обновления; сохранять все сомнительные сигналы. Извлечь новые каналы из ссылок и пересылок.","Веб-поиск и переход по подтвержденной ссылке","Digital Learning — основной профессиональный чат","ecosystem_specialized_route","added_v2"
"MISB-219","Digital Learning — DL Events","https://t.me/dl_events","C05","Telegram: деловые события и спикеры","РФ и русскоязычные заказчики; географию фиксировать для каждого сообщения","P","Анонсы событий, поиск экспертов, партнерства с организаторами","Корпоративные семинары, вебинары, тренинги руководителей и специалистов, деловые и стратегические сессии","HR/L&D, руководители функций, организаторы конференций и деловых клубов","ищем / нужен / посоветуйте / порекомендуйте / подрядчик / запрос КП + обучение / тренинг / семинар / методист / электронный курс / фасилитация / управленцы","Публичная HTML-лента и доступные вложения; Telegram-группы через разрешенный аккаунт/экспорт после проверки правил; проверять новые сообщения и правки, хранить permalink и сырой текст. API не подтвержден.","Публичное описание; глубина истории, комментарии и доступ к чату проверяются отдельно","Просмотр открытой части 0 ₽; платные контакты/подписка и автоматизация — по отдельно проверенным условиям","content_read","https://t.me/dl_events","Описание подтверждает специальный чат анонсов сообщества; это не доказательство платных заказов.","2026-10-01","cataloged","not_checked_here","2","true","Снять доступный архив за 90 дней; проверить пагинацию, вложения, комментарии и обновления; сохранять все сомнительные сигналы. Извлечь новые каналы из ссылок и пересылок.","Веб-поиск и переход по подтвержденной ссылке","Digital Learning — основной профессиональный чат","ecosystem_specialized_route","added_v2"
"MISB-220","CS://методисты — ссылка из Digital Learning","https://t.me/csmethod","C05","Telegram: методисты IT-курсов","РФ и русскоязычные заказчики; географию фиксировать для каждого сообщения","P","Поиск авторов и методистов технических программ","Разработка электронных курсов, методология, учебные материалы, обучение внутренних тренеров и руководителей","IT-академии и руководители разработки курсов","ищем / нужен / посоветуйте / порекомендуйте / подрядчик / запрос КП + обучение / тренинг / семинар / методист / электронный курс / фасилитация / управленцы","Публичная HTML-лента и доступные вложения; Telegram-группы через разрешенный аккаунт/экспорт после проверки правил; проверять новые сообщения и правки, хранить permalink и сырой текст. API не подтвержден.","Публичное описание; глубина истории, комментарии и доступ к чату проверяются отдельно","Просмотр открытой части 0 ₽; платные контакты/подписка и автоматизация — по отдельно проверенным условиям","candidate","https://digital-learning.ru/ekosistema-soobshhestva/","Официальная карта ссылается на CS://методисты, но Telegram показывает лишь контакт. Текущий чат/новый адрес не подтвержден.","2026-10-01","candidate","not_checked_here","3","true","Адрес пока подтвержден как контактный маршрут. Установить актуальный адрес сообщества; до этого не объявлять доступной историю группового чата. Сохранить кандидат; выяснить миграцию или переименование через официальную карту и администратора, не подменять вымышленным handle.","Веб-поиск и переход по подтвержденной ссылке","Digital Learning — основной профессиональный чат","ecosystem_specialized_route","added_v2"
"MISB-221","Digital Learning — VR/AR в обучении","https://t.me/dl_vr_in_digitallearning","C05","Telegram: иммерсивное обучение","РФ и русскоязычные заказчики; географию фиксировать для каждого сообщения","I","Новый формат обучения, запрос на сценарий или подготовку экспертов","Разработка электронных курсов, методология, учебные материалы, обучение внутренних тренеров и руководителей","L&D, проектные команды VR/AR, интеграторы","ищем / нужен / посоветуйте / порекомендуйте / подрядчик / запрос КП + обучение / тренинг / семинар / методист / электронный курс / фасилитация / управленцы","Публичная HTML-лента и доступные вложения; Telegram-группы через разрешенный аккаунт/экспорт после проверки правил; проверять новые сообщения и правки, хранить permalink и сырой текст. API не подтвержден.","Публичное описание; глубина истории, комментарии и доступ к чату проверяются отдельно","Просмотр открытой части 0 ₽; платные контакты/подписка и автоматизация — по отдельно проверенным условиям","content_read","https://t.me/dl_vr_in_digitallearning","Подтвержден тематический чат; проектная методология и контент могут закупаться отдельно от технологии.","2026-10-01","cataloged","not_checked_here","2","true","Снять доступный архив за 90 дней; проверить пагинацию, вложения, комментарии и обновления; сохранять все сомнительные сигналы. Извлечь новые каналы из ссылок и пересылок.","Веб-поиск и переход по подтвержденной ссылке","Digital Learning — основной профессиональный чат","ecosystem_specialized_route","added_v2"
"MISB-222","Лаборатория онлайн-обучения","https://t.me/educational_lab","C05","Telegram: методология обучения","РФ и русскоязычные заказчики; географию фиксировать для каждого сообщения","P","Партнерства, комментарии корпоративных заказчиков, спрос на разработку","Разработка электронных курсов, методология, учебные материалы, обучение внутренних тренеров и руководителей","L&D, корпоративные университеты, HRD, продюсеры B2B-образования","ищем / нужен / посоветуйте / порекомендуйте / подрядчик / запрос КП + обучение / тренинг / семинар / методист / электронный курс / фасилитация / управленцы","Публичная HTML-лента и доступные вложения; Telegram-группы через разрешенный аккаунт/экспорт после проверки правил; проверять новые сообщения и правки, хранить permalink и сырой текст. API не подтвержден.","Публичное описание; глубина истории, комментарии и доступ к чату проверяются отдельно","Просмотр открытой части 0 ₽; платные контакты/подписка и автоматизация — по отдельно проверенным условиям","content_read","https://t.me/educational_lab","Подтвержден канал проектирования образовательных продуктов и ссылка на чат автора.","2026-10-01","cataloged","not_checked_here","2","true","Снять доступный архив за 90 дней; проверить пагинацию, вложения, комментарии и обновления; сохранять все сомнительные сигналы. Извлечь новые каналы из ссылок и пересылок.","Веб-поиск и переход по подтвержденной ссылке","Digital Learning — основной профессиональный чат","ecosystem_specialized_route","added_v2"
"MISB-223","Лаборатория вакансий в образовании","https://t.me/lab_vacancies","C05","Telegram: проекты и вакансии в образовании","РФ и русскоязычные заказчики; географию фиксировать для каждого сообщения","D","Проектная разработка курса; штатную вакансию сохранять как косвенный сигнал","Разработка электронных курсов, методология, учебные материалы, обучение внутренних тренеров и руководителей","L&D, корпоративные университеты, HRD, продюсеры B2B-образования","ищем / нужен / посоветуйте / порекомендуйте / подрядчик / запрос КП + обучение / тренинг / семинар / методист / электронный курс / фасилитация / управленцы","Публичная HTML-лента и доступные вложения; Telegram-группы через разрешенный аккаунт/экспорт после проверки правил; проверять новые сообщения и правки, хранить permalink и сырой текст. API не подтвержден.","Публичное описание; глубина истории, комментарии и доступ к чату проверяются отдельно","Просмотр открытой части 0 ₽; платные контакты/подписка и автоматизация — по отдельно проверенным условиям","search_index","https://t.me/s/lab_vacancies?before=649","Индексируются вакансии методистов и проектная сборка образовательных программ; ссылка также подтверждена @metod_krug.","2026-10-01","cataloged","not_checked_here","1","true","Снять доступный архив за 90 дней; проверить пагинацию, вложения, комментарии и обновления; сохранять все сомнительные сигналы. Извлечь новые каналы из ссылок и пересылок.","Веб-поиск и переход по подтвержденной ссылке","Digital Learning — основной профессиональный чат","ecosystem_specialized_route","added_v2"
"MISB-224","Фриланс Таверна — проекты методологов","https://t.me/freelancetaverna","C05","Telegram: общие биржи проектов","РФ и русскоязычные заказчики; географию фиксировать для каждого сообщения","D","Проектная разработка серии учебных модулей","Разработка электронных курсов, методология, учебные материалы, обучение внутренних тренеров и руководителей","Онлайн-школы, продюсеры, корпоративные проектные команды","ищем / нужен / посоветуйте / порекомендуйте / подрядчик / запрос КП + обучение / тренинг / семинар / методист / электронный курс / фасилитация / управленцы","Публичная HTML-лента и доступные вложения; Telegram-группы через разрешенный аккаунт/экспорт после проверки правил; проверять новые сообщения и правки, хранить permalink и сырой текст. API не подтвержден.","Публичное описание; глубина истории, комментарии и доступ к чату проверяются отдельно","Просмотр открытой части 0 ₽; платные контакты/подписка и автоматизация — по отдельно проверенным условиям","search_index","https://t.me/s/freelancetaverna/3065","Найден запрос на около 40 текстовых микро-курсов для программы бизнес-трекинга.","2026-10-01","cataloged","not_checked_here","1","true","Снять доступный архив за 90 дней; проверить пагинацию, вложения, комментарии и обновления; сохранять все сомнительные сигналы. Извлечь новые каналы из ссылок и пересылок.","Веб-поиск и переход по подтвержденной ссылке","","independent_unconfirmed","added_v2"
"MISB-225","WORK ON | STREAM","https://t.me/workk_onstream","C05","Telegram: общие биржи проектов","РФ и русскоязычные заказчики; географию фиксировать для каждого сообщения","D","Разработка сценариев уроков, презентаций, заданий и учебных материалов","Разработка электронных курсов, методология, учебные материалы, обучение внутренних тренеров и руководителей","Продюсеры и руководители образовательных продуктов","ищем / нужен / посоветуйте / порекомендуйте / подрядчик / запрос КП + обучение / тренинг / семинар / методист / электронный курс / фасилитация / управленцы","Публичная HTML-лента и доступные вложения; Telegram-группы через разрешенный аккаунт/экспорт после проверки правил; проверять новые сообщения и правки, хранить permalink и сырой текст. API не подтвержден.","Публичное описание; глубина истории, комментарии и доступ к чату проверяются отдельно","Просмотр открытой части 0 ₽; платные контакты/подписка и автоматизация — по отдельно проверенным условиям","search_index","https://t.me/s/workk_onstream?before=23185","В индексируемой ленте есть проектные задания методисту и запросы методологов.","2026-10-01","cataloged","not_checked_here","1","true","Снять доступный архив за 90 дней; проверить пагинацию, вложения, комментарии и обновления; сохранять все сомнительные сигналы. Извлечь новые каналы из ссылок и пересылок.","Веб-поиск и переход по подтвержденной ссылке","","independent_unconfirmed","added_v2"
"MISB-226","ФРИЛАНС | ВАКАНСИИ | УДАЛЕНКА","https://t.me/freelancce","C05","Telegram: общие биржи проектов","РФ и русскоязычные заказчики; географию фиксировать для каждого сообщения","D","Разработка программы и запуск образовательного сообщества","Разработка электронных курсов, методология, учебные материалы, обучение внутренних тренеров и руководителей","Онлайн-школы и образовательные подразделения","ищем / нужен / посоветуйте / порекомендуйте / подрядчик / запрос КП + обучение / тренинг / семинар / методист / электронный курс / фасилитация / управленцы","Публичная HTML-лента и доступные вложения; Telegram-группы через разрешенный аккаунт/экспорт после проверки правил; проверять новые сообщения и правки, хранить permalink и сырой текст. API не подтвержден.","Публичное описание; глубина истории, комментарии и доступ к чату проверяются отдельно","Просмотр открытой части 0 ₽; платные контакты/подписка и автоматизация — по отдельно проверенным условиям","search_index","https://tg.me/freelancce/16076","Найден запрос методолога для IT-сообщества; актуальность конкретного заказа проверить отдельно.","2026-10-01","cataloged","not_checked_here","2","true","Снять доступный архив за 90 дней; проверить пагинацию, вложения, комментарии и обновления; сохранять все сомнительные сигналы. Извлечь новые каналы из ссылок и пересылок.","Веб-поиск и переход по подтвержденной ссылке","","independent_unconfirmed","added_v2"
"MISB-227","Kadrof — вакансии и заказы фрилансерам","https://t.me/kadrof_work","C05","Telegram: общие биржи проектов","РФ и русскоязычные заказчики; географию фиксировать для каждого сообщения","D","Субподряд учебных материалов, презентаций, редакторской работы","Разработка электронных курсов, методология, учебные материалы, обучение внутренних тренеров и руководителей","Агентства, продюсеры, обучающие компании","ищем / нужен / посоветуйте / порекомендуйте / подрядчик / запрос КП + обучение / тренинг / семинар / методист / электронный курс / фасилитация / управленцы","Публичная HTML-лента и доступные вложения; Telegram-группы через разрешенный аккаунт/экспорт после проверки правил; проверять новые сообщения и правки, хранить permalink и сырой текст. API не подтвержден.","Публичное описание; глубина истории, комментарии и доступ к чату проверяются отдельно","Просмотр открытой части 0 ₽; платные контакты/подписка и автоматизация — по отдельно проверенным условиям","content_read","https://t.me/kadrof_work","Описание подтверждает ежедневные вакансии и заказы; профильные заказы в ходе проверки не подсчитаны.","2026-10-01","cataloged","not_checked_here","2","true","Снять доступный архив за 90 дней; проверить пагинацию, вложения, комментарии и обновления; сохранять все сомнительные сигналы. Извлечь новые каналы из ссылок и пересылок.","Веб-поиск и переход по подтвержденной ссылке","","independent_unconfirmed","added_v2"
"MISB-228","Kwork — биржа проектов заказчиков","https://kwork.ru/projects","C04","Биржи проектов: заказчики","РФ и русскоязычные заказчики; географию фиксировать для каждого сообщения","D","Заказ разработки курса, методических материалов, вебинара или презентации","Разработка электронных курсов, методология, учебные материалы, обучение внутренних тренеров и руководителей","Компании и продюсеры образовательных проектов","ищем / нужен / посоветуйте / порекомендуйте / подрядчик / запрос КП + обучение / тренинг / семинар / методист / электронный курс / фасилитация / управленцы","Публичная HTML-лента и доступные вложения; Telegram-группы через разрешенный аккаунт/экспорт после проверки правил; проверять новые сообщения и правки, хранить permalink и сырой текст. API не подтвержден.","Публичное описание; глубина истории, комментарии и доступ к чату проверяются отдельно","Просмотр открытой части 0 ₽; платные контакты/подписка и автоматизация — по отдельно проверенным условиям","content_read","https://kwork.ru/projects","Подтверждена именно биржа проектов; дополняет каталог услуг Kwork из baseline.","2026-10-01","cataloged","not_checked_here","2","true","Проверить доступ к проектам и сохраненные запросы по всему словарю; каталог продавцов не использовать как замену бирже покупателей.","Веб-поиск и переход по подтвержденной ссылке","Kwork — обучение и консалтинг","buyer_side_route","added_v2"
"MISB-229","LessonDelivery — EdTech-чат","https://t.me/LessonDeliveryChat","C05","Telegram: EdTech и микрообучение","РФ и русскоязычные заказчики; географию фиксировать для каждого сообщения","I","Задачи переноса курсов в боты, сценариев и учебного контента","Разработка электронных курсов, методология, учебные материалы, обучение внутренних тренеров и руководителей","Авторы B2B-курсов, HR и платформенные интеграторы","ищем / нужен / посоветуйте / порекомендуйте / подрядчик / запрос КП + обучение / тренинг / семинар / методист / электронный курс / фасилитация / управленцы","Публичная HTML-лента и доступные вложения; Telegram-группы через разрешенный аккаунт/экспорт после проверки правил; проверять новые сообщения и правки, хранить permalink и сырой текст. API не подтвержден.","Публичное описание; глубина истории, комментарии и доступ к чату проверяются отдельно","Просмотр открытой части 0 ₽; платные контакты/подписка и автоматизация — по отдельно проверенным условиям","search_index","https://t.me/LessonDelivery","Главный канал платформы подтверждает точную ссылку на EdTech-чат; история чата не проверена.","2026-10-01","cataloged","not_checked_here","2","true","Снять доступный архив за 90 дней; проверить пагинацию, вложения, комментарии и обновления; сохранять все сомнительные сигналы. Извлечь новые каналы из ссылок и пересылок.","Веб-поиск и переход по подтвержденной ссылке","LessonDelivery","ecosystem_specialized_route","added_v2"
"MISB-230","JobDelivery — вакансии экосистемы LessonDelivery","https://t.me/JobDelivery","C05","Telegram: проекты и вакансии в образовании","РФ и русскоязычные заказчики; географию фиксировать для каждого сообщения","D","Проектные задачи в цифровом обучении","Разработка электронных курсов, методология, учебные материалы, обучение внутренних тренеров и руководителей","L&D, корпоративные университеты, HRD, продюсеры B2B-образования","ищем / нужен / посоветуйте / порекомендуйте / подрядчик / запрос КП + обучение / тренинг / семинар / методист / электронный курс / фасилитация / управленцы","Публичная HTML-лента и доступные вложения; Telegram-группы через разрешенный аккаунт/экспорт после проверки правил; проверять новые сообщения и правки, хранить permalink и сырой текст. API не подтвержден.","Публичное описание; глубина истории, комментарии и доступ к чату проверяются отдельно","Просмотр открытой части 0 ₽; платные контакты/подписка и автоматизация — по отдельно проверенным условиям","candidate","https://tgboard.com/en/groups/groups-education/lessondeliverychat","Каталог связывает @JobDelivery с LessonDelivery; прямое открытие недоступно, текущее состояние требует проверки.","2026-10-01","candidate","not_checked_here","3","true","Подтвердить через официальный канал LessonDelivery действующую ссылку и реальный поток. Кандидат сохранить в очереди проверки.","Веб-поиск и переход по подтвержденной ссылке","LessonDelivery","ecosystem_specialized_route","added_v2"
"MISB-231","HRtrain — чат об обучении HR","https://t.me/HRtrain","C05","Telegram: HR и обучение","РФ и русскоязычные заказчики; географию фиксировать для каждого сообщения","I","Вопросы о курсах, рекомендации провайдеров, возможные совместные программы","Корпоративные семинары, вебинары, тренинги руководителей и специалистов, деловые и стратегические сессии","HR-менеджеры и руководители кадровых функций","ищем / нужен / посоветуйте / порекомендуйте / подрядчик / запрос КП + обучение / тренинг / семинар / методист / электронный курс / фасилитация / управленцы","Публичная HTML-лента и доступные вложения; Telegram-группы через разрешенный аккаунт/экспорт после проверки правил; проверять новые сообщения и правки, хранить permalink и сырой текст. API не подтвержден.","Публичное описание; глубина истории, комментарии и доступ к чату проверяются отдельно","Просмотр открытой части 0 ₽; платные контакты/подписка и автоматизация — по отдельно проверенным условиям","content_read","https://t.me/HRtrain?utm_source=hrvoice","Подтвержден чат с указанием сайта, VK и MAX; открытый спрос отдельно не подсчитан.","2026-10-01","cataloged","not_checked_here","2","true","Снять доступный архив за 90 дней; проверить пагинацию, вложения, комментарии и обновления; сохранять все сомнительные сигналы. Извлечь новые каналы из ссылок и пересылок.","Веб-поиск и переход по подтвержденной ссылке","HRtrain","ecosystem_route","added_v2"
"MISB-232","HRtrain — VK-сообщество","https://vk.com/HRtrain","C05","VK: HR и обучение","РФ и русскоязычные заказчики; географию фиксировать для каждого сообщения","I","Комментарии с потребностями в обучении и рекомендации провайдеров","Корпоративные семинары, вебинары, тренинги руководителей и специалистов, деловые и стратегические сессии","HR и кадровые службы","ищем / нужен / посоветуйте / порекомендуйте / подрядчик / запрос КП + обучение / тренинг / семинар / методист / электронный курс / фасилитация / управленцы","Публичная HTML-лента и доступные вложения; Telegram-группы через разрешенный аккаунт/экспорт после проверки правил; проверять новые сообщения и правки, хранить permalink и сырой текст. API не подтвержден. Доступ к стене/обсуждениям/комментариям отдельно не подтвержден; проверить разрешенный интерфейс платформы.","Публичное описание; глубина истории, комментарии и доступ к чату проверяются отдельно","Просмотр открытой части 0 ₽; платные контакты/подписка и автоматизация — по отдельно проверенным условиям","search_index","https://t.me/HRtrain?utm_source=hrvoice","Точный VK-адрес опубликован в описании HRtrain; стена еще не проверена.","2026-10-01","cataloged","not_checked_here","2","true","Снять доступный архив за 90 дней; проверить пагинацию, вложения, комментарии и обновления; сохранять все сомнительные сигналы. Извлечь новые каналы из ссылок и пересылок.","Веб-поиск и переход по подтвержденной ссылке","HRtrain","ecosystem_route","added_v2"
"MISB-233","HR Voice — биржа проектов","https://hrvoice.ru/projects","C04","Биржи HR-проектов","РФ и русскоязычные заказчики; географию фиксировать для каждого сообщения","D","Будущие задания на обучение и развитие персонала","Корпоративные семинары, вебинары, тренинги руководителей и специалистов, деловые и стратегические сессии","HR-заказчики и экспертные команды","ищем / нужен / посоветуйте / порекомендуйте / подрядчик / запрос КП + обучение / тренинг / семинар / методист / электронный курс / фасилитация / управленцы","Публичная HTML-лента и доступные вложения; Telegram-группы через разрешенный аккаунт/экспорт после проверки правил; проверять новые сообщения и правки, хранить permalink и сырой текст. API не подтвержден.","Публичное описание; глубина истории, комментарии и доступ к чату проверяются отдельно","Просмотр открытой части 0 ₽; платные контакты/подписка и автоматизация — по отдельно проверенным условиям","content_read","https://hrvoice.ru/projects","Раздел подтвержден, на проверенной странице 0 опубликованных проектов. Сохранить как dormant, а не удалять.","2026-10-01","cataloged","not_checked_here","3","true","Проверять раз в неделю; при первом профильном проекте повысить частоту. Нулевой поток не означает отсутствие источника.","Веб-поиск и переход по подтвержденной ссылке","","independent_unconfirmed","added_v2"
"MISB-234","HR Voice — каталог Telegram-каналов","https://hrvoice.ru/telegram-for-hr","C18","Каталоги и автоматическое открытие источников","РФ и русскоязычные заказчики; географию фиксировать для каждого сообщения","R","Новые HR-чаты, региональные группы и узкие каналы обучения","Разработка электронных курсов, методология, учебные материалы, обучение внутренних тренеров и руководителей","L&D, корпоративные университеты, HRD, продюсеры B2B-образования","ищем / нужен / посоветуйте / порекомендуйте / подрядчик / запрос КП + обучение / тренинг / семинар / методист / электронный курс / фасилитация / управленцы","Публичная HTML-лента и доступные вложения; Telegram-группы через разрешенный аккаунт/экспорт после проверки правил; проверять новые сообщения и правки, хранить permalink и сырой текст. API не подтвержден.","Публичное описание; глубина истории, комментарии и доступ к чату проверяются отдельно","Просмотр открытой части 0 ₽; платные контакты/подписка и автоматизация — по отдельно проверенным условиям","content_read","https://hrvoice.ru/telegram-for-hr","Публичный каталог каналов и сообществ HR с точными ссылками.","2026-10-01","cataloged","not_checked_here","1","true","Обойти все карточки и извлечь t.me/VK/MAX; каждый ранее неизвестный адрес положить в очередь, сохранить связь discovery_parent.","Веб-поиск и переход по подтвержденной ссылке","","independent_unconfirmed","added_v2"
"MISB-235","Курсы, рок и T&D — Talent Rocks","https://t.me/talent_rocks","C05","Telegram: L&D и корпоративное обучение","РФ и русскоязычные заказчики; географию фиксировать для каждого сообщения","I","Кейсы компаний, новые задачи адаптации и обучения, партнерские выходы","Разработка электронных курсов, методология, учебные материалы, обучение внутренних тренеров и руководителей","L&D, корпоративные университеты, HRD, продюсеры B2B-образования","ищем / нужен / посоветуйте / порекомендуйте / подрядчик / запрос КП + обучение / тренинг / семинар / методист / электронный курс / фасилитация / управленцы","Публичная HTML-лента и доступные вложения; Telegram-группы через разрешенный аккаунт/экспорт после проверки правил; проверять новые сообщения и правки, хранить permalink и сырой текст. API не подтвержден.","Публичное описание; глубина истории, комментарии и доступ к чату проверяются отдельно","Просмотр открытой части 0 ₽; платные контакты/подписка и автоматизация — по отдельно проверенным условиям","content_read","https://t.me/talent_rocks/?utm_source=hrvoice","Описание подтверждает корпоративное обучение и адаптацию, ссылки на кейсы и контакт партнерства.","2026-10-01","cataloged","not_checked_here","2","true","Снять доступный архив за 90 дней; проверить пагинацию, вложения, комментарии и обновления; сохранять все сомнительные сигналы. Извлечь новые каналы из ссылок и пересылок.","Веб-поиск и переход по подтвержденной ссылке","Talent Rocks","vendor_community_route","added_v2"
"MISB-236","Как делать — сообщество по управлению персоналом","https://t.me/HR_kak_delat","C05","Telegram: HR-сообщества","РФ и русскоязычные заказчики; географию фиксировать для каждого сообщения","I","Потребности участников, обсуждения программ, поиск партнеров и экспертов","Корпоративные семинары, вебинары, тренинги руководителей и специалистов, деловые и стратегические сессии","HRD и HRBP компаний-участников","ищем / нужен / посоветуйте / порекомендуйте / подрядчик / запрос КП + обучение / тренинг / семинар / методист / электронный курс / фасилитация / управленцы","Публичная HTML-лента и доступные вложения; Telegram-группы через разрешенный аккаунт/экспорт после проверки правил; проверять новые сообщения и правки, хранить permalink и сырой текст. API не подтвержден.","Публичное описание; глубина истории, комментарии и доступ к чату проверяются отдельно","Просмотр открытой части 0 ₽; платные контакты/подписка и автоматизация — по отдельно проверенным условиям","content_read","https://t.me/HR_kak_delat","Подтвержден канал HR-сообщества; открытые заявки на закупку отдельно не установлены.","2026-10-01","cataloged","not_checked_here","2","true","Снять доступный архив за 90 дней; проверить пагинацию, вложения, комментарии и обновления; сохранять все сомнительные сигналы. Извлечь новые каналы из ссылок и пересылок.","Веб-поиск и переход по подтвержденной ссылке","","independent_unconfirmed","added_v2"
"MISB-237","Про людей | HRme","https://t.me/hr_me_community","C05","Telegram: HR-сообщества","РФ и русскоязычные заказчики; географию фиксировать для каждого сообщения","I","Потребности в прикладных программах HR, аналитике и управлении","Корпоративные семинары, вебинары, тренинги руководителей и специалистов, деловые и стратегические сессии","HRD, HRBP, руководители HR-аналитики","ищем / нужен / посоветуйте / порекомендуйте / подрядчик / запрос КП + обучение / тренинг / семинар / методист / электронный курс / фасилитация / управленцы","Публичная HTML-лента и доступные вложения; Telegram-группы через разрешенный аккаунт/экспорт после проверки правил; проверять новые сообщения и правки, хранить permalink и сырой текст. API не подтвержден.","Публичное описание; глубина истории, комментарии и доступ к чату проверяются отдельно","Просмотр открытой части 0 ₽; платные контакты/подписка и автоматизация — по отдельно проверенным условиям","search_index","https://tg.me/hr_me_community","Индексируется обсуждение выбора обучения: Power BI, HR-аналитика, грейдирование, компетенции.","2026-10-01","cataloged","not_checked_here","2","true","Снять доступный архив за 90 дней; проверить пагинацию, вложения, комментарии и обновления; сохранять все сомнительные сигналы. Извлечь новые каналы из ссылок и пересылок.","Веб-поиск и переход по подтвержденной ссылке","","independent_unconfirmed","added_v2"
"MISB-238","Websoft — HR Tech Telegram","https://t.me/WebsoftHR","C05","Telegram: вендоры и корпоративные внедрения","РФ и русскоязычные заказчики; географию фиксировать для каждого сообщения","I","Новые проекты клиентов, развитие обучения после внедрения LMS","Разработка электронных курсов, методология, учебные материалы, обучение внутренних тренеров и руководителей","HR IT, владельцы LMS, корпоративные университеты","ищем / нужен / посоветуйте / порекомендуйте / подрядчик / запрос КП + обучение / тренинг / семинар / методист / электронный курс / фасилитация / управленцы","Публичная HTML-лента и доступные вложения; Telegram-группы через разрешенный аккаунт/экспорт после проверки правил; проверять новые сообщения и правки, хранить permalink и сырой текст. API не подтвержден.","Публичное описание; глубина истории, комментарии и доступ к чату проверяются отдельно","Просмотр открытой части 0 ₽; платные контакты/подписка и автоматизация — по отдельно проверенным условиям","search_index","https://t.me/s/WebsoftHR?before=2024","Подтвержден канал вендора и публикации для руководителей корпоративного обучения.","2026-10-01","cataloged","not_checked_here","2","true","Снять доступный архив за 90 дней; проверить пагинацию, вложения, комментарии и обновления; сохранять все сомнительные сигналы. Извлечь новые каналы из ссылок и пересылок.","Веб-поиск и переход по подтвержденной ссылке","Websoft — кейсы и выступления корпоративных заказчиков","vendor_community_route","added_v2"
"MISB-239","Kampus LXP — сообщество L&D","https://t.me/kampus_team","C05","Telegram: вендоры и корпоративные внедрения","РФ и русскоязычные заказчики; географию фиксировать для каждого сообщения","I","Выбор платформы, новые учебные процессы, кейсы и запросы на контент","Разработка электронных курсов, методология, учебные материалы, обучение внутренних тренеров и руководителей","L&D, HRD, CEO","ищем / нужен / посоветуйте / порекомендуйте / подрядчик / запрос КП + обучение / тренинг / семинар / методист / электронный курс / фасилитация / управленцы","Публичная HTML-лента и доступные вложения; Telegram-группы через разрешенный аккаунт/экспорт после проверки правил; проверять новые сообщения и правки, хранить permalink и сырой текст. API не подтвержден.","Публичное описание; глубина истории, комментарии и доступ к чату проверяются отдельно","Просмотр открытой части 0 ₽; платные контакты/подписка и автоматизация — по отдельно проверенным условиям","content_read","https://t.me/kampus_team","Описание подтверждает аудиторию корпоративного обучения, исследования и вебинары.","2026-10-01","cataloged","not_checked_here","2","true","Снять доступный архив за 90 дней; проверить пагинацию, вложения, комментарии и обновления; сохранять все сомнительные сигналы. Извлечь новые каналы из ссылок и пересылок.","Веб-поиск и переход по подтвержденной ссылке","Kampus LXP","vendor_community_route","added_v2"
"MISB-240","Коллегия методологов","https://t.me/college_of_methodologist","C05","Telegram: методологи и авторы программ","РФ и русскоязычные заказчики; географию фиксировать для каждого сообщения","P","Совместное исполнение и передача проектной работы","Разработка электронных курсов, методология, учебные материалы, обучение внутренних тренеров и руководителей","Методологи, продюсеры и образовательные компании","ищем / нужен / посоветуйте / порекомендуйте / подрядчик / запрос КП + обучение / тренинг / семинар / методист / электронный курс / фасилитация / управленцы","Публичная HTML-лента и доступные вложения; Telegram-группы через разрешенный аккаунт/экспорт после проверки правил; проверять новые сообщения и правки, хранить permalink и сырой текст. API не подтвержден.","Публичное описание; глубина истории, комментарии и доступ к чату проверяются отдельно","Просмотр открытой части 0 ₽; платные контакты/подписка и автоматизация — по отдельно проверенным условиям","search_index","https://t.me/s/college_of_methodologist?before=99","Индексируется профессиональное сообщество методологов со ссылками на смежные сообщества.","2026-10-01","cataloged","not_checked_here","2","true","Снять доступный архив за 90 дней; проверить пагинацию, вложения, комментарии и обновления; сохранять все сомнительные сигналы. Извлечь новые каналы из ссылок и пересылок.","Веб-поиск и переход по подтвержденной ссылке","","independent_unconfirmed","added_v2"
"MISB-241","HR Telegram — каталог каналов и групп","https://hr-telegram.ru/","C18","Каталоги и автоматическое открытие источников","РФ и русскоязычные заказчики; географию фиксировать для каждого сообщения","R","Расширение покрытия Telegram/VK/MAX по HR-темам","Корпоративные семинары, вебинары, тренинги руководителей и специалистов, деловые и стратегические сессии","HRD, рекрутеры, менеджеры обучения","ищем / нужен / посоветуйте / порекомендуйте / подрядчик / запрос КП + обучение / тренинг / семинар / методист / электронный курс / фасилитация / управленцы","Публичная HTML-лента и доступные вложения; Telegram-группы через разрешенный аккаунт/экспорт после проверки правил; проверять новые сообщения и правки, хранить permalink и сырой текст. API не подтвержден.","Публичное описание; глубина истории, комментарии и доступ к чату проверяются отдельно","Просмотр открытой части 0 ₽; платные контакты/подписка и автоматизация — по отдельно проверенным условиям","content_read","https://hr-telegram.ru/","Подтвержден каталог с прямыми ссылками на HRpublic, HRatWork, HRlead, HRtrain и другие каналы.","2026-10-01","cataloged","not_checked_here","1","true","Извлечь все фактические ссылки, проверить каждый источник, хранить даже рекламные и сомнительные в discovery backlog; оценки каталога не принимать за качество лидов.","Веб-поиск и переход по подтвержденной ссылке","","independent_unconfirmed","added_v2"
"MISB-242","Удаленка — творческая работа / Event Job","https://t.me/rueventjob","C05","Telegram: события и проектные команды","РФ и русскоязычные заказчики; географию фиксировать для каждого сообщения","D","Проектные задания методистам, сценаристам, авторам и редакторам","Разработка электронных курсов, методология, учебные материалы, обучение внутренних тренеров и руководителей","Агентства и продюсеры образовательных событий","ищем / нужен / посоветуйте / порекомендуйте / подрядчик / запрос КП + обучение / тренинг / семинар / методист / электронный курс / фасилитация / управленцы","Публичная HTML-лента и доступные вложения; Telegram-группы через разрешенный аккаунт/экспорт после проверки правил; проверять новые сообщения и правки, хранить permalink и сырой текст. API не подтвержден.","Публичное описание; глубина истории, комментарии и доступ к чату проверяются отдельно","Просмотр открытой части 0 ₽; платные контакты/подписка и автоматизация — по отдельно проверенным условиям","search_index","https://t.me/s/rueventjob/15095","Индексируемая подборка содержит методологические задачи и ссылки на отдельный чат заявок.","2026-10-01","cataloged","not_checked_here","2","true","Снять доступный архив за 90 дней; проверить пагинацию, вложения, комментарии и обновления; сохранять все сомнительные сигналы. Извлечь новые каналы из ссылок и пересылок.","Веб-поиск и переход по подтвержденной ссылке","","aggregator_reposts","added_v2"
"MISB-243","Малый бизнес Москвы — образовательная поддержка","https://mbm.mos.ru/","C09","Инфраструктура МСП и региональные программы","РФ / Москва","P","Регулярная программа делового обучения, обновление курсов и образовательных мероприятий","Управление, финансы, юридические вопросы бизнеса, цифровые навыки, электронные курсы","МБМ; оператор образовательного проекта; партнёры программы","""МБМ"" (партнер OR спикер OR обучение OR программа OR акселератор)","Открытые страницы, новости, документы и исходящие ссылки; HTTP/HTML сначала, при JS — разрешённый браузерный сбор; еженедельно, при активном наборе ежедневно; публичный API не подтверждён","Публичное чтение; личные кабинеты и закрытые сообщества подключать только при наличии доступа","Просмотр открытых материалов 0 ₽; сбор в общем бюджете; членство/участие/лицензии, если нужны, оценивать отдельно","search_index","https://www.mos.ru/news/item/170627073/","Официальный портал Москвы подтверждает обучающие мероприятия и онлайн-курсы МБМ; прямое открытие mbm.mos.ru не удалось.","2026-10-01","cataloged","not_checked_here","2","true","Найти раздел обучения, календарь, контакт владельца программы; отдельно найти канал выбора исполнителей и окна следующего цикла.","Поиск официального источника и проверка страницы/поисковой выдачи 01.10.2026","Мой бизнес / региональная инфраструктура","regional_node","added_v2"
"MISB-244","Мой бизнес Югра — календарь и обучающие программы","https://mb-ugra.ru/keep-up/events","C09","Инфраструктура МСП и региональные программы","РФ / ХМАО-Югра","P","Обучающие программы, интенсивы, акселераторы и встречи предпринимателей","Финансы, управление, маркетинг, деловые коммуникации, разработка курсов","Фонд поддержки предпринимательства Югры; руководитель образовательного центра","(семинар OR тренинг OR курс OR акселератор OR тренер) + тема","Открытые страницы, новости, документы и исходящие ссылки; HTTP/HTML сначала, при JS — разрешённый браузерный сбор; еженедельно, при активном наборе ежедневно; публичный API не подтверждён","Публичное чтение; личные кабинеты и закрытые сообщества подключать только при наличии доступа","Просмотр открытых материалов 0 ₽; сбор в общем бюджете; членство/участие/лицензии, если нужны, оценивать отдельно","search_index","https://mb-ugra.ru/keep-up/events","Календарь содержит программы «Бизнес и медиа», маркетинга и другие деловые мероприятия.","2026-10-01","cataloged","not_checked_here","2","true","Обходить календарь, карточки программ, преподавателей и партнёров; выявить темы следующего квартала и возможный набор исполнителей.","Поиск официального источника и проверка страницы/поисковой выдачи 01.10.2026","Мой бизнес","regional_node","added_v2"
"MISB-245","Мой бизнес Татарстан / ФППРТ — новости и программы","https://fpprt.ru/","C09","Инфраструктура МСП и региональные программы","РФ / Татарстан","P","Новые образовательные программы, стратегические сессии и акселерация предпринимателей","Стратегические сессии, финансы, управление, цифровые навыки, бизнес-обучение","Фонд поддержки предпринимательства РТ; региональные операторы программ","(обучение OR сессия OR мастер-класс OR партнер OR эксперт)","Открытые страницы, новости, документы и исходящие ссылки; HTTP/HTML сначала, при JS — разрешённый браузерный сбор; еженедельно, при активном наборе ежедневно; публичный API не подтверждён","Публичное чтение; личные кабинеты и закрытые сообщества подключать только при наличии доступа","Просмотр открытых материалов 0 ₽; сбор в общем бюджете; членство/участие/лицензии, если нужны, оценивать отдельно","search_index","https://fpprt.ru/2025/segodnya-v-centre-moj-biznes-prohodit-strategicheskaya-sessiya-strategicheskie-prioritety-razvitiya-predprinimatelstva-respubliki-tatarstan/","Официальные новости подтверждают стратегическую сессию развития предпринимательства и образовательные программы.","2026-10-01","cataloged","not_checked_here","2","true","Найти календарь, регулярные серии, организаторов и закупочную страницу; сохранять муниципальные площадки как отдельные узлы.","Поиск официального источника и проверка страницы/поисковой выдачи 01.10.2026","Мой бизнес","regional_node","added_v2"
"MISB-246","Мой бизнес Красноярского края","https://xn---24-9cdulgg0aog6b.xn--p1ai/","C09","Инфраструктура МСП и региональные программы","РФ / Красноярский край","P","Образовательные программы, региональные тренинги, форумы и поддержка растущих предприятий","Управление, бережливое производство для руководителей, финансы, предпринимательство","Красноярский краевой центр развития бизнеса; операторы отраслевых программ","(образовательная программа OR тренинг OR форум OR приглашает экспертов)","Открытые страницы, новости, документы и исходящие ссылки; HTTP/HTML сначала, при JS — разрешённый браузерный сбор; еженедельно, при активном наборе ежедневно; публичный API не подтверждён","Публичное чтение; личные кабинеты и закрытые сообщества подключать только при наличии доступа","Просмотр открытых материалов 0 ₽; сбор в общем бюджете; членство/участие/лицензии, если нужны, оценивать отдельно","search_index","https://xn---24-9cdulgg0aog6b.xn--p1ai/","Официальный сайт описывает образовательные программы и тренинги как часть поддержки бизнеса.","2026-10-01","cataloged","not_checked_here","2","true","Извлечь события и организаторов; раскрыть муниципальные центры, ЦИСС, экспортный и кластерный центры.","Поиск официального источника и проверка страницы/поисковой выдачи 01.10.2026","Мой бизнес","regional_node","added_v2"
"MISB-247","РЦК Татарстана — производительность труда","https://ppt.tatarstan.ru/contacts.htm","C08","Производительность, отраслевые центры компетенций","РФ / Татарстан","I","Вхождение предприятий в проекты производительности, тиражирование улучшений и развитие управленческой команды","Бережливое производство, проектное управление, наставничество, управленческие навыки","Предприятия-участники; РЦК; HR и руководители производственной системы","(участник OR предприятие OR тиражирование OR обучение OR тренер)","Открытые страницы, новости, документы и исходящие ссылки; HTTP/HTML сначала, при JS — разрешённый браузерный сбор; еженедельно, при активном наборе ежедневно; публичный API не подтверждён","Публичное чтение; личные кабинеты и закрытые сообщества подключать только при наличии доступа","Просмотр открытых материалов 0 ₽; сбор в общем бюджете; членство/участие/лицензии, если нужны, оценивать отдельно","search_index","https://ppt.tatarstan.ru/contacts.htm","Официальная страница подтверждает РЦК и подразделения в Казани и Набережных Челнах.","2026-10-01","cataloged","not_checked_here","2","true","Перейти к новостям и предприятиям-участникам; искать следующий этап после пилота, требующий обучения руководителей.","Поиск официального источника и проверка страницы/поисковой выдачи 01.10.2026","Федеральный центр компетенций","regional_node","added_v2"
"MISB-248","Школа экспорта РЭЦ — отбор региональных тренеров","https://exportedu.ru/tutors","C09","Сети образовательных операторов и экспертов","РФ / все регионы","P","Отбор и подготовка региональных тренеров для экспортных образовательных программ","ВЭД, экспортные финансы, переговоры, договоры, подготовка преподавателей","Школа экспорта РЭЦ; региональные операторы; центры поддержки экспорта","(отбор OR региональный тренер OR кандидат OR экспортный форсаж)","Открытые страницы, новости, документы и исходящие ссылки; HTTP/HTML сначала, при JS — разрешённый браузерный сбор; еженедельно, при активном наборе ежедневно; публичный API не подтверждён","Публичное чтение; личные кабинеты и закрытые сообщества подключать только при наличии доступа","Просмотр открытых материалов 0 ₽; сбор в общем бюджете; членство/участие/лицензии, если нужны, оценивать отдельно","search_index","https://exportedu.ru/tutors","Официальная выдача подтверждает отбор региональных тренеров и программы для экспортёров; страница требует JavaScript.","2026-10-01","cataloged","not_checked_here","1","true","Проверить открытость и условия текущего отбора; построить список региональных операторов, отдельных календарей и следующих циклов.","Поиск официального источника и проверка страницы/поисковой выдачи 01.10.2026","Российский экспортный центр","expert_program","added_v2"
"MISB-249","Школа экспорта РЭЦ — академические партнёры","https://exportedu.ru/highschool","C12","Сети образовательных операторов и экспертов","РФ","P","Совместные программы ДПО и партнёрство с образовательными организациями","Разработка модулей ДПО, ВЭД, финансовые и правовые аспекты экспорта","РЭЦ; университеты и бизнес-школы — операторы совместных программ","(партнерская программа OR ДПО OR совместная программа OR образовательная организация)","Открытые страницы, новости, документы и исходящие ссылки; HTTP/HTML сначала, при JS — разрешённый браузерный сбор; еженедельно, при активном наборе ежедневно; публичный API не подтверждён","Публичное чтение; личные кабинеты и закрытые сообщества подключать только при наличии доступа","Просмотр открытых материалов 0 ₽; сбор в общем бюджете; членство/участие/лицензии, если нужны, оценивать отдельно","search_index","https://exportedu.ru/highschool","Официальная страница описывает совместные программы высшего и дополнительного профессионального образования.","2026-10-01","cataloged","not_checked_here","2","true","Собрать партнёрские вузы/школы; отделить подтверждённое партнёрство от гипотезы субподряда; найти контакт владельца программы.","Поиск официального источника и проверка страницы/поисковой выдачи 01.10.2026","Российский экспортный центр","partner_network","added_v2"
"MISB-250","Школа экспорта РЭЦ — региональные управленческие команды","https://exportedu.ru/teams","C09","Сети образовательных операторов и экспертов","РФ / все регионы","I","Новые потоки обучения региональных экспортных команд и актуализация экспортных компетенций","Экспортная стратегия, проектное управление, ВЭД, тренинги управленческих команд","Региональные органы власти; ЦПЭ; операторы образовательной программы","(управленческая команда OR экспорт регионов OR программа OR отбор)","Открытые страницы, новости, документы и исходящие ссылки; HTTP/HTML сначала, при JS — разрешённый браузерный сбор; еженедельно, при активном наборе ежедневно; публичный API не подтверждён","Публичное чтение; личные кабинеты и закрытые сообщества подключать только при наличии доступа","Просмотр открытых материалов 0 ₽; сбор в общем бюджете; членство/участие/лицензии, если нужны, оценивать отдельно","search_index","https://exportedu.ru/teams","Официальная страница подтверждает образовательную программу для региональных управленческих команд.","2026-10-01","cataloged","not_checked_here","2","true","Сопоставлять календарь программы, региональных участников и их ЦПЭ; искать смежные темы, последующие потоки и внешних преподавателей.","Поиск официального источника и проверка страницы/поисковой выдачи 01.10.2026","Российский экспортный центр","program_network","added_v2"
"MISB-251","Центр поддержки экспорта Кузбасса — образовательный оператор","https://export42.ru/obuchenie/shkola-eksporta/","C09","Региональные экспортные центры","РФ / Кемеровская область","P","Региональные экспортные семинары и учебные потоки для предприятий","ВЭД, международные расчёты, логистика, контракты, маркетинг","ЦПЭ Кузбасса; экспортно ориентированные предприятия","(семинар OR тренер OR обучение OR форсаж OR экспорт)","Открытые страницы, новости, документы и исходящие ссылки; HTTP/HTML сначала, при JS — разрешённый браузерный сбор; еженедельно, при активном наборе ежедневно; публичный API не подтверждён","Публичное чтение; личные кабинеты и закрытые сообщества подключать только при наличии доступа","Просмотр открытых материалов 0 ₽; сбор в общем бюджете; членство/участие/лицензии, если нужны, оценивать отдельно","search_index","https://export42.ru/obuchenie/shkola-eksporta/","Официальная страница подтверждает работу через региональных операторов и сертифицированных тренеров.","2026-10-01","cataloged","not_checked_here","2","true","Найти календарь обучения и контакты оператора; добавить предприятия-участники и следующий набор; раскрыть операторов соседних регионов.","Поиск официального источника и проверка страницы/поисковой выдачи 01.10.2026","Школа экспорта РЭЦ","regional_operator","added_v2"
"MISB-252","ТМК2U — корпоративный университет","https://tmk2u.com/","C12","Корпоративные университеты и учебные экосистемы","РФ / группа ТМК","P","Развитие лидерства, производственной эффективности и корпоративных учебных продуктов","Лидерство, проекты, бережливое производство, внутренние тренеры, e-learning","Дирекция ТМК2U; предприятия ТМК; владельцы учебных программ","(программа OR внешний эксперт OR партнер OR лидерство OR проектное управление)","Открытые страницы, новости, документы и исходящие ссылки; HTTP/HTML сначала, при JS — разрешённый браузерный сбор; еженедельно, при активном наборе ежедневно; публичный API не подтверждён","Публичное чтение; личные кабинеты и закрытые сообщества подключать только при наличии доступа","Просмотр открытых материалов 0 ₽; сбор в общем бюджете; членство/участие/лицензии, если нужны, оценивать отдельно","search_index","https://tmk2u.com/","Официальная страница описывает очное/онлайн-обучение, лидерство, эффективность и проектное управление.","2026-10-01","cataloged","not_checked_here","2","true","Извлечь учебные центры, предприятия, экспертов, анонсы программ; проверить маршрут аккредитации внешних преподавателей.","Поиск официального источника и проверка страницы/поисковой выдачи 01.10.2026","ТМК","corporate_university","added_v2"
"MISB-253","Корпоративный университет РЖД","https://universitetrzd.ru/","C12","Корпоративные университеты и учебные экосистемы","РФ / группа РЖД","P","Запуск программ и обновление управленческих компетенций железнодорожного холдинга","Управленческие семинары, проекты, финансы, цифровые навыки, курсы","Корпоративный университет; филиалы; HR группы РЖД","(новая программа OR партнер OR эксперт OR обучение OR филиал)","Открытые страницы, новости, документы и исходящие ссылки; HTTP/HTML сначала, при JS — разрешённый браузерный сбор; еженедельно, при активном наборе ежедневно; публичный API не подтверждён","Публичное чтение; личные кабинеты и закрытые сообщества подключать только при наличии доступа","Просмотр открытых материалов 0 ₽; сбор в общем бюджете; членство/участие/лицензии, если нужны, оценивать отдельно","search_index","https://universitetrzd.ru/","Сайт содержит каталог программ, новости, годовые отчёты и информацию о филиалах.","2026-10-01","cataloged","not_checked_here","2","true","Раскрыть филиалы и образовательные проекты; связать новости с последующим циклом и каналами закупки услуг.","Поиск официального источника и проверка страницы/поисковой выдачи 01.10.2026","РЖД","corporate_university","added_v2"
"MISB-254","Газпром университет — программы и новости","https://institute.gazprom.ru/","C12","Корпоративные университеты и учебные экосистемы","РФ / группа Газпром","P","Программы переподготовки и повышения квалификации специалистов дочерних обществ","Корпоративные закупки, финансы, право, управление, e-learning","Газпром университет; HR и профильные дирекции дочерних обществ","(программа OR закупки OR партнерство OR преподаватель OR дочерние общества)","Открытые страницы, новости, документы и исходящие ссылки; HTTP/HTML сначала, при JS — разрешённый браузерный сбор; еженедельно, при активном наборе ежедневно; публичный API не подтверждён","Публичное чтение; личные кабинеты и закрытые сообщества подключать только при наличии доступа","Просмотр открытых материалов 0 ₽; сбор в общем бюджете; членство/участие/лицензии, если нужны, оценивать отдельно","search_index","https://institute.gazprom.ru/","Официальная выдача содержит программу «Управление корпоративными закупками» для руководителей и специалистов дочерних обществ.","2026-10-01","cataloged","not_checked_here","1","true","Разобрать каталоги, тематические новости и участников; определить незакрытые темы и маршрут привлечения внешних преподавателей.","Поиск официального источника и проверка страницы/поисковой выдачи 01.10.2026","Газпром","corporate_university","added_v2"
"MISB-255","РусГидро — портал корпоративного университета гидроэнергетики","https://korung.rushydro.ru/","C12","Корпоративные университеты и учебные экосистемы","РФ / группа РусГидро","P","Учебные программы, развитие специалистов и управленческого резерва","Управление проектами, закупки, финансы, бережливое производство, электронные курсы","Корпоративный университет; HR компаний РусГидро","(программа OR развитие OR компетенции OR партнер OR обучение)","Открытые страницы, новости, документы и исходящие ссылки; HTTP/HTML сначала, при JS — разрешённый браузерный сбор; еженедельно, при активном наборе ежедневно; публичный API не подтверждён","Публичное чтение; личные кабинеты и закрытые сообщества подключать только при наличии доступа","Просмотр открытых материалов 0 ₽; сбор в общем бюджете; членство/участие/лицензии, если нужны, оценивать отдельно","search_index","https://t.me/s/rushydro_official/6496","URL подтверждён официальным каналом РусГидро; открытие сайта вернуло пустую извлекаемую страницу.","2026-10-01","cataloged","not_checked_here","2","true","Проверить доступный интерфейс и публичные разделы; если закрыто, сохранить узел и искать новости/каталог на основном сайте группы.","Поиск официального источника и проверка страницы/поисковой выдачи 01.10.2026","РусГидро","corporate_university","added_v2"
"MISB-256","Корпоративная Академия Росатома","https://rosatom-academy.ru/ob-akademii/","C12","Корпоративные университеты и учебные экосистемы","РФ / группа Росатом","P","Развитие кадрового потенциала и корпоративных образовательных продуктов","Лидерство, управление, наставничество, обучение внутренних тренеров, курсы","Академия; отраслевые дивизионы; корпоративные HR","(партнер OR преподаватель OR программа OR кадровый резерв OR обучение)","Открытые страницы, новости, документы и исходящие ссылки; HTTP/HTML сначала, при JS — разрешённый браузерный сбор; еженедельно, при активном наборе ежедневно; публичный API не подтверждён","Публичное чтение; личные кабинеты и закрытые сообщества подключать только при наличии доступа","Просмотр открытых материалов 0 ₽; сбор в общем бюджете; членство/участие/лицензии, если нужны, оценивать отдельно","search_index","https://rosatom-academy.ru/ob-akademii/","Официальная страница описывает Академию как элемент экосистемы развития кадрового потенциала Росатома.","2026-10-01","cataloged","not_checked_here","2","true","Раскрыть программы, региональные проекты, партнёров и организаторов; сопоставить с отраслевым каналом выбора исполнителей.","Поиск официального источника и проверка страницы/поисковой выдачи 01.10.2026","Росатом","corporate_university","added_v2"
"MISB-257","СПК нефтегазового комплекса","https://www.spkngk.ru/","C08","Профессиональные квалификации и отраслевые объединения","РФ / нефтегаз","I","Обновление квалификаций, образовательных требований и кадровых программ","ДПО специалистов и руководителей, программы под компетенции, методическое обеспечение","Нефтегазовые предприятия; ЦОК; корпоративные университеты; СПК","(профстандарт OR квалификация OR мониторинг OR обучение OR образовательная программа)","Открытые страницы, новости, документы и исходящие ссылки; HTTP/HTML сначала, при JS — разрешённый браузерный сбор; еженедельно, при активном наборе ежедневно; публичный API не подтверждён","Публичное чтение; личные кабинеты и закрытые сообщества подключать только при наличии доступа","Просмотр открытых материалов 0 ₽; сбор в общем бюджете; членство/участие/лицензии, если нужны, оценивать отдельно","search_index","https://www.spkngk.ru/","Официальный сайт подтверждает СПК нефтегазового комплекса и отраслевое взаимодействие.","2026-10-01","cataloged","not_checked_here","1","true","Извлекать организации из мониторингов, заседаний, ЦОК; сохранять изменения квалификаций как тематический триггер.","Поиск официального источника и проверка страницы/поисковой выдачи 01.10.2026","Нефтегазовый комплекс","qualification_network","added_v2"
"MISB-258","ЭРА России — СПК в электроэнергетике","https://www.era-rossii.ru/professional_skills/","C08","Профессиональные квалификации и отраслевые объединения","РФ / электроэнергетика","I","Изменения профстандартов и выявление отраслевых потребностей в обучении","Программы для руководителей и ИТР, управление квалификациями, методология обучения","Энергокомпании; корпоративные учебные центры; СПК","(потребность OR обучение OR квалификация OR мониторинг OR компетенции)","Открытые страницы, новости, документы и исходящие ссылки; HTTP/HTML сначала, при JS — разрешённый браузерный сбор; еженедельно, при активном наборе ежедневно; публичный API не подтверждён","Публичное чтение; личные кабинеты и закрытые сообщества подключать только при наличии доступа","Просмотр открытых материалов 0 ₽; сбор в общем бюджете; членство/участие/лицензии, если нужны, оценивать отдельно","search_index","https://www.era-rossii.ru/professional_skills/","Официальный раздел описывает отраслевую систему квалификаций и образовательных стандартов.","2026-10-01","cataloged","not_checked_here","2","true","Найти материалы мониторинга потребностей, состав СПК, организации и ЦОК; добавить их собственные сайты и каналы обучения.","Поиск официального источника и проверка страницы/поисковой выдачи 01.10.2026","ЭРА России / электроэнергетика","qualification_network","added_v2"
"MISB-259","СПК химического и биотехнологического комплекса","https://spkchemistry.ru/","C08","Профессиональные квалификации и отраслевые объединения","РФ / химия и нефтехимия","I","Обновление компетенций и кадровых программ химических предприятий","ДПО ИТР, кадровое планирование, наставничество, производственная эффективность","Химические предприятия; СПК; корпоративные учебные центры","(кадры OR компетенции OR мониторинг OR обучение OR профстандарт)","Открытые страницы, новости, документы и исходящие ссылки; HTTP/HTML сначала, при JS — разрешённый браузерный сбор; еженедельно, при активном наборе ежедневно; публичный API не подтверждён","Публичное чтение; личные кабинеты и закрытые сообщества подключать только при наличии доступа","Просмотр открытых материалов 0 ₽; сбор в общем бюджете; членство/участие/лицензии, если нужны, оценивать отдельно","search_index","https://spkchemistry.ru/","Официальный сайт СПК содержит отраслевую повестку подготовки кадров и квалификаций.","2026-10-01","cataloged","not_checked_here","2","true","Извлечь членов, центры оценки и партнёрские учебные организации; связать с мероприятиями и прогнозами кадрового спроса.","Поиск официального источника и проверка страницы/поисковой выдачи 01.10.2026","Российский союз химиков","qualification_network","added_v2"
"MISB-260","Российский союз химиков — новости и отраслевые проекты","https://www.ruschemunion.ru/news/","C08","Отраслевые ассоциации и профессиональные сети","РФ / химия и нефтехимия","P","Программы наставничества, отраслевые дискуссии, планирование мероприятий","Наставничество, управление, цифровые навыки, деловые конференции","РСХ; предприятия-члены; отраслевые организаторы","(кадры OR наставничество OR обучение OR цифровизация OR план мероприятий)","Открытые страницы, новости, документы и исходящие ссылки; HTTP/HTML сначала, при JS — разрешённый браузерный сбор; еженедельно, при активном наборе ежедневно; публичный API не подтверждён","Публичное чтение; личные кабинеты и закрытые сообщества подключать только при наличии доступа","Просмотр открытых материалов 0 ₽; сбор в общем бюджете; членство/участие/лицензии, если нужны, оценивать отдельно","search_index","https://www.ruschemunion.ru/news/","Официальная лента содержит программу наставничества и формирование плана мероприятий на 2027 год.","2026-10-01","cataloged","not_checked_here","1","true","Разобрать план следующего года; раскрыть членов и оргкомитеты; предложить экспертные модули после проверки потребности.","Поиск официального источника и проверка страницы/поисковой выдачи 01.10.2026","Российский союз химиков","association_network","added_v2"
"MISB-261","DigitalChem — цифровизация химической отрасли","https://digitalchem.ru/first-course-ai/","C08","Отраслевые программы цифровых компетенций","РФ / химическая промышленность","I","Практическое обучение ИИ для предприятий отраслевого союза","ИИ для специалистов, цифровые компетенции руководителей, разработка отраслевых курсов","Комиссия РСХ по цифровизации; предприятия-участники; организатор программы","(ИИ OR обучение OR курс OR предприятие OR запрос)","Открытые страницы, новости, документы и исходящие ссылки; HTTP/HTML сначала, при JS — разрешённый браузерный сбор; еженедельно, при активном наборе ежедневно; публичный API не подтверждён","Публичное чтение; личные кабинеты и закрытые сообщества подключать только при наличии доступа","Просмотр открытых материалов 0 ₽; сбор в общем бюджете; членство/участие/лицензии, если нужны, оценивать отдельно","search_index","https://digitalchem.ru/first-course-ai/","Страница описывает бесплатный практический курс ИИ для предприятий РСХ.","2026-10-01","cataloged","not_checked_here","2","true","Найти владельца программы и следующие потоки; участникам может понадобиться углубление или корпоративная адаптация; исходную программу не считать заказом.","Поиск официального источника и проверка страницы/поисковой выдачи 01.10.2026","Российский союз химиков","program_extension","added_v2"
"MISB-262","СОВНЕТ — управление проектами","https://sovnet.ru/","C08","Профессиональные ассоциации и клубы","РФ / СНГ","P","Серии профессиональных встреч, обучение, конференции и развитие проектного управления","Проектное управление, фасилитация, управление портфелями, риск-менеджмент","Ассоциация; компании участников и спикеров; организаторы конференций","(Проектная среда OR конференция OR партнер OR обучение OR корпоративный)","Открытые страницы, новости, документы и исходящие ссылки; HTTP/HTML сначала, при JS — разрешённый браузерный сбор; еженедельно, при активном наборе ежедневно; публичный API не подтверждён","Публичное чтение; личные кабинеты и закрытые сообщества подключать только при наличии доступа","Просмотр открытых материалов 0 ₽; сбор в общем бюджете; членство/участие/лицензии, если нужны, оценивать отдельно","search_index","https://sovnet.ru/","Официальный сайт подтверждает обучение, «Проектные среды» и новости внедрения проектного управления.","2026-10-01","cataloged","not_checked_here","2","true","Собирать календарь и организации спикеров; раскрыть региональные мероприятия, запросы экспертов и этапы корпоративного внедрения.","Поиск официального источника и проверка страницы/поисковой выдачи 01.10.2026","СОВНЕТ","association_network","added_v2"
"MISB-263","Фонд Потанина — конкурс «Профессиональное развитие»","https://fondpotanin.ru/competitions/konkurs-professionalnogo-razvitiya/","C17","Гранты и финансируемое развитие организаций","РФ / НКО, музеи, вузы","I","Грант на профессиональное развитие сотрудника или кадровых ресурсов организации","Управление, финансы НКО, проекты, коммуникации, стратегические сессии","Грантополучатель; руководитель НКО/музея/вуза; координатор проекта","(профессиональное развитие OR победитель OR результаты OR кадровые ресурсы)","Открытые страницы, новости, документы и исходящие ссылки; HTTP/HTML сначала, при JS — разрешённый браузерный сбор; еженедельно, при активном наборе ежедневно; публичный API не подтверждён","Публичное чтение; личные кабинеты и закрытые сообщества подключать только при наличии доступа","Просмотр открытых материалов 0 ₽; сбор в общем бюджете; членство/участие/лицензии, если нужны, оценивать отдельно","content_read","https://fondpotanin.ru/competitions/konkurs-professionalnogo-razvitiya/","Официальная страница подтверждает поддержку профессионального развития; заказчиками могут быть победители, а не сам фонд.","2026-10-01","cataloged","not_checked_here","1","true","Отслеживать итоги каждого цикла, организации, сроки и утверждённые темы; проверять, выбран ли провайдер, и сохранять следующий цикл.","Поиск официального источника и проверка страницы/поисковой выдачи 01.10.2026","Фонд Потанина","grantee_discovery","added_v2"
"MISB-264","Фонд президентских грантов — открытые данные о проектах","https://xn--80afcdbalict6afooklqi5o.xn--p1ai/public/open-data","C17","Открытые наборы грантов и проектных бюджетов","РФ / НКО","I","Проекты с бюджетами на обучение команд, семинары, курсы и деловые мероприятия","Управление НКО, проектные компетенции, обучение специалистов, создание курсов","НКО — победитель гранта; руководитель проекта; партнёр-исполнитель","(обучение сотрудников OR семинары OR повышение квалификации OR стратегическая сессия OR электронный курс)","Открытые страницы, новости, документы и исходящие ссылки; HTTP/HTML сначала, при JS — разрешённый браузерный сбор; еженедельно, при активном наборе ежедневно; публичный API не подтверждён","Публичное чтение; личные кабинеты и закрытые сообщества подключать только при наличии доступа","Просмотр открытых материалов 0 ₽; сбор в общем бюджете; членство/участие/лицензии, если нужны, оценивать отдельно","search_index","https://xn--80afcdbalict6afooklqi5o.xn--p1ai/public/open-data","Официальная поисковая выдача подтверждает открытый набор сведений о проектах с 2017 года; прямое открытие получило 403.","2026-10-01","cataloged","not_checked_here","1","true","Получить опубликованный файл разрешённым способом, проверить формат и паспорт; связать проекты, бюджетные строки и победителей; API не предполагать.","Поиск официального источника и проверка страницы/поисковой выдачи 01.10.2026","Фонд президентских грантов","grantee_discovery","added_v2"
"MISB-265","АСИ — карта ресурсов обучения и развития НКО","https://asi.org.ru/work/resursydlyaobuchenyanko/","C17","Ресурсные центры и НКО","РФ / НКО","R","Выявление образовательных операторов, региональных ресурсных центров и программ для команд НКО","Управление НКО, финансы, коммуникации, CRM и цифровые навыки","Ресурсные центры; фонды; НКО — операторы проектов","(ресурсный центр OR акселератор OR обучение НКО OR партнер OR эксперт)","Открытые страницы, новости, документы и исходящие ссылки; HTTP/HTML сначала, при JS — разрешённый браузерный сбор; еженедельно, при активном наборе ежедневно; публичный API не подтверждён","Публичное чтение; личные кабинеты и закрытые сообщества подключать только при наличии доступа","Просмотр открытых материалов 0 ₽; сбор в общем бюджете; членство/участие/лицензии, если нужны, оценивать отдельно","search_index","https://asi.org.ru/work/resursydlyaobuchenyanko/","Обзор АСИ перечисляет обучающие платформы и программы для НКО, включая управление IT-ресурсами.","2026-10-01","cataloged","not_checked_here","1","true","Обойти все исходящие ссылки и создать отдельные source_id для каждого оператора, календаря, конкурса и регионального центра.","Поиск официального источника и проверка страницы/поисковой выдачи 01.10.2026","Агентство социальной информации","source_directory","added_v2"
"MISB-266","Благосфера — партнёрство с НКО и городскими сообществами","https://blagosfera.ru/about/nko-i-gorodskim-soobshhestvam/","C17","Ресурсные центры и НКО","РФ / Москва и регионы","P","Партнёрские образовательные события, развитие НКО и общественных пространств","Проектное управление, коммуникации, мероприятия, управленческие навыки","Центр Благосфера; партнёрские НКО; операторы общественных пространств","(партнерство OR тренинг OR акселератор OR обучение OR конференция)","Открытые страницы, новости, документы и исходящие ссылки; HTTP/HTML сначала, при JS — разрешённый браузерный сбор; еженедельно, при активном наборе ежедневно; публичный API не подтверждён","Публичное чтение; личные кабинеты и закрытые сообщества подключать только при наличии доступа","Просмотр открытых материалов 0 ₽; сбор в общем бюджете; членство/участие/лицензии, если нужны, оценивать отдельно","search_index","https://blagosfera.ru/about/nko-i-gorodskim-soobshhestvam/","Страница прямо приглашает НКО к партнёрству и обмену опытом.","2026-10-01","cataloged","not_checked_here","2","true","Извлекать организаторов событий и партнёров; проверить ближайшие программы и потребность во внешних ведущих/методистах.","Поиск официального источника и проверка страницы/поисковой выдачи 01.10.2026","Благосфера","partner_network","added_v2"
"MISB-267","Форум Доноров — фонды и программы развития","https://donorsforum.ru/","C17","Гранты и финансируемое развитие организаций","РФ / корпоративные фонды и НКО","R","Новые грантовые программы и ресурсные организации, финансирующие развитие людей","Стратегические сессии, обучение команд, управление проектами, коммуникации","Корпоративные фонды; грантополучатели; организаторы программ","(конкурс OR грант OR обучение OR развитие команды OR кадровый)","Открытые страницы, новости, документы и исходящие ссылки; HTTP/HTML сначала, при JS — разрешённый браузерный сбор; еженедельно, при активном наборе ежедневно; публичный API не подтверждён","Публичное чтение; личные кабинеты и закрытые сообщества подключать только при наличии доступа","Просмотр открытых материалов 0 ₽; сбор в общем бюджете; членство/участие/лицензии, если нужны, оценивать отдельно","content_read","https://donorsforum.ru/","Открыты разделы членов ассоциации, конкурсов/грантов, новостей и анонсов.","2026-10-01","cataloged","not_checked_here","2","true","Обойти членов и конкурсы; открыть отдельные сайты фондов, страницы итогов и списки получателей; не смешивать грант с заказом.","Поиск официального источника и проверка страницы/поисковой выдачи 01.10.2026","Форум Доноров","source_directory","added_v2"
"MISB-268","Даму — бизнес-обучение «Іскер Аймақ»","https://damu.kz/ru/programmi/trainings/business_learning","C08","Программы поддержки предпринимательства","Казахстан","P","Развитие предпринимательских компетенций и новые потоки обучения","Управление, финансы, цифровые навыки, прикладные электронные курсы","Фонд Даму; образовательный оператор; региональные филиалы","(обучение OR Іскер Аймақ OR партнер OR программа OR региональный филиал)","Открытые страницы, новости, документы и исходящие ссылки; HTTP/HTML сначала, при JS — разрешённый браузерный сбор; еженедельно, при активном наборе ежедневно; публичный API не подтверждён","Публичное чтение; личные кабинеты и закрытые сообщества подключать только при наличии доступа","Просмотр открытых материалов 0 ₽; сбор в общем бюджете; членство/участие/лицензии, если нужны, оценивать отдельно","search_index","https://damu.kz/ru/programmi/trainings/business_learning","Официальная страница описывает бизнес-обучение предпринимателей Казахстана.","2026-10-01","cataloged","not_checked_here","2","true","Уточнить действующего оператора и порядок выбора поставщиков; раскрыть региональные филиалы, партнёров и следующие циклы.","Поиск официального источника и проверка страницы/поисковой выдачи 01.10.2026","Даму","program_network","added_v2"
"MISB-269","QazIndustry — возмещение затрат на повышение компетенций","https://www.gov.kz/services/4293","C08","Субсидии и финансирование корпоративного обучения","Казахстан / промышленность","I","Возможность финансирования повышения компетенций работников промышленного предприятия","ДПО специалистов/руководителей, бережливое производство, управленческие и цифровые навыки","Промышленные предприятия; HR; QazIndustry как оператор меры поддержки","(повышение компетенции OR возмещение затрат OR обучение OR предприятие)","Открытые страницы, новости, документы и исходящие ссылки; HTTP/HTML сначала, при JS — разрешённый браузерный сбор; еженедельно, при активном наборе ежедневно; публичный API не подтверждён","Публичное чтение; личные кабинеты и закрытые сообщества подключать только при наличии доступа","Просмотр открытых материалов 0 ₽; сбор в общем бюджете; членство/участие/лицензии, если нужны, оценивать отдельно","content_read","https://www.gov.kz/services/4293","Официальная госуслуга подтверждает меру поддержки повышения компетенций работников и портал QazIndustry.","2026-10-01","cataloged","not_checked_here","1","true","Проверить актуальную допустимость тем и провайдеров; найти новости предприятий-получателей поддержки; не обещать клиенту возмещение до проверки условий.","Поиск официального источника и проверка страницы/поисковой выдачи 01.10.2026","QazIndustry","funding_trigger","added_v2"
"MISB-270","Международный деловой совет Кыргызстана","https://www.ibc.kg/","C08","Деловые ассоциации и профессиональные сети","Кыргызстан","P","Бизнес-форумы, комитеты, запросы компаний и развитие деловых компетенций","Право, финансы, HR, управление, международные переговоры","МДС; компании-члены; руководители функциональных комитетов","(training OR обучение OR workshop OR семинар OR кадры OR business)","Открытые страницы, новости, документы и исходящие ссылки; HTTP/HTML сначала, при JS — разрешённый браузерный сбор; еженедельно, при активном наборе ежедневно; публичный API не подтверждён","Публичное чтение; личные кабинеты и закрытые сообщества подключать только при наличии доступа","Просмотр открытых материалов 0 ₽; сбор в общем бюджете; членство/участие/лицензии, если нужны, оценивать отдельно","content_read","https://www.ibc.kg/","Официальный сайт публикует новости совета, деловые события и позиции бизнеса.","2026-10-01","cataloged","not_checked_here","2","true","Раскрыть компании-члены, комитеты, мероприятия и партнёров; искать запросы на тренеров и следующий цикл корпоративных программ.","Поиск официального источника и проверка страницы/поисковой выдачи 01.10.2026","Международный деловой совет","association_network","added_v2"
"MISB-271","Парк высоких технологий Кыргызстана — резиденты и рост компаний","https://htp.kg/ru/","C08","Технопарки, резиденты и быстрорастущие компании","Кыргызстан / IT","I","Рост резидентов, выход на экспорт, развитие управленческой и операционной команды","Менеджмент, проекты, финансы, договоры, HR, цифровое обучение","Резиденты ПВТ; дирекция парка; HR и основатели компаний","(резидент OR рост OR обучение OR export OR management OR workshop)","Открытые страницы, новости, документы и исходящие ссылки; HTTP/HTML сначала, при JS — разрешённый браузерный сбор; еженедельно, при активном наборе ежедневно; публичный API не подтверждён","Публичное чтение; личные кабинеты и закрытые сообщества подключать только при наличии доступа","Просмотр открытых материалов 0 ₽; сбор в общем бюджете; членство/участие/лицензии, если нужны, оценивать отдельно","search_index","https://htp.kg/ru/","Официальный сайт описывает ПВТ и экспортную деятельность резидентов; есть новости и контакты.","2026-10-01","cataloged","not_checked_here","2","true","Собрать список резидентов и растущих компаний, затем их вакансии/новости; выявлять задачи обучения менеджеров и масштабирования.","Поиск официального источника и проверка страницы/поисковой выдачи 01.10.2026","Парк высоких технологий КР","resident_network","added_v2"
"MISB-272","KAZLOGISTICS — члены транспортно-логистического союза","https://kazlogistics.kz/ru/members_union","C08","Отраслевые ассоциации и профессиональные сети","Казахстан / транспорт и логистика","R","Раскрытие логистических операторов, отраслевых ассоциаций и национальных перевозчиков","Логистика, закупки, управление, ВЭД, финансы, контрактные риски","Компании-члены союза; отраслевые объединения; HR и функциональные директора","(обучение OR квалификация OR логистика OR кадры OR семинар)","Открытые страницы, новости, документы и исходящие ссылки; HTTP/HTML сначала, при JS — разрешённый браузерный сбор; еженедельно, при активном наборе ежедневно; публичный API не подтверждён","Публичное чтение; личные кабинеты и закрытые сообщества подключать только при наличии доступа","Просмотр открытых материалов 0 ₽; сбор в общем бюджете; членство/участие/лицензии, если нужны, оценивать отдельно","search_index","https://kazlogistics.kz/ru/members_union","Официальная страница перечисляет категории членов, включая перевозчиков, логистические компании и дочерние организации.","2026-10-01","cataloged","not_checked_here","2","true","Развернуть компании/ассоциации в отдельные source_id; собрать их мероприятия, учебные центры и корпоративные закупочные каналы.","Поиск официального источника и проверка страницы/поисковой выдачи 01.10.2026","KAZLOGISTICS","member_directory","added_v2"
"MISB-273","БелАПП — ассоциация предприятий промышленности","https://belapp.by/","C08","Отраслевые ассоциации и профессиональные сети","Беларусь / промышленность","P","Отраслевые события, цифровизация промышленности и развитие компетенций предприятий","Управление, производительность, цифровые компетенции, деловые конференции","БелАПП; предприятия-члены; партнёрские ассоциации и организаторы","(семинар OR обучение OR компетенции OR промышленность OR цифровизация)","Открытые страницы, новости, документы и исходящие ссылки; HTTP/HTML сначала, при JS — разрешённый браузерный сбор; еженедельно, при активном наборе ежедневно; публичный API не подтверждён","Публичное чтение; личные кабинеты и закрытые сообщества подключать только при наличии доступа","Просмотр открытых материалов 0 ₽; сбор в общем бюджете; членство/участие/лицензии, если нужны, оценивать отдельно","content_read","https://belapp.by/","Официальная лента содержит мероприятия предприятий и отраслевых партнёров, включая промышленную кибербезопасность.","2026-10-01","cataloged","not_checked_here","2","true","Извлечь организаторов и компании; проверить планы комитетов и совместные образовательные мероприятия.","Поиск официального источника и проверка страницы/поисковой выдачи 01.10.2026","БелАПП","association_network","added_v2"
"MISB-274","Гомельское отделение БелТПП","https://gomel.cci.by/","C09","Региональные торгово-промышленные палаты","Беларусь / Гомельская область","P","Деловые программы, отраслевые встречи и экспортные компетенции региональных компаний","ВЭД, закупки, право, финансы, управление","Гомельское отделение; компании-члены; организаторы деловых программ","(семинар OR курс OR обучение OR практикум OR партнер)","Открытые страницы, новости, документы и исходящие ссылки; HTTP/HTML сначала, при JS — разрешённый браузерный сбор; еженедельно, при активном наборе ежедневно; публичный API не подтверждён","Публичное чтение; личные кабинеты и закрытые сообщества подключать только при наличии доступа","Просмотр открытых материалов 0 ₽; сбор в общем бюджете; членство/участие/лицензии, если нужны, оценивать отдельно","content_read","https://gomel.cci.by/","Страница открыта: новости Гомельского отделения и ссылка на бизнес-курс «Путь экспортера 2026»; в заголовке есть шаблонная ошибка «Брестское».","2026-10-01","cataloged","not_checked_here","2","true","Извлечь собственные события и членов, отличать общую ленту БелТПП от региональных мероприятий; проверить канал выбора преподавателей.","Поиск официального источника и проверка страницы/поисковой выдачи 01.10.2026","БелТПП","regional_node","added_v2"
"MISB-275","Брестское отделение БелТПП","https://brest.cci.by/","C09","Региональные торгово-промышленные палаты","Беларусь / Брестская область","P","Деловые форумы и тематическое обучение региональных компаний","ВЭД, логистика, право, финансы, управленческие компетенции","Брестское отделение; предприятия-члены; организаторы бизнес-форумов","(семинар OR курс OR обучение OR практикум OR форум)","Открытые страницы, новости, документы и исходящие ссылки; HTTP/HTML сначала, при JS — разрешённый браузерный сбор; еженедельно, при активном наборе ежедневно; публичный API не подтверждён","Публичное чтение; личные кабинеты и закрытые сообщества подключать только при наличии доступа","Просмотр открытых материалов 0 ₽; сбор в общем бюджете; членство/участие/лицензии, если нужны, оценивать отдельно","content_read","https://brest.cci.by/","Открытая страница содержит новости отделения, приглашения и деловые мероприятия.","2026-10-01","cataloged","not_checked_here","2","true","Обойти региональные программы и их партнёров; найти профессиональные секции и темы будущих обучающих циклов.","Поиск официального источника и проверка страницы/поисковой выдачи 01.10.2026","БелТПП","regional_node","added_v2"
"MISB-276","Neftegaz.RU — образование и повышение квалификации","https://neftegaz.ru/news/education/","C08","Отраслевые СМИ и тематические сигналы","РФ / ТЭК","I","Создание учебных центров, запуск программ, развитие корпоративного обучения","ДПО специалистов, управление, обучение тренеров, разработка электронных курсов","Названные в публикациях компании; HR; владельцы корпоративных университетов","(учебный центр OR повышение квалификации OR новые компетенции OR цифровое обучение)","Открытые страницы, новости, документы и исходящие ссылки; HTTP/HTML сначала, при JS — разрешённый браузерный сбор; еженедельно, при активном наборе ежедневно; публичный API не подтверждён","Публичное чтение; личные кабинеты и закрытые сообщества подключать только при наличии доступа","Просмотр открытых материалов 0 ₽; сбор в общем бюджете; членство/участие/лицензии, если нужны, оценивать отдельно","search_index","https://neftegaz.ru/news/education/","Тематический раздел публикует новости образовательных проектов нефтегазовых компаний.","2026-10-01","cataloged","not_checked_here","1","true","Для каждой новости извлечь компанию, подразделение, тему и этап; перейти к первоисточнику и следующему циклу; сохранять субподрядную гипотезу.","Поиск официального источника и проверка страницы/поисковой выдачи 01.10.2026","Neftegaz.RU","media_signal","added_v2"
"MISB-277","Агентство нефтегазовой информации — отраслевые новости","https://www.angi.ru/","C08","Отраслевые СМИ и тематические сигналы","РФ / нефтегаз, Югра, ЯНАО","I","Кадровые программы, запуск проектов, управленческие изменения и рост предприятий","Обучение специалистов и руководителей ТЭК, проекты, финансы, договоры","Компании ТЭК; HR; функциональные дирекции и новые проектные команды","(обучение OR университет OR компетенции OR наставничество OR проект OR персонал)","Открытые страницы, новости, документы и исходящие ссылки; HTTP/HTML сначала, при JS — разрешённый браузерный сбор; еженедельно, при активном наборе ежедневно; публичный API не подтверждён","Публичное чтение; личные кабинеты и закрытые сообщества подключать только при наличии доступа","Просмотр открытых материалов 0 ₽; сбор в общем бюджете; членство/участие/лицензии, если нужны, оценивать отдельно","content_read","https://www.angi.ru/","Главная открылась как актуальная лента Агентства нефтегазовой информации.","2026-10-01","cataloged","not_checked_here","1","true","Собирать новости широким словарём; выделять компании и ссылки первоисточников; создавать новые корпоративные источники.","Поиск официального источника и проверка страницы/поисковой выдачи 01.10.2026","АНГИ","media_signal","added_v2"
"MISB-278","Energybase — компании, объекты, проекты и вакансии","https://energybase.ru/","C08","Отраслевые каталоги и сигналы проектов","РФ / ТЭК и промышленность","R","Поиск заказчиков, объектов, реализуемых проектов и кадровых изменений","Управление проектами, технические и деловые компетенции, корпоративное обучение","Собственники объектов; операторы; EPC/сервисные компании; HR","(обучение OR повышение квалификации OR проект OR модернизация OR кадры)","Открытые страницы, новости, документы и исходящие ссылки; HTTP/HTML сначала, при JS — разрешённый браузерный сбор; еженедельно, при активном наборе ежедневно; публичный API не подтверждён","Публичное чтение; личные кабинеты и закрытые сообщества подключать только при наличии доступа","Просмотр открытых материалов 0 ₽; сбор в общем бюджете; членство/участие/лицензии, если нужны, оценивать отдельно","content_read","https://energybase.ru/","Открытая страница содержит компании-заказчики, объекты, проекты, закупки и вакансии.","2026-10-01","cataloged","not_checked_here","1","true","Собрать компании и объекты в граф отношений; подключить их первичные сайты; новости и вакансии использовать для развития гипотез спроса.","Поиск официального источника и проверка страницы/поисковой выдачи 01.10.2026","Energybase","company_project_directory","added_v2"
"MISB-279","Нефтегазстройпрофсоюз — стратегические сессии и развитие кадров","https://www.rogwu.ru/press-center/news/main/37526/","C08","Профсоюзы и профессиональное развитие","РФ / нефтегаз","I","Стратегические сессии, обучение профсоюзных специалистов и развитие команд","Трудовое право, переговоры, коммуникации, управление проектами, фасилитация","Центральный аппарат и территориальные/корпоративные организации профсоюза","(обучение OR семинар OR стратегическая сессия OR профактив OR правовой)","Открытые страницы, новости, документы и исходящие ссылки; HTTP/HTML сначала, при JS — разрешённый браузерный сбор; еженедельно, при активном наборе ежедневно; публичный API не подтверждён","Публичное чтение; личные кабинеты и закрытые сообщества подключать только при наличии доступа","Просмотр открытых материалов 0 ₽; сбор в общем бюджете; членство/участие/лицензии, если нужны, оценивать отдельно","search_index","https://www.rogwu.ru/press-center/news/main/37526/","Официальная публикация описывает итоги стратегической сессии в образовательном центре «Сириус».","2026-10-01","cataloged","not_checked_here","2","true","Из карточки перейти к новостям и структуре профсоюза; раскрыть территориальные организации и следующие учебные мероприятия.","Поиск официального источника и проверка страницы/поисковой выдачи 01.10.2026","Нефтегазстройпрофсоюз России","union_network","added_v2"
"MISB-280","Skills Enbek — платформа онлайн-обучения","https://skills.enbek.kz/","C08","Платформы обучения и партнёрские каналы","Казахстан","P","Развитие каталога курсов и образовательной инфраструктуры для профессиональных навыков","Электронные курсы, цифровые компетенции, управление и финансы","Оператор платформы; образовательные партнёры; корпоративные участники","(автор курса OR партнер OR курс OR навыки OR employer)","Открытые страницы, новости, документы и исходящие ссылки; HTTP/HTML сначала, при JS — разрешённый браузерный сбор; еженедельно, при активном наборе ежедневно; публичный API не подтверждён","Публичное чтение; личные кабинеты и закрытые сообщества подключать только при наличии доступа","Просмотр открытых материалов 0 ₽; сбор в общем бюджете; членство/участие/лицензии, если нужны, оценивать отдельно","content_read","https://skills.enbek.kz/","Платформа открылась; официальный gov.kz подтверждает обучение на Skills Enbek.","2026-10-01","cataloged","not_checked_here","3","true","Проверить опубликованные правила размещения и требования к зарубежным провайдерам; найти действующих авторов/партнёров; коммерческий спрос отдельно подтвердить.","Поиск официального источника и проверка страницы/поисковой выдачи 01.10.2026","Enbek","platform_extension","added_v2"
"MISB-281","ЭЛЕКТРОЭНЕРГИЯ. Передача и распределение — журнал и профессиональные мероприятия","https://eepir.ru/","C06","Отраслевые СМИ и тематические сигналы","РФ / электроэнергетика","I","Технические конференции, обмен опытом, новые практики энергокомпаний","ДПО ИТР и руководителей, проектное управление, цифровизация, семинары","Электросетевые компании; организаторы профессиональных конференций; учебные центры","(обучение OR повышение квалификации OR конференция OR семинар OR компетенции)","Открытые страницы, новости, документы и исходящие ссылки; HTTP/HTML сначала, при JS — разрешённый браузерный сбор; еженедельно, при активном наборе ежедневно; публичный API не подтверждён","Публичное чтение; личные кабинеты и закрытые сообщества подключать только при наличии доступа","Просмотр открытых материалов 0 ₽; сбор в общем бюджете; членство/участие/лицензии, если нужны, оценивать отдельно","content_read","https://eepir.ru/","Официальный сайт журнала открыт; публикует отраслевые материалы и события электросетевых компаний.","2026-10-01","cataloged","not_checked_here","2","true","Извлекать организаторов, спикеров и их предприятия; искать учебные продолжения профессиональных мероприятий и кадровые проекты.","Поиск официального источника и проверка страницы/поисковой выдачи 01.10.2026","ЭЭПиР","media_signal","added_v2"
"MISB-282","БелТПП — форум-практикум Беларусь — Центральная Азия","https://ca.cci.by/","C06","Межрегиональные деловые программы","Беларусь / Казахстан / Кыргызстан / Центральная Азия","P","Практические программы выхода компаний на рынки Центральной Азии","ВЭД, переговоры, логистика, контракты, финансовые расчёты","БелТПП; региональные палаты; компании-экспортёры; организатор программы","(практикум OR эксперт OR бизнес-курс OR экспорт OR Центральная Азия)","Открытые страницы, новости, документы и исходящие ссылки; HTTP/HTML сначала, при JS — разрешённый браузерный сбор; еженедельно, при активном наборе ежедневно; публичный API не подтверждён","Публичное чтение; личные кабинеты и закрытые сообщества подключать только при наличии доступа","Просмотр открытых материалов 0 ₽; сбор в общем бюджете; членство/участие/лицензии, если нужны, оценивать отдельно","search_index","https://ca.cci.by/","Официальная страница описывает форум-практикум с экспертными инструментами выхода на рынки Центральной Азии.","2026-10-01","cataloged","not_checked_here","2","true","Собрать партнёров, спикеров, организаторов и следующий цикл; раскрыть сопряжённые программы палат обеих сторон.","Поиск официального источника и проверка страницы/поисковой выдачи 01.10.2026","БелТПП","crossborder_program","added_v2"
